crime_id,date,category,description,latitude,longitude,location_description,arrest,domestic,district,ward,arrest_probability,risk_score,risk_level
CR-2023-002112,2024-12-28 21:58:56,NARCOTICS,SALE/MANUFACTURE,41.85587874799855,-87.71754176148848,ALLEY,True,False,D-02,W-45,0.7707884317836987,0.1528,LOW
CR-2024-000067,2024-11-06 21:22:55,NARCOTICS,SALE/MANUFACTURE,41.8643086364865,-87.60655098392473,SIDEWALK,True,False,D-10,W-33,0.6917375017582339,0.2055,LOW
CR-2024-003817,2024-04-04 03:58:34,BATTERY,DOMESTIC BATTERY,41.905880600672205,-87.6360667451877,COMMERCIAL BUILDING,True,False,D-03,W-15,0.7643031512375649,0.2357,LOW
CR-2025-003467,2023-07-07 09:50:26,ASSAULT,AGGRAVATED ASSAULT,41.89128445959607,-87.62259087109979,COMMERCIAL BUILDING,False,False,D-01,W-17,0.21202940883715754,0.788,CRITICAL
CR-2024-005104,2023-07-21 13:05:45,ASSAULT,AGGRAVATED ASSAULT,41.88078038073133,-87.73929649980201,STREET,False,False,D-04,W-27,0.2531934474143521,0.7468,HIGH
CR-2023-001677,2024-11-05 21:39:09,MOTOR VEHICLE THEFT,MOTORCYCLE,41.76405471479829,-87.63314078525795,PARK,False,False,D-02,W-16,0.1218991966260773,0.5854,HIGH
CR-2024-003985,2024-02-05 02:29:42,CRIMINAL DAMAGE,GRAFFITI,41.81883493233054,-87.6128827549179,COMMERCIAL BUILDING,True,False,D-04,W-13,0.17010576012080886,0.3873,MEDIUM
CR-2023-003324,2024-11-20 11:32:09,CRIMINAL DAMAGE,GRAFFITI,41.8946934733829,-87.62678951958567,ALLEY,False,False,D-08,W-42,0.10782905094907674,0.4163,MEDIUM
CR-2023-000234,2025-01-04 01:31:14,BATTERY,AGGRAVATED BATTERY,41.870142482785845,-87.63843727360967,STREET,True,False,D-13,W-24,0.8155337125975215,0.1845,LOW
CR-2024-002575,2024-08-28 01:36:15,MOTOR VEHICLE THEFT,TRUCK,41.91223738141472,-87.64258336964497,RESIDENCE,False,False,D-09,W-29,0.08147840806665878,0.6123,HIGH
CR-2025-003728,2025-09-07 17:53:57,NARCOTICS,POSSESSION OF COCAINE,41.864225583808654,-87.71322899932471,APARTMENT,True,False,D-05,W-14,0.7843153293243249,0.1438,LOW
CR-2025-002162,2023-08-05 23:52:08,BURGLARY,COMMERCIAL,41.8666622114128,-87.61425545661892,STREET,False,False,D-09,W-35,0.10427738020729653,0.5971,HIGH
CR-2025-001250,2024-10-18 22:50:30,ASSAULT,AGGRAVATED ASSAULT,41.79316532493049,-87.60479538348669,STREET,False,True,D-08,W-09,0.16349465114013495,0.8365,CRITICAL
CR-2025-005534,2023-06-17 05:12:52,MOTOR VEHICLE THEFT,AUTOMOBILE,41.81576205018445,-87.61878473131091,PARK,True,False,D-08,W-47,0.11589619467723929,0.5894,HIGH
CR-2024-005665,2023-07-27 01:50:29,BATTERY,AGGRAVATED BATTERY,41.78763408883706,-87.62044751296106,SIDEWALK,True,False,D-12,W-34,0.6394188015450785,0.3606,MEDIUM
CR-2023-004428,2024-03-22 06:10:07,THEFT,PETTY THEFT,41.88121790751601,-87.62781103491962,PARKING LOT,False,False,D-03,W-37,0.16105125109781557,0.3915,MEDIUM
CR-2023-005394,2025-03-29 02:08:31,MOTOR VEHICLE THEFT,MOTORCYCLE,41.73534793855736,-87.64038051452208,PARKING LOT,False,False,D-07,W-06,0.24399341160367555,0.504,HIGH
CR-2024-004138,2025-10-02 00:58:56,THEFT,RETAIL THEFT,41.840396799625736,-87.60946256901349,ALLEY,False,False,D-05,W-15,0.13344212908937586,0.4044,MEDIUM
CR-2024-002296,2025-03-27 23:57:55,MOTOR VEHICLE THEFT,MOTORCYCLE,41.79254466783831,-87.68328928511902,RESIDENCE,False,False,D-07,W-18,0.1531788774665024,0.5645,HIGH
CR-2025-005903,2023-09-29 16:40:58,THEFT,FROM BUILDING,41.85676912254248,-87.62657452085585,APARTMENT,False,False,D-02,W-50,0.10374758592962166,0.4183,MEDIUM
CR-2025-003740,2024-01-07 08:39:40,MOTOR VEHICLE THEFT,MOTORCYCLE,41.94389013153331,-87.64938976616818,PARK,False,False,D-10,W-37,0.20394422002983822,0.5307,HIGH
CR-2023-000381,2023-02-25 20:06:27,ROBBERY,STRONGARM ROBBERY,41.999601690765374,-87.65722119799449,STREET,False,False,D-11,W-20,0.15413785877354144,0.8459,CRITICAL
CR-2025-003773,2023-12-20 03:19:15,CRIMINAL DAMAGE,GRAFFITI,41.88081352822525,-87.74455418415144,STREET,False,False,D-10,W-27,0.15136912090961402,0.396,MEDIUM
CR-2023-005364,2024-04-27 20:54:45,BURGLARY,RESIDENTIAL,41.83935672947609,-87.74685294763434,RESIDENCE,False,False,D-05,W-05,0.10063625785433233,0.5996,HIGH
CR-2025-000974,2023-11-16 00:30:59,THEFT,RETAIL THEFT,41.89499075376158,-87.63057090585383,RESIDENCE,False,False,D-05,W-04,0.08073015546538347,0.429,MEDIUM
CR-2024-002251,2024-10-31 09:00:20,MOTOR VEHICLE THEFT,TRUCK,41.85209540898382,-87.71946601958152,RESIDENCE,False,True,D-01,W-12,0.155612340448204,0.5629,HIGH
CR-2023-004584,2023-03-04 06:26:28,THEFT,FROM BUILDING,41.95385267028639,-87.64845548841151,PARK,False,False,D-02,W-19,0.19180374316623514,0.3772,MEDIUM
CR-2025-000728,2023-09-23 04:05:47,BATTERY,DOMESTIC BATTERY,41.96346683242209,-87.64767683230234,ALLEY,True,True,D-12,W-43,0.7759765692803267,0.224,LOW
CR-2023-005943,2024-08-26 11:28:54,NARCOTICS,POSSESSION OF HEROIN,41.876290354488056,-87.63504828023684,PARKING LOT,False,False,D-09,W-32,0.7657949353785711,0.1561,LOW
CR-2025-001409,2025-02-14 00:10:23,MOTOR VEHICLE THEFT,AUTOMOBILE,41.88400695947325,-87.65871508869019,APARTMENT,False,False,D-13,W-22,0.16622513482386486,0.5558,HIGH
CR-2025-002654,2025-10-08 09:59:08,MOTOR VEHICLE THEFT,AUTOMOBILE,41.93322058602193,-87.67487481672619,RESIDENCE,True,False,D-13,W-46,0.14328834321306566,0.5711,HIGH
CR-2024-004477,2023-02-11 16:16:22,NARCOTICS,POSSESSION OF HEROIN,41.77184398520192,-87.60273064273821,SIDEWALK,False,False,D-01,W-08,0.7889816952159092,0.1407,LOW
CR-2025-005177,2024-08-06 10:24:11,BURGLARY,FORCIBLE ENTRY,41.962286527622986,-87.60384495221511,SIDEWALK,False,False,D-09,W-07,0.15010979744366895,0.5666,HIGH
CR-2024-005209,2025-04-08 01:49:55,ASSAULT,SIMPLE ASSAULT,41.965498078452725,-87.65511209290848,RESIDENCE,False,False,D-13,W-11,0.11656756074734043,0.8834,CRITICAL
CR-2023-003600,2023-02-22 14:15:12,NARCOTICS,POSSESSION OF COCAINE,41.95119303348432,-87.65399950737623,RESIDENCE,True,False,D-05,W-49,0.7989202281257926,0.1341,LOW
CR-2025-004253,2023-06-21 15:43:11,ROBBERY,STRONGARM ROBBERY,41.893823059515135,-87.64237264723498,PARKING LOT,False,False,D-06,W-02,0.15207138314042268,0.8479,CRITICAL
CR-2023-005079,2023-10-20 20:45:17,ASSAULT,AGGRAVATED ASSAULT,41.88563819369681,-87.61161863921016,PARKING LOT,False,True,D-01,W-50,0.1260679177375364,0.8739,CRITICAL
CR-2025-001481,2023-03-06 13:11:34,BATTERY,AGGRAVATED BATTERY,41.93782044583872,-87.6764311528552,APARTMENT,True,False,D-14,W-09,0.8163201936217409,0.1837,LOW
CR-2025-004448,2023-04-30 21:01:39,BURGLARY,COMMERCIAL,41.792158572541766,-87.621387694958,PARK,False,False,D-01,W-07,0.13986497556664657,0.5734,HIGH
CR-2024-000928,2025-01-10 20:33:08,THEFT,FROM BUILDING,41.81371163250161,-87.63525116286498,PARKING LOT,False,False,D-02,W-10,0.13583182761138587,0.4033,MEDIUM
CR-2023-001095,2025-04-19 08:48:43,ASSAULT,SIMPLE ASSAULT,41.85412813472175,-87.62286741000878,PARKING LOT,False,True,D-12,W-31,0.14473836078800895,0.8553,CRITICAL
CR-2024-002200,2023-08-19 22:03:21,NARCOTICS,SALE/MANUFACTURE,41.88540957855568,-87.61372105202183,COMMERCIAL BUILDING,False,False,D-01,W-41,0.7346628964243216,0.1769,LOW
CR-2025-003536,2025-11-09 05:08:00,CRIMINAL DAMAGE,TO PROPERTY,41.92095841625461,-87.63170115739923,APARTMENT,False,False,D-11,W-43,0.11854064255748713,0.4113,MEDIUM
CR-2025-005879,2025-08-19 02:12:03,ROBBERY,STRONGARM ROBBERY,41.789243855073686,-87.6229387454841,SIDEWALK,False,False,D-11,W-16,0.09096589882955174,0.909,CRITICAL
CR-2023-005067,2023-11-24 00:17:26,BURGLARY,RESIDENTIAL,41.927353410607935,-87.66481068893471,PARKING LOT,False,False,D-12,W-22,0.10547970929903497,0.5963,HIGH
CR-2025-005567,2025-02-19 08:14:04,BURGLARY,COMMERCIAL,41.95200677381328,-87.68216418781168,STREET,False,False,D-03,W-09,0.15185353984511007,0.5654,HIGH
CR-2023-002175,2025-08-16 07:55:01,BATTERY,,41.84755669245716,-87.62908759797622,PARK,False,True,D-06,W-18,0.7497101236877407,0.2503,MEDIUM
CR-2024-001537,2023-10-06 12:25:28,ROBBERY,ARMED ROBBERY,41.93373934008952,-87.61893876154885,PARK,False,False,D-08,W-50,0.12909447955011533,0.8709,CRITICAL
CR-2024-005743,2024-05-06 16:11:16,CRIMINAL DAMAGE,GRAFFITI,41.71933094119817,-87.65653316571925,APARTMENT,True,False,D-02,W-01,0.2585508606814055,0.346,MEDIUM
CR-2024-004294,2025-06-12 15:11:52,BURGLARY,RESIDENTIAL,41.76140997978244,-87.63423439033281,PARK,False,False,D-09,W-03,0.10658755371609123,0.5956,HIGH
CR-2025-004052,2024-10-02 01:46:59,ROBBERY,ARMED ROBBERY,41.74996460524461,-87.67852091177308,ALLEY,False,False,D-12,W-43,0.19156273888704434,0.8084,CRITICAL
CR-2024-003460,2024-08-12 12:23:12,BURGLARY,FORCIBLE ENTRY,41.95354746212835,-87.66791692805894,STREET,False,False,D-07,W-13,0.1365523657525697,0.5756,HIGH
CR-2025-001910,2023-04-08 08:13:35,BATTERY,SIMPLE BATTERY,41.940402018757375,-87.64991410494838,ALLEY,True,False,D-01,W-24,0.8238976652746245,0.1761,LOW
CR-2025-003647,2023-02-27 08:18:49,BURGLARY,RESIDENTIAL,41.882800374081846,-87.73444134201938,ALLEY,False,False,D-11,W-07,0.15130762352006724,0.5658,HIGH
CR-2025-002405,2024-02-11 05:25:23,NARCOTICS,SALE/MANUFACTURE,41.79781220885791,-87.67685150176469,STREET,True,False,D-09,W-44,0.8404724463155353,0.1064,LOW
CR-2023-000705,2024-03-01 07:48:37,MOTOR VEHICLE THEFT,,41.898022912127736,-87.62145654985899,STREET,False,False,D-04,W-31,0.23801658708641396,0.508,HIGH
CR-2024-005716,2023-11-14 03:58:03,MOTOR VEHICLE THEFT,TRUCK,41.84540317007915,-87.6306525527831,RESIDENCE,False,False,D-06,W-28,0.2000910104443603,0.5333,HIGH
CR-2024-005296,2025-08-15 20:17:58,PETTY THEFT,GRAFFITI,41.87688210223797,-87.61726999846952,ALLEY,False,False,D-05,W-12,0.20545690803002256,0.3708,MEDIUM
CR-2023-002214,2024-08-18 20:50:37,ASSAULT,SIMPLE ASSAULT,41.879637269632376,-87.6370424138621,PARKING LOT,False,True,D-11,W-22,0.13243700346332837,0.8676,CRITICAL
CR-2024-004933,2025-02-15 22:25:16,BATTERY,AGGRAVATED BATTERY,41.78693961350932,-87.6260872986881,PARKING LOT,True,False,D-10,W-40,0.7584372848712361,0.2416,LOW
CR-2023-001080,2024-06-21 04:13:44,ASSAULT,SIMPLE ASSAULT,41.86059375677513,-87.72246291398822,STREET,False,False,D-05,W-17,0.21685506517041742,0.7831,CRITICAL
CR-2025-004523,2025-03-15 00:10:20,THEFT,GRAND THEFT,41.90360905705428,-87.72799529136006,STREET,True,False,D-09,W-21,0.1619968819586012,0.3911,MEDIUM
CR-2023-003882,2024-11-18 22:04:40,ASSAULT,,41.900117756674966,-87.63025394586396,PARKING LOT,True,True,D-14,W-13,0.17785423940027598,0.8221,CRITICAL
CR-2023-004995,2025-10-07 21:59:36,BATTERY,AGGRAVATED BATTERY,41.97707250039642,-87.65147098568085,STREET,True,False,D-10,W-36,0.7201642807949186,0.2798,MEDIUM
CR-2024-003766,2025-08-26 02:55:30,ASSAULT,AGGRAVATED ASSAULT,41.87941960320694,-87.63640411955276,COMMERCIAL BUILDING,False,True,D-14,W-09,0.1963221878033703,0.8037,CRITICAL
CR-2024-002965,2024-06-30 10:39:25,MOTOR VEHICLE THEFT,MOTORCYCLE,41.75473245273243,-87.64890160344302,PARK,False,False,D-13,W-06,0.17726197998473756,0.5485,HIGH
CR-2025-000188,2023-09-16 01:43:27,CRIMINAL DAMAGE,GRAFFITI,41.891184809550815,-87.62704986991393,SIDEWALK,False,False,D-13,W-05,0.1217679142553195,0.4098,MEDIUM
CR-2024-005308,2023-12-29 06:33:07,BATTERY,AGGRAVATED BATTERY,41.88370480108432,-87.63373863488974,PARK,False,True,D-10,W-07,0.7548561001862654,0.2451,LOW
CR-2024-001564,2024-03-14 16:21:07,BURGLARY,FORCIBLE ENTRY,41.949853610486585,-87.66352986289124,PARKING LOT,False,False,D-12,W-37,0.09107702248114165,0.6059,HIGH
CR-2024-002641,2024-09-18 23:45:37,BURGLARY,FORCIBLE ENTRY,41.89350341927387,-87.62080633688132,PARKING LOT,False,False,D-12,W-22,0.08661703980499813,0.6089,HIGH
CR-2023-001014,2023-09-30 15:53:28,ASSAULT,AGGRAVATED ASSAULT,41.88124489122912,-87.63717454278448,STREET,False,False,D-10,W-35,0.16014428811486975,0.8399,CRITICAL
CR-2024-004711,2024-07-28 09:33:53,NARCOTICS,POSSESSION OF HEROIN,41.88248253242311,-87.62807732364584,PARKING LOT,False,False,D-11,W-18,0.6712355413790844,0.2192,LOW
CR-2023-002643,2023-06-20 01:49:10,ASSAULT,AGGRAVATED ASSAULT,41.8598465493449,-87.60934935229693,SIDEWALK,False,False,D-08,W-31,0.14871126197469747,0.8513,CRITICAL
CR-2025-003842,2023-07-26 09:02:37,CRIMINAL DAMAGE,TO VEHICLE,41.96828703039631,-87.63725457200113,RESIDENCE,False,False,D-06,W-42,0.10403621124132738,0.4181,MEDIUM
CR-2025-000572,2023-02-14 13:40:04,CRIMINAL DAMAGE,GRAFFITI,41.94493856351432,-87.65498841904837,PARKING LOT,False,False,D-03,W-12,0.13494944072617177,0.4037,MEDIUM
CR-2024-004330,2024-07-04 04:04:56,BATTERY,DOMESTIC BATTERY,41.91268919878952,-87.65079013248773,RESIDENCE,True,False,D-09,W-39,0.6197616814128258,0.3802,MEDIUM
CR-2024-000127,2024-05-13 22:43:52,BATTERY,DOMESTIC BATTERY,41.85325134061283,-87.73561621331159,STREET,True,False,D-09,W-31,0.7694398781395412,0.2306,LOW
CR-2023-003981,2025-03-29 22:16:46,THEFT,PETTY THEFT,41.75939640296531,-87.61061826725063,PARK,False,False,D-13,W-11,0.12138461445199246,0.41,MEDIUM
CR-2023-000834,2023-05-03 00:39:46,BURGLARY,COMMERCIAL,41.96521240053009,-87.64436532863597,APARTMENT,False,False,D-13,W-18,0.09835687030381204,0.6011,HIGH
CR-2024-004720,2023-08-13 09:14:41,CRIMINAL DAMAGE,TO PROPERTY,41.85172686685017,-87.63356676751964,RESIDENCE,False,False,D-10,W-02,0.12437346235346652,0.4086,MEDIUM
CR-2025-001484,2025-10-08 01:02:45,ROBBERY,ARMED ROBBERY,41.84782914059013,-87.72203896754895,RESIDENCE,False,False,D-07,W-29,0.12009352312486524,0.8799,CRITICAL
CR-2023-004443,2025-05-19 18:56:55,MOTOR VEHICLE THEFT,AUTOMOBILE,41.88318137243421,-87.63172597398876,APARTMENT,True,False,D-03,W-47,0.09965394696096237,0.6002,HIGH
CR-2024-001447,2025-01-20 04:52:53,BURGLARY,,41.88974883551414,-87.65622772128415,COMMERCIAL BUILDING,False,False,D-13,W-30,0.11797941972718066,0.588,HIGH
CR-2025-004145,2024-08-10 10:17:46,NARCOTICS,POSSESSION OF COCAINE,41.77669066781184,-87.57373275684961,APARTMENT,True,False,D-12,W-19,0.7446752662509134,0.1702,LOW
CR-2023-002337,2025-08-16 01:23:47,PETTY THEFT,PETTY THEFT,41.89044174171252,-87.64423976517878,SIDEWALK,False,False,D-11,W-40,0.2615664369790413,0.3446,MEDIUM
CR-2023-000990,2024-04-14 22:57:50,BATTERY,DOMESTIC BATTERY,41.92896686530917,-87.68289236329578,PARKING LOT,True,False,D-09,W-42,0.6785577829003713,0.3214,MEDIUM
CR-2023-004599,2025-04-17 20:03:22,NARCOTICS,POSSESSION OF HEROIN,41.71671358103234,-87.64045557573142,PARK,True,False,D-04,W-31,0.8327197931005944,0.1115,LOW
CR-2024-004969,2023-01-14 06:07:35,NARCOTICS,POSSESSION OF HEROIN,41.74732592657832,-87.67677898313151,STREET,True,False,D-07,W-25,0.8562087661366156,0.0959,LOW
CR-2025-003092,2025-01-15 18:50:48,BURGLARY,FORCIBLE ENTRY,41.94717804983989,-87.67027599592039,PARKING LOT,False,False,D-01,W-45,0.12392347798237716,0.5841,HIGH
CR-2025-003920,2025-08-08 00:39:47,BATTERY,DOMESTIC BATTERY,41.8771565919965,-87.63651816467399,ALLEY,True,False,D-03,W-15,0.7689932796653468,0.231,LOW
CR-2024-005389,2024-05-18 00:04:33,THEFT,RETAIL THEFT,41.88394918399076,-87.62867668623443,PARK,False,False,D-13,W-06,0.11146226357802712,0.4147,MEDIUM
CR-2023-002811,2024-06-10 18:16:52,NARCOTICS,POSSESSION OF COCAINE,41.86400048256275,-87.62265023438799,SIDEWALK,True,False,D-12,W-24,0.6844827162848605,0.2103,LOW
CR-2025-000941,2025-02-09 17:42:53,ASSAULT,SIMPLE ASSAULT,41.859584766921806,-87.6386869638873,PARKING LOT,False,True,D-07,W-44,0.22458751216319303,0.7754,CRITICAL
CR-2025-001502,2024-08-30 21:51:29,NARCOTICS,POSSESSION OF HEROIN,41.79281382811335,-87.6623870392275,RESIDENCE,True,False,D-03,W-19,0.7208286955028538,0.1861,LOW
CR-2025-002678,2023-09-09 12:47:31,CRIMINAL DAMAGE,TO PROPERTY,41.85122373206953,-87.74318906099289,ALLEY,False,False,D-08,W-13,0.1556520979961461,0.394,MEDIUM
CR-2025-003839,2023-08-27 22:37:14,NARCOTICS,SALE/MANUFACTURE,41.93437420858417,-87.67281629649293,PARKING LOT,True,False,D-03,W-12,0.7021110694035672,0.1986,LOW
CR-2024-002848,2024-02-02 04:01:25,BATTERY,DOMESTIC BATTERY,41.87210150014836,-87.64097751655477,RESIDENCE,True,True,D-09,W-27,0.7497165130461877,0.2503,MEDIUM
CR-2023-000195,2023-07-05 09:03:10,CRIMINAL DAMAGE,TO VEHICLE,41.93043170657303,-87.64546161656986,APARTMENT,False,False,D-01,W-50,0.10288322237550176,0.4187,MEDIUM
CR-2023-001359,2024-09-03 19:13:59,ROBBERY,ARMED ROBBERY,41.869937592798266,-87.7246761414728,PARKING LOT,False,False,D-04,W-18,0.19262334337015655,0.8074,CRITICAL
CR-2024-002254,2025-04-11 12:42:07,NARCOTICS,SALE/MANUFACTURE,41.79534407940376,-87.63073830715607,ALLEY,True,False,D-07,W-28,0.8407388500218241,0.1062,LOW
CR-2024-000136,2025-10-06 04:27:17,NARCOTICS,POSSESSION OF COCAINE,41.9716632750431,-87.6550953387796,ALLEY,True,False,D-12,W-41,0.716679626948522,0.1889,LOW
CR-2023-002157,2025-11-18 00:13:44,NARCOTICS,POSSESSION OF COCAINE,41.94021383051808,-87.63518150976407,SIDEWALK,False,False,D-05,W-37,0.7258009672373265,0.1828,LOW
CR-2025-003677,2025-11-24 02:21:41,CRIMINAL DAMAGE,GRAFFITI,41.81167905741509,-87.60739825044654,SIDEWALK,False,False,D-13,W-13,0.11081784868803063,0.415,MEDIUM
CR-2023-001086,2023-10-08 00:27:10,THEFT,,41.9420030495349,-87.65226484015503,PARK,True,False,D-02,W-10,0.1379710228260174,0.4023,MEDIUM
CR-2025-004544,2024-11-13 01:03:14,BATTERY,SIMPLE BATTERY,41.77562221653299,-87.64343835660048,APARTMENT,True,True,D-07,W-02,0.8076911767655106,0.1923,LOW
CR-2025-002564,2023-06-21 20:16:59,CRIMINAL DAMAGE,TO PROPERTY,41.78263994893797,-87.62655432063231,APARTMENT,False,False,D-09,W-04,0.07561311706677204,0.4314,MEDIUM
CR-2024-003052,2025-06-09 15:47:22,ROBBERY,ARMED ROBBERY,41.86466968439512,-87.6138571946045,COMMERCIAL BUILDING,False,False,D-06,W-39,0.10897532162458991,0.891,CRITICAL
CR-2025-005093,2025-01-22 11:23:58,BATTERY,SIMPLE BATTERY,41.85761247787804,-87.74639739204,RESIDENCE,True,True,D-07,W-22,0.8291430293440201,0.1709,LOW
CR-2023-002010,2024-08-12 22:19:50,CRIMINAL DAMAGE,GRAFFITI,41.99179873176161,-87.68377365273767,PARKING LOT,False,False,D-12,W-17,0.12029755575826355,0.4105,MEDIUM
CR-2023-000204,2023-12-04 12:14:46,ASSAULT,SIMPLE ASSAULT,41.7819073907928,-87.61613902914854,RESIDENCE,True,False,D-13,W-03,0.1442665422897569,0.8557,CRITICAL
CR-2025-002615,2023-09-27 22:01:06,CRIMINAL DAMAGE,TO VEHICLE,41.98455217015538,-87.64517684689078,RESIDENCE,False,False,D-05,W-43,0.10207843178785331,0.419,MEDIUM
CR-2025-004016,2025-03-24 21:20:42,CRIMINAL DAMAGE,TO VEHICLE,41.89927035292619,-87.61801981595485,COMMERCIAL BUILDING,False,False,D-15,W-49,0.16866558335008966,0.388,MEDIUM
CR-2024-003295,2024-04-07 19:08:12,NARCOTICS,,41.94408425747344,-87.67885522915982,SIDEWALK,True,False,D-03,W-50,0.6684051916977494,0.2211,LOW
CR-2024-000826,2025-12-22 00:51:08,ROBBERY,ARMED ROBBERY,41.78375960753943,-87.63782915732027,APARTMENT,False,False,D-08,W-14,0.19076072943210926,0.8092,CRITICAL
CR-2025-002213,2024-11-25 01:06:42,ROBBERY,ARMED ROBBERY,41.8833555532458,-87.64246486055775,SIDEWALK,False,False,D-01,W-15,0.20158944100476006,0.7984,CRITICAL
CR-2025-000938,2024-12-07 12:13:28,BATTERY,DOMESTIC BATTERY,41.937156639468434,-87.65948443747489,SIDEWALK,True,True,D-03,W-38,0.8029922691532158,0.197,LOW
CR-2023-001788,2023-10-17 21:21:47,BURGLARY,COMMERCIAL,41.86562067623759,-87.63937424089794,ALLEY,False,False,D-15,W-37,0.1111365254634089,0.5926,HIGH
CR-2023-001815,2024-03-21 21:44:23,THEFT,GRAND THEFT,41.88704661706373,-87.63931428771535,PARKING LOT,False,False,D-07,W-23,0.11625042293455741,0.4124,MEDIUM
CR-2023-003339,2024-11-19 12:06:47,ROBBERY,STRONGARM ROBBERY,41.868305747662525,-87.63804684039458,COMMERCIAL BUILDING,True,False,D-14,W-06,0.19867415827282833,0.8013,CRITICAL
CR-2023-004158,2023-05-31 09:01:54,BURGLARY,COMMERCIAL,41.87722091357556,-87.7117690791699,STREET,False,False,D-02,W-31,0.15913661050278627,0.5606,HIGH
CR-2025-001583,2025-04-04 01:57:58,BURGLARY,FORCIBLE ENTRY,41.94060152586881,-87.65213893020159,APARTMENT,False,False,D-12,W-48,0.08590437822664199,0.6094,HIGH
CR-2024-000652,2025-08-23 12:05:14,NARCOTICS,SALE/MANUFACTURE,41.88614764765356,-87.64327701972687,SIDEWALK,False,False,D-04,W-25,0.74052807088976,0.173,LOW
CR-2023-005910,2023-02-03 17:43:22,THEFT,GRAND THEFT,41.87076901012408,-87.7523603342046,APARTMENT,False,False,D-04,W-33,0.22633651016263784,0.361,MEDIUM
CR-2025-001520,2024-01-14 23:20:19,THEFT,PETTY THEFT,41.79415540423973,-87.6250756759758,ALLEY,False,False,D-05,W-11,0.15644111846526113,0.3937,MEDIUM
CR-2023-005937,2023-12-09 17:13:29,ROBBERY,ARMED ROBBERY,41.87275359319213,-87.65267778154994,STREET,False,False,D-11,W-43,0.15273376597446855,0.8473,CRITICAL
CR-2025-002645,2024-01-05 21:27:24,BATTERY,DOMESTIC BATTERY,41.90170601324833,-87.62294967983905,RESIDENCE,True,False,D-15,W-10,0.6655112428843106,0.3345,MEDIUM
CR-2023-002298,2023-09-16 23:05:27,BURGLARY,COMMERCIAL,41.87393683615527,-87.61043089241477,PARKING LOT,True,False,D-10,W-10,0.08396518743204509,0.6107,HIGH
CR-2025-005558,2025-01-04 08:42:07,BURGLARY,,41.78991236240408,-87.63087567500992,ALLEY,False,False,D-07,W-11,0.18734643043788893,0.5418,HIGH
CR-2025-005456,2025-08-20 23:14:14,CRIMINAL DAMAGE,TO PROPERTY,41.85655471314442,-87.62154807278174,SIDEWALK,True,False,D-09,W-12,0.08194215235139184,0.4284,MEDIUM
CR-2023-002670,2025-03-11 00:42:16,BATTERY,DOMESTIC BATTERY,41.86229246756954,-87.6233827840727,STREET,False,True,D-14,W-47,0.7494901838752305,0.2505,MEDIUM
CR-2023-000192,2025-06-26 10:26:38,BATTERY,SIMPLE BATTERY,41.93321734676893,-87.65229212427047,COMMERCIAL BUILDING,True,False,D-14,W-24,0.8004680290959139,0.1995,LOW
CR-2023-001242,2023-10-02 01:15:31,NARCOTICS,POSSESSION OF HEROIN,41.86985664296137,-87.6169061816953,PARK,True,False,D-03,W-05,0.7506696071513519,0.1662,LOW
CR-2023-000447,2023-02-21 23:44:27,BATTERY,SIMPLE BATTERY,41.89883238486557,-87.62006935168615,PARKING LOT,True,False,D-02,W-02,0.7788925709242538,0.2211,LOW
CR-2025-001346,2024-07-27 08:23:32,CRIMINAL DAMAGE,TO VEHICLE,41.8798924688227,-87.72932094211923,SIDEWALK,True,False,D-01,W-42,0.1475037639685797,0.3978,MEDIUM
CR-2023-004260,2025-03-10 19:32:33,CRIMINAL DAMAGE,TO PROPERTY,41.87459589558526,-87.62677001483864,SIDEWALK,False,False,D-07,W-36,0.13049331364239317,0.4058,MEDIUM
CR-2025-005375,2023-01-22 08:16:06,ASSAULT,AGGRAVATED ASSAULT,41.88298227668487,-87.61330623303509,SIDEWALK,False,True,D-13,W-45,0.21116885499621404,0.7888,CRITICAL
CR-2025-005501,2023-01-31 02:18:45,CRIMINAL DAMAGE,GRAFFITI,41.89476129758622,-87.61847222539295,SIDEWALK,False,False,D-10,W-19,0.15037254047990029,0.3965,MEDIUM
CR-2023-001140,2024-04-29 00:28:50,ROBBERY,ARMED ROBBERY,41.85221289906814,-87.63996346978504,APARTMENT,True,False,D-07,W-49,0.2687592676295883,0.7312,HIGH
CR-2025-001229,2024-12-06 08:54:04,THEFT,GRAND THEFT,41.791392127757575,-87.61719994322702,SIDEWALK,True,False,D-04,W-26,0.2138306173847043,0.3669,MEDIUM
CR-2023-000531,2025-10-10 21:32:04,ASSAULT,AGGRAVATED ASSAULT,41.8076191425093,-87.67249284446946,COMMERCIAL BUILDING,False,False,D-10,W-18,0.13596090788776544,0.864,CRITICAL
CR-2024-005857,2023-06-03 20:59:34,BURGLARY,COMMERCIAL,41.89113938759142,-87.75698398081742,ALLEY,False,False,D-12,W-37,0.10936475650446936,0.5938,HIGH
CR-2024-001390,2023-06-18 10:03:26,NARCOTICS,SALE/MANUFACTURE,41.89121775611199,-87.63954647840272,ALLEY,True,False,D-06,W-22,0.7892312966625885,0.1405,LOW
CR-2023-005385,2023-03-19 00:19:06,ASSAULT,AGGRAVATED ASSAULT,41.9028743626512,-87.69848983180505,STREET,False,False,D-05,W-12,0.17322641527565544,0.8268,CRITICAL
CR-2023-000036,2025-02-15 10:54:20,ASSAULT,AGGRAVATED ASSAULT,41.87756260941335,-87.60633034516279,SIDEWALK,False,False,D-12,W-18,0.15594834779222674,0.8441,CRITICAL
CR-2024-000706,2023-08-27 14:12:06,CRIMINAL DAMAGE,,41.95751775544163,-87.61199995310197,STREET,False,False,D-02,W-47,0.14442652346352486,0.3993,MEDIUM
CR-2025-004745,2025-09-01 22:32:47,ASSAULT,AGGRAVATED ASSAULT,41.95258697714669,-87.65620088236021,RESIDENCE,False,True,D-06,W-39,0.10038332663971253,0.8996,CRITICAL
CR-2025-000260,2025-06-26 20:33:53,ASSAULT,SIMPLE ASSAULT,41.853058920783184,-87.6216495971143,PARKING LOT,False,False,D-08,W-30,0.10159959729697264,0.8984,CRITICAL
CR-2025-001322,2025-11-02 13:47:39,ROBBERY,STRONGARM ROBBERY,41.86175550443987,-87.64157142862192,SIDEWALK,False,False,D-04,W-10,0.18893804735943756,0.8111,CRITICAL
CR-2023-003594,2024-05-28 06:59:00,MOTOR VEHICLE THEFT,AUTOMOBILE,41.873852721726806,-87.66017559870515,PARKING LOT,False,False,D-11,W-13,0.11206138080776255,0.592,HIGH
CR-2023-004728,2025-04-02 14:49:15,CRIMINAL DAMAGE,TO PROPERTY,41.89466444615652,-87.72595729016291,ALLEY,False,False,D-02,W-32,0.16906177339194062,0.3878,MEDIUM
CR-2025-000629,2024-04-25 11:32:28,BATTERY,DOMESTIC BATTERY,41.86752482216362,-87.63063653616487,APARTMENT,True,False,D-14,W-44,0.7934813656870843,0.2065,LOW
CR-2024-005071,2023-06-12 20:21:55,ROBBERY,ARMED ROBBERY,41.7635263974371,-87.64962914749364,PARKING LOT,False,False,D-08,W-32,0.1891694060586267,0.8108,CRITICAL
CR-2023-002568,2024-04-01 08:51:06,MOTOR VEHICLE THEFT,MOTORCYCLE,41.88529261322003,-87.61886588208145,PARK,False,False,D-14,W-50,0.15727638155136103,0.5618,HIGH
CR-2023-000687,2023-09-16 23:31:27,BURGLARY,COMMERCIAL,41.907081065894886,-87.73066782618874,APARTMENT,False,False,D-15,W-47,0.07838106568946614,0.6144,HIGH
CR-2025-000746,2023-10-25 00:01:54,MOTOR VEHICLE THEFT,TRUCK,41.93711504802685,-87.65160897393605,APARTMENT,False,False,D-10,W-26,0.15642904989851636,0.5624,HIGH
CR-2024-004441,2023-06-09 03:34:00,BATTERY,AGGRAVATED BATTERY,41.96802299431141,-87.663038588932,STREET,True,False,D-09,W-42,0.7110773368565376,0.2889,MEDIUM
CR-2025-000563,2023-09-15 20:37:06,THEFT,GRAND THEFT,41.78646588663098,-87.64785689625049,APARTMENT,False,False,D-03,W-39,0.12004791727485455,0.4106,MEDIUM
CR-2023-004050,2024-01-27 23:43:49,MOTOR VEHICLE THEFT,MOTORCYCLE,41.842158765675045,-87.63998470519695,PARK,True,False,D-02,W-33,0.20133021439114135,0.5324,HIGH
CR-2025-001523,2024-04-17 09:41:40,ASSAULT,AGGRAVATED ASSAULT,41.89548611097434,-87.63484382108022,COMMERCIAL BUILDING,False,False,D-04,W-18,0.18637384243774088,0.8136,CRITICAL
CR-2024-005950,2025-06-26 00:33:46,MOTOR VEHICLE THEFT,TRUCK,41.96105165599284,-87.68015743172126,PARK,False,False,D-06,W-50,0.09385180541526664,0.6041,HIGH
CR-2024-001558,2024-12-21 15:08:35,MOTOR VEHICLE THEFT,AUTOMOBILE,41.774043271700535,-87.64789478750396,RESIDENCE,True,True,D-11,W-43,0.13908639272361834,0.5739,HIGH
CR-2024-002998,2025-07-26 19:35:29,NARCOTICS,,41.90134766585871,-87.74881326828294,RESIDENCE,True,True,D-09,W-46,0.732179831231474,0.1785,LOW
CR-2025-004055,2025-01-03 20:57:47,ROBBERY,ARMED ROBBERY,41.75481509147004,-87.67730162896301,PARK,True,False,D-01,W-15,0.25543621349407436,0.7446,HIGH
CR-2023-003915,2023-11-06 15:56:17,MOTOR VEHICLE THEFT,AUTOMOBILE,41.77405976222411,-87.61038534003818,COMMERCIAL BUILDING,False,False,D-08,W-05,0.14574481981822912,0.5695,HIGH
CR-2023-003660,2023-06-07 21:46:35,CRIMINAL DAMAGE,GRAFFITI,41.887629937928246,-87.63156500953289,ALLEY,False,False,D-11,W-25,0.061801250496706754,0.4378,MEDIUM
CR-2024-000283,2024-06-21 02:27:49,ASSAULT,SIMPLE ASSAULT,41.90763750929644,-87.67546172621834,APARTMENT,False,False,D-04,W-36,0.17960143645024745,0.8204,CRITICAL
CR-2024-004543,2023-06-12 01:05:34,ROBBERY,ARMED ROBBERY,41.82978828641799,-87.57919763981256,PARK,False,False,D-02,W-04,0.14029114407527468,0.8597,CRITICAL
CR-2023-001038,2024-10-26 03:40:44,BURGLARY,FORCIBLE ENTRY,41.88733656724657,-87.61174173344247,ALLEY,False,False,D-02,W-07,0.15553339818791959,0.563,HIGH
CR-2024-002839,2024-05-18 12:43:40,THEFT,PETTY THEFT,41.883496084626906,-87.63727950843683,COMMERCIAL BUILDING,False,False,D-10,W-31,0.12996335246134946,0.406,MEDIUM
CR-2025-002480,2024-07-03 17:07:28,CRIMINAL DAMAGE,GRAFFITI,41.87331877527132,-87.64524717772814,COMMERCIAL BUILDING,False,False,D-01,W-49,0.188723568793156,0.3786,MEDIUM
CR-2023-005127,2023-09-01 02:06:30,CRIMINAL DAMAGE,GRAFFITI,41.87883642096959,-87.65007561298037,PARK,False,False,D-02,W-38,0.16821967134577473,0.3882,MEDIUM
CR-2023-004038,2023-02-06 17:08:31,ROBBERY,STRONGARM ROBBERY,41.77683255637454,-87.60059521563394,RESIDENCE,False,False,D-05,W-29,0.09990842959120308,0.9001,CRITICAL
CR-2025-004580,2024-07-17 06:36:59,BURGLARY,RESIDENTIAL,41.93757053986985,-87.65734012560254,COMMERCIAL BUILDING,False,False,D-05,W-32,0.11210703144960599,0.5919,HIGH
CR-2024-000304,2024-04-21 22:12:00,BATTERY,SIMPLE BATTERY,41.91282559502192,-87.62537911377021,ALLEY,True,True,D-10,W-27,0.7415863928222463,0.2584,MEDIUM
CR-2023-003891,2023-03-11 17:43:08,ASSAULT,AGGRAVATED ASSAULT,41.87971975881088,-87.59069711255276,STREET,False,True,D-08,W-33,0.20523424114974417,0.7948,CRITICAL
CR-2023-004503,2023-07-14 19:00:46,ROBBERY,ARMED ROBBERY,41.87506091340623,-87.615099936458,RESIDENCE,False,False,D-13,W-04,0.08052719770439061,0.9195,CRITICAL
CR-2023-001857,2024-03-25 16:57:18,THEFT,GRAND THEFT,41.89328956114466,-87.63217230766558,RESIDENCE,False,False,D-10,W-21,0.10774776213837045,0.4164,MEDIUM
CR-2025-001799,2023-04-05 01:00:29,BATTERY,SIMPLE BATTERY,41.787303624075655,-87.63468690649884,SIDEWALK,True,True,D-07,W-05,0.7807326356989486,0.2193,LOW
CR-2024-002488,2023-08-12 08:14:19,CRIMINAL DAMAGE,,41.81336174068654,-87.62610438531934,COMMERCIAL BUILDING,False,False,D-03,W-37,0.16363351294318948,0.3903,MEDIUM
CR-2024-000517,2025-11-07 23:31:32,BATTERY,AGGRAVATED BATTERY,41.87085220306551,-87.60619019855065,APARTMENT,False,False,D-12,W-28,0.7440750630527978,0.2559,MEDIUM
CR-2023-005895,2025-04-29 12:58:37,THEFT,RETAIL THEFT,41.854834607270256,-87.60722206001682,SIDEWALK,False,False,D-02,W-43,0.15528218832272306,0.3942,MEDIUM
CR-2025-005666,2024-10-10 15:09:54,ASSAULT,AGGRAVATED ASSAULT,41.88571417734416,-87.61329410661583,PARKING LOT,False,False,D-02,W-16,0.12657290505791746,0.8734,CRITICAL
CR-2024-000040,2024-06-25 21:15:11,BATTERY,SIMPLE BATTERY,41.87480492168244,-87.62444331142733,PARK,True,False,D-01,W-15,0.7315978607770574,0.2684,MEDIUM
CR-2024-005839,2023-05-30 23:23:51,NARCOTICS,POSSESSION OF HEROIN,41.92631709086672,-87.6744585567899,PARK,False,False,D-07,W-27,0.7336854475392612,0.1775,LOW
CR-2023-005259,2025-02-17 23:03:56,BATTERY,SIMPLE BATTERY,41.73989572937175,-87.57606689639073,PARK,True,False,D-08,W-39,0.7619484952021859,0.2381,LOW
CR-2024-000079,2025-02-10 04:53:44,ASSAULT,AGGRAVATED ASSAULT,41.860230447541966,-87.6199516958705,PARKING LOT,False,True,D-08,W-40,0.19552747076218238,0.8045,CRITICAL
CR-2024-000583,2025-09-15 07:49:18,BATTERY,AGGRAVATED BATTERY,41.97608545637021,-87.64402181759895,APARTMENT,True,False,D-04,W-45,0.8148458382757972,0.1852,LOW
CR-2024-005758,2023-12-25 00:56:31,ASSAULT,SIMPLE ASSAULT,41.7711538774659,-87.6093718353635,PARK,True,False,D-07,W-19,0.1905156273902607,0.8095,CRITICAL
CR-2024-000331,2023-06-05 20:17:49,NARCOTICS,SALE/MANUFACTURE,41.88001044113612,-87.73668164588041,PARKING LOT,True,False,D-05,W-50,0.6450609531124121,0.2366,LOW
CR-2023-000909,2023-11-14 21:44:25,BURGLARY,FORCIBLE ENTRY,41.87493304641759,-87.64460769290727,SIDEWALK,False,False,D-04,W-27,0.14765942322197795,0.5682,HIGH
CR-2025-002420,2023-08-11 16:17:17,BATTERY,DOMESTIC BATTERY,41.75874057677205,-87.62710762649988,APARTMENT,False,False,D-08,W-46,0.776795122467595,0.2232,LOW
CR-2024-002257,2024-04-06 20:35:13,OTHER OFFENSE,DUPLICATE ID TEST RECORD,41.94484164248391,-87.67355621838593,RESIDENCE,True,False,D-09,W-48,0.2772133195477855,0.3373,MEDIUM
CR-2025-004289,2025-06-27 20:51:44,MOTOR VEHICLE THEFT,MOTORCYCLE,41.9032841733781,-87.6466798061574,ALLEY,False,False,D-14,W-08,0.16592819938853312,0.556,HIGH
CR-2024-000721,2024-04-16 21:19:10,NARCOTICS,POSSESSION OF COCAINE,41.88081532338056,-87.64925247921934,APARTMENT,False,True,D-15,W-29,0.5953091726267979,0.2698,MEDIUM
CR-2023-004068,2025-04-02 01:32:18,BURGLARY,COMMERCIAL,41.7561874372122,-87.61389731361403,STREET,False,False,D-05,W-01,0.15250163819368995,0.565,HIGH
CR-2023-000807,2025-11-14 12:07:02,NARCOTICS,POSSESSION OF HEROIN,41.77438800216024,-87.54917231080388,APARTMENT,True,False,D-12,W-20,0.7373935469626834,0.1751,LOW
CR-2023-000174,2025-06-06 23:01:24,NARCOTICS,POSSESSION OF HEROIN,41.86732333668122,-87.63300170727568,RESIDENCE,True,False,D-03,W-03,0.6654991551616865,0.223,LOW
CR-2025-001532,2025-08-23 22:10:57,ROBBERY,STRONGARM ROBBERY,41.85538294536229,-87.62497610182992,STREET,False,False,D-14,W-44,0.2078118648454084,0.7922,CRITICAL
CR-2023-003957,2024-03-06 00:58:01,ROBBERY,STRONGARM ROBBERY,41.8730318333679,-87.62976652566756,COMMERCIAL BUILDING,True,False,D-11,W-30,0.0973792481324474,0.9026,CRITICAL
CR-2023-004389,2025-10-20 09:07:35,BATTERY,SIMPLE BATTERY,41.90143040185916,-87.729986920807,SIDEWALK,False,False,D-11,W-33,0.7446948842318769,0.2553,MEDIUM
CR-2023-002094,2023-11-13 10:10:21,BURGLARY,COMMERCIAL,41.94006749388769,-87.65656246026222,STREET,True,False,D-06,W-50,0.10854840508726811,0.5943,HIGH
CR-2025-001733,2023-12-23 08:43:23,CRIMINAL DAMAGE,TO PROPERTY,41.76860441577591,-87.62570180083071,SIDEWALK,True,False,D-01,W-06,0.14895627133171505,0.3972,MEDIUM
CR-2025-001634,2024-05-25 19:10:10,NARCOTICS,POSSESSION OF HEROIN,41.78468614806314,-87.61283776155686,PARK,True,False,D-06,W-01,0.770468514144684,0.153,LOW
CR-2025-005072,2025-11-20 12:09:15,ROBBERY,STRONGARM ROBBERY,41.88149357133001,-87.61303099265909,RESIDENCE,False,False,D-10,W-06,0.11202424853559101,0.888,CRITICAL
CR-2024-000547,2023-10-28 11:15:04,THEFT,RETAIL THEFT,41.88908960115824,-87.63101074870163,RESIDENCE,False,False,D-09,W-45,0.12812748648282046,0.4069,MEDIUM
CR-2023-004701,2023-07-11 10:23:45,MOTOR VEHICLE THEFT,AUTOMOBILE,41.73922029825804,-87.63418290240021,APARTMENT,False,False,D-02,W-25,0.1686699592176622,0.5542,HIGH
CR-2023-004587,2025-04-09 17:09:03,BURGLARY,RESIDENTIAL,41.89467495802707,-87.6354629672284,RESIDENCE,False,False,D-14,W-38,0.12642652860605824,0.5824,HIGH
CR-2023-003504,2024-08-31 00:51:27,NARCOTICS,POSSESSION OF COCAINE,41.89829857493916,-87.60814494521252,COMMERCIAL BUILDING,True,False,D-08,W-12,0.689506123651261,0.207,LOW
CR-2023-003945,2025-07-16 21:14:09,ASSAULT,AGGRAVATED ASSAULT,41.7830659473828,-87.60250124575595,RESIDENCE,False,False,D-01,W-04,0.09236927032752013,0.9076,CRITICAL
CR-2023-002535,2024-10-11 00:56:34,ASSAULT,AGGRAVATED ASSAULT,41.86041614763053,-87.63309504178527,PARKING LOT,False,True,D-05,W-27,0.1487494759934682,0.8513,CRITICAL
CR-2025-002243,2023-11-17 16:45:07,NARCOTICS,POSSESSION OF HEROIN,41.95681399262037,-87.66685841553665,PARK,False,False,D-08,W-33,0.7281611234750249,0.1812,LOW
CR-2024-001186,2023-03-22 16:14:36,NARCOTICS,POSSESSION OF COCAINE,41.8805002733878,-87.62227325895749,RESIDENCE,True,False,D-03,W-05,0.694605854686055,0.2036,LOW
CR-2024-000214,2023-12-03 15:45:47,NARCOTICS,POSSESSION OF HEROIN,41.89397636730275,-87.65618109229635,APARTMENT,True,False,D-07,W-14,0.8248263604102706,0.1168,LOW
CR-2023-001290,2024-01-03 01:21:53,BATTERY,DOMESTIC BATTERY,41.8836815820891,-87.62396261206499,PARK,True,False,D-04,W-20,0.7932001843141044,0.2068,LOW
CR-2024-000868,2023-11-28 13:10:23,BATTERY,AGGRAVATED BATTERY,41.86229476371281,-87.6458170438237,ALLEY,True,True,D-02,W-01,0.8416652248448572,0.1583,LOW
CR-2023-001758,2023-03-15 10:15:05,CRIMINAL DAMAGE,GRAFFITI,41.86616664398089,-87.6234340909321,PARK,True,False,D-14,W-11,0.1664150269757369,0.389,MEDIUM
CR-2025-003077,2025-12-18 00:03:01,THEFT,PETTY THEFT,41.88896887668085,-87.62307271818706,STREET,False,False,D-03,W-47,0.10422453056850245,0.418,MEDIUM
CR-2023-000948,2024-12-04 12:36:10,NARCOTICS,,41.87421805906,-87.60582029244243,APARTMENT,True,False,D-11,W-24,0.691043465619965,0.206,LOW
CR-2023-004575,2023-12-07 09:33:09,MOTOR VEHICLE THEFT,MOTORCYCLE,41.89245537515023,-87.72272049891644,RESIDENCE,False,False,D-15,W-03,0.1490270609156709,0.5673,HIGH
CR-2025-002099,2024-01-22 14:11:41,PETTY THEFT,POSSESSION OF COCAINE,41.82646261788551,-87.71661877068806,APARTMENT,True,False,D-01,W-19,0.4224528218658985,0.2695,MEDIUM
CR-2024-005617,2025-02-08 22:49:56,MOTOR VEHICLE THEFT,MOTORCYCLE,41.94651454565538,-87.65167077873038,SIDEWALK,False,False,D-04,W-33,0.2127152769676076,0.5249,HIGH
CR-2024-002566,2024-04-28 23:30:01,ASSAULT,AGGRAVATED ASSAULT,41.88398951173477,-87.62299621714736,RESIDENCE,False,False,D-09,W-20,0.11243181785018387,0.8876,CRITICAL
CR-2023-002616,2024-04-27 10:37:53,MOTOR VEHICLE THEFT,MOTORCYCLE,41.8622595380005,-87.63365417687683,APARTMENT,False,False,D-10,W-21,0.14331865922179057,0.5711,HIGH
CR-2024-004390,2023-08-19 11:17:28,CRIMINAL DAMAGE,GRAFFITI,41.76053322265808,-87.60510160444174,STREET,False,False,D-15,W-42,0.1312026306634062,0.4054,MEDIUM
CR-2025-001388,2023-06-30 09:08:53,MOTOR VEHICLE THEFT,MOTORCYCLE,41.874257303712575,-87.63342246168807,RESIDENCE,False,False,D-02,W-50,0.10531005911159666,0.5965,HIGH
CR-2023-003708,2024-10-20 16:51:23,BATTERY,SIMPLE BATTERY,41.89467649297634,-87.74330911143878,ALLEY,False,False,D-15,W-21,0.7686545891373772,0.2313,LOW
CR-2023-001497,2025-09-14 05:01:22,ASSAULT,SIMPLE ASSAULT,41.86382122309967,-87.62863779222222,ALLEY,False,False,D-15,W-01,0.20981372527515554,0.7902,CRITICAL
CR-2024-005815,2025-03-27 01:23:35,BURGLARY,COMMERCIAL,41.90050892215464,-87.63475987993564,RESIDENCE,False,False,D-12,W-15,0.0845252687436789,0.6103,HIGH
CR-2025-003065,2025-06-14 02:41:03,THEFT,PETTY THEFT,41.78644902250429,-87.64268518806918,ALLEY,False,False,D-15,W-25,0.10794837584009265,0.4163,MEDIUM
CR-2023-002517,2023-03-04 01:21:25,NARCOTICS,SALE/MANUFACTURE,41.96271468482342,-87.60741276198834,APARTMENT,True,False,D-07,W-23,0.7807636883318322,0.1462,LOW
CR-2024-005041,2023-10-27 18:30:13,OTHER OFFENSE,DUPLICATE ID TEST RECORD,41.88220490178819,-87.6062971793918,APARTMENT,False,False,D-08,W-14,0.3855171241350386,0.2868,MEDIUM
CR-2025-000641,2024-03-31 23:10:32,ROBBERY,STRONGARM ROBBERY,41.96256217353377,-87.6361659536641,ALLEY,False,False,D-15,W-03,0.18655855507566652,0.8134,CRITICAL
CR-2024-002329,2024-11-23 00:53:59,BATTERY,AGGRAVATED BATTERY,41.88179125422975,-87.64183420040709,COMMERCIAL BUILDING,True,False,D-13,W-31,0.7393107035368456,0.2607,MEDIUM
CR-2025-000200,2023-04-21 04:12:21,NARCOTICS,SALE/MANUFACTURE,41.73903930853014,-87.64398437557385,PARK,True,False,D-03,W-50,0.7562715572726676,0.1625,LOW
CR-2025-002339,2025-08-21 23:33:40,ASSAULT,AGGRAVATED ASSAULT,41.8910215478845,-87.62603025027643,PARKING LOT,False,False,D-08,W-04,0.09169801959582517,0.9083,CRITICAL
CR-2024-001525,2024-06-05 23:27:49,ROBBERY,STRONGARM ROBBERY,41.85752489454155,-87.64044161503642,APARTMENT,False,False,D-10,W-09,0.1148534150131371,0.8851,CRITICAL
CR-2025-005828,2024-02-27 13:23:30,BURGLARY,COMMERCIAL,41.81554589946507,-87.6016865541598,PARK,False,False,D-04,W-06,0.16325233534654665,0.5578,HIGH
CR-2024-005584,2024-05-13 02:35:37,ROBBERY,STRONGARM ROBBERY,41.87865629365177,-87.72893366021592,ALLEY,False,False,D-12,W-20,0.14155234659117558,0.8584,CRITICAL
CR-2025-005366,2025-05-11 02:35:47,ASSAULT,AGGRAVATED ASSAULT,41.93803731886666,-87.66606474260149,ALLEY,False,False,D-11,W-28,0.178634312306079,0.8214,CRITICAL
CR-2023-001323,2024-06-10 12:06:10,BATTERY,DOMESTIC BATTERY,41.76963729753525,-87.66413917547948,ALLEY,True,True,D-15,W-22,0.8079919355959633,0.192,LOW
CR-2025-000536,2025-06-07 11:30:05,MOTOR VEHICLE THEFT,AUTOMOBILE,41.94993643782121,-87.68095984448377,RESIDENCE,False,False,D-12,W-12,0.09066230022245145,0.6062,HIGH
CR-2024-004459,2024-10-08 11:52:23,ASSAULT,AGGRAVATED ASSAULT,41.852372300439455,-87.61741114625454,STREET,False,False,D-02,W-21,0.19387560896477482,0.8061,CRITICAL
CR-2025-000494,2024-05-13 06:42:44,BATTERY,SIMPLE BATTERY,41.943980716523406,-87.65476228322011,STREET,True,False,D-15,W-25,0.6887553426169167,0.3112,MEDIUM
CR-2023-002178,2024-07-23 06:54:45,ASSAULT,SIMPLE ASSAULT,41.784575861971625,-87.63710170438023,PARK,False,False,D-11,W-47,0.09490911048928528,0.9051,CRITICAL
CR-2024-003979,2025-07-22 01:23:00,BATTERY,,41.95022629457223,-87.66290911808332,RESIDENCE,False,False,D-02,W-40,0.7235948199823609,0.2764,MEDIUM
CR-2025-001646,2023-06-08 09:13:44,NARCOTICS,POSSESSION OF HEROIN,41.90358537694959,-87.72081557734018,STREET,True,False,D-02,W-03,0.7959190568342152,0.1361,LOW
CR-2024-004801,2024-07-27 01:02:56,MOTOR VEHICLE THEFT,AUTOMOBILE,41.88095334832768,-87.63549436745015,PARK,False,False,D-02,W-04,0.12511856540591088,0.5833,HIGH
CR-2025-004250,2024-01-24 19:42:56,BURGLARY,COMMERCIAL,41.91568173358036,-87.63657461633765,PARKING LOT,False,False,D-14,W-49,0.24081864166359407,0.5061,HIGH
CR-2023-005967,2023-01-20 18:29:26,THEFT,RETAIL THEFT,41.940881435090574,-87.65007630917441,APARTMENT,False,False,D-03,W-40,0.18378434755648385,0.3809,MEDIUM
CR-2025-003563,2024-05-04 04:04:42,CRIMINAL DAMAGE,TO VEHICLE,41.77947701647376,-87.61337741013365,SIDEWALK,False,False,D-10,W-21,0.11538523393161225,0.4128,MEDIUM
CR-2025-000032,2024-05-31 02:47:34,PETTY THEFT,FROM BUILDING,41.89028788733592,-87.60945639957144,ALLEY,False,False,D-13,W-02,0.27727904544069454,0.3373,MEDIUM
CR-2025-003464,2024-07-05 01:12:38,CRIMINAL DAMAGE,TO PROPERTY,41.8770908380263,-87.64591991559149,SIDEWALK,False,False,D-15,W-19,0.11799555483069323,0.4116,MEDIUM
CR-2024-002623,2025-07-29 08:59:12,ROBBERY,ARMED ROBBERY,41.8691026696502,-87.65318180492537,PARK,False,False,D-06,W-40,0.17937817595631983,0.8206,CRITICAL
CR-2023-004263,2024-10-12 09:47:50,BATTERY,SIMPLE BATTERY,41.94192182293568,-87.65106241642341,APARTMENT,True,False,D-14,W-38,0.83978127050471,0.1602,LOW
CR-2023-004221,2025-04-03 07:22:54,THEFT,PETTY THEFT,41.772986565415785,-87.66178872844748,SIDEWALK,False,False,D-11,W-01,0.17377359611196866,0.3856,MEDIUM
CR-2025-001580,2025-08-07 14:03:42,THEFT,PETTY THEFT,41.86900244917677,-87.62296143707245,PARKING LOT,False,False,D-14,W-15,0.16414630901706198,0.3901,MEDIUM
CR-2023-003717,2024-09-15 02:21:57,ASSAULT,SIMPLE ASSAULT,41.93938011965941,-87.64942101224113,PARK,False,False,D-04,W-24,0.24151801267262574,0.7585,CRITICAL
CR-2023-003171,2025-07-04 16:02:19,BATTERY,AGGRAVATED BATTERY,41.94552680940205,-87.65860161130006,ALLEY,True,False,D-14,W-49,0.8495686346206365,0.1504,LOW
CR-2024-001705,2024-08-28 03:00:20,THEFT,RETAIL THEFT,41.93490131962419,-87.6633615197813,COMMERCIAL BUILDING,True,False,D-04,W-08,0.151029049468022,0.3962,MEDIUM
CR-2024-005998,2024-02-20 03:30:50,CRIMINAL DAMAGE,TO PROPERTY,41.87928919621338,-87.71181574701835,PARKING LOT,False,False,D-10,W-14,0.18455180535920784,0.3805,MEDIUM
CR-2025-005843,2023-08-06 23:40:49,BURGLARY,FORCIBLE ENTRY,41.90064952316368,-87.77729935744668,STREET,False,False,D-13,W-36,0.1257224815855509,0.5829,HIGH
CR-2025-001145,2024-01-13 05:00:21,CRIMINAL DAMAGE,TO VEHICLE,41.91190019394836,-87.70928055508593,SIDEWALK,False,True,D-08,W-20,0.16197164104394515,0.3911,MEDIUM
CR-2025-003005,2024-11-16 19:45:20,ASSAULT,AGGRAVATED ASSAULT,41.87954303231212,-87.71886234287507,APARTMENT,False,True,D-07,W-15,0.21973767271661887,0.7803,CRITICAL
CR-2024-003457,2025-03-22 17:20:03,ROBBERY,ARMED ROBBERY,41.805619808034855,-87.66114999266291,APARTMENT,False,False,D-03,W-30,0.16423068278951103,0.8358,CRITICAL
CR-2025-002900,2023-12-30 03:06:31,ASSAULT,AGGRAVATED ASSAULT,41.78628081437601,-87.63495584187639,RESIDENCE,True,True,D-02,W-31,0.1785027359817238,0.8215,CRITICAL
CR-2023-002826,2024-02-26 23:09:24,ASSAULT,SIMPLE ASSAULT,41.94578148389748,-87.63273520433462,PARKING LOT,True,False,D-11,W-19,0.1437643201456078,0.8562,CRITICAL
CR-2023-005571,2023-10-06 05:12:58,PETTY THEFT,AUTOMOBILE,41.92189437256095,-87.62837793152275,ALLEY,False,False,D-02,W-34,0.30385807891501954,0.3249,MEDIUM
CR-2023-002118,2024-04-08 12:50:09,ASSAULT,SIMPLE ASSAULT,41.89962631098834,-87.63500953433437,APARTMENT,False,False,D-11,W-48,0.13084081570621958,0.8692,CRITICAL
CR-2023-005793,2024-08-01 23:15:51,CRIMINAL DAMAGE,GRAFFITI,41.936280199078304,-87.6741555048046,APARTMENT,False,False,D-06,W-01,0.13339551941025582,0.4044,MEDIUM
CR-2025-002348,2023-01-20 23:28:30,ASSAULT,SIMPLE ASSAULT,41.88978283444048,-87.7039937370673,APARTMENT,False,False,D-06,W-03,0.20357909460702592,0.7964,CRITICAL
CR-2025-002063,2024-03-15 05:04:34,CRIMINAL DAMAGE,TO VEHICLE,41.756881147759934,-87.58403187454122,PARKING LOT,False,False,D-03,W-24,0.20338616764223091,0.3718,MEDIUM
CR-2024-003493,2025-11-23 06:25:35,ASSAULT,AGGRAVATED ASSAULT,41.92035261433152,-87.61347811454534,PARK,False,True,D-10,W-45,0.17459668573024045,0.8254,CRITICAL
CR-2025-002312,2023-08-01 05:52:46,ASSAULT,SIMPLE ASSAULT,41.883443791830594,-87.61087721121197,RESIDENCE,False,False,D-13,W-16,0.1005403889644658,0.8995,CRITICAL
CR-2024-003544,2023-09-10 14:17:56,NARCOTICS,POSSESSION OF HEROIN,41.87889588969399,-87.61682065365797,SIDEWALK,True,False,D-14,W-36,0.8011912000002023,0.1325,LOW
CR-2023-005613,2025-07-27 04:35:01,ROBBERY,ARMED ROBBERY,41.92946670491075,-87.69986617559167,STREET,False,False,D-06,W-18,0.17290284711970771,0.8271,CRITICAL
CR-2024-003844,2023-03-30 19:09:32,ROBBERY,STRONGARM ROBBERY,41.8745915329932,-87.63274139816016,ALLEY,False,False,D-01,W-06,0.15650044885819644,0.8435,CRITICAL
CR-2024-005485,2024-01-07 07:44:13,THEFT,RETAIL THEFT,41.88739598519109,-87.73017672775954,STREET,False,False,D-07,W-36,0.25972404015725203,0.3455,MEDIUM
CR-2023-002205,2024-10-23 16:15:19,THEFT,GRAND THEFT,41.8680748220773,-87.63071613507029,SIDEWALK,False,False,D-08,W-33,0.12489769954935562,0.4084,MEDIUM
CR-2025-004439,2023-02-20 00:54:50,MOTOR VEHICLE THEFT,TRUCK,41.793063524677045,-87.64521173000048,SIDEWALK,False,False,D-06,W-50,0.1552439584534288,0.5632,HIGH
CR-2025-004103,2025-08-23 01:44:31,CRIMINAL DAMAGE,TO PROPERTY,41.88728404715158,-87.65319153668689,APARTMENT,False,True,D-06,W-42,0.11076735214201863,0.415,MEDIUM
CR-2023-005523,2024-10-24 23:47:05,BATTERY,,41.90679722407907,-87.73748433334266,COMMERCIAL BUILDING,True,False,D-04,W-26,0.8063440725547607,0.1937,LOW
CR-2024-003721,2025-01-27 23:32:33,MOTOR VEHICLE THEFT,AUTOMOBILE,41.95022336293333,-87.63953591718405,SIDEWALK,True,False,D-05,W-08,0.16562020002006145,0.5563,HIGH
CR-2023-003243,2023-07-23 00:26:34,MOTOR VEHICLE THEFT,MOTORCYCLE,41.9438398854638,-87.68343954924208,RESIDENCE,True,False,D-09,W-19,0.13172145425606166,0.5789,HIGH
CR-2025-000530,2025-10-28 00:17:44,ASSAULT,AGGRAVATED ASSAULT,41.889675480659726,-87.67252813930945,STREET,False,False,D-12,W-26,0.17447347185685674,0.8255,CRITICAL
CR-2025-000920,2023-08-27 23:49:54,THEFT,PETTY THEFT,41.8782863247941,-87.76077328281896,STREET,False,False,D-07,W-26,0.23331283175265197,0.3578,MEDIUM
CR-2024-001885,2024-12-20 14:59:55,ROBBERY,STRONGARM ROBBERY,41.803945621342045,-87.64143927095964,STREET,False,False,D-10,W-09,0.16972273952668523,0.8303,CRITICAL
CR-2025-004262,2023-04-16 04:25:46,BURGLARY,RESIDENTIAL,41.85192859418592,-87.6456298623789,STREET,False,False,D-05,W-10,0.11784468322899526,0.5881,HIGH
CR-2025-004922,2024-10-30 13:24:10,BATTERY,AGGRAVATED BATTERY,41.7681250949945,-87.63496513829287,PARKING LOT,True,False,D-03,W-14,0.8106353751211024,0.1894,LOW
CR-2024-002455,2024-08-13 10:40:20,NARCOTICS,POSSESSION OF HEROIN,41.8712714525005,-87.70304503037214,RESIDENCE,True,False,D-11,W-14,0.7220454973445272,0.1853,LOW
CR-2023-004545,2025-03-20 00:31:17,NARCOTICS,POSSESSION OF HEROIN,41.89315028483502,-87.73315544896533,COMMERCIAL BUILDING,True,True,D-03,W-47,0.6869430851047146,0.2087,LOW
CR-2025-004301,2025-01-03 20:47:48,NARCOTICS,POSSESSION OF HEROIN,41.916889627635264,-87.6235142389787,PARK,False,False,D-10,W-34,0.6833321272344616,0.2111,LOW
CR-2023-002433,2023-04-26 15:53:03,NARCOTICS,POSSESSION OF COCAINE,41.88096374786216,-87.63034495912063,STREET,True,False,D-08,W-04,0.6624249341224495,0.2251,LOW
CR-2025-001754,2025-10-04 02:40:41,ASSAULT,AGGRAVATED ASSAULT,41.88560360704155,-87.63780400459659,PARKING LOT,False,False,D-13,W-07,0.16546313870706117,0.8345,CRITICAL
CR-2024-002302,2025-09-05 01:27:32,ROBBERY,ARMED ROBBERY,41.75159646016428,-87.63534190193856,PARKING LOT,False,False,D-13,W-45,0.15723863032786753,0.8428,CRITICAL
CR-2025-002945,2024-11-14 10:57:42,ASSAULT,AGGRAVATED ASSAULT,41.87468420577747,-87.61906760354846,RESIDENCE,False,False,D-05,W-36,0.12004091091476139,0.88,CRITICAL
CR-2025-005381,2023-08-15 05:34:21,CRIMINAL DAMAGE,TO VEHICLE,41.87330251603808,-87.60578638012167,PARKING LOT,False,False,D-04,W-45,0.16388410483846202,0.3902,MEDIUM
CR-2023-003381,2024-08-14 12:25:37,ASSAULT,AGGRAVATED ASSAULT,41.88255840832378,-87.60479114737376,PARKING LOT,True,False,D-12,W-27,0.13083446495810858,0.8692,CRITICAL
CR-2025-001859,2025-10-13 08:01:14,NARCOTICS,POSSESSION OF COCAINE,41.94477101861505,-87.65742674005062,PARKING LOT,True,True,D-08,W-25,0.67106688835499,0.2193,LOW
CR-2023-005535,2024-09-23 20:34:49,CRIMINAL DAMAGE,GRAFFITI,41.934449161150496,-87.68767645143973,PARKING LOT,False,False,D-04,W-46,0.17843948662219444,0.3834,MEDIUM
CR-2023-003822,2023-05-18 12:24:31,BATTERY,AGGRAVATED BATTERY,41.89227967656854,-87.63808854019179,RESIDENCE,True,False,D-10,W-32,0.7181371323523761,0.2819,MEDIUM
CR-2025-001313,2023-07-01 17:54:00,BATTERY,DOMESTIC BATTERY,41.89915054955189,-87.61933145091191,STREET,True,False,D-04,W-14,0.8453890493535131,0.1546,LOW
CR-2025-005933,2023-10-17 20:24:51,ASSAULT,AGGRAVATED ASSAULT,41.87710098459468,-87.66316576162913,PARK,False,True,D-05,W-39,0.11575990151155924,0.8842,CRITICAL
CR-2024-002461,2024-08-31 22:49:37,MOTOR VEHICLE THEFT,MOTORCYCLE,41.89117305059651,-87.70144462881004,PARKING LOT,False,False,D-12,W-17,0.15304762921792772,0.5646,HIGH
CR-2023-004317,2023-01-03 01:42:08,MOTOR VEHICLE THEFT,TRUCK,41.86057810554593,-87.7479196334862,PARK,False,False,D-04,W-09,0.2736265347079077,0.4842,MEDIUM
CR-2025-000146,2023-12-21 17:18:08,ASSAULT,AGGRAVATED ASSAULT,41.7641658810764,-87.60775994757448,STREET,False,False,D-08,W-09,0.16275402159865343,0.8372,CRITICAL
CR-2023-003546,2023-12-22 21:51:18,NARCOTICS,POSSESSION OF HEROIN,41.856192486508725,-87.61193108977552,PARKING LOT,True,False,D-15,W-17,0.7299425741740305,0.18,LOW
CR-2023-000831,2024-11-30 04:04:16,BATTERY,AGGRAVATED BATTERY,41.72585362752479,-87.64419554967736,COMMERCIAL BUILDING,True,True,D-15,W-17,0.8567303916312508,0.1433,LOW
CR-2025-005543,2023-05-21 02:13:11,MOTOR VEHICLE THEFT,MOTORCYCLE,41.78442104425726,-87.63007060947689,PARKING LOT,False,False,D-02,W-03,0.1948450039130795,0.5368,HIGH
CR-2023-004590,2024-02-12 19:05:34,BATTERY,DOMESTIC BATTERY,41.876672778153846,-87.63562719860157,RESIDENCE,False,False,D-05,W-43,0.7143936831436706,0.2856,MEDIUM
CR-2024-004018,2025-07-11 14:08:13,NARCOTICS,SALE/MANUFACTURE,41.854804470832406,-87.65085337944346,STREET,True,False,D-07,W-15,0.7912060550712459,0.1392,LOW
CR-2025-000842,2023-04-27 12:03:30,ASSAULT,SIMPLE ASSAULT,41.86041440313261,-87.61198480917308,PARKING LOT,False,True,D-04,W-30,0.17829151859596115,0.8217,CRITICAL
CR-2024-005770,2025-09-15 23:07:02,ASSAULT,,41.76286460524941,-87.60123305789865,SIDEWALK,False,True,D-13,W-29,0.10129964806449149,0.8987,CRITICAL
CR-2025-003089,2025-08-09 03:50:21,ASSAULT,SIMPLE ASSAULT,41.98022800735526,-87.63776571627227,ALLEY,False,False,D-09,W-43,0.1910406444084932,0.809,CRITICAL
CR-2023-002184,2024-02-27 23:37:45,MOTOR VEHICLE THEFT,MOTORCYCLE,41.76208786009984,-87.623418229102,RESIDENCE,False,False,D-13,W-42,0.10104717810363703,0.5993,HIGH
CR-2024-001309,2025-05-16 00:18:28,ASSAULT,AGGRAVATED ASSAULT,41.88883104728308,-87.70069519820136,COMMERCIAL BUILDING,True,True,D-13,W-05,0.13720283263253574,0.8628,CRITICAL
CR-2025-003446,2025-01-22 02:23:15,ROBBERY,STRONGARM ROBBERY,41.74778783875278,-87.61775431965684,COMMERCIAL BUILDING,False,False,D-11,W-35,0.14561450563047604,0.8544,CRITICAL
CR-2023-004077,2023-08-29 08:13:34,ASSAULT,AGGRAVATED ASSAULT,41.89199386236627,-87.63559003863475,COMMERCIAL BUILDING,False,False,D-13,W-38,0.17252967338223246,0.8275,CRITICAL
CR-2025-005219,2023-08-26 00:47:23,MOTOR VEHICLE THEFT,MOTORCYCLE,41.90969738978125,-87.73876783442599,PARK,False,False,D-12,W-28,0.19957037390846807,0.5336,HIGH
CR-2025-002429,2025-06-08 14:01:30,ROBBERY,ARMED ROBBERY,41.88006035036697,-87.6319228863005,PARKING LOT,False,False,D-02,W-40,0.17939503371950996,0.8206,CRITICAL
CR-2025-005936,2023-08-20 20:21:02,ROBBERY,ARMED ROBBERY,41.8842272800722,-87.6427193215358,PARKING LOT,False,False,D-04,W-26,0.22785246980595358,0.7721,CRITICAL
CR-2023-002676,2024-06-29 07:52:37,MOTOR VEHICLE THEFT,MOTORCYCLE,41.88061355158702,-87.61236610603741,PARKING LOT,False,False,D-03,W-18,0.16157388301898548,0.559,HIGH
CR-2024-002035,2024-07-20 00:41:31,ROBBERY,STRONGARM ROBBERY,41.89089611300941,-87.739585111841,SIDEWALK,True,False,D-03,W-04,0.14700319187343625,0.853,CRITICAL
CR-2024-000592,2024-11-15 00:16:56,BATTERY,SIMPLE BATTERY,41.75415929658574,-87.6054807203003,STREET,True,False,D-10,W-01,0.8247328481505745,0.1753,LOW
CR-2025-004742,2025-02-21 21:59:19,ASSAULT,SIMPLE ASSAULT,41.855718469742826,-87.61037189390996,COMMERCIAL BUILDING,False,False,D-09,W-48,0.14479347396378683,0.8552,CRITICAL
CR-2023-000543,2025-10-19 21:16:51,BATTERY,SIMPLE BATTERY,41.8046570863508,-87.62303027102435,RESIDENCE,False,True,D-03,W-25,0.6658815437389626,0.3341,MEDIUM
CR-2025-005339,2024-03-10 17:43:02,CRIMINAL DAMAGE,GRAFFITI,41.87015348441116,-87.6177271609273,SIDEWALK,False,False,D-10,W-24,0.14110170507774736,0.4008,MEDIUM
CR-2025-005312,2025-08-02 22:19:17,BURGLARY,FORCIBLE ENTRY,41.97236450786402,-87.66101083250614,STREET,False,False,D-08,W-13,0.09751303945160038,0.6017,HIGH
CR-2025-000416,2024-10-08 17:57:41,NARCOTICS,POSSESSION OF COCAINE,41.86303788849872,-87.64131696347657,PARKING LOT,True,False,D-03,W-19,0.7464147819940254,0.1691,LOW
CR-2023-002847,2023-12-16 09:16:41,ASSAULT,AGGRAVATED ASSAULT,41.90376543213787,-87.62194059231885,PARKING LOT,False,True,D-08,W-41,0.17945607340303513,0.8205,CRITICAL
CR-2023-004167,2023-11-01 10:51:20,MOTOR VEHICLE THEFT,TRUCK,41.96902761050555,-87.6475362840869,PARKING LOT,False,False,D-07,W-41,0.2001503518856638,0.5332,HIGH
CR-2023-004965,2025-12-22 01:51:13,BATTERY,SIMPLE BATTERY,41.76126155131804,-87.65015099181569,PARK,True,True,D-14,W-37,0.83811393796496,0.1619,LOW
CR-2023-002724,2025-07-30 20:56:52,MOTOR VEHICLE THEFT,,41.882899477867184,-87.6509041510077,SIDEWALK,False,False,D-12,W-32,0.12370901240894028,0.5842,HIGH
CR-2024-003478,2023-05-25 11:10:46,BATTERY,DOMESTIC BATTERY,41.95029055135177,-87.61917821764325,PARKING LOT,False,False,D-09,W-35,0.7371042945311271,0.2629,MEDIUM
CR-2023-001455,2025-10-17 21:00:02,THEFT,GRAND THEFT,41.87006997369476,-87.62442319572686,COMMERCIAL BUILDING,False,False,D-11,W-48,0.08681923772990656,0.4262,MEDIUM
CR-2025-003413,2023-01-21 08:02:05,ROBBERY,ARMED ROBBERY,41.74151146158754,-87.62930746123271,RESIDENCE,False,False,D-13,W-36,0.2070910458178614,0.7929,CRITICAL
CR-2024-001096,2024-07-06 03:06:00,MOTOR VEHICLE THEFT,AUTOMOBILE,41.90846464434931,-87.65024761006889,RESIDENCE,True,False,D-01,W-31,0.15400607982824255,0.564,HIGH
CR-2023-004236,2024-07-12 11:23:53,ASSAULT,AGGRAVATED ASSAULT,41.93523234564119,-87.66719007391897,RESIDENCE,False,False,D-15,W-35,0.11072731066353583,0.8893,CRITICAL
CR-2025-000872,2024-02-12 01:12:00,ROBBERY,ARMED ROBBERY,41.86390764358457,-87.72260935831078,PARKING LOT,False,False,D-14,W-01,0.32725597823990177,0.6727,HIGH
CR-2024-002989,2025-03-04 09:27:18,BATTERY,SIMPLE BATTERY,41.88169786618774,-87.62250535009974,ALLEY,True,True,D-05,W-17,0.787856297430302,0.2121,LOW
CR-2024-000802,2025-03-31 17:26:41,NARCOTICS,SALE/MANUFACTURE,41.87085884716727,-87.64409992912388,ALLEY,False,False,D-02,W-49,0.8444690629225484,0.1037,LOW
CR-2023-002424,2025-08-15 20:52:43,ASSAULT,AGGRAVATED ASSAULT,41.869672368509725,-87.62260958569856,COMMERCIAL BUILDING,False,True,D-15,W-33,0.12557651335449974,0.8744,CRITICAL
CR-2025-000542,2023-03-30 19:27:33,ROBBERY,ARMED ROBBERY,41.78844838630579,-87.61824895882023,RESIDENCE,False,False,D-10,W-19,0.1176275318685138,0.8824,CRITICAL
CR-2025-000557,2024-08-18 12:25:54,BATTERY,SIMPLE BATTERY,41.88035628357716,-87.624325584963,PARK,True,True,D-08,W-42,0.7095408052318428,0.2905,MEDIUM
CR-2025-002390,2025-03-04 00:49:56,NARCOTICS,SALE/MANUFACTURE,41.78587709645863,-87.62171090808296,ALLEY,False,False,D-10,W-04,0.65672346448811,0.2289,LOW
CR-2025-005888,2024-05-27 09:08:28,ROBBERY,STRONGARM ROBBERY,41.91977771714458,-87.65670059553615,ALLEY,False,False,D-03,W-32,0.21463138965510553,0.7854,CRITICAL
CR-2025-003911,2025-07-06 22:25:39,NARCOTICS,SALE/MANUFACTURE,41.93851619953866,-87.64962310865394,PARK,True,False,D-12,W-45,0.6487453815894954,0.2342,LOW
CR-2025-004871,2024-03-27 21:02:28,BATTERY,AGGRAVATED BATTERY,41.85431455616624,-87.7235170480242,COMMERCIAL BUILDING,True,False,D-04,W-12,0.7668404239707352,0.2332,LOW
CR-2023-000912,2023-02-17 21:24:19,NARCOTICS,POSSESSION OF COCAINE,41.78311636679917,-87.61795148376076,STREET,False,False,D-06,W-16,0.7084664110786205,0.1944,LOW
CR-2025-002966,2023-09-13 20:38:06,CRIMINAL DAMAGE,TO VEHICLE,41.95045834781046,-87.70158088132,SIDEWALK,False,False,D-12,W-44,0.09959246431679028,0.4202,MEDIUM
CR-2024-002917,2024-10-03 22:20:04,BURGLARY,FORCIBLE ENTRY,41.88086463596117,-87.63610041590941,PARK,False,False,D-10,W-32,0.10458032526546963,0.5969,HIGH
CR-2025-000767,2025-09-07 03:02:53,NARCOTICS,POSSESSION OF HEROIN,41.87110945247198,-87.653720546009,ALLEY,True,False,D-08,W-48,0.7630096519843975,0.158,LOW
CR-2025-005231,2023-07-18 22:37:45,ASSAULT,SIMPLE ASSAULT,41.86780093202228,-87.6424853396717,PARK,True,False,D-10,W-06,0.1235080133294541,0.8765,CRITICAL
CR-2025-002705,2025-10-13 13:06:56,BURGLARY,FORCIBLE ENTRY,41.87112242963227,-87.73632436779133,RESIDENCE,False,False,D-10,W-26,0.12896190804786603,0.5807,HIGH
CR-2024-001810,2024-06-07 11:59:23,MOTOR VEHICLE THEFT,AUTOMOBILE,41.857507108227786,-87.62452780149472,STREET,False,False,D-13,W-17,0.17870274823724216,0.5475,HIGH
CR-2025-005729,2024-09-11 19:43:19,MOTOR VEHICLE THEFT,TRUCK,41.93356313677983,-87.66293542393348,PARK,True,False,D-15,W-47,0.08503177694958226,0.61,HIGH
CR-2023-001938,2024-07-10 16:50:12,NARCOTICS,SALE/MANUFACTURE,41.80265039571674,-87.62292488194865,PARKING LOT,True,False,D-07,W-12,0.7032904902537204,0.1978,LOW
CR-2023-004434,2025-08-15 08:54:19,NARCOTICS,POSSESSION OF HEROIN,41.94929104331142,-87.68262228161868,APARTMENT,True,False,D-12,W-08,0.6639943713852771,0.224,LOW
CR-2025-001268,2025-06-25 00:13:11,THEFT,PETTY THEFT,41.96791633438689,-87.63693091112115,RESIDENCE,False,False,D-15,W-01,0.13707091826170442,0.4027,MEDIUM
CR-2023-000663,2024-10-11 16:38:53,PETTY THEFT,TO VEHICLE,41.86369196291126,-87.729493576003,SIDEWALK,False,False,D-09,W-29,0.2309531419036726,0.3589,MEDIUM
CR-2025-005471,2023-10-11 18:44:07,CRIMINAL DAMAGE,GRAFFITI,41.88841853124339,-87.63500742223628,PARK,False,True,D-05,W-14,0.1355331978665987,0.4034,MEDIUM
CR-2025-003884,2025-04-07 06:45:55,ASSAULT,AGGRAVATED ASSAULT,41.96227646907718,-87.63196943327557,COMMERCIAL BUILDING,False,True,D-11,W-25,0.11376198567978282,0.8862,CRITICAL
CR-2023-002952,2024-05-28 10:01:42,THEFT,RETAIL THEFT,41.75655634952291,-87.6386991242227,SIDEWALK,False,False,D-11,W-40,0.14086889385635293,0.4009,MEDIUM
CR-2023-002199,2025-12-03 00:34:51,THEFT,FROM BUILDING,41.805901401478486,-87.6054302871465,STREET,False,False,D-04,W-14,0.2178514741583115,0.365,MEDIUM
CR-2025-000476,2023-01-28 07:48:57,BATTERY,AGGRAVATED BATTERY,41.85932690863714,-87.6081435309389,COMMERCIAL BUILDING,False,False,D-01,W-09,0.8287370890936531,0.1713,LOW
CR-2025-004367,2025-10-16 02:26:14,THEFT,RETAIL THEFT,41.854559156069385,-87.6393532358341,APARTMENT,False,False,D-14,W-43,0.17530305816753283,0.3849,MEDIUM
CR-2024-000241,2025-10-27 03:42:08,THEFT,RETAIL THEFT,41.91627107359485,-87.65123072728265,PARKING LOT,False,False,D-07,W-15,0.18027371967047315,0.3825,MEDIUM
CR-2025-000524,2024-05-22 19:32:11,CRIMINAL DAMAGE,TO PROPERTY,41.81581350874315,-87.59449771614632,SIDEWALK,False,False,D-14,W-28,0.2023627110592913,0.3722,MEDIUM
CR-2023-000708,2024-05-24 10:35:32,BURGLARY,FORCIBLE ENTRY,41.94954026249794,-87.64992815442274,RESIDENCE,False,False,D-09,W-31,0.09957575590972813,0.6003,HIGH
CR-2023-004836,2023-05-31 23:57:28,MOTOR VEHICLE THEFT,TRUCK,41.86269122168743,-87.65381771798218,ALLEY,True,False,D-13,W-32,0.15033107391626035,0.5664,HIGH
CR-2025-005264,2024-03-20 11:26:55,NARCOTICS,SALE/MANUFACTURE,41.89505789929306,-87.62933789297503,COMMERCIAL BUILDING,True,False,D-03,W-31,0.7563228039226663,0.1625,LOW
CR-2025-001244,2024-04-20 23:27:54,BURGLARY,COMMERCIAL,41.87848082630814,-87.65859509734297,COMMERCIAL BUILDING,False,False,D-15,W-10,0.08448232656751176,0.6103,HIGH
CR-2024-002074,2024-09-19 10:57:30,MOTOR VEHICLE THEFT,AUTOMOBILE,41.87037825987628,-87.6261470469372,RESIDENCE,False,False,D-05,W-46,0.142294679826183,0.5718,HIGH
CR-2023-000027,2023-08-07 13:51:44,MOTOR VEHICLE THEFT,AUTOMOBILE,41.96901999044992,-87.63667439761767,ALLEY,False,False,D-11,W-34,0.1259775369965399,0.5827,HIGH
CR-2023-000753,2023-05-26 19:26:46,ASSAULT,,41.88854581171186,-87.61547042187145,RESIDENCE,False,True,D-15,W-32,0.13242301005683002,0.8676,CRITICAL
CR-2024-005653,2025-05-22 20:51:10,ASSAULT,AGGRAVATED ASSAULT,41.87615257013746,-87.74723401426759,PARK,False,True,D-15,W-26,0.15774495644002923,0.8423,CRITICAL
CR-2024-001534,2025-10-28 11:55:57,MOTOR VEHICLE THEFT,TRUCK,41.88147896175872,-87.61940915867325,COMMERCIAL BUILDING,False,True,D-04,W-25,0.149318309166107,0.5671,HIGH
CR-2023-000240,2023-09-28 03:33:55,NARCOTICS,POSSESSION OF HEROIN,41.94584164817039,-87.674410808812,RESIDENCE,True,False,D-01,W-35,0.6906142048959439,0.2063,LOW
CR-2024-004126,2023-08-12 09:57:02,BURGLARY,RESIDENTIAL,41.91079423178862,-87.67580438171474,APARTMENT,False,False,D-09,W-19,0.1277906484603684,0.5815,HIGH
CR-2023-003465,2024-03-15 15:23:46,THEFT,PETTY THEFT,41.75934115193745,-87.60767086733968,PARKING LOT,False,False,D-06,W-34,0.12666017743548674,0.4076,MEDIUM
CR-2024-000424,2025-06-24 22:51:50,NARCOTICS,POSSESSION OF HEROIN,41.76295650039372,-87.64227492387505,ALLEY,True,False,D-12,W-47,0.5928088848342355,0.2715,MEDIUM
CR-2024-000055,2025-03-21 08:55:43,THEFT,RETAIL THEFT,41.730930719617525,-87.62966284688623,SIDEWALK,False,False,D-13,W-23,0.15701108445765727,0.3934,MEDIUM
CR-2025-001508,2025-12-02 20:36:30,BURGLARY,FORCIBLE ENTRY,41.91801307849046,-87.71194311196221,STREET,False,False,D-03,W-07,0.1325477172918181,0.5783,HIGH
CR-2024-004891,2025-05-03 06:36:24,ASSAULT,AGGRAVATED ASSAULT,41.86145374808168,-87.624951292187,PARKING LOT,False,False,D-15,W-44,0.15378708651302075,0.8462,CRITICAL
CR-2025-003716,2024-11-01 10:28:19,BATTERY,AGGRAVATED BATTERY,41.88501908126477,-87.64366536000446,SIDEWALK,True,False,D-05,W-27,0.7544796544527529,0.2455,LOW
CR-2024-004513,2025-12-05 19:38:03,MOTOR VEHICLE THEFT,TRUCK,41.93966970273469,-87.63386639252218,ALLEY,False,False,D-09,W-49,0.2128955890823862,0.5247,HIGH
CR-2023-003417,2023-06-07 16:33:40,PETTY THEFT,RETAIL THEFT,41.883889551388535,-87.64744967415851,PARK,False,True,D-08,W-08,0.25113227407766014,0.3495,MEDIUM
CR-2023-000957,2023-06-28 21:50:11,ROBBERY,STRONGARM ROBBERY,41.912378845316944,-87.66615347599468,SIDEWALK,False,False,D-11,W-18,0.09654554743875146,0.9035,CRITICAL
CR-2025-005105,2023-01-17 17:33:07,ROBBERY,STRONGARM ROBBERY,41.771125713337845,-87.61893709475662,SIDEWALK,False,False,D-12,W-23,0.11771092608128403,0.8823,CRITICAL
CR-2025-005609,2024-05-25 06:34:11,BURGLARY,COMMERCIAL,41.88772818592217,-87.6355464238174,APARTMENT,False,False,D-03,W-36,0.12212289256145596,0.5853,HIGH
CR-2023-005916,2025-08-30 19:01:56,BURGLARY,FORCIBLE ENTRY,41.88839731321089,-87.75576713055054,STREET,False,False,D-10,W-19,0.12448544875930105,0.5837,HIGH
CR-2025-005480,2024-08-07 00:34:16,BATTERY,DOMESTIC BATTERY,41.83350040743061,-87.64878454667635,APARTMENT,True,True,D-13,W-38,0.7422992829857298,0.2577,MEDIUM
CR-2024-004108,2023-05-26 00:56:44,BATTERY,DOMESTIC BATTERY,41.90038216053909,-87.66051155778656,PARKING LOT,True,False,D-10,W-50,0.6444016758948238,0.3556,MEDIUM
CR-2025-005795,2023-06-23 12:58:32,THEFT,PETTY THEFT,41.95968996408095,-87.67853502600353,COMMERCIAL BUILDING,False,False,D-02,W-06,0.1344632069597856,0.4039,MEDIUM
CR-2023-004914,2024-09-27 05:46:53,BURGLARY,FORCIBLE ENTRY,41.79196301916106,-87.64532843474825,ALLEY,False,False,D-12,W-42,0.0964073303280789,0.6024,HIGH
CR-2024-004024,2024-07-11 13:28:12,ASSAULT,AGGRAVATED ASSAULT,41.85870316624393,-87.6285419124736,STREET,False,False,D-11,W-41,0.12300955689762566,0.877,CRITICAL
CR-2023-003846,2024-09-30 11:33:34,MOTOR VEHICLE THEFT,TRUCK,41.900495046566654,-87.63220195209398,COMMERCIAL BUILDING,False,False,D-13,W-40,0.16817477162107333,0.5546,HIGH
CR-2023-000741,2024-03-18 18:40:21,BATTERY,AGGRAVATED BATTERY,41.911685349322205,-87.73409345134107,STREET,True,False,D-05,W-23,0.7193940490248931,0.2806,MEDIUM
CR-2025-005372,2025-05-26 04:57:35,ASSAULT,SIMPLE ASSAULT,41.82085449805312,-87.63082423579704,COMMERCIAL BUILDING,False,True,D-15,W-35,0.13653593605349423,0.8635,CRITICAL
CR-2025-002474,2025-10-19 05:56:00,BURGLARY,FORCIBLE ENTRY,41.8736578926424,-87.71907895237035,ALLEY,False,False,D-07,W-44,0.1943332802941147,0.5371,HIGH
CR-2025-000950,2025-09-18 05:33:53,ROBBERY,ARMED ROBBERY,41.88855431606766,-87.63480729234634,STREET,True,False,D-07,W-20,0.17713403612677733,0.8229,CRITICAL
CR-2023-000390,2023-10-15 07:47:32,BATTERY,DOMESTIC BATTERY,41.78334252502333,-87.66238360896776,SIDEWALK,True,True,D-10,W-08,0.808132284941547,0.1919,LOW
CR-2025-002216,2025-05-02 19:11:20,BATTERY,AGGRAVATED BATTERY,41.95293368496989,-87.66653115492662,PARKING LOT,True,False,D-13,W-49,0.7704949420964159,0.2295,LOW
CR-2024-001522,2025-05-17 19:10:36,ROBBERY,ARMED ROBBERY,41.888819146859554,-87.66054911917867,COMMERCIAL BUILDING,True,False,D-14,W-05,0.17631542522492305,0.8237,CRITICAL
CR-2023-001251,2024-09-06 14:26:12,BURGLARY,RESIDENTIAL,41.94177383233633,-87.66754473469015,ALLEY,False,False,D-03,W-16,0.0961985368464893,0.6025,HIGH
CR-2025-001034,2023-03-31 23:52:55,MOTOR VEHICLE THEFT,AUTOMOBILE,41.8144687034025,-87.60584461494396,RESIDENCE,False,True,D-02,W-28,0.20185114708559582,0.5321,HIGH
CR-2024-005197,2024-06-01 08:12:32,THEFT,RETAIL THEFT,41.96274527087567,-87.67248798421635,SIDEWALK,False,False,D-10,W-22,0.143208730406784,0.3998,MEDIUM
CR-2024-004327,2024-07-27 21:21:06,ASSAULT,SIMPLE ASSAULT,41.96400403442372,-87.6787840459144,STREET,False,False,D-14,W-35,0.1845919427643381,0.8154,CRITICAL
CR-2023-004824,2025-11-15 07:21:51,THEFT,RETAIL THEFT,41.78677429678888,-87.62362542956365,ALLEY,False,False,D-10,W-38,0.1678319864072259,0.3883,MEDIUM
CR-2025-004304,2024-09-03 05:02:41,THEFT,PETTY THEFT,41.71617607053762,-87.64821916025097,STREET,True,False,D-07,W-01,0.3548999914646308,0.301,MEDIUM
CR-2024-003412,2023-08-23 19:33:34,CRIMINAL DAMAGE,GRAFFITI,41.8893392383532,-87.63876218287037,STREET,False,False,D-02,W-26,0.15692707237241849,0.3934,MEDIUM
CR-2023-001077,2024-03-30 11:14:27,NARCOTICS,POSSESSION OF HEROIN,41.92319670469655,-87.66762722816078,STREET,True,False,D-01,W-36,0.797380621213792,0.1351,LOW
CR-2024-001306,2024-01-18 12:39:45,NARCOTICS,POSSESSION OF HEROIN,41.87507762699079,-87.62989781972844,PARK,True,False,D-08,W-19,0.7502320289607235,0.1665,LOW
CR-2025-000236,2024-07-29 06:10:23,BATTERY,DOMESTIC BATTERY,41.85537213406703,-87.60929688598833,PARKING LOT,True,False,D-08,W-31,0.7435165753224213,0.2565,MEDIUM
CR-2024-002974,2025-07-13 19:21:55,BURGLARY,RESIDENTIAL,41.85309854889817,-87.65222134219675,RESIDENCE,False,False,D-05,W-50,0.06253890058207544,0.625,HIGH
CR-2024-002995,2025-04-07 02:05:48,THEFT,RETAIL THEFT,41.88616652285553,-87.6252041577689,PARKING LOT,False,False,D-04,W-11,0.16166473883663393,0.3912,MEDIUM
CR-2025-005840,2024-02-02 14:24:04,MOTOR VEHICLE THEFT,TRUCK,41.86324018883752,-87.63410082542231,PARKING LOT,False,False,D-01,W-02,0.19387853591286947,0.5374,HIGH
CR-2025-001088,2025-05-10 11:40:59,CRIMINAL DAMAGE,GRAFFITI,41.738708474322046,-87.6243814855276,SIDEWALK,False,False,D-11,W-50,0.0993121969680594,0.4203,MEDIUM
CR-2024-004105,2024-10-25 14:07:13,THEFT,GRAND THEFT,41.887444160456205,-87.62017687532597,STREET,False,False,D-14,W-16,0.15472595078532442,0.3945,MEDIUM
CR-2023-001899,2025-05-10 01:56:33,ROBBERY,ARMED ROBBERY,41.86271954340753,-87.74518581888582,STREET,False,False,D-09,W-13,0.16964651963246224,0.8304,CRITICAL
CR-2023-005841,2023-10-31 19:51:27,MOTOR VEHICLE THEFT,AUTOMOBILE,41.98743858179035,-87.65374125406883,STREET,False,False,D-02,W-25,0.14645356036159027,0.569,HIGH
CR-2023-003666,2023-06-12 22:32:02,BURGLARY,COMMERCIAL,41.83813218252029,-87.59411414794502,STREET,False,False,D-12,W-20,0.09018222483843023,0.6065,HIGH
CR-2024-001606,2025-06-11 01:17:14,BURGLARY,COMMERCIAL,41.91061003400792,-87.69948170480917,PARK,False,False,D-04,W-06,0.1224866783616953,0.585,HIGH
CR-2024-003649,2024-06-22 21:50:58,THEFT,FROM BUILDING,41.76101217536287,-87.60096251970376,PARK,False,False,D-01,W-08,0.1401576170207834,0.4013,MEDIUM
CR-2023-005001,2025-06-20 15:30:21,CRIMINAL DAMAGE,TO VEHICLE,41.763965473473874,-87.62623954882635,STREET,False,False,D-08,W-35,0.10924513257226039,0.4157,MEDIUM
CR-2024-001432,2023-04-17 14:14:41,ASSAULT,SIMPLE ASSAULT,41.88422910961553,-87.63441712706708,RESIDENCE,False,True,D-11,W-47,0.08142742193483853,0.9186,CRITICAL
CR-2025-005750,2024-08-10 07:30:54,BATTERY,DOMESTIC BATTERY,41.886404411140376,-87.62349535273772,STREET,True,False,D-04,W-20,0.8081191515083277,0.1919,LOW
CR-2024-004228,2025-10-22 01:13:57,ROBBERY,STRONGARM ROBBERY,41.80408260893683,-87.62841536963354,RESIDENCE,False,False,D-07,W-45,0.14883936152240665,0.8512,CRITICAL
CR-2024-005530,2023-06-19 06:33:37,MOTOR VEHICLE THEFT,TRUCK,41.86038198240277,-87.63913920849939,PARK,False,False,D-10,W-17,0.1796672007200033,0.5469,HIGH
CR-2025-004040,2023-08-13 14:51:43,MOTOR VEHICLE THEFT,TRUCK,41.86763953658126,-87.61272774503549,PARKING LOT,False,False,D-02,W-28,0.24439289862480304,0.5037,HIGH
CR-2024-003802,2024-07-16 19:57:37,BURGLARY,COMMERCIAL,41.78654163921607,-87.64728136422033,PARK,False,False,D-14,W-27,0.14815766687145066,0.5679,HIGH
CR-2024-003298,2025-01-17 13:42:46,ROBBERY,ARMED ROBBERY,41.93831403968375,-87.66745647785231,ALLEY,True,False,D-10,W-39,0.13405497025611315,0.8659,CRITICAL
CR-2025-000887,2025-12-18 00:01:20,NARCOTICS,SALE/MANUFACTURE,41.86696294121453,-87.64960033766832,PARK,True,False,D-05,W-47,0.6097173783865636,0.2602,MEDIUM
CR-2024-005452,2025-01-15 08:37:29,ASSAULT,SIMPLE ASSAULT,41.8791147566596,-87.75759373693997,PARK,True,True,D-03,W-33,0.24753216928736155,0.7525,CRITICAL
CR-2024-004741,2024-03-16 07:10:37,MOTOR VEHICLE THEFT,MOTORCYCLE,41.92022078506416,-87.64979995403417,SIDEWALK,False,False,D-08,W-41,0.17665396367691405,0.5489,HIGH
CR-2025-000065,2023-05-31 02:09:04,ASSAULT,AGGRAVATED ASSAULT,41.91738673137868,-87.65392874050387,PARKING LOT,False,False,D-05,W-30,0.12190875247040184,0.8781,CRITICAL
CR-2024-001102,2024-03-01 20:19:14,MOTOR VEHICLE THEFT,MOTORCYCLE,41.92927127246364,-87.64585187444239,COMMERCIAL BUILDING,False,False,D-01,W-03,0.1686280016273527,0.5542,HIGH
CR-2023-005409,2023-08-07 21:16:42,THEFT,FROM BUILDING,41.87803697126914,-87.60421956465231,COMMERCIAL BUILDING,False,False,D-15,W-32,0.13567547101464114,0.4034,MEDIUM
CR-2023-005034,2023-10-13 00:41:43,BATTERY,DOMESTIC BATTERY,41.95271337541868,-87.66235092485474,STREET,True,False,D-07,W-13,0.7783097671456005,0.2217,LOW
CR-2025-000776,2024-07-13 23:49:09,NARCOTICS,SALE/MANUFACTURE,41.756950435331085,-87.649672008851,APARTMENT,True,False,D-04,W-48,0.7972925265740464,0.1351,LOW
CR-2023-005529,2025-03-16 20:07:49,MOTOR VEHICLE THEFT,TRUCK,41.86952107180703,-87.61757013749786,COMMERCIAL BUILDING,False,False,D-02,W-47,0.1146910127651057,0.5902,HIGH
CR-2023-004755,2025-08-15 13:17:38,ROBBERY,STRONGARM ROBBERY,41.83756058582489,-87.7452564240065,COMMERCIAL BUILDING,False,False,D-13,W-09,0.16554224920619767,0.8345,CRITICAL
CR-2023-000261,2025-09-13 17:05:28,BURGLARY,COMMERCIAL,41.93514752482108,-87.64388802662813,RESIDENCE,False,True,D-14,W-49,0.19555701111098708,0.5363,HIGH
CR-2025-001613,2025-02-06 14:41:13,NARCOTICS,POSSESSION OF HEROIN,41.86539723550812,-87.61105571642055,PARK,True,False,D-12,W-49,0.7872968833104159,0.1418,LOW
CR-2025-005129,2025-04-04 02:14:53,THEFT,GRAND THEFT,41.76800722919038,-87.62982186212882,COMMERCIAL BUILDING,False,False,D-02,W-36,0.13093346026758956,0.4056,MEDIUM
CR-2024-001948,2024-01-01 05:37:55,BATTERY,DOMESTIC BATTERY,41.81373636318811,-87.61123627244255,SIDEWALK,True,False,D-10,W-18,0.7797230783392708,0.2203,LOW
CR-2023-001098,2024-04-02 18:01:09,ROBBERY,ARMED ROBBERY,41.8844883080929,-87.62951278333877,ALLEY,False,False,D-06,W-26,0.1683598869343491,0.8316,CRITICAL
CR-2023-000858,2024-04-03 22:25:54,OTHER OFFENSE,DUPLICATE ID TEST RECORD,41.78719950826422,-87.62423750800552,PARK,False,False,D-05,W-42,0.2451931404773503,0.3522,MEDIUM
CR-2023-005241,2024-09-28 14:53:12,THEFT,PETTY THEFT,41.74545814534781,-87.61369570953454,COMMERCIAL BUILDING,False,False,D-11,W-11,0.13173304441982378,0.4052,MEDIUM
CR-2024-001972,2023-11-26 01:30:14,THEFT,FROM BUILDING,41.87191668882463,-87.61609789401975,SIDEWALK,False,False,D-07,W-33,0.19057243981428268,0.3777,MEDIUM
CR-2024-001159,2025-07-14 02:59:21,BURGLARY,COMMERCIAL,41.870550568428975,-87.74670277619349,ALLEY,False,False,D-04,W-28,0.23598737961673816,0.5093,HIGH
CR-2023-003573,2023-07-04 07:02:19,CRIMINAL DAMAGE,TO PROPERTY,41.793640980783934,-87.69529570157613,PARKING LOT,False,False,D-02,W-43,0.18450304909792992,0.3806,MEDIUM
CR-2023-002139,2024-09-06 23:18:10,BURGLARY,RESIDENTIAL,41.777196914370805,-87.6199007342287,PARKING LOT,False,False,D-12,W-38,0.09277642449302716,0.6048,HIGH
CR-2025-004409,2023-06-14 07:35:08,CRIMINAL DAMAGE,TO VEHICLE,41.88932264481911,-87.72208544299984,SIDEWALK,False,True,D-05,W-31,0.13469984357033588,0.4038,MEDIUM
CR-2024-004450,2024-05-11 12:10:31,CRIMINAL DAMAGE,TO PROPERTY,41.94606857307093,-87.65101662117736,RESIDENCE,False,False,D-14,W-10,0.12524936277228596,0.4082,MEDIUM
CR-2025-002555,2023-03-08 00:25:49,MOTOR VEHICLE THEFT,TRUCK,41.87089028087768,-87.59170927565826,PARK,False,False,D-13,W-40,0.16274873955564867,0.5582,HIGH
CR-2025-004613,2024-01-09 19:33:21,THEFT,GRAND THEFT,41.8707268337929,-87.63920572922046,ALLEY,False,False,D-01,W-32,0.20521537868825282,0.3709,MEDIUM
CR-2025-004361,2023-12-28 08:35:13,CRIMINAL DAMAGE,TO PROPERTY,41.95395031717764,-87.64889624290156,RESIDENCE,True,False,D-11,W-05,0.09009884810521114,0.4246,MEDIUM
CR-2024-003709,2025-07-22 10:33:11,NARCOTICS,POSSESSION OF COCAINE,41.77840204009251,-87.63519700297697,APARTMENT,True,False,D-04,W-36,0.7725406545444348,0.1516,LOW
CR-2023-001443,2023-05-17 21:52:17,NARCOTICS,POSSESSION OF COCAINE,41.93787504286965,-87.62753324443582,APARTMENT,True,False,D-04,W-01,0.8069470947651046,0.1287,LOW
CR-2025-005624,2025-10-06 23:57:29,BATTERY,SIMPLE BATTERY,41.896660546903455,-87.63366586842379,PARK,True,True,D-03,W-03,0.7578756044276439,0.2421,LOW
CR-2023-005517,2023-03-10 22:20:07,THEFT,RETAIL THEFT,41.86492817444592,-87.64457419187676,RESIDENCE,False,False,D-11,W-22,0.09924260153711464,0.4204,MEDIUM
CR-2025-003806,2023-07-08 05:43:16,ROBBERY,ARMED ROBBERY,41.932246988845066,-87.66313139954711,PARKING LOT,False,False,D-04,W-34,0.1738645409082034,0.8261,CRITICAL
CR-2025-001952,2023-09-11 10:09:46,BATTERY,DOMESTIC BATTERY,41.81926946976775,-87.6370507038623,ALLEY,True,True,D-06,W-09,0.8002156611462616,0.1998,LOW
CR-2024-002809,2023-07-25 03:16:59,NARCOTICS,SALE/MANUFACTURE,41.88762659149912,-87.72967029408555,PARKING LOT,True,False,D-10,W-06,0.7241891570884206,0.1839,LOW
CR-2024-002221,2024-07-13 15:54:57,BATTERY,AGGRAVATED BATTERY,41.88637828957734,-87.61959654687374,RESIDENCE,True,True,D-07,W-28,0.8088975319569165,0.1911,LOW
CR-2025-005369,2025-08-09 07:46:36,THEFT,FROM BUILDING,41.871913698952255,-87.65162338247934,APARTMENT,False,False,D-05,W-22,0.14994661290396175,0.3967,MEDIUM
CR-2024-004447,2024-10-03 10:35:55,BURGLARY,FORCIBLE ENTRY,41.92593609898249,-87.61438690904646,ALLEY,True,False,D-11,W-40,0.11644857963266482,0.589,HIGH
CR-2025-005522,2025-10-06 23:12:40,MOTOR VEHICLE THEFT,AUTOMOBILE,41.88052326712241,-87.71143054341432,PARKING LOT,False,False,D-11,W-11,0.11920278690038039,0.5872,HIGH
CR-2023-003900,2024-05-14 22:28:28,THEFT,FROM BUILDING,41.86559602575551,-87.63999832809604,SIDEWALK,False,False,D-13,W-05,0.10525382576006924,0.4175,MEDIUM
CR-2025-004403,2023-02-23 07:19:43,ROBBERY,ARMED ROBBERY,41.75722788537792,-87.62974221975715,STREET,False,False,D-06,W-01,0.28406060439439873,0.7159,HIGH
CR-2024-003490,2024-12-24 14:06:27,BURGLARY,COMMERCIAL,41.85836838039425,-87.61015833847897,RESIDENCE,False,False,D-11,W-04,0.05540776260946748,0.6297,HIGH
CR-2024-005371,2025-10-07 13:17:46,THEFT,FROM BUILDING,41.86570452072102,-87.63568344417017,ALLEY,False,True,D-13,W-01,0.1729813559001045,0.3859,MEDIUM
CR-2024-001327,2024-07-09 12:43:20,NARCOTICS,SALE/MANUFACTURE,41.93524330892296,-87.63820949545867,SIDEWALK,True,False,D-04,W-44,0.7961028628289972,0.1359,LOW
CR-2023-000846,2025-06-06 02:22:52,MOTOR VEHICLE THEFT,AUTOMOBILE,41.89628335135424,-87.75112763424444,PARK,True,False,D-05,W-33,0.150352315509196,0.5664,HIGH
CR-2024-005983,2024-07-14 22:36:31,ASSAULT,AGGRAVATED ASSAULT,41.78084714317452,-87.59039768341191,COMMERCIAL BUILDING,False,False,D-08,W-36,0.14074190883481577,0.8593,CRITICAL
CR-2024-003394,2025-05-26 13:49:46,BATTERY,AGGRAVATED BATTERY,41.860819507414895,-87.71452631840772,RESIDENCE,True,False,D-14,W-07,0.8050514118253536,0.1949,LOW
CR-2023-001782,2025-09-08 09:52:55,THEFT,PETTY THEFT,41.892475787297634,-87.62902508534724,APARTMENT,False,True,D-15,W-16,0.10432012728056515,0.418,MEDIUM
CR-2024-001483,2025-06-24 12:37:39,THEFT,RETAIL THEFT,41.955450099367134,-87.66670702732827,ALLEY,False,False,D-01,W-16,0.11340540039789573,0.4137,MEDIUM
CR-2025-005417,2024-04-28 15:51:02,THEFT,PETTY THEFT,41.98130709904542,-87.66000329756501,ALLEY,False,False,D-03,W-01,0.22091094756751553,0.3636,MEDIUM
CR-2024-001036,2023-05-25 01:02:09,ROBBERY,STRONGARM ROBBERY,41.87942986386442,-87.62684026438892,RESIDENCE,True,False,D-04,W-47,0.10855509179579034,0.8914,CRITICAL
CR-2023-002427,2025-02-08 21:43:36,NARCOTICS,POSSESSION OF HEROIN,41.97203135432838,-87.60842691894375,APARTMENT,True,True,D-10,W-46,0.7997832646782002,0.1335,LOW
CR-2025-003008,2025-03-24 16:37:00,BATTERY,AGGRAVATED BATTERY,41.91981411913185,-87.7234019976599,ALLEY,False,False,D-06,W-28,0.8323294492478479,0.1677,LOW
CR-2023-001929,2025-10-02 14:20:38,ROBBERY,STRONGARM ROBBERY,41.760800241706434,-87.63388475877943,ALLEY,False,False,D-03,W-03,0.19090584326678087,0.8091,CRITICAL
CR-2025-000860,2024-11-12 22:15:45,MOTOR VEHICLE THEFT,,41.95866211596352,-87.66049093355167,SIDEWALK,False,False,D-08,W-42,0.1124139000813563,0.5917,HIGH
CR-2023-002406,2025-10-10 02:58:16,THEFT,GRAND THEFT,41.88799176861671,-87.64185922622092,STREET,False,False,D-08,W-27,0.15054259631555214,0.3964,MEDIUM
CR-2023-003453,2025-07-02 04:45:44,MOTOR VEHICLE THEFT,AUTOMOBILE,41.86063924051392,-87.6351698565162,ALLEY,False,False,D-02,W-33,0.1638365674111717,0.5574,HIGH
CR-2025-000149,2024-03-23 13:53:41,CRIMINAL DAMAGE,TO PROPERTY,41.79922155297098,-87.61325927895192,STREET,False,False,D-14,W-06,0.20121419458713496,0.3728,MEDIUM
CR-2023-001578,2025-09-12 00:19:46,BURGLARY,FORCIBLE ENTRY,41.74796433404443,-87.62626478820418,APARTMENT,False,False,D-13,W-28,0.16432560186486134,0.5571,HIGH
CR-2025-002009,2025-12-12 17:27:55,THEFT,FROM BUILDING,41.871281533688354,-87.72848564239253,PARK,False,False,D-13,W-47,0.09169362414915665,0.4239,MEDIUM
CR-2023-005319,2025-10-13 12:22:22,CRIMINAL DAMAGE,TO VEHICLE,41.76739019168358,-87.62969923536218,RESIDENCE,False,False,D-05,W-12,0.09064932378078258,0.4244,MEDIUM
CR-2025-001592,2025-06-29 23:19:49,BATTERY,DOMESTIC BATTERY,41.75939502177207,-87.59573562739902,SIDEWALK,False,False,D-05,W-25,0.6633082838126629,0.3367,MEDIUM
CR-2025-004352,2025-12-02 10:57:38,ASSAULT,AGGRAVATED ASSAULT,41.98328622229487,-87.64202804262878,RESIDENCE,False,False,D-08,W-11,0.14316914248294618,0.8568,CRITICAL
CR-2025-005747,2025-03-15 04:43:41,ASSAULT,AGGRAVATED ASSAULT,41.97365154813928,-87.6564500593759,PARKING LOT,False,True,D-02,W-39,0.15604943062263835,0.844,CRITICAL
CR-2024-001291,2025-04-26 10:48:38,BATTERY,AGGRAVATED BATTERY,41.947337586939646,-87.63082862235163,PARKING LOT,True,False,D-11,W-11,0.7168276365669104,0.2832,MEDIUM
CR-2023-000339,2025-04-03 10:43:36,ASSAULT,AGGRAVATED ASSAULT,41.802291959828686,-87.59721112262515,APARTMENT,False,False,D-06,W-05,0.15428650239589237,0.8457,CRITICAL
CR-2025-004763,2025-06-11 12:47:27,MOTOR VEHICLE THEFT,AUTOMOBILE,41.92462117763893,-87.646464787007,SIDEWALK,False,False,D-09,W-45,0.1330368888094899,0.578,HIGH
CR-2024-005731,2025-09-09 01:55:04,THEFT,FROM BUILDING,41.86943986976438,-87.6524498975587,APARTMENT,False,False,D-04,W-13,0.15364852270767781,0.395,MEDIUM
CR-2023-003642,2023-12-01 21:23:45,MOTOR VEHICLE THEFT,TRUCK,41.896845656302766,-87.64564745605938,SIDEWALK,False,False,D-06,W-45,0.14310984760271622,0.5713,HIGH
CR-2025-003620,2023-07-18 07:36:28,ASSAULT,AGGRAVATED ASSAULT,41.79610513266133,-87.64009017075519,APARTMENT,False,True,D-13,W-41,0.16054583706971542,0.8395,CRITICAL
CR-2024-004558,2025-10-28 05:54:42,ROBBERY,ARMED ROBBERY,41.909633607070674,-87.71377373491241,PARK,False,True,D-13,W-41,0.15406934557281604,0.8459,CRITICAL
CR-2024-005362,2023-11-15 21:33:47,ASSAULT,AGGRAVATED ASSAULT,41.79487392035532,-87.64671220253823,COMMERCIAL BUILDING,False,False,D-06,W-03,0.167587918055457,0.8324,CRITICAL
CR-2023-000822,2023-12-28 12:11:14,ROBBERY,STRONGARM ROBBERY,41.8621640970778,-87.62337539354189,PARK,False,False,D-02,W-07,0.17402508568049924,0.826,CRITICAL
CR-2023-001641,2025-07-28 05:14:22,THEFT,FROM BUILDING,41.84185709619704,-87.71112379838095,COMMERCIAL BUILDING,True,False,D-03,W-21,0.16113561840678206,0.3915,MEDIUM
CR-2023-001698,2023-12-07 20:40:35,ASSAULT,AGGRAVATED ASSAULT,41.88568383862754,-87.60746330337508,RESIDENCE,False,True,D-08,W-44,0.1259484339259571,0.8741,CRITICAL
CR-2023-000414,2024-01-26 02:29:09,MOTOR VEHICLE THEFT,TRUCK,41.87179719774357,-87.63402676913292,RESIDENCE,False,False,D-08,W-32,0.17431765592158374,0.5505,HIGH
CR-2023-004329,2023-11-16 23:15:05,ASSAULT,AGGRAVATED ASSAULT,41.8791248319491,-87.6279053122812,COMMERCIAL BUILDING,False,False,D-01,W-23,0.1196683733989309,0.8803,CRITICAL
CR-2024-005422,2024-07-11 02:47:54,ASSAULT,SIMPLE ASSAULT,41.87238144069091,-87.63290742533641,SIDEWALK,False,False,D-14,W-13,0.16513784859619896,0.8349,CRITICAL
CR-2023-002460,2024-02-23 22:15:49,NARCOTICS,SALE/MANUFACTURE,41.90305599248216,-87.62522135310203,PARKING LOT,False,False,D-05,W-17,0.7565028702578194,0.1623,LOW
CR-2023-004341,2024-06-25 13:21:39,BATTERY,SIMPLE BATTERY,41.852790813805385,-87.61733183345201,PARKING LOT,True,False,D-08,W-42,0.6737613378761022,0.3262,MEDIUM
CR-2024-000619,2023-09-08 21:16:34,CRIMINAL DAMAGE,TO PROPERTY,41.79312457697963,-87.58829008442179,PARKING LOT,False,False,D-08,W-46,0.14523016662873162,0.3989,MEDIUM
CR-2024-005848,2024-08-03 23:27:13,THEFT,GRAND THEFT,41.935808115362725,-87.67995178128338,SIDEWALK,False,False,D-13,W-36,0.10722615771516471,0.4166,MEDIUM
CR-2024-004375,2024-09-13 23:02:01,NARCOTICS,POSSESSION OF COCAINE,41.80092655468452,-87.6154852614547,RESIDENCE,True,False,D-10,W-02,0.6625400042672621,0.225,LOW
CR-2025-002297,2025-03-21 13:58:48,ASSAULT,SIMPLE ASSAULT,41.87797830197583,-87.62742866162016,STREET,False,False,D-15,W-19,0.1627311077104175,0.8373,CRITICAL
CR-2024-004972,2025-04-18 22:20:22,ROBBERY,STRONGARM ROBBERY,41.77407546580599,-87.67355287704963,STREET,False,False,D-15,W-40,0.19286075859354235,0.8071,CRITICAL
CR-2025-003698,2025-02-27 02:23:02,THEFT,PETTY THEFT,41.97617329040205,-87.65245244174979,ALLEY,False,False,D-06,W-16,0.1254510663881946,0.4081,MEDIUM
CR-2025-001967,2024-06-01 00:28:02,ASSAULT,AGGRAVATED ASSAULT,41.88168154790307,-87.71991038390237,ALLEY,False,False,D-09,W-29,0.12471945627205905,0.8753,CRITICAL
CR-2025-002492,2024-04-13 23:07:17,ROBBERY,STRONGARM ROBBERY,41.793021058965,-87.58810505484661,COMMERCIAL BUILDING,False,False,D-15,W-13,0.1250076058316576,0.875,CRITICAL
CR-2023-005568,2025-01-11 16:12:46,MOTOR VEHICLE THEFT,AUTOMOBILE,41.92921290078704,-87.67893991043795,ALLEY,False,False,D-03,W-14,0.2443484088366577,0.5038,HIGH
CR-2025-001748,2023-07-28 22:04:54,BURGLARY,COMMERCIAL,41.895279018404,-87.72776559313195,SIDEWALK,False,False,D-08,W-20,0.09793130240069667,0.6014,HIGH
CR-2024-000058,2025-03-19 00:07:29,ROBBERY,STRONGARM ROBBERY,41.94770576460589,-87.67867356075239,PARKING LOT,True,False,D-01,W-40,0.17624348795374625,0.8238,CRITICAL
CR-2023-004896,2024-07-06 20:45:03,MOTOR VEHICLE THEFT,TRUCK,41.880804575770064,-87.64414203554438,STREET,False,False,D-01,W-49,0.2626422375147354,0.4916,MEDIUM
CR-2024-002080,2024-09-06 12:07:57,ROBBERY,ARMED ROBBERY,41.87829242965316,-87.6226025944695,ALLEY,True,False,D-05,W-49,0.22736429291565602,0.7726,CRITICAL
CR-2023-001965,2023-11-28 07:27:46,ROBBERY,STRONGARM ROBBERY,41.79568827929322,-87.59079921601531,STREET,True,False,D-09,W-07,0.20926117279438336,0.7907,CRITICAL
CR-2025-005315,2024-03-06 00:19:56,THEFT,PETTY THEFT,41.9726988821371,-87.65318459232951,COMMERCIAL BUILDING,False,False,D-03,W-18,0.1397419810939187,0.4015,MEDIUM
CR-2025-000428,2025-05-21 13:03:27,ASSAULT,AGGRAVATED ASSAULT,41.86561466640344,-87.6227287666542,ALLEY,False,False,D-10,W-36,0.12411967911399527,0.8759,CRITICAL
CR-2024-003049,2023-06-13 04:11:48,BATTERY,AGGRAVATED BATTERY,41.78472607378824,-87.64695161959047,RESIDENCE,True,False,D-02,W-14,0.7995118257014288,0.2005,LOW
CR-2025-005225,2023-05-19 07:28:05,ROBBERY,ARMED ROBBERY,41.88493470365133,-87.6416983179581,PARK,False,False,D-12,W-20,0.12441142350861119,0.8756,CRITICAL
CR-2025-004895,2025-12-07 00:39:13,BATTERY,DOMESTIC BATTERY,41.895408283678336,-87.72086428938485,COMMERCIAL BUILDING,False,False,D-06,W-01,0.8210430015857674,0.179,LOW
CR-2025-001853,2025-10-22 14:42:08,THEFT,RETAIL THEFT,41.8702314947935,-87.609516959817,ALLEY,False,False,D-12,W-25,0.08368262155053022,0.4276,MEDIUM
CR-2024-005710,2024-08-16 22:44:50,ASSAULT,AGGRAVATED ASSAULT,41.9520843445906,-87.64310097225335,APARTMENT,False,True,D-15,W-38,0.15930720105619545,0.8407,CRITICAL
CR-2024-004948,2023-02-17 16:31:54,THEFT,,41.87144855872648,-87.63385405551512,APARTMENT,False,False,D-10,W-46,0.16223356368575034,0.391,MEDIUM
CR-2024-003028,2025-01-23 00:56:36,BATTERY,DOMESTIC BATTERY,41.8792176439074,-87.61441551829192,PARK,True,False,D-14,W-46,0.8427338637932706,0.1573,LOW
CR-2024-001741,2023-07-10 06:59:49,CRIMINAL DAMAGE,TO PROPERTY,41.76986723595082,-87.63060460403223,COMMERCIAL BUILDING,False,False,D-11,W-39,0.0799762510350874,0.4293,MEDIUM
CR-2025-004382,2023-11-24 15:01:49,CRIMINAL DAMAGE,GRAFFITI,41.77729155881552,-87.64037929459884,STREET,True,False,D-04,W-38,0.2297196854601189,0.3595,MEDIUM
CR-2023-002886,2024-10-23 22:36:58,NARCOTICS,SALE/MANUFACTURE,41.79633967425848,-87.6499022917555,PARK,False,False,D-15,W-32,0.7377429681927051,0.1748,LOW
CR-2025-002540,2024-08-15 06:37:43,ROBBERY,ARMED ROBBERY,41.86271538871931,-87.72445335779007,PARKING LOT,False,False,D-09,W-12,0.14576029492571446,0.8542,CRITICAL
CR-2023-002769,2023-09-01 08:04:22,BURGLARY,COMMERCIAL,41.7480892190209,-87.6051884507366,STREET,False,False,D-07,W-10,0.16650997537182124,0.5557,HIGH
CR-2023-003519,2025-08-02 07:42:06,ASSAULT,SIMPLE ASSAULT,41.84381334133258,-87.64153887043823,ALLEY,False,False,D-03,W-20,0.17866422845021365,0.8213,CRITICAL
CR-2023-003966,2025-08-08 13:21:21,BURGLARY,FORCIBLE ENTRY,41.87745633697773,-87.7024169736451,PARK,False,False,D-05,W-01,0.14674911702386828,0.5688,HIGH
CR-2025-003632,2025-05-22 07:59:43,BURGLARY,FORCIBLE ENTRY,41.775221512379645,-87.64541560177,APARTMENT,False,False,D-01,W-06,0.1327669952552465,0.5782,HIGH
CR-2023-000249,2025-07-28 21:37:55,THEFT,RETAIL THEFT,41.86496572619923,-87.65054199596447,ALLEY,False,False,D-04,W-44,0.17339715847932552,0.3857,MEDIUM
CR-2023-000255,2023-04-08 12:10:03,CRIMINAL DAMAGE,TO PROPERTY,41.9538091365156,-87.65630476218898,ALLEY,False,False,D-06,W-24,0.17372335350584864,0.3856,MEDIUM
CR-2024-001210,2023-04-15 23:06:37,BURGLARY,FORCIBLE ENTRY,41.969346354132426,-87.63190820015144,PARKING LOT,False,False,D-11,W-08,0.09443187456812581,0.6037,HIGH
CR-2025-000839,2025-07-01 13:16:22,CRIMINAL DAMAGE,TO PROPERTY,41.89307466347222,-87.63627430469077,SIDEWALK,False,False,D-14,W-38,0.17782148428918115,0.3837,MEDIUM
CR-2024-000973,2024-04-13 14:17:12,NARCOTICS,POSSESSION OF COCAINE,41.95594200787804,-87.65588525627369,PARKING LOT,True,False,D-03,W-14,0.8040802366987652,0.1306,LOW
CR-2025-003653,2024-02-16 23:11:07,CRIMINAL DAMAGE,TO PROPERTY,41.80444088034569,-87.59309079914391,APARTMENT,False,False,D-13,W-12,0.10247930881005694,0.4188,MEDIUM
CR-2024-004684,2024-07-12 01:43:00,NARCOTICS,POSSESSION OF COCAINE,41.96790401083369,-87.647914724447,PARK,True,False,D-10,W-40,0.7364016590209272,0.1757,LOW
CR-2025-004715,2025-07-25 20:51:03,BURGLARY,COMMERCIAL,41.965655091839054,-87.67190140990259,SIDEWALK,False,False,D-15,W-16,0.06549704069273041,0.623,HIGH
CR-2024-001549,2023-12-10 22:35:38,ROBBERY,STRONGARM ROBBERY,41.77566206882842,-87.61450356786763,STREET,False,False,D-12,W-44,0.14927911161708884,0.8507,CRITICAL
CR-2024-001471,2024-07-02 16:18:35,CRIMINAL DAMAGE,GRAFFITI,41.892128636313615,-87.73032905590796,PARKING LOT,False,False,D-11,W-11,0.09568754561108993,0.422,MEDIUM
CR-2023-001278,2025-04-15 19:05:59,ASSAULT,SIMPLE ASSAULT,41.89568504521967,-87.65523248986806,APARTMENT,True,False,D-05,W-37,0.1322453313316829,0.8678,CRITICAL
CR-2024-002578,2023-05-06 17:48:27,ASSAULT,SIMPLE ASSAULT,41.88016028719111,-87.5860273966741,PARK,False,False,D-03,W-08,0.16957696784840912,0.8304,CRITICAL
CR-2025-002354,2024-10-12 00:13:23,CRIMINAL DAMAGE,TO VEHICLE,41.80278173093018,-87.62996857237475,STREET,False,False,D-09,W-20,0.13814524314100152,0.4022,MEDIUM
CR-2023-000933,2023-04-09 02:03:39,BURGLARY,RESIDENTIAL,41.89358819306513,-87.61289942294759,ALLEY,False,False,D-08,W-27,0.1340818904358671,0.5773,HIGH
CR-2023-000612,2023-08-30 15:38:34,ROBBERY,ARMED ROBBERY,41.87532068511684,-87.63174731049601,SIDEWALK,False,False,D-12,W-23,0.09479336776974882,0.9052,CRITICAL
CR-2024-000280,2023-06-08 23:30:11,MOTOR VEHICLE THEFT,MOTORCYCLE,41.78614437142241,-87.57711498003387,ALLEY,False,False,D-12,W-37,0.1285934566362164,0.5809,HIGH
CR-2023-005718,2024-04-03 21:24:36,ROBBERY,ARMED ROBBERY,41.87529251678205,-87.6106560401819,PARKING LOT,False,False,D-12,W-13,0.09474917954977344,0.9053,CRITICAL
CR-2025-005714,2024-06-02 22:02:25,ROBBERY,STRONGARM ROBBERY,41.87687188734214,-87.62134489518596,SIDEWALK,False,False,D-14,W-42,0.1538597728147073,0.8461,CRITICAL
CR-2023-005178,2025-07-25 15:18:03,ASSAULT,SIMPLE ASSAULT,41.95839643271948,-87.69512280297909,STREET,False,True,D-15,W-15,0.15762467795120513,0.8424,CRITICAL
CR-2025-002183,2023-04-15 23:49:02,MOTOR VEHICLE THEFT,MOTORCYCLE,41.93788738132029,-87.65465185973319,COMMERCIAL BUILDING,False,False,D-12,W-36,0.1112932876766193,0.5925,HIGH
CR-2024-004759,2023-09-18 09:15:34,BURGLARY,RESIDENTIAL,41.77388286954061,-87.63911739642158,APARTMENT,False,False,D-12,W-43,0.12555098846450208,0.583,HIGH
CR-2025-001163,2024-10-14 06:25:01,BATTERY,SIMPLE BATTERY,41.926565982477214,-87.66304199404948,ALLEY,True,False,D-09,W-09,0.7722318867786554,0.2278,LOW
CR-2025-005663,2025-05-11 03:00:06,BURGLARY,COMMERCIAL,41.88010348123304,-87.61966503320114,ALLEY,False,False,D-09,W-48,0.11577801220498349,0.5895,HIGH
CR-2025-001919,2024-10-09 03:14:12,BURGLARY,COMMERCIAL,41.75469885603725,-87.63675769263463,APARTMENT,False,False,D-13,W-16,0.0914497188716481,0.6057,HIGH
CR-2025-003602,2025-10-23 09:00:18,ASSAULT,SIMPLE ASSAULT,41.73530818494009,-87.62507942459754,PARK,False,False,D-06,W-30,0.19030167141519086,0.8097,CRITICAL
CR-2024-003259,2025-02-26 22:37:17,CRIMINAL DAMAGE,TO PROPERTY,41.894333039057855,-87.64851288374487,ALLEY,False,False,D-06,W-15,0.1385188118083072,0.402,MEDIUM
CR-2023-004662,2025-04-05 14:00:32,ROBBERY,STRONGARM ROBBERY,41.85641722778382,-87.62437128593905,SIDEWALK,False,False,D-13,W-20,0.1301247396989804,0.8699,CRITICAL
CR-2024-002485,2023-09-09 23:00:54,MOTOR VEHICLE THEFT,AUTOMOBILE,41.97897495701082,-87.65692091929444,STREET,False,False,D-05,W-49,0.24160710715272768,0.5056,HIGH
CR-2025-000350,2023-10-11 22:50:55,ROBBERY,STRONGARM ROBBERY,41.765831924487024,-87.60277476935408,STREET,False,False,D-15,W-45,0.14725668008053927,0.8527,CRITICAL
CR-2024-003637,2024-08-16 02:13:14,CRIMINAL DAMAGE,TO PROPERTY,41.81481073798897,-87.64659790813539,STREET,True,False,D-09,W-28,0.19721293853119903,0.3746,MEDIUM
CR-2025-003809,2024-03-30 02:02:59,ASSAULT,AGGRAVATED ASSAULT,41.74607578675132,-87.61915061935339,PARK,False,False,D-08,W-21,0.1949096970696213,0.8051,CRITICAL
CR-2023-005970,2024-07-20 02:09:15,NARCOTICS,POSSESSION OF HEROIN,41.89286889342344,-87.61793991521964,APARTMENT,False,False,D-03,W-31,0.7472054010523203,0.1685,LOW
CR-2023-000870,2023-06-26 02:21:10,CRIMINAL DAMAGE,TO PROPERTY,41.87871991406632,-87.72993879101742,PARKING LOT,True,False,D-13,W-49,0.204441693700695,0.3713,MEDIUM
CR-2023-004422,2025-09-29 22:57:53,PETTY THEFT,POSSESSION OF HEROIN,41.95710423056579,-87.67012996499825,ALLEY,True,False,D-06,W-19,0.27478616672899897,0.3384,MEDIUM
CR-2023-000015,2023-07-24 02:32:16,ASSAULT,AGGRAVATED ASSAULT,41.763857334694265,-87.58269304538729,APARTMENT,False,True,D-14,W-35,0.22386007360518836,0.7761,CRITICAL
CR-2024-001195,2025-04-22 09:59:14,ROBBERY,STRONGARM ROBBERY,41.850407182066434,-87.6437426629029,SIDEWALK,True,False,D-13,W-36,0.14212726254549868,0.8579,CRITICAL
CR-2023-003435,2023-11-27 16:37:14,THEFT,PETTY THEFT,41.88423597407501,-87.61980058174815,PARK,False,False,D-10,W-35,0.11558997880422668,0.4127,MEDIUM
CR-2025-003398,2025-08-18 20:05:22,NARCOTICS,POSSESSION OF HEROIN,41.901187135187165,-87.60621402684595,STREET,True,False,D-04,W-11,0.7790428306969983,0.1473,LOW
CR-2024-000694,2025-05-06 13:01:39,CRIMINAL DAMAGE,TO VEHICLE,41.94904008298131,-87.67036835740691,ALLEY,False,False,D-01,W-21,0.12762455453767224,0.4071,MEDIUM
CR-2023-005961,2024-10-07 19:46:30,BATTERY,SIMPLE BATTERY,41.95107883765904,-87.66753386243403,PARK,True,False,D-02,W-32,0.7764859508412885,0.2235,LOW
CR-2025-001922,2025-08-21 02:53:54,ROBBERY,STRONGARM ROBBERY,41.98057561711469,-87.6387354061963,PARK,False,False,D-01,W-23,0.14115324195398227,0.8588,CRITICAL
CR-2024-005947,2025-01-31 20:33:09,ASSAULT,SIMPLE ASSAULT,41.87362520406115,-87.7313490890204,ALLEY,True,True,D-07,W-32,0.26896654052719826,0.731,HIGH
CR-2024-002161,2025-04-29 23:42:50,THEFT,GRAND THEFT,41.80940707241045,-87.65591697818678,STREET,False,False,D-11,W-07,0.1200364097365053,0.4106,MEDIUM
CR-2024-004039,2023-05-27 19:07:55,MOTOR VEHICLE THEFT,AUTOMOBILE,41.88706299168265,-87.70288387450489,PARK,False,False,D-01,W-34,0.1453676225503973,0.5698,HIGH
CR-2023-005118,2024-04-29 16:43:14,BURGLARY,COMMERCIAL,41.89552254572723,-87.63257315134368,APARTMENT,False,False,D-14,W-14,0.17890488245228184,0.5474,HIGH
CR-2023-001308,2025-01-29 04:39:31,THEFT,FROM BUILDING,41.76054565503054,-87.62695011108967,COMMERCIAL BUILDING,True,False,D-07,W-07,0.20139650657071437,0.3727,MEDIUM
CR-2023-004710,2025-07-10 01:26:49,ASSAULT,AGGRAVATED ASSAULT,41.78620372105297,-87.62199410134994,SIDEWALK,False,False,D-07,W-23,0.1334931188682652,0.8665,CRITICAL
CR-2023-004533,2024-01-21 08:01:29,MOTOR VEHICLE THEFT,MOTORCYCLE,41.86465121689029,-87.62119828759967,STREET,True,False,D-10,W-35,0.19423671584010851,0.5372,HIGH
CR-2023-000900,2023-07-03 16:28:04,NARCOTICS,SALE/MANUFACTURE,41.98642381371506,-87.6565132162763,ALLEY,True,False,D-03,W-44,0.7811379659985149,0.1459,LOW
CR-2025-000527,2024-07-27 19:11:16,MOTOR VEHICLE THEFT,TRUCK,41.86984542269232,-87.63987435051908,ALLEY,True,True,D-09,W-50,0.108658966147856,0.5942,HIGH
CR-2024-002935,2025-12-29 00:24:13,CRIMINAL DAMAGE,GRAFFITI,41.76301147252961,-87.62379193728437,PARK,False,False,D-06,W-27,0.12751160591546917,0.4072,MEDIUM
CR-2023-003804,2023-05-22 20:26:51,ROBBERY,ARMED ROBBERY,41.94089185107032,-87.65627659671867,PARK,False,False,D-11,W-42,0.08757149798312996,0.9124,CRITICAL
CR-2023-002541,2024-11-27 15:55:53,CRIMINAL DAMAGE,GRAFFITI,41.9500893357278,-87.6766850898751,APARTMENT,True,False,D-09,W-39,0.08420010339225906,0.4274,MEDIUM
CR-2023-000969,2023-07-02 03:25:06,ASSAULT,SIMPLE ASSAULT,41.894386794874094,-87.62833025269794,STREET,False,False,D-11,W-48,0.15163388286169216,0.8484,CRITICAL
CR-2024-000853,2023-07-21 22:23:26,NARCOTICS,POSSESSION OF COCAINE,41.96185147402405,-87.6173023613021,SIDEWALK,True,False,D-08,W-43,0.7395608230498165,0.1736,LOW
CR-2024-003019,2024-09-16 15:55:59,ROBBERY,STRONGARM ROBBERY,41.8904034859746,-87.61754040694393,RESIDENCE,False,False,D-06,W-25,0.10491743428977576,0.8951,CRITICAL
CR-2024-001111,2023-05-12 05:38:02,ROBBERY,STRONGARM ROBBERY,41.889262879572506,-87.63251836259828,SIDEWALK,False,False,D-12,W-48,0.13282950033986451,0.8672,CRITICAL
CR-2024-005698,2025-11-09 21:59:42,BATTERY,AGGRAVATED BATTERY,41.879875253016856,-87.64185040649149,RESIDENCE,False,False,D-09,W-14,0.7476101565943801,0.2524,MEDIUM
CR-2023-004971,2023-06-14 09:58:09,CRIMINAL DAMAGE,GRAFFITI,41.82945435250218,-87.58322057161085,PARKING LOT,False,False,D-15,W-10,0.10273313529819585,0.4187,MEDIUM
CR-2023-000714,2025-02-07 01:40:21,BURGLARY,FORCIBLE ENTRY,41.87478119564621,-87.63395219949834,SIDEWALK,True,False,D-12,W-05,0.09835945584094004,0.6011,HIGH
CR-2023-002571,2024-06-20 03:49:37,BATTERY,,41.80474702637311,-87.63918650268229,SIDEWALK,True,False,D-04,W-37,0.7958176880749328,0.2042,LOW
CR-2024-004834,2025-06-30 05:18:54,BURGLARY,COMMERCIAL,41.86422611276421,-87.62576836316278,RESIDENCE,False,False,D-04,W-37,0.121919654977137,0.5854,HIGH
CR-2023-000042,2023-05-27 01:19:38,BURGLARY,COMMERCIAL,41.865972595956606,-87.63732635565377,SIDEWALK,False,False,D-09,W-35,0.10625319759006897,0.5958,HIGH
CR-2023-005760,2025-11-26 08:48:53,ROBBERY,STRONGARM ROBBERY,41.90429420707535,-87.77925589340065,APARTMENT,False,False,D-13,W-42,0.13297519051513224,0.867,CRITICAL
CR-2025-004973,2023-03-18 12:49:51,PETTY THEFT,STRONGARM ROBBERY,41.842954413475226,-87.63901057242325,PARK,False,False,D-15,W-31,0.315356683594316,0.3195,MEDIUM
CR-2023-002106,2025-09-04 13:59:59,NARCOTICS,POSSESSION OF COCAINE,41.96435687559792,-87.69248673543319,APARTMENT,True,False,D-03,W-30,0.6959533956423047,0.2027,LOW
CR-2024-001150,2025-08-02 03:19:44,MOTOR VEHICLE THEFT,AUTOMOBILE,41.89387921426584,-87.64477090940971,APARTMENT,True,False,D-09,W-35,0.1362478204228198,0.5758,HIGH
CR-2023-001305,2023-08-31 05:47:15,THEFT,GRAND THEFT,41.8878728298701,-87.64686528505638,STREET,False,False,D-12,W-13,0.11659834825410148,0.4123,MEDIUM
CR-2025-001511,2023-12-08 22:48:13,THEFT,RETAIL THEFT,41.87192860089326,-87.61249148898617,PARK,False,False,D-12,W-11,0.09630454134705822,0.4217,MEDIUM
CR-2024-003445,2025-05-05 20:02:31,THEFT,FROM BUILDING,41.80417099337551,-87.54077362031074,APARTMENT,False,False,D-13,W-30,0.12082775381213225,0.4103,MEDIUM
CR-2025-001001,2024-06-20 05:50:59,BURGLARY,COMMERCIAL,41.93255160158,-87.66145923059278,PARKING LOT,False,False,D-09,W-02,0.10578745270444538,0.5961,HIGH
CR-2024-005671,2023-03-31 15:53:45,ROBBERY,STRONGARM ROBBERY,41.87089756575211,-87.62934789008028,SIDEWALK,False,False,D-09,W-15,0.16426796149615244,0.8357,CRITICAL
CR-2024-005980,2024-07-10 20:58:51,BATTERY,DOMESTIC BATTERY,41.779345806363246,-87.62806082853233,PARKING LOT,True,False,D-14,W-36,0.745107302896337,0.2549,MEDIUM
CR-2025-004049,2025-09-17 20:31:57,CRIMINAL DAMAGE,TO VEHICLE,41.95711092637985,-87.65197029454845,ALLEY,True,True,D-12,W-29,0.06736146946691328,0.4352,MEDIUM
CR-2024-002683,2024-11-29 08:18:30,BATTERY,SIMPLE BATTERY,41.89854843462699,-87.63435439109347,PARKING LOT,True,True,D-03,W-05,0.7733938084363264,0.2266,LOW
CR-2025-004889,2024-07-29 01:13:07,BURGLARY,COMMERCIAL,41.79982477886584,-87.61978756032903,PARK,False,True,D-10,W-07,0.11532842527784594,0.5898,HIGH
CR-2023-003771,2023-10-18 21:52:18,ASSAULT,SIMPLE ASSAULT,41.96429846227751,-87.62831729789772,ALLEY,True,True,D-05,W-10,0.1362214020569821,0.8638,CRITICAL
CR-2024-005326,2025-12-16 22:37:45,MOTOR VEHICLE THEFT,MOTORCYCLE,41.940648382174885,-87.68860769276482,ALLEY,False,False,D-04,W-07,0.1804519487424933,0.5464,HIGH
CR-2024-001015,2025-02-19 22:17:08,CRIMINAL DAMAGE,GRAFFITI,41.96454245193274,-87.67477092399409,PARK,False,False,D-10,W-07,0.11298210757373796,0.4139,MEDIUM
CR-2025-001904,2024-11-01 16:44:35,MOTOR VEHICLE THEFT,TRUCK,41.795274389605545,-87.60873003386021,SIDEWALK,False,False,D-05,W-25,0.1077607864966297,0.5948,HIGH
CR-2023-005217,2024-04-13 00:30:51,ASSAULT,SIMPLE ASSAULT,41.95342007086301,-87.65171171657902,RESIDENCE,False,False,D-04,W-47,0.13549585518582477,0.8645,CRITICAL
CR-2025-003548,2025-06-07 20:40:43,BATTERY,AGGRAVATED BATTERY,41.846669857476016,-87.6305936321376,RESIDENCE,False,False,D-04,W-17,0.771894084482652,0.2281,LOW
CR-2025-002360,2025-06-14 13:20:16,ROBBERY,STRONGARM ROBBERY,41.89320735800895,-87.62203007835413,PARK,False,False,D-03,W-12,0.1388119503197906,0.8612,CRITICAL
CR-2023-001431,2025-01-30 00:50:12,BURGLARY,COMMERCIAL,41.92635415700328,-87.64167280979113,STREET,False,False,D-08,W-47,0.09925303035361484,0.6005,HIGH
CR-2023-001749,2025-03-02 00:37:15,MOTOR VEHICLE THEFT,AUTOMOBILE,41.94473699057893,-87.6624334626836,SIDEWALK,False,False,D-15,W-12,0.12925351953623357,0.5805,HIGH
CR-2024-000916,2024-11-01 12:32:54,NARCOTICS,SALE/MANUFACTURE,41.80272841584783,-87.62182189586996,STREET,True,False,D-14,W-02,0.8299540804221037,0.1134,LOW
CR-2025-002087,2025-04-30 01:16:48,THEFT,GRAND THEFT,41.87744318779382,-87.71805289834955,PARK,False,False,D-10,W-35,0.11721407919086418,0.412,MEDIUM
CR-2025-000362,2025-06-25 09:46:57,NARCOTICS,SALE/MANUFACTURE,41.7831716359532,-87.63359958340882,RESIDENCE,False,False,D-03,W-14,0.7556649952123361,0.1629,LOW
CR-2025-003479,2023-05-28 05:51:46,NARCOTICS,POSSESSION OF COCAINE,41.9181035783348,-87.6283426631937,RESIDENCE,True,False,D-06,W-07,0.7516173306569507,0.1656,LOW
CR-2024-001768,2023-06-05 01:01:07,ROBBERY,ARMED ROBBERY,41.88828420481644,-87.64198603523407,SIDEWALK,False,False,D-07,W-30,0.16456195474129154,0.8354,CRITICAL
CR-2024-003751,2023-10-19 08:54:10,NARCOTICS,POSSESSION OF HEROIN,41.88940126210132,-87.6283026052735,PARK,True,False,D-12,W-33,0.710524077054941,0.193,LOW
CR-2024-000808,2025-01-09 14:40:14,BURGLARY,RESIDENTIAL,41.95437505816732,-87.6703358210019,SIDEWALK,True,False,D-14,W-22,0.1789049719204314,0.5474,HIGH
CR-2023-002976,2023-08-25 10:19:47,BATTERY,AGGRAVATED BATTERY,41.86735139767365,-87.61765608346043,STREET,True,True,D-02,W-46,0.8278013830415857,0.1722,LOW
CR-2023-002961,2024-06-20 05:18:47,CRIMINAL DAMAGE,,41.88776185651776,-87.62857016779263,PARKING LOT,False,False,D-10,W-33,0.1109327429588325,0.4149,MEDIUM
CR-2025-004688,2023-09-05 04:26:40,ROBBERY,STRONGARM ROBBERY,41.84712702083475,-87.61147292972535,STREET,False,False,D-05,W-14,0.20849431361008383,0.7915,CRITICAL
CR-2025-003560,2024-12-11 21:18:36,BURGLARY,RESIDENTIAL,41.76800525675941,-87.65003623785323,PARK,False,False,D-14,W-31,0.15456315770860282,0.5636,HIGH
CR-2025-001775,2023-12-27 22:35:57,THEFT,FROM BUILDING,41.76561363621602,-87.66819648563414,RESIDENCE,False,False,D-10,W-37,0.1260813206665281,0.4078,MEDIUM
CR-2023-004989,2023-06-16 21:21:46,MOTOR VEHICLE THEFT,MOTORCYCLE,41.92814628873263,-87.69049917764298,APARTMENT,False,False,D-10,W-50,0.0861212907211676,0.6093,HIGH
CR-2023-005166,2025-12-04 20:24:21,ROBBERY,ARMED ROBBERY,41.90653261018987,-87.63205492560645,ALLEY,False,False,D-10,W-16,0.09576805759138451,0.9042,CRITICAL
CR-2024-001642,2023-07-16 00:05:23,ROBBERY,STRONGARM ROBBERY,41.91717013555116,-87.62523160343142,PARK,True,False,D-05,W-41,0.15375085445211442,0.8462,CRITICAL
CR-2023-002226,2025-10-23 03:47:41,ROBBERY,ARMED ROBBERY,41.80764180047197,-87.62158557653675,PARK,False,False,D-11,W-16,0.09165121368593078,0.9083,CRITICAL
CR-2024-003325,2023-10-21 15:24:14,ROBBERY,,41.88195880131668,-87.63496715813129,SIDEWALK,False,False,D-07,W-14,0.24003884841104273,0.76,CRITICAL
CR-2024-000508,2025-07-04 10:08:36,CRIMINAL DAMAGE,GRAFFITI,41.86832872994579,-87.63705828751081,SIDEWALK,False,True,D-02,W-33,0.14640572643022215,0.3983,MEDIUM
CR-2024-002650,2025-10-31 01:23:57,NARCOTICS,POSSESSION OF COCAINE,41.8749699744317,-87.634490026686,ALLEY,True,False,D-13,W-05,0.7020633446382798,0.1986,LOW
CR-2024-000679,2023-01-11 15:06:30,NARCOTICS,SALE/MANUFACTURE,41.85591632646839,-87.62704960120331,PARK,True,False,D-12,W-16,0.6551944145248263,0.2299,LOW
CR-2023-000945,2023-06-09 19:40:42,MOTOR VEHICLE THEFT,TRUCK,41.95932568496007,-87.65517155460378,PARK,False,False,D-10,W-37,0.1306617238205995,0.5796,HIGH
CR-2025-001586,2025-04-04 01:01:12,NARCOTICS,POSSESSION OF HEROIN,41.8583430212008,-87.61815958129235,PARK,True,False,D-11,W-03,0.66361188959142,0.2243,LOW
CR-2023-005952,2024-10-17 14:52:24,CRIMINAL DAMAGE,TO PROPERTY,41.943546670771454,-87.60369416202619,STREET,False,False,D-04,W-37,0.20572352055088952,0.3707,MEDIUM
CR-2024-001339,2023-06-27 11:51:33,BATTERY,AGGRAVATED BATTERY,41.95030688398882,-87.66056896432164,RESIDENCE,True,True,D-07,W-24,0.772696593355814,0.2273,LOW
CR-2023-000372,2023-01-09 23:13:58,MOTOR VEHICLE THEFT,TRUCK,41.79184147551173,-87.64714359532884,RESIDENCE,False,False,D-03,W-23,0.15018304622966624,0.5665,HIGH
CR-2025-005819,2025-11-13 18:05:38,NARCOTICS,POSSESSION OF HEROIN,41.944207200131615,-87.64313016702644,COMMERCIAL BUILDING,True,False,D-03,W-39,0.6592488156311562,0.2272,LOW
CR-2025-003020,2025-07-26 03:49:50,BATTERY,SIMPLE BATTERY,41.80275212755392,-87.59853799462822,RESIDENCE,True,False,D-02,W-34,0.6900631753118701,0.3099,MEDIUM
CR-2025-003365,2024-02-02 01:32:29,CRIMINAL DAMAGE,TO PROPERTY,41.90332238686128,-87.64305803342711,RESIDENCE,False,False,D-10,W-29,0.077719384336598,0.4304,MEDIUM
CR-2023-004308,2025-08-20 01:21:29,MOTOR VEHICLE THEFT,TRUCK,41.85564151408274,-87.61890232566496,COMMERCIAL BUILDING,False,False,D-02,W-19,0.1445676068613502,0.5703,HIGH
CR-2024-003850,2025-06-07 02:05:20,BATTERY,SIMPLE BATTERY,41.896653534398894,-87.74693930701406,STREET,True,True,D-11,W-37,0.7429672186098518,0.257,MEDIUM
CR-2024-004645,2025-08-22 22:11:23,MOTOR VEHICLE THEFT,,41.76209016039184,-87.62058750527949,APARTMENT,False,False,D-12,W-10,0.08693401190796629,0.6087,HIGH
CR-2023-004752,2024-02-15 23:14:53,ROBBERY,STRONGARM ROBBERY,41.90582060287657,-87.61493933730064,STREET,True,False,D-07,W-34,0.16626465444142466,0.8337,CRITICAL
CR-2023-000633,2024-08-23 07:51:49,ROBBERY,ARMED ROBBERY,41.94617547877303,-87.67337815282929,ALLEY,False,False,D-15,W-27,0.1520111179357271,0.848,CRITICAL
CR-2023-005049,2024-06-17 10:48:37,NARCOTICS,SALE/MANUFACTURE,41.94039760677398,-87.66696331434511,APARTMENT,True,False,D-08,W-47,0.6323029321725708,0.2451,LOW
CR-2025-000803,2024-06-18 07:41:43,THEFT,PETTY THEFT,41.95085340631989,-87.62280643083061,APARTMENT,False,True,D-13,W-15,0.1502967800387781,0.3965,MEDIUM
CR-2023-002340,2025-05-23 12:26:59,NARCOTICS,SALE/MANUFACTURE,41.943773981141405,-87.66682839152669,RESIDENCE,False,False,D-15,W-20,0.6247395576074068,0.2502,MEDIUM
CR-2025-004001,2023-09-19 13:24:32,ROBBERY,ARMED ROBBERY,41.94495250085093,-87.64100536544964,SIDEWALK,False,False,D-01,W-42,0.16351856994750852,0.8365,CRITICAL
CR-2025-001004,2024-10-09 19:01:06,BATTERY,SIMPLE BATTERY,41.88798868502649,-87.6157364479356,ALLEY,True,False,D-14,W-33,0.7924894613115051,0.2075,LOW
CR-2025-002909,2023-05-05 01:20:33,NARCOTICS,POSSESSION OF COCAINE,41.85935269490616,-87.63377856310706,PARK,True,False,D-10,W-25,0.6266304904751172,0.2489,LOW
CR-2024-004000,2024-04-14 04:43:33,BATTERY,DOMESTIC BATTERY,41.87760462104421,-87.63735475390564,PARK,False,False,D-10,W-07,0.7655301258746187,0.2345,LOW
CR-2023-001458,2025-12-24 01:41:14,ROBBERY,STRONGARM ROBBERY,41.87546654081751,-87.61977017792863,RESIDENCE,False,False,D-12,W-15,0.10533919272282916,0.8947,CRITICAL
CR-2023-000201,2025-09-29 02:27:40,NARCOTICS,POSSESSION OF COCAINE,41.94850487399437,-87.6543603881247,PARK,True,False,D-04,W-47,0.7121455862122692,0.1919,LOW
CR-2025-003971,2023-04-26 00:22:43,MOTOR VEHICLE THEFT,AUTOMOBILE,41.74280186132316,-87.61787866156106,ALLEY,False,False,D-09,W-02,0.19247509142934174,0.5383,HIGH
CR-2023-005928,2024-09-25 06:40:33,ASSAULT,AGGRAVATED ASSAULT,41.87454031648708,-87.61438061496614,ALLEY,False,False,D-10,W-33,0.16043575916484515,0.8396,CRITICAL
CR-2025-002027,2023-03-18 07:55:05,BURGLARY,RESIDENTIAL,41.86280457020437,-87.62670457343012,ALLEY,False,False,D-10,W-16,0.0997094118693453,0.6002,HIGH
CR-2024-001984,2025-07-31 08:53:09,ROBBERY,STRONGARM ROBBERY,41.82928187776152,-87.59673388847695,PARK,False,False,D-13,W-45,0.13365516173595393,0.8663,CRITICAL
CR-2023-001827,2024-03-29 06:08:54,NARCOTICS,SALE/MANUFACTURE,41.78263408705678,-87.61989649259864,COMMERCIAL BUILDING,True,False,D-09,W-21,0.728425864412254,0.181,LOW
CR-2023-000579,2024-11-21 20:30:06,NARCOTICS,,41.89282648230488,-87.63467247075263,PARKING LOT,False,False,D-09,W-50,0.608373910820971,0.2611,MEDIUM
CR-2025-005243,2024-06-30 11:59:08,THEFT,FROM BUILDING,41.943552490837895,-87.63605578842838,PARK,False,False,D-11,W-35,0.11115705168043681,0.4148,MEDIUM
CR-2024-001675,2024-08-09 09:51:22,ROBBERY,STRONGARM ROBBERY,41.938012072563474,-87.66211815754691,APARTMENT,False,False,D-09,W-20,0.13384085997138434,0.8662,CRITICAL
CR-2025-003242,2024-08-16 08:42:37,BATTERY,AGGRAVATED BATTERY,41.888647102958544,-87.59232354274418,ALLEY,True,True,D-13,W-14,0.7999168220520385,0.2001,LOW
CR-2024-002299,2024-06-10 10:59:14,BATTERY,AGGRAVATED BATTERY,41.78944450185627,-87.59624520229798,SIDEWALK,True,True,D-07,W-03,0.8084487259251397,0.1916,LOW
CR-2025-004628,2025-07-12 21:48:12,ASSAULT,SIMPLE ASSAULT,41.93168259488763,-87.67721741621597,COMMERCIAL BUILDING,False,True,D-12,W-29,0.07714213871435735,0.9229,CRITICAL
CR-2023-000906,2025-02-07 23:45:02,MOTOR VEHICLE THEFT,AUTOMOBILE,41.98064441256511,-87.63736321368269,APARTMENT,False,False,D-09,W-30,0.13914345721740567,0.5739,HIGH
CR-2025-002651,2023-05-15 12:00:44,PETTY THEFT,SIMPLE ASSAULT,41.96555797650583,-87.64422860937864,ALLEY,False,False,D-09,W-08,0.3185382616361779,0.318,MEDIUM
CR-2025-004979,2024-05-17 23:55:42,NARCOTICS,SALE/MANUFACTURE,41.96141335257584,-87.64678178065797,PARK,True,False,D-05,W-12,0.6527304435671604,0.2315,LOW
CR-2025-002078,2025-03-10 20:54:06,NARCOTICS,POSSESSION OF COCAINE,41.88599805025509,-87.63696116059289,SIDEWALK,False,False,D-12,W-09,0.6823797079196593,0.2117,LOW
CR-2024-002812,2024-08-21 23:20:08,NARCOTICS,POSSESSION OF COCAINE,41.90383861446699,-87.63126288075618,STREET,False,False,D-15,W-02,0.7078738870872209,0.1948,LOW
CR-2024-002851,2024-06-26 23:26:22,MOTOR VEHICLE THEFT,TRUCK,41.78035925727045,-87.64409647328092,ALLEY,False,False,D-11,W-29,0.07887548144889357,0.6141,HIGH
CR-2023-004875,2023-09-09 17:21:42,MOTOR VEHICLE THEFT,TRUCK,41.870830571531,-87.62764873553978,ALLEY,False,False,D-08,W-36,0.14353219755114843,0.571,HIGH
CR-2025-002612,2024-05-31 07:25:15,BATTERY,DOMESTIC BATTERY,41.92213486853492,-87.64589992048334,STREET,False,False,D-08,W-07,0.7783360002312265,0.2217,LOW
CR-2024-000649,2024-05-24 00:01:48,BATTERY,DOMESTIC BATTERY,41.88211088471108,-87.62497453290706,PARK,True,True,D-01,W-15,0.7600220787820255,0.24,LOW
CR-2024-003787,2024-04-20 13:00:37,BATTERY,DOMESTIC BATTERY,41.76052972756165,-87.66398070648061,ALLEY,False,False,D-02,W-16,0.7854768578854961,0.2145,LOW
CR-2023-000972,2025-02-08 04:52:37,CRIMINAL DAMAGE,GRAFFITI,41.7944392972464,-87.6382402584011,PARKING LOT,False,False,D-02,W-48,0.1749989271392521,0.385,MEDIUM
CR-2025-003380,2023-12-04 19:05:15,CRIMINAL DAMAGE,TO VEHICLE,41.89039609575888,-87.63273208965379,STREET,False,False,D-07,W-44,0.16801763741240602,0.3883,MEDIUM
CR-2025-002990,2025-07-31 16:56:28,ROBBERY,ARMED ROBBERY,41.863123387206855,-87.60545114964208,APARTMENT,True,False,D-04,W-42,0.13520429601937642,0.8648,CRITICAL
CR-2024-003388,2025-05-08 10:11:01,ROBBERY,STRONGARM ROBBERY,41.891182296585264,-87.6249394533594,RESIDENCE,False,False,D-09,W-27,0.11968457563679423,0.8803,CRITICAL
CR-2024-000382,2023-06-23 22:19:07,ROBBERY,ARMED ROBBERY,41.89533909989429,-87.6403476463769,PARKING LOT,True,False,D-07,W-37,0.16237744673361484,0.8376,CRITICAL
CR-2024-000124,2025-10-01 14:50:22,ASSAULT,SIMPLE ASSAULT,41.82303635600703,-87.61887545722598,PARK,False,False,D-11,W-04,0.09090355805005497,0.9091,CRITICAL
CR-2024-004021,2024-09-01 23:46:46,MOTOR VEHICLE THEFT,AUTOMOBILE,41.85647134465832,-87.61561105622094,STREET,False,False,D-08,W-13,0.14172584579539604,0.5722,HIGH
CR-2024-005113,2025-01-02 04:18:52,CRIMINAL DAMAGE,TO VEHICLE,41.93514617033024,-87.65356477849075,PARK,True,False,D-12,W-36,0.11294692599838352,0.414,MEDIUM
CR-2024-000514,2024-07-31 17:06:57,THEFT,GRAND THEFT,41.88730276959096,-87.64514188847798,COMMERCIAL BUILDING,False,False,D-11,W-35,0.08192305969365485,0.4284,MEDIUM
CR-2025-005459,2025-03-10 04:40:07,BURGLARY,RESIDENTIAL,41.753308506346734,-87.63614216370232,STREET,False,False,D-08,W-36,0.14942810174618792,0.567,HIGH
CR-2025-003461,2024-09-26 19:24:55,THEFT,FROM BUILDING,41.78970881785501,-87.64692954751807,PARK,False,False,D-12,W-37,0.11408818175339742,0.4134,MEDIUM
CR-2025-004574,2025-12-07 11:17:57,MOTOR VEHICLE THEFT,MOTORCYCLE,41.938080380213016,-87.6469625387482,PARKING LOT,False,False,D-02,W-12,0.1562046309238015,0.5625,HIGH
CR-2025-004199,2024-10-15 16:01:02,BATTERY,DOMESTIC BATTERY,41.88824535571513,-87.63036530681114,SIDEWALK,True,True,D-05,W-24,0.7498608871461546,0.2501,MEDIUM
CR-2024-002506,2024-05-29 20:56:26,NARCOTICS,SALE/MANUFACTURE,41.878231754823474,-87.63336524975442,APARTMENT,True,False,D-06,W-27,0.678021200506189,0.2147,LOW
CR-2025-000878,2024-05-22 02:11:41,BATTERY,DOMESTIC BATTERY,41.77546378713431,-87.60517813631994,PARK,True,False,D-03,W-48,0.7373868662147423,0.2626,MEDIUM
CR-2024-001639,2024-05-23 16:14:15,THEFT,RETAIL THEFT,41.879293967935645,-87.62148913343326,PARKING LOT,False,False,D-11,W-14,0.11048882162732165,0.4151,MEDIUM
CR-2025-004286,2024-11-19 09:52:45,NARCOTICS,POSSESSION OF COCAINE,41.956607665535735,-87.63100666439733,PARKING LOT,True,False,D-06,W-25,0.7189586930622817,0.1874,LOW
CR-2023-005352,2024-05-17 00:33:21,THEFT,RETAIL THEFT,41.96016314528872,-87.66942951001532,APARTMENT,True,False,D-11,W-40,0.10605967702228741,0.4172,MEDIUM
CR-2025-000953,2025-05-26 13:20:55,NARCOTICS,POSSESSION OF COCAINE,41.91698247695863,-87.6778353493782,SIDEWALK,True,False,D-08,W-46,0.7637046414490493,0.1575,LOW
CR-2024-000631,2023-11-25 11:59:09,THEFT,PETTY THEFT,41.95917511984893,-87.67371347186159,PARKING LOT,False,False,D-09,W-38,0.1697367534745505,0.3875,MEDIUM
CR-2023-004938,2025-04-02 21:09:02,NARCOTICS,POSSESSION OF HEROIN,41.90654184914382,-87.65021252467452,COMMERCIAL BUILDING,True,False,D-03,W-05,0.6898796597321387,0.2067,LOW
CR-2023-003648,2024-02-17 00:20:18,ROBBERY,ARMED ROBBERY,41.9319077598047,-87.67647600296495,COMMERCIAL BUILDING,True,False,D-13,W-01,0.20704239510729117,0.793,CRITICAL
CR-2024-000574,2024-07-29 12:50:49,BURGLARY,RESIDENTIAL,41.81876262658062,-87.65017403370797,PARK,False,False,D-10,W-48,0.11389698136918794,0.5907,HIGH
CR-2025-005378,2023-04-16 13:53:30,MOTOR VEHICLE THEFT,AUTOMOBILE,41.87798939355249,-87.72909039634237,PARK,True,False,D-06,W-41,0.19893336269164577,0.534,HIGH
CR-2023-000189,2025-12-06 13:09:09,BATTERY,SIMPLE BATTERY,41.99219605866436,-87.6714659657071,ALLEY,False,False,D-15,W-23,0.7083946348578594,0.2916,MEDIUM
CR-2025-005873,2025-10-31 21:31:35,CRIMINAL DAMAGE,TO VEHICLE,41.88438367417059,-87.67530984043218,STREET,True,False,D-04,W-33,0.1771070292843197,0.384,MEDIUM
CR-2025-001274,2024-11-25 18:41:29,BURGLARY,RESIDENTIAL,41.89342074943144,-87.59847335840695,STREET,False,False,D-02,W-47,0.10214589104925628,0.5986,HIGH
CR-2024-002497,2023-07-11 16:28:58,ASSAULT,SIMPLE ASSAULT,41.9352525489201,-87.65627930061717,APARTMENT,False,False,D-05,W-22,0.14297980541946864,0.857,CRITICAL
CR-2024-001243,2024-07-03 20:13:57,MOTOR VEHICLE THEFT,TRUCK,41.94065738700421,-87.65620822435864,ALLEY,False,False,D-08,W-05,0.11629893738878491,0.5891,HIGH
CR-2025-004841,2023-03-18 20:30:18,BURGLARY,RESIDENTIAL,41.89291592773887,-87.64143409542157,ALLEY,False,False,D-09,W-21,0.1166038687694176,0.5889,HIGH
CR-2023-005376,2023-04-28 14:20:52,MOTOR VEHICLE THEFT,MOTORCYCLE,41.72268758663751,-87.65712740817558,COMMERCIAL BUILDING,False,False,D-10,W-19,0.21849674214552114,0.521,HIGH
CR-2023-005598,2024-10-06 10:12:07,NARCOTICS,POSSESSION OF HEROIN,41.849407229699786,-87.60314057847954,STREET,True,True,D-03,W-11,0.8057108867188056,0.1295,LOW
CR-2023-002784,2023-10-03 05:41:28,MOTOR VEHICLE THEFT,TRUCK,41.95386236868588,-87.67526424517023,STREET,True,False,D-12,W-41,0.14971140452375142,0.5669,HIGH
CR-2024-005704,2024-09-25 06:07:32,ROBBERY,ARMED ROBBERY,41.94210797105116,-87.62469628752406,ALLEY,False,False,D-13,W-10,0.13730810214853686,0.8627,CRITICAL
CR-2023-001182,2025-02-08 19:43:11,NARCOTICS,SALE/MANUFACTURE,41.93581473212615,-87.62462544580167,PARKING LOT,True,False,D-08,W-27,0.75073363756908,0.1662,LOW
CR-2024-005911,2024-03-12 21:13:59,THEFT,PETTY THEFT,41.888944954019365,-87.61123392841377,ALLEY,False,False,D-07,W-35,0.1425594302690807,0.4001,MEDIUM
CR-2025-001418,2024-08-28 11:39:44,BATTERY,SIMPLE BATTERY,41.82650341473933,-87.58835102711595,PARK,True,False,D-07,W-22,0.7966478721621567,0.2034,LOW
CR-2024-002875,2025-07-17 01:58:55,ROBBERY,ARMED ROBBERY,41.94749491396071,-87.6799620261003,COMMERCIAL BUILDING,False,True,D-07,W-37,0.15734604179147443,0.8427,CRITICAL
CR-2023-004968,2024-09-04 01:24:15,NARCOTICS,POSSESSION OF COCAINE,41.78670155329317,-87.60754323924546,STREET,True,False,D-09,W-11,0.7291307349478149,0.1806,LOW
CR-2025-003575,2023-02-26 02:43:58,BATTERY,DOMESTIC BATTERY,41.8883985162013,-87.61868389328977,ALLEY,False,True,D-10,W-13,0.7659569157018683,0.234,LOW
CR-2024-004981,2025-12-20 15:23:06,ROBBERY,STRONGARM ROBBERY,41.79611239936404,-87.63486268837865,APARTMENT,False,False,D-01,W-10,0.14908447758212937,0.8509,CRITICAL
CR-2024-004261,2025-12-15 01:53:30,MOTOR VEHICLE THEFT,AUTOMOBILE,41.87067553173664,-87.64503993146752,COMMERCIAL BUILDING,False,False,D-05,W-03,0.15138892056939052,0.5657,HIGH
CR-2023-005514,2023-04-17 20:59:50,NARCOTICS,,41.78802922502621,-87.62287756745718,SIDEWALK,True,False,D-10,W-08,0.6964287058099607,0.2024,LOW
CR-2025-000701,2025-08-31 22:18:09,ASSAULT,,41.97211408309326,-87.6409209337867,COMMERCIAL BUILDING,False,True,D-14,W-14,0.2546182054309004,0.7454,HIGH
CR-2023-003747,2024-06-01 06:14:42,MOTOR VEHICLE THEFT,TRUCK,41.86221182437441,-87.63730391524881,APARTMENT,False,False,D-03,W-38,0.1923069164958297,0.5385,HIGH
CR-2024-003538,2025-01-13 19:59:36,ROBBERY,STRONGARM ROBBERY,41.89011052921319,-87.59890232497395,RESIDENCE,False,False,D-08,W-03,0.1572576433974248,0.8427,CRITICAL
CR-2024-001858,2024-06-24 17:56:28,THEFT,FROM BUILDING,42.013261859391896,-87.60914167498767,ALLEY,False,False,D-15,W-48,0.15793553166655575,0.393,MEDIUM
CR-2025-001619,2025-01-11 13:52:07,MOTOR VEHICLE THEFT,MOTORCYCLE,41.95209420949562,-87.63654168924978,SIDEWALK,False,False,D-04,W-13,0.24136085032626564,0.5058,HIGH
CR-2023-001416,2024-04-09 00:49:22,CRIMINAL DAMAGE,TO VEHICLE,41.81797221921271,-87.63584982704573,ALLEY,False,False,D-08,W-30,0.11264689084727278,0.4141,MEDIUM
CR-2025-002093,2024-08-23 01:50:38,PETTY THEFT,TO PROPERTY,41.99538151573402,-87.66962086872552,APARTMENT,False,False,D-11,W-16,0.18717786334466208,0.3793,MEDIUM
CR-2025-001379,2025-03-02 23:13:07,ASSAULT,SIMPLE ASSAULT,41.86024892397113,-87.71569119796979,COMMERCIAL BUILDING,False,False,D-05,W-50,0.12238447333722932,0.8776,CRITICAL
CR-2024-002608,2023-02-04 00:41:33,ASSAULT,AGGRAVATED ASSAULT,41.88246447095207,-87.63740512988906,RESIDENCE,False,True,D-08,W-03,0.17400427706976707,0.826,CRITICAL
CR-2023-004368,2023-12-04 08:28:51,BURGLARY,RESIDENTIAL,41.88120709155168,-87.63338909720729,PARK,False,False,D-09,W-19,0.12282688612832175,0.5848,HIGH
CR-2023-005073,2023-11-21 11:33:27,CRIMINAL DAMAGE,TO VEHICLE,41.74966711837284,-87.63275369580045,STREET,True,False,D-13,W-43,0.17688592382637588,0.3841,MEDIUM
CR-2025-004913,2024-10-16 02:16:50,MOTOR VEHICLE THEFT,MOTORCYCLE,41.85277948512204,-87.63881121895957,SIDEWALK,False,False,D-10,W-30,0.12421591970221302,0.5839,HIGH
CR-2023-003357,2023-05-27 01:37:03,MOTOR VEHICLE THEFT,AUTOMOBILE,41.72981777130403,-87.6174793783649,APARTMENT,False,False,D-09,W-40,0.23117546696047353,0.5125,HIGH
CR-2023-005331,2024-01-14 22:42:41,BATTERY,,41.89234462247925,-87.65552640020775,APARTMENT,True,True,D-15,W-46,0.8075736426922826,0.1924,LOW
CR-2024-005098,2025-06-21 23:55:16,MOTOR VEHICLE THEFT,TRUCK,41.78571294975574,-87.60323903035909,STREET,False,False,D-08,W-17,0.17181446799280273,0.5521,HIGH
CR-2023-001476,2023-08-14 11:08:44,THEFT,FROM BUILDING,41.88900007767539,-87.69952188791113,STREET,False,False,D-02,W-20,0.18000239948356195,0.3827,MEDIUM
CR-2025-001529,2024-06-12 14:44:06,MOTOR VEHICLE THEFT,MOTORCYCLE,41.7488462618481,-87.6388920177939,STREET,False,False,D-07,W-38,0.24128507589183004,0.5058,HIGH
CR-2025-004346,2025-09-02 12:40:50,THEFT,FROM BUILDING,41.89014664540198,-87.72905205761927,PARK,False,False,D-08,W-23,0.11820382543307255,0.4115,MEDIUM
CR-2023-000294,2023-10-09 05:02:26,THEFT,FROM BUILDING,41.8955460446978,-87.74230950886636,APARTMENT,False,False,D-13,W-14,0.193080229577848,0.3766,MEDIUM
CR-2023-003177,2023-12-21 10:07:54,BATTERY,SIMPLE BATTERY,41.846943202193394,-87.63332910864959,APARTMENT,True,False,D-10,W-43,0.7386065310268283,0.2614,MEDIUM
CR-2025-001808,2025-04-19 11:30:51,BURGLARY,FORCIBLE ENTRY,41.7542549047833,-87.63610387744822,PARKING LOT,False,False,D-07,W-31,0.16679782066078983,0.5555,HIGH
CR-2024-001843,2024-02-04 01:54:18,MOTOR VEHICLE THEFT,AUTOMOBILE,41.99810379833357,-87.65000449378044,COMMERCIAL BUILDING,True,False,D-11,W-46,0.1964615498319584,0.5357,HIGH
CR-2023-001434,2024-03-25 21:55:50,NARCOTICS,POSSESSION OF HEROIN,41.88612226004519,-87.61136529246266,ALLEY,False,False,D-14,W-10,0.7545079328731631,0.1637,LOW
CR-2024-003337,2024-08-19 19:25:31,CRIMINAL DAMAGE,TO PROPERTY,41.89744901102285,-87.71291513934723,ALLEY,False,False,D-05,W-03,0.13036462882185712,0.4058,MEDIUM
CR-2025-005837,2023-09-25 18:15:48,BATTERY,DOMESTIC BATTERY,41.7273619221972,-87.64900438246661,PARK,True,False,D-01,W-36,0.8287241962851241,0.1713,LOW
CR-2023-002022,2025-09-16 02:52:42,BURGLARY,RESIDENTIAL,41.802210871773866,-87.63937750722408,PARK,False,False,D-01,W-19,0.13337357047481066,0.5778,HIGH
CR-2023-001407,2025-09-07 23:39:10,NARCOTICS,POSSESSION OF COCAINE,41.90558835565219,-87.61758772356823,PARK,False,False,D-15,W-12,0.6656182530068148,0.2229,LOW
CR-2024-003892,2025-04-18 08:38:17,NARCOTICS,POSSESSION OF HEROIN,41.88100109550785,-87.6289046217913,PARKING LOT,True,False,D-15,W-35,0.6813148538675553,0.2125,LOW
CR-2025-004025,2024-05-31 20:00:06,BURGLARY,COMMERCIAL,41.75188981676804,-87.65843541263123,COMMERCIAL BUILDING,False,False,D-14,W-48,0.16347643073584012,0.5577,HIGH
CR-2025-005117,2023-03-29 03:27:29,NARCOTICS,POSSESSION OF COCAINE,41.74164381191753,-87.62533964270393,PARKING LOT,True,True,D-07,W-03,0.8333065605404884,0.1111,LOW
CR-2024-003403,2024-06-07 21:05:56,NARCOTICS,POSSESSION OF COCAINE,41.86444513487108,-87.61937252127505,PARK,True,False,D-01,W-28,0.7784740472047698,0.1477,LOW
CR-2025-002912,2025-01-07 04:38:33,THEFT,RETAIL THEFT,41.86985589387483,-87.75704045028816,SIDEWALK,False,False,D-01,W-43,0.2261911189968483,0.3611,MEDIUM
CR-2024-002128,2023-07-05 22:22:46,NARCOTICS,SALE/MANUFACTURE,41.931678756958,-87.62681008357505,APARTMENT,True,False,D-12,W-42,0.5976049710759408,0.2683,MEDIUM
CR-2024-000340,2023-09-05 08:26:10,ROBBERY,ARMED ROBBERY,41.962833441280864,-87.67788103542433,STREET,True,False,D-11,W-40,0.16295369050819677,0.837,CRITICAL
CR-2023-000915,2023-09-11 17:12:15,BATTERY,DOMESTIC BATTERY,41.79660536058142,-87.62316959671841,PARK,True,False,D-06,W-15,0.768891847503224,0.2311,LOW
CR-2024-003619,2023-03-02 20:35:12,ASSAULT,AGGRAVATED ASSAULT,41.8641034088422,-87.64475397439604,PARKING LOT,True,False,D-10,W-14,0.17376323811873298,0.8262,CRITICAL
CR-2024-003994,2024-11-13 08:53:31,ASSAULT,SIMPLE ASSAULT,41.95489516479067,-87.64368864625928,SIDEWALK,False,False,D-05,W-10,0.1426019020873853,0.8574,CRITICAL
CR-2023-001386,2023-11-16 01:12:04,NARCOTICS,POSSESSION OF HEROIN,41.7744806459221,-87.6677154574716,ALLEY,True,False,D-10,W-07,0.7885662671568036,0.141,LOW
CR-2024-002758,2023-10-30 05:54:11,BURGLARY,RESIDENTIAL,41.8896824726606,-87.71562230945993,ALLEY,False,False,D-14,W-31,0.200759210950434,0.5328,HIGH
CR-2025-005192,2024-09-03 00:31:20,CRIMINAL DAMAGE,GRAFFITI,41.873072852918334,-87.63183001350885,COMMERCIAL BUILDING,False,False,D-06,W-20,0.10856217683418484,0.416,MEDIUM
CR-2024-002458,2025-02-12 00:11:31,ROBBERY,STRONGARM ROBBERY,41.80546643226969,-87.63839084164414,ALLEY,False,False,D-11,W-13,0.12367482567812932,0.8763,CRITICAL
CR-2025-003071,2025-02-11 06:16:37,ASSAULT,AGGRAVATED ASSAULT,41.8803017686232,-87.7146001587927,ALLEY,False,False,D-11,W-31,0.17134967135196552,0.8287,CRITICAL
CR-2023-004512,2024-07-09 19:42:00,ASSAULT,SIMPLE ASSAULT,41.87880948114694,-87.61937996313823,PARKING LOT,True,False,D-06,W-43,0.14129407871599692,0.8587,CRITICAL
CR-2024-000118,2024-03-20 01:18:14,ROBBERY,STRONGARM ROBBERY,41.84772286120014,-87.62700318527847,RESIDENCE,False,False,D-07,W-20,0.14182575604444767,0.8582,CRITICAL
CR-2023-001221,2024-11-05 03:37:23,MOTOR VEHICLE THEFT,MOTORCYCLE,41.85871605957342,-87.61945438292132,PARKING LOT,False,False,D-11,W-03,0.12746750741897567,0.5817,HIGH
CR-2025-002711,2023-10-15 04:12:08,BURGLARY,RESIDENTIAL,41.89198962651072,-87.6311661379053,PARK,False,False,D-10,W-35,0.1131412856288919,0.5912,HIGH
CR-2025-003974,2023-08-05 19:28:18,NARCOTICS,SALE/MANUFACTURE,41.892737350059335,-87.62966713444497,PARKING LOT,True,False,D-03,W-43,0.7486630335664688,0.1676,LOW
CR-2025-002861,2023-06-29 09:47:03,MOTOR VEHICLE THEFT,TRUCK,41.866593988169,-87.6388575744624,PARK,False,False,D-05,W-12,0.12029461436410228,0.5865,HIGH
CR-2024-001651,2025-01-18 12:19:15,BATTERY,DOMESTIC BATTERY,41.88134937463107,-87.64518629025461,PARK,True,False,D-01,W-47,0.7573142526981916,0.2427,LOW
CR-2023-003987,2024-04-05 04:43:48,CRIMINAL DAMAGE,TO PROPERTY,41.7808978815935,-87.62097674845187,STREET,False,False,D-02,W-16,0.11926398031363107,0.411,MEDIUM
CR-2023-002928,2025-01-08 04:22:03,ROBBERY,STRONGARM ROBBERY,41.72331064580157,-87.64195172548688,APARTMENT,False,False,D-03,W-42,0.23681578323535643,0.7632,CRITICAL
CR-2023-001047,2024-01-12 18:11:42,ASSAULT,SIMPLE ASSAULT,41.80487779468551,-87.63089410716339,SIDEWALK,False,True,D-01,W-48,0.21067843244076145,0.7893,CRITICAL
CR-2023-001425,2024-12-02 18:21:57,CRIMINAL DAMAGE,GRAFFITI,41.86987596807613,-87.61729999132329,ALLEY,True,False,D-14,W-02,0.16779976302853916,0.3884,MEDIUM
CR-2025-004193,2024-04-19 01:08:33,CRIMINAL DAMAGE,TO PROPERTY,41.98100259929749,-87.64789319465342,RESIDENCE,False,False,D-05,W-22,0.11523611734106635,0.4129,MEDIUM
CR-2024-005812,2025-01-12 20:56:23,ASSAULT,SIMPLE ASSAULT,41.91075980571564,-87.65717466620443,APARTMENT,False,True,D-11,W-30,0.1291210882950337,0.8709,CRITICAL
CR-2023-005106,2024-04-17 02:55:21,NARCOTICS,POSSESSION OF HEROIN,41.961788767430846,-87.65754252887223,PARKING LOT,True,False,D-06,W-41,0.7231119759744065,0.1846,LOW
CR-2023-004074,2023-11-09 22:49:28,CRIMINAL DAMAGE,TO VEHICLE,41.78549388962056,-87.64296998930156,ALLEY,False,False,D-11,W-47,0.07344850397347703,0.4324,MEDIUM
CR-2025-002006,2025-11-25 10:49:10,MOTOR VEHICLE THEFT,MOTORCYCLE,41.86287012373529,-87.72332375982815,PARKING LOT,False,False,D-12,W-02,0.16075875753582713,0.5595,HIGH
CR-2023-003741,2024-03-30 18:30:44,ROBBERY,ARMED ROBBERY,41.86971806271673,-87.6344810789808,SIDEWALK,False,False,D-11,W-49,0.1905322139247205,0.8095,CRITICAL
CR-2024-002188,2023-02-18 22:32:35,BATTERY,AGGRAVATED BATTERY,41.83791013150454,-87.6901427462473,COMMERCIAL BUILDING,True,True,D-14,W-11,0.8303446248065333,0.1697,LOW
CR-2025-001913,2023-11-14 01:05:39,ASSAULT,AGGRAVATED ASSAULT,41.86045739995168,-87.6224865955437,ALLEY,False,False,D-06,W-26,0.1962085512733113,0.8038,CRITICAL
CR-2025-001622,2025-07-05 08:52:03,CRIMINAL DAMAGE,GRAFFITI,41.87550797393906,-87.61822119767746,PARK,False,False,D-05,W-48,0.1170553518496494,0.412,MEDIUM
CR-2023-005340,2024-05-30 04:51:17,ROBBERY,STRONGARM ROBBERY,41.86561285067416,-87.62836974588501,PARK,False,False,D-14,W-19,0.1780881853675178,0.8219,CRITICAL
CR-2025-004994,2024-07-05 00:16:41,BATTERY,DOMESTIC BATTERY,41.92878106545973,-87.67071627261228,PARK,True,False,D-14,W-10,0.7410263048936093,0.259,MEDIUM
CR-2023-005199,2023-02-27 07:47:48,MOTOR VEHICLE THEFT,AUTOMOBILE,41.87402404940196,-87.65784597492933,PARKING LOT,False,False,D-13,W-02,0.1978844914063851,0.5347,HIGH
CR-2025-001148,2024-10-27 05:42:19,ASSAULT,AGGRAVATED ASSAULT,41.88437597331333,-87.60877602110581,PARKING LOT,True,True,D-09,W-21,0.1753482666586378,0.8247,CRITICAL
CR-2025-005693,2024-07-19 03:55:44,THEFT,RETAIL THEFT,41.890864740177605,-87.61844043664338,PARKING LOT,False,False,D-13,W-30,0.10331391342568158,0.4185,MEDIUM
CR-2023-003948,2023-02-09 23:44:14,NARCOTICS,SALE/MANUFACTURE,41.89805648516568,-87.6316088078271,SIDEWALK,False,False,D-04,W-36,0.7734074550294577,0.1511,LOW
CR-2023-001638,2024-04-05 19:14:43,NARCOTICS,SALE/MANUFACTURE,41.89565298063796,-87.62778555254128,PARKING LOT,False,False,D-11,W-38,0.6734702851511921,0.2177,LOW
CR-2024-002878,2023-10-25 15:06:32,CRIMINAL DAMAGE,GRAFFITI,41.79316052933402,-87.63728578428204,ALLEY,False,False,D-15,W-39,0.10052954266446731,0.4198,MEDIUM
CR-2024-004315,2024-05-23 20:33:21,BURGLARY,FORCIBLE ENTRY,41.74570503316301,-87.63621332251705,ALLEY,True,False,D-14,W-24,0.18016231988236847,0.5466,HIGH
CR-2023-000561,2025-05-09 16:57:16,ASSAULT,SIMPLE ASSAULT,41.88768095333044,-87.64694507369096,COMMERCIAL BUILDING,False,False,D-03,W-13,0.13541637438839269,0.8646,CRITICAL
CR-2023-002829,2025-06-20 18:51:22,PETTY THEFT,ARMED ROBBERY,41.81336168388635,-87.64578780517452,SIDEWALK,False,False,D-01,W-24,0.31820352376067057,0.3182,MEDIUM
CR-2025-003887,2023-05-05 23:44:48,BATTERY,SIMPLE BATTERY,41.96471508973304,-87.64325053127435,SIDEWALK,True,False,D-06,W-21,0.7364572857761887,0.2635,MEDIUM
CR-2024-002821,2023-06-07 11:57:34,CRIMINAL DAMAGE,TO VEHICLE,41.83560454564786,-87.60941215758754,PARK,False,False,D-02,W-28,0.18812626681397465,0.3789,MEDIUM
CR-2023-004113,2025-04-22 02:00:15,BURGLARY,,41.76808406209166,-87.57435673458194,SIDEWALK,False,False,D-04,W-08,0.16434148715649466,0.5571,HIGH
CR-2025-003830,2023-08-30 07:01:25,NARCOTICS,POSSESSION OF COCAINE,41.90530088369894,-87.72434319938105,STREET,True,False,D-14,W-32,0.8490004120518637,0.1007,LOW
CR-2025-003776,2023-12-17 01:12:31,NARCOTICS,SALE/MANUFACTURE,41.85521642437909,-87.6471124507717,RESIDENCE,False,False,D-09,W-05,0.7110025711450951,0.1927,LOW
CR-2023-002736,2025-04-15 00:27:22,CRIMINAL DAMAGE,TO VEHICLE,41.87387936834995,-87.73590356070773,APARTMENT,False,False,D-01,W-32,0.17443248958611485,0.3853,MEDIUM
CR-2024-000319,2024-08-25 01:35:03,THEFT,FROM BUILDING,41.85875058650389,-87.64922618158096,SIDEWALK,False,False,D-12,W-38,0.14633628392984963,0.3984,MEDIUM
CR-2025-004778,2025-02-23 20:14:34,MOTOR VEHICLE THEFT,AUTOMOBILE,41.85601468907734,-87.61879074282454,COMMERCIAL BUILDING,False,False,D-10,W-10,0.12181518579432771,0.5855,HIGH
CR-2025-005510,2024-06-09 07:44:55,MOTOR VEHICLE THEFT,AUTOMOBILE,41.89058349674637,-87.75613052116626,ALLEY,False,False,D-15,W-47,0.1344917117471931,0.577,HIGH
CR-2023-000246,2023-05-12 08:05:38,THEFT,RETAIL THEFT,41.881992629537656,-87.74240311562392,COMMERCIAL BUILDING,False,False,D-12,W-39,0.10387885835472654,0.4182,MEDIUM
CR-2023-005235,2025-05-02 02:30:25,BURGLARY,COMMERCIAL,41.885959984333766,-87.62840885401332,STREET,False,False,D-13,W-44,0.11084056029322313,0.5928,HIGH
CR-2023-004131,2024-08-02 23:06:22,NARCOTICS,POSSESSION OF COCAINE,41.9446161963745,-87.65702675716493,APARTMENT,False,False,D-15,W-31,0.6629530177516235,0.2247,LOW
CR-2025-002942,2025-04-14 17:10:22,ROBBERY,,41.74193057190384,-87.58719335239756,ALLEY,False,False,D-06,W-45,0.2034549491066966,0.7965,CRITICAL
CR-2024-003961,2025-05-25 03:00:53,BURGLARY,COMMERCIAL,41.85798182395298,-87.70369434507468,PARK,False,False,D-14,W-47,0.1257782537982708,0.5828,HIGH
CR-2025-002186,2025-10-11 14:20:12,NARCOTICS,POSSESSION OF HEROIN,41.75159696999128,-87.62561654130269,ALLEY,True,False,D-12,W-02,0.7525971034636961,0.1649,LOW
CR-2025-003086,2025-07-19 00:56:18,NARCOTICS,POSSESSION OF COCAINE,41.87237765877765,-87.64960740165108,PARK,False,False,D-10,W-34,0.6632225815972296,0.2245,LOW
CR-2025-003134,2024-12-11 17:08:17,ROBBERY,ARMED ROBBERY,41.803079453060974,-87.61665056544486,PARK,False,False,D-06,W-03,0.15161282270777351,0.8484,CRITICAL
CR-2024-002476,2025-04-25 20:50:39,THEFT,GRAND THEFT,41.88994879583272,-87.61525646461371,STREET,False,False,D-12,W-28,0.15217504598694764,0.3957,MEDIUM
CR-2025-001070,2023-10-18 03:46:35,MOTOR VEHICLE THEFT,AUTOMOBILE,41.88356569514226,-87.72598402136659,SIDEWALK,False,False,D-14,W-43,0.2410148484731175,0.506,HIGH
CR-2024-004300,2024-11-03 21:42:58,MOTOR VEHICLE THEFT,AUTOMOBILE,41.76929545835733,-87.64805333621285,PARK,False,False,D-03,W-20,0.1798196142217941,0.5468,HIGH
CR-2024-003577,2024-09-08 22:41:04,ASSAULT,AGGRAVATED ASSAULT,41.87231760138632,-87.66087065769007,RESIDENCE,False,False,D-12,W-25,0.09005897672568754,0.9099,CRITICAL
CR-2025-004154,2024-06-03 21:27:15,CRIMINAL DAMAGE,GRAFFITI,41.76287087676508,-87.63562662492222,SIDEWALK,False,False,D-10,W-05,0.10736472228122333,0.4166,MEDIUM
CR-2024-005065,2023-01-08 20:59:23,BATTERY,DOMESTIC BATTERY,41.787008642779874,-87.65490822992096,PARK,True,False,D-12,W-18,0.7694431497556857,0.2306,LOW
CR-2025-005399,2024-05-30 05:09:23,BURGLARY,FORCIBLE ENTRY,41.7799927599248,-87.59842980194666,ALLEY,False,False,D-14,W-28,0.21235742918072598,0.5251,HIGH
CR-2025-002873,2024-02-12 00:41:18,ROBBERY,STRONGARM ROBBERY,41.76930313146673,-87.62394298980948,PARK,False,False,D-15,W-19,0.15359822611083981,0.8464,CRITICAL
CR-2023-003087,2023-04-07 19:26:59,ASSAULT,AGGRAVATED ASSAULT,41.88667467734508,-87.7316395405238,RESIDENCE,False,False,D-07,W-11,0.16159786370806248,0.8384,CRITICAL
CR-2025-001931,2023-09-05 17:07:31,MOTOR VEHICLE THEFT,TRUCK,41.94825910029039,-87.65961219157136,SIDEWALK,False,False,D-06,W-40,0.16630484307250878,0.5558,HIGH
CR-2024-004147,2024-07-06 02:53:34,CRIMINAL DAMAGE,TO VEHICLE,41.89133595634685,-87.61438780984972,RESIDENCE,False,False,D-02,W-36,0.11282334063881476,0.414,MEDIUM
CR-2024-000661,2025-08-27 06:50:14,CRIMINAL DAMAGE,TO VEHICLE,41.879331021994936,-87.71814297041112,RESIDENCE,True,False,D-01,W-21,0.12711659212400234,0.4073,MEDIUM
CR-2025-001496,2023-06-07 21:07:46,NARCOTICS,POSSESSION OF HEROIN,41.94984073722568,-87.65954417939803,STREET,True,False,D-11,W-44,0.6612493502352522,0.2258,LOW
CR-2024-005053,2025-06-27 02:33:56,NARCOTICS,SALE/MANUFACTURE,41.88654365990428,-87.63141167322692,RESIDENCE,False,False,D-05,W-02,0.655472782219116,0.2297,LOW
CR-2025-002495,2024-06-25 02:39:02,ASSAULT,AGGRAVATED ASSAULT,41.84660965603372,-87.61955165477818,COMMERCIAL BUILDING,False,True,D-09,W-11,0.13838828841438183,0.8616,CRITICAL
CR-2024-003664,2024-06-24 23:32:14,THEFT,PETTY THEFT,41.920887318224274,-87.66477290915302,COMMERCIAL BUILDING,False,False,D-01,W-50,0.09585427936753735,0.4219,MEDIUM
CR-2024-004924,2023-12-08 21:18:36,ROBBERY,STRONGARM ROBBERY,41.8656772915419,-87.61951515411229,RESIDENCE,False,True,D-03,W-22,0.14029574534623626,0.8597,CRITICAL
CR-2023-000729,2025-02-06 21:47:59,THEFT,RETAIL THEFT,41.97419505508165,-87.6418363729746,APARTMENT,False,True,D-11,W-03,0.11711817814879248,0.412,MEDIUM
CR-2025-004856,2024-02-06 16:09:36,BURGLARY,COMMERCIAL,41.85882908350374,-87.63476536501312,PARK,False,False,D-01,W-42,0.112667694350745,0.5916,HIGH
CR-2025-003419,2023-05-02 23:23:36,ROBBERY,ARMED ROBBERY,41.86942829811927,-87.63367012804297,STREET,False,False,D-15,W-31,0.1370461628601011,0.863,CRITICAL
CR-2025-003158,2025-04-18 11:54:54,BURGLARY,FORCIBLE ENTRY,41.99489397828647,-87.6658789352545,PARKING LOT,False,True,D-05,W-17,0.14090211535778835,0.5727,HIGH
CR-2023-001983,2025-02-15 11:50:07,ASSAULT,AGGRAVATED ASSAULT,41.88276664986715,-87.65814473938144,ALLEY,False,False,D-01,W-16,0.1839977255619038,0.816,CRITICAL
CR-2025-004634,2025-11-28 22:12:12,ASSAULT,SIMPLE ASSAULT,41.904908599469074,-87.63630985693324,RESIDENCE,False,False,D-13,W-14,0.1371294154296538,0.8629,CRITICAL
CR-2025-005309,2025-09-10 00:22:47,NARCOTICS,SALE/MANUFACTURE,41.90366490116622,-87.76091466270519,PARK,False,False,D-05,W-34,0.668049488649408,0.2213,LOW
CR-2025-002033,2023-03-26 20:22:46,NARCOTICS,POSSESSION OF HEROIN,41.78363320768231,-87.6215688931655,SIDEWALK,True,False,D-01,W-07,0.7874478167237882,0.1417,LOW
CR-2025-003860,2023-08-02 10:49:44,ASSAULT,AGGRAVATED ASSAULT,41.77459896601837,-87.59304576997137,APARTMENT,False,False,D-08,W-03,0.17271077656102027,0.8273,CRITICAL
CR-2025-005711,2023-04-05 14:27:57,MOTOR VEHICLE THEFT,AUTOMOBILE,41.943762629867486,-87.66214034691609,PARKING LOT,False,False,D-07,W-48,0.1645308107575501,0.557,HIGH
CR-2025-002171,2025-08-20 08:00:35,BATTERY,DOMESTIC BATTERY,41.90732513967185,-87.61442336271128,COMMERCIAL BUILDING,True,True,D-11,W-10,0.6365560393101979,0.3634,MEDIUM
CR-2025-004424,2025-08-01 02:54:57,BATTERY,SIMPLE BATTERY,41.93841097614229,-87.64191829579465,ALLEY,True,False,D-12,W-21,0.6909079901163175,0.3091,MEDIUM
CR-2024-000772,2025-01-07 07:40:46,ASSAULT,AGGRAVATED ASSAULT,41.86976018291349,-87.71846206339065,RESIDENCE,False,True,D-13,W-20,0.16605812033769263,0.8339,CRITICAL
CR-2024-005428,2024-07-17 17:40:47,NARCOTICS,POSSESSION OF HEROIN,41.78690145478733,-87.66188595664718,ALLEY,False,False,D-02,W-23,0.7160287198247313,0.1893,LOW
CR-2025-002702,2023-03-10 00:17:32,ROBBERY,STRONGARM ROBBERY,41.75761150050552,-87.6288431710954,ALLEY,False,False,D-12,W-09,0.1594552427796122,0.8405,CRITICAL
CR-2023-000423,2025-06-07 01:02:42,ASSAULT,SIMPLE ASSAULT,41.88580503559034,-87.6827045974816,SIDEWALK,False,False,D-12,W-36,0.1304049330164167,0.8696,CRITICAL
CR-2024-003346,2025-01-09 11:00:41,BURGLARY,RESIDENTIAL,41.77295482406435,-87.6173392178147,APARTMENT,False,False,D-02,W-05,0.13208690901143155,0.5786,HIGH
CR-2023-004746,2023-10-19 21:09:53,CRIMINAL DAMAGE,GRAFFITI,41.871610107299055,-87.62391315972295,STREET,False,False,D-15,W-17,0.13622169074069088,0.4031,MEDIUM
CR-2024-001357,2024-07-19 12:18:01,ASSAULT,SIMPLE ASSAULT,41.88361473939487,-87.66130039761478,PARKING LOT,True,True,D-07,W-24,0.21591595889465234,0.7841,CRITICAL
CR-2024-001846,2025-03-10 01:20:47,BURGLARY,FORCIBLE ENTRY,41.89637292067632,-87.61393947541933,ALLEY,False,False,D-14,W-04,0.12909273193936666,0.5806,HIGH
CR-2023-005163,2025-07-18 20:06:27,ASSAULT,AGGRAVATED ASSAULT,41.78236587571326,-87.6165472001089,PARKING LOT,False,False,D-04,W-20,0.1490308792599457,0.851,CRITICAL
CR-2025-000545,2024-03-25 22:23:00,CRIMINAL DAMAGE,TO VEHICLE,41.8770259811088,-87.63035833354765,PARK,False,False,D-01,W-23,0.10404371142780695,0.4181,MEDIUM
CR-2024-000565,2023-07-24 20:37:51,THEFT,FROM BUILDING,41.786933930386255,-87.61845198114412,APARTMENT,False,False,D-07,W-08,0.1381689547107128,0.4022,MEDIUM
CR-2025-005669,2025-04-28 23:03:12,ASSAULT,SIMPLE ASSAULT,41.92876652361935,-87.62206420571245,APARTMENT,True,False,D-14,W-45,0.18557732839818017,0.8144,CRITICAL
CR-2023-002988,2024-03-09 22:54:26,ROBBERY,STRONGARM ROBBERY,41.98146619274357,-87.64283825304221,APARTMENT,False,False,D-03,W-08,0.17362753417757698,0.8264,CRITICAL
CR-2023-003249,2025-12-03 21:10:22,ASSAULT,AGGRAVATED ASSAULT,41.94707102049381,-87.66246158892358,PARKING LOT,False,False,D-07,W-50,0.10690618460832192,0.8931,CRITICAL
CR-2024-004288,2023-07-24 12:47:50,ROBBERY,ARMED ROBBERY,41.88089473635476,-87.74466496925703,STREET,False,False,D-01,W-22,0.24674525842688555,0.7533,CRITICAL
CR-2025-000353,2024-05-03 17:30:47,CRIMINAL DAMAGE,GRAFFITI,41.7468892661876,-87.58513014545039,PARKING LOT,False,False,D-11,W-28,0.16192065991227722,0.3911,MEDIUM
CR-2024-000043,2025-10-08 14:02:56,NARCOTICS,SALE/MANUFACTURE,41.891831031765534,-87.62486873335511,SIDEWALK,True,False,D-11,W-37,0.6659835051713496,0.2227,LOW
CR-2024-002317,2025-11-05 16:13:58,BURGLARY,FORCIBLE ENTRY,41.76191923367018,-87.70185639974542,ALLEY,False,True,D-09,W-12,0.12870730026590219,0.5809,HIGH
CR-2025-003338,2024-07-26 00:48:53,CRIMINAL DAMAGE,TO PROPERTY,41.881148575450574,-87.74305055411091,COMMERCIAL BUILDING,False,False,D-10,W-13,0.10827940181131541,0.4161,MEDIUM
CR-2023-000306,2024-10-25 00:21:21,NARCOTICS,SALE/MANUFACTURE,41.9539993725264,-87.67780978094596,STREET,False,False,D-14,W-22,0.8164466711239095,0.1224,LOW
CR-2023-004044,2024-01-16 20:27:01,THEFT,FROM BUILDING,41.78990884984695,-87.64202421378079,APARTMENT,False,False,D-15,W-47,0.10637147854163512,0.417,MEDIUM
CR-2023-000804,2025-03-21 00:18:31,THEFT,RETAIL THEFT,41.95486158546232,-87.66034707004252,STREET,False,True,D-04,W-38,0.2192759048450723,0.3643,MEDIUM
CR-2023-000435,2024-01-04 00:13:15,MOTOR VEHICLE THEFT,AUTOMOBILE,41.77447631931265,-87.64895743111347,PARKING LOT,False,True,D-14,W-02,0.2838346575564366,0.4774,MEDIUM
CR-2023-005247,2024-03-23 04:39:35,ROBBERY,STRONGARM ROBBERY,41.8675136665666,-87.63370912498502,PARK,False,True,D-08,W-35,0.15307330153104964,0.8469,CRITICAL
CR-2024-003031,2024-12-04 11:51:03,BURGLARY,COMMERCIAL,41.87262078712695,-87.59398048441713,PARKING LOT,False,False,D-13,W-25,0.07994989966960256,0.6134,HIGH
CR-2025-001178,2023-03-03 01:15:08,ROBBERY,ARMED ROBBERY,41.87256084291131,-87.62764917298986,PARK,False,False,D-04,W-49,0.2900951201707779,0.7099,HIGH
CR-2024-001126,2023-08-18 02:39:28,ASSAULT,AGGRAVATED ASSAULT,41.91937648619897,-87.65554177895692,SIDEWALK,False,False,D-11,W-11,0.12474286628772902,0.8753,CRITICAL
CR-2025-004724,2023-07-30 22:37:51,ROBBERY,ARMED ROBBERY,41.940767378091735,-87.64049748671789,COMMERCIAL BUILDING,False,False,D-11,W-13,0.1045226038058563,0.8955,CRITICAL
CR-2024-004612,2023-12-30 06:37:47,ASSAULT,AGGRAVATED ASSAULT,41.85568604706401,-87.62708693332776,ALLEY,False,False,D-14,W-02,0.24759986957781308,0.7524,CRITICAL
CR-2023-004437,2023-10-11 23:35:01,MOTOR VEHICLE THEFT,TRUCK,41.88893942718422,-87.73289485717756,STREET,False,False,D-01,W-33,0.20144253440924514,0.5324,HIGH
CR-2025-003188,2023-12-08 21:43:12,ASSAULT,SIMPLE ASSAULT,41.95555322733262,-87.65400988054274,SIDEWALK,False,False,D-07,W-08,0.17014104631236,0.8299,CRITICAL
CR-2023-004614,2024-12-30 02:55:23,NARCOTICS,POSSESSION OF HEROIN,41.85157914921239,-87.62950681232803,PARK,False,False,D-01,W-33,0.7690619509459165,0.154,LOW
CR-2025-003662,2024-11-30 00:54:10,ROBBERY,STRONGARM ROBBERY,41.88521950228351,-87.61918612267038,SIDEWALK,False,False,D-13,W-23,0.12111368291791871,0.8789,CRITICAL
CR-2025-004718,2024-04-02 01:27:35,NARCOTICS,SALE/MANUFACTURE,41.95068952117637,-87.6574705568513,STREET,True,False,D-15,W-43,0.7406735274989381,0.1729,LOW
CR-2023-003006,2024-07-23 22:52:32,BURGLARY,COMMERCIAL,41.88109415627604,-87.61338730678717,APARTMENT,False,False,D-01,W-07,0.11219269356536382,0.5919,HIGH
CR-2023-001419,2023-04-30 11:30:41,NARCOTICS,POSSESSION OF HEROIN,41.911381703501725,-87.632185678156,RESIDENCE,True,False,D-11,W-21,0.6696047633940563,0.2203,LOW
CR-2023-000582,2025-08-01 03:55:09,PETTY THEFT,SALE/MANUFACTURE,41.96885140864019,-87.6065049518732,ALLEY,True,False,D-08,W-43,0.33610955934793857,0.3098,MEDIUM
CR-2024-004867,2023-07-23 21:31:13,MOTOR VEHICLE THEFT,MOTORCYCLE,41.89846429449575,-87.63195372383069,STREET,False,False,D-13,W-09,0.15270932055030112,0.5649,HIGH
CR-2025-002936,2024-11-14 17:03:45,ROBBERY,STRONGARM ROBBERY,41.88708663688629,-87.74329161156929,APARTMENT,False,False,D-14,W-24,0.22862442334518915,0.7714,CRITICAL
CR-2023-000489,2023-08-12 20:18:05,NARCOTICS,POSSESSION OF HEROIN,41.85434145764772,-87.61839378015785,PARKING LOT,True,False,D-08,W-44,0.7219120063030028,0.1854,LOW
CR-2023-001863,2025-12-02 21:55:51,NARCOTICS,POSSESSION OF COCAINE,41.88555310385762,-87.61375342817524,SIDEWALK,True,True,D-07,W-48,0.7343693931230965,0.1771,LOW
CR-2024-002743,2024-10-28 12:34:48,ROBBERY,ARMED ROBBERY,41.88011249623994,-87.6233748692401,STREET,False,False,D-07,W-47,0.15585202021478214,0.8441,CRITICAL
CR-2023-005925,2024-08-29 01:26:15,ASSAULT,SIMPLE ASSAULT,41.88512796885358,-87.6275159593629,RESIDENCE,False,False,D-13,W-18,0.10411517972516575,0.8959,CRITICAL
CR-2024-000358,2023-11-11 05:02:20,ASSAULT,AGGRAVATED ASSAULT,41.87981341472993,-87.62754547357808,RESIDENCE,False,False,D-11,W-21,0.1142226255986839,0.8858,CRITICAL
CR-2024-000934,2025-06-26 20:09:03,ROBBERY,,41.9265806713957,-87.66351628575909,SIDEWALK,True,False,D-08,W-39,0.09063306128571849,0.9094,CRITICAL
CR-2024-001474,2024-11-21 17:01:48,BURGLARY,COMMERCIAL,41.774227596045954,-87.66976183109288,PARKING LOT,False,True,D-03,W-35,0.13431698815659512,0.5771,HIGH
CR-2024-004870,2025-07-07 08:08:42,NARCOTICS,POSSESSION OF COCAINE,41.86588770115104,-87.64727802999948,PARKING LOT,True,False,D-01,W-09,0.7704437023893156,0.153,LOW
CR-2024-003997,2025-11-24 19:10:42,NARCOTICS,SALE/MANUFACTURE,41.76121401137969,-87.5737536083563,STREET,True,False,D-15,W-21,0.7628654118884717,0.1581,LOW
CR-2024-003964,2023-01-23 22:30:30,CRIMINAL DAMAGE,TO VEHICLE,41.95467446365794,-87.6849920958384,PARKING LOT,False,False,D-11,W-30,0.09706244815695868,0.4214,MEDIUM
CR-2023-001734,2024-06-19 17:28:00,BATTERY,AGGRAVATED BATTERY,41.87128178421885,-87.63307979916154,COMMERCIAL BUILDING,True,False,D-06,W-11,0.6863105895575745,0.3137,MEDIUM
CR-2023-000102,2025-01-18 04:32:25,THEFT,PETTY THEFT,41.85743495948065,-87.64386737559873,PARKING LOT,False,False,D-03,W-39,0.15150835975945107,0.396,MEDIUM
CR-2025-004067,2023-06-22 15:17:44,BURGLARY,COMMERCIAL,41.85305497555326,-87.72910384781545,RESIDENCE,False,False,D-10,W-39,0.0735774454350925,0.6176,HIGH
CR-2025-000062,2025-01-04 01:12:07,MOTOR VEHICLE THEFT,AUTOMOBILE,41.79357142734501,-87.57423860935475,STREET,True,False,D-03,W-37,0.25669405385713456,0.4955,MEDIUM
CR-2025-000152,2024-11-01 18:49:54,BATTERY,DOMESTIC BATTERY,41.88022377130865,-87.72478810710044,PARKING LOT,False,False,D-07,W-14,0.8273834302032644,0.1726,LOW
CR-2025-002210,2025-09-23 23:30:41,ASSAULT,SIMPLE ASSAULT,41.81314252769136,-87.65615136455295,ALLEY,True,False,D-05,W-01,0.1881955567447979,0.8118,CRITICAL
CR-2025-002951,2025-08-17 22:12:41,THEFT,PETTY THEFT,41.94536065235368,-87.63409712362657,STREET,False,False,D-07,W-18,0.16722223839655986,0.3886,MEDIUM
CR-2024-000544,2025-09-06 02:27:46,BURGLARY,RESIDENTIAL,41.87421436781269,-87.63274524773628,RESIDENCE,False,False,D-06,W-32,0.11712714171604338,0.5886,HIGH
CR-2023-001620,2023-01-14 15:20:05,THEFT,GRAND THEFT,41.94864998643814,-87.59793193888666,SIDEWALK,False,False,D-01,W-10,0.19670981144667446,0.3749,MEDIUM
CR-2023-002163,2025-05-31 11:11:58,BURGLARY,RESIDENTIAL,41.7640116266204,-87.60648667306671,APARTMENT,False,False,D-14,W-01,0.20236900003476127,0.5318,HIGH
CR-2025-001823,2024-03-14 16:10:47,ROBBERY,ARMED ROBBERY,41.88197991721783,-87.62660890336214,STREET,False,False,D-10,W-44,0.15628254462909585,0.8437,CRITICAL
CR-2025-000002,2025-07-29 17:59:24,BATTERY,DOMESTIC BATTERY,41.87458769937916,-87.63331205435423,PARKING LOT,True,False,D-01,W-43,0.7352902488407431,0.2647,MEDIUM
CR-2024-003127,2024-10-29 19:53:01,NARCOTICS,POSSESSION OF COCAINE,41.87230516286829,-87.66287941559135,PARK,True,False,D-12,W-23,0.625311071617942,0.2498,LOW
CR-2024-003226,2025-05-13 10:34:45,PETTY THEFT,TRUCK,41.86082863407668,-87.7380442130685,PARKING LOT,False,False,D-10,W-43,0.3082452979847449,0.3228,MEDIUM
CR-2025-002993,2024-08-02 19:34:22,BATTERY,AGGRAVATED BATTERY,41.75897216084437,-87.62797688128178,PARKING LOT,True,True,D-07,W-48,0.7669972439144456,0.233,LOW
CR-2023-005556,2023-08-06 02:46:20,CRIMINAL DAMAGE,TO PROPERTY,41.9490572674796,-87.66295556803419,PARKING LOT,False,False,D-09,W-20,0.11947791531589701,0.4109,MEDIUM
CR-2025-001115,2024-08-15 04:24:11,NARCOTICS,SALE/MANUFACTURE,41.8678305526136,-87.61794061601256,SIDEWALK,True,False,D-14,W-13,0.7515619532915097,0.1656,LOW
CR-2024-003118,2024-12-16 19:40:59,MOTOR VEHICLE THEFT,AUTOMOBILE,41.8686289616665,-87.62901210447677,STREET,False,False,D-02,W-24,0.1837728169330273,0.5442,HIGH
CR-2025-003617,2023-07-08 00:30:32,BURGLARY,FORCIBLE ENTRY,41.76319626500611,-87.59684044657511,ALLEY,False,False,D-14,W-16,0.13738571636969663,0.5751,HIGH
CR-2024-004750,2023-06-19 00:26:41,CRIMINAL DAMAGE,TO PROPERTY,41.874083517219134,-87.60995945170016,STREET,False,True,D-02,W-01,0.1990730647394936,0.3738,MEDIUM
CR-2024-000733,2025-12-22 16:34:23,CRIMINAL DAMAGE,GRAFFITI,41.91065828107833,-87.71979591246318,RESIDENCE,False,False,D-03,W-41,0.11774956867028726,0.4117,MEDIUM
CR-2024-003079,2023-09-01 19:43:38,THEFT,GRAND THEFT,41.8794856518746,-87.65326933191004,RESIDENCE,False,False,D-07,W-08,0.13042243963565578,0.4058,MEDIUM
CR-2024-002401,2023-06-12 22:49:37,ASSAULT,AGGRAVATED ASSAULT,41.85716827242868,-87.64041866411011,APARTMENT,False,True,D-07,W-03,0.17925805123087085,0.8207,CRITICAL
CR-2023-002844,2023-05-20 23:12:50,BURGLARY,FORCIBLE ENTRY,41.92303726390049,-87.65866518268975,STREET,False,False,D-07,W-40,0.15615032394763279,0.5626,HIGH
CR-2024-004669,2024-06-02 05:00:54,BATTERY,AGGRAVATED BATTERY,41.7797193409389,-87.62846943372915,PARK,True,False,D-14,W-43,0.819542796564344,0.1805,LOW
CR-2025-001121,2025-02-01 23:42:58,BATTERY,DOMESTIC BATTERY,41.90774660876774,-87.65326362417566,RESIDENCE,False,False,D-09,W-32,0.7460943105390612,0.2539,MEDIUM
CR-2025-004733,2023-08-04 22:07:43,NARCOTICS,POSSESSION OF HEROIN,41.97707267217636,-87.69249326081099,SIDEWALK,True,False,D-13,W-35,0.6637265597601752,0.2242,LOW
CR-2024-005314,2023-01-30 11:10:56,NARCOTICS,SALE/MANUFACTURE,41.96701774765584,-87.61908955043158,PARK,True,False,D-01,W-26,0.8629107318360629,0.0914,LOW
CR-2024-003466,2023-02-06 01:53:14,THEFT,GRAND THEFT,41.881812208214605,-87.6299449663197,RESIDENCE,False,False,D-15,W-26,0.14631660144663783,0.3984,MEDIUM
CR-2025-001739,2024-11-14 20:38:27,ROBBERY,STRONGARM ROBBERY,41.807739758582926,-87.59434126506844,SIDEWALK,False,False,D-03,W-25,0.11939161680366274,0.8806,CRITICAL
CR-2025-004664,2024-07-07 18:37:31,PETTY THEFT,DOMESTIC BATTERY,41.88147904583023,-87.62069856774691,COMMERCIAL BUILDING,True,False,D-15,W-36,0.2365637150290117,0.3563,MEDIUM
CR-2025-000791,2024-07-22 07:38:46,MOTOR VEHICLE THEFT,TRUCK,41.92808356362043,-87.65406640300304,RESIDENCE,False,False,D-06,W-07,0.15373935599631702,0.5642,HIGH
CR-2025-005438,2024-09-17 14:25:40,BATTERY,DOMESTIC BATTERY,41.88810828408957,-87.61504395934145,PARK,False,False,D-09,W-50,0.6559321600104652,0.3441,MEDIUM
CR-2025-002192,2024-01-02 08:41:07,NARCOTICS,SALE/MANUFACTURE,41.8689879156857,-87.63586542989036,PARKING LOT,True,False,D-09,W-48,0.7738322282777274,0.1508,LOW
CR-2023-004716,2023-10-03 11:19:51,MOTOR VEHICLE THEFT,TRUCK,41.87387232725904,-87.6393531471131,STREET,False,False,D-10,W-30,0.15620515620014352,0.5625,HIGH
CR-2025-003785,2023-03-30 07:53:38,MOTOR VEHICLE THEFT,TRUCK,41.86181378433828,-87.62935305752318,STREET,False,False,D-07,W-02,0.21644832755646565,0.5224,HIGH
CR-2024-001282,2025-03-03 05:26:36,ASSAULT,SIMPLE ASSAULT,41.86466980516456,-87.6359215125874,COMMERCIAL BUILDING,True,False,D-15,W-37,0.1632392735279726,0.8368,CRITICAL
CR-2023-003021,2025-05-12 02:45:45,CRIMINAL DAMAGE,TO VEHICLE,41.9111302088699,-87.6351413807293,SIDEWALK,False,False,D-07,W-05,0.14139252509801245,0.4007,MEDIUM
CR-2025-005975,2025-04-13 10:00:57,ROBBERY,ARMED ROBBERY,41.89721095375275,-87.66808810228031,APARTMENT,False,False,D-13,W-50,0.11927666619679039,0.8807,CRITICAL
CR-2024-002620,2025-08-21 22:29:12,ASSAULT,AGGRAVATED ASSAULT,41.87657007925046,-87.6424364894519,RESIDENCE,True,False,D-10,W-11,0.10032324389022892,0.8997,CRITICAL
CR-2025-001466,2024-01-21 18:52:08,ROBBERY,STRONGARM ROBBERY,41.86476138757658,-87.61547049162644,ALLEY,False,False,D-11,W-08,0.14757391506775883,0.8524,CRITICAL
CR-2023-004032,2024-04-30 16:25:52,MOTOR VEHICLE THEFT,AUTOMOBILE,41.75686415736933,-87.62674225501985,SIDEWALK,False,False,D-08,W-44,0.1627048674659333,0.5582,HIGH
CR-2024-004831,2025-07-27 02:05:21,ROBBERY,ARMED ROBBERY,41.872925252570646,-87.62639456709417,PARK,False,False,D-07,W-10,0.14540135611251154,0.8546,CRITICAL
CR-2025-005063,2024-06-17 22:46:31,MOTOR VEHICLE THEFT,MOTORCYCLE,41.8891106712587,-87.77590417453786,PARKING LOT,False,False,D-14,W-49,0.2919552748433107,0.472,MEDIUM
CR-2023-002742,2023-03-09 10:20:26,ASSAULT,SIMPLE ASSAULT,41.837682477801856,-87.71348728444288,RESIDENCE,False,True,D-11,W-18,0.13254158269164912,0.8675,CRITICAL
CR-2025-001766,2024-10-23 06:08:45,THEFT,GRAND THEFT,41.776314219392745,-87.65997631756318,APARTMENT,False,True,D-02,W-16,0.14881690119152244,0.3972,MEDIUM
CR-2024-004783,2025-10-03 11:31:23,THEFT,FROM BUILDING,41.928671190018015,-87.64496349468351,ALLEY,False,False,D-03,W-17,0.19434381883273574,0.376,MEDIUM
CR-2024-002404,2024-05-24 01:30:56,BURGLARY,COMMERCIAL,41.89950958046434,-87.63609152128988,PARK,False,False,D-11,W-45,0.0808901192792206,0.6127,HIGH
CR-2023-003300,2024-09-06 23:15:51,THEFT,PETTY THEFT,41.922610388255805,-87.65413101038588,SIDEWALK,False,True,D-09,W-14,0.15258147812216957,0.3955,MEDIUM
CR-2025-002174,2025-07-30 10:53:41,BATTERY,SIMPLE BATTERY,41.86399401625274,-87.63821141360471,PARK,True,True,D-10,W-33,0.7250353426785405,0.275,MEDIUM
CR-2023-004296,2025-12-30 18:31:27,ROBBERY,STRONGARM ROBBERY,41.82729652564201,-87.62560360246084,ALLEY,False,False,D-10,W-38,0.15288837169638245,0.8471,CRITICAL
CR-2023-004482,2024-05-02 12:59:14,THEFT,PETTY THEFT,41.96174130945457,-87.68620112814813,RESIDENCE,False,False,D-01,W-40,0.13413978411207336,0.4041,MEDIUM
CR-2024-000472,2025-06-28 01:03:49,NARCOTICS,POSSESSION OF HEROIN,41.91383946592886,-87.74616152579387,PARKING LOT,False,False,D-01,W-27,0.7644426573411798,0.157,LOW
CR-2023-003621,2025-07-20 01:12:01,NARCOTICS,SALE/MANUFACTURE,41.93132353824991,-87.66816366684054,PARK,False,False,D-14,W-08,0.7741802383370728,0.1505,LOW
CR-2023-003924,2025-12-09 15:53:08,THEFT,FROM BUILDING,41.86888818081595,-87.7327796561374,ALLEY,False,False,D-15,W-41,0.14208741032259772,0.4004,MEDIUM
CR-2025-003629,2024-07-06 04:32:15,ASSAULT,AGGRAVATED ASSAULT,41.7642899755851,-87.5676907521783,PARK,False,True,D-08,W-39,0.15940573058227162,0.8406,CRITICAL
CR-2025-005675,2024-12-07 01:59:21,CRIMINAL DAMAGE,TO VEHICLE,41.74536850681909,-87.61553742108403,PARK,False,False,D-04,W-49,0.2929306423469522,0.33,MEDIUM
CR-2024-005437,2024-12-27 20:47:18,MOTOR VEHICLE THEFT,TRUCK,41.89938596620036,-87.6590438525909,COMMERCIAL BUILDING,True,False,D-09,W-27,0.13331203248437018,0.5778,HIGH
CR-2024-001285,2024-01-24 19:08:25,THEFT,PETTY THEFT,41.8786735699244,-87.65152887121951,ALLEY,False,True,D-11,W-45,0.1237308482669292,0.4089,MEDIUM
CR-2024-005539,2025-11-08 19:59:21,ASSAULT,AGGRAVATED ASSAULT,41.924859367370935,-87.62405290981253,ALLEY,False,False,D-02,W-01,0.22954150530639317,0.7705,CRITICAL
CR-2025-001547,2023-12-07 23:32:30,CRIMINAL DAMAGE,TO PROPERTY,41.86505010670938,-87.70386963123016,COMMERCIAL BUILDING,False,False,D-14,W-32,0.18438446678783463,0.3806,MEDIUM
CR-2025-002102,2024-02-12 02:58:35,THEFT,GRAND THEFT,41.78166338293685,-87.64465788190458,ALLEY,True,False,D-07,W-32,0.2540551131419486,0.3481,MEDIUM
CR-2025-002768,2025-08-03 22:21:20,BURGLARY,RESIDENTIAL,41.92728721020403,-87.66237371519134,APARTMENT,False,False,D-05,W-15,0.10225843479564017,0.5985,HIGH
CR-2023-001284,2025-02-01 13:07:15,BURGLARY,FORCIBLE ENTRY,41.89097676674985,-87.63331930854936,SIDEWALK,False,False,D-02,W-21,0.14319272435273867,0.5712,HIGH
CR-2024-005407,2025-01-23 13:59:08,ROBBERY,,41.87120387907406,-87.6348863244179,PARKING LOT,False,False,D-13,W-16,0.12341149010055273,0.8766,CRITICAL
CR-2024-001852,2024-01-18 17:02:15,BURGLARY,COMMERCIAL,41.87599437411642,-87.62518580997717,RESIDENCE,False,False,D-01,W-17,0.1391853824872175,0.5739,HIGH
CR-2024-003880,2023-04-10 13:09:39,ROBBERY,ARMED ROBBERY,41.89781339863556,-87.61910100623805,SIDEWALK,True,False,D-08,W-32,0.19091937683237234,0.8091,CRITICAL
CR-2023-003528,2024-08-04 04:20:49,THEFT,RETAIL THEFT,41.942992666064775,-87.65584768640807,SIDEWALK,False,False,D-10,W-15,0.14574854212706634,0.3987,MEDIUM
CR-2024-000595,2023-05-13 09:02:13,BURGLARY,FORCIBLE ENTRY,41.87968063259219,-87.64981038242378,PARK,False,False,D-11,W-01,0.13550002071634176,0.5763,HIGH
CR-2024-003214,2025-09-24 21:34:11,BURGLARY,RESIDENTIAL,41.81272001337242,-87.64066435178007,ALLEY,False,False,D-12,W-09,0.08807126956984222,0.608,HIGH
CR-2024-003280,2024-03-23 20:35:07,THEFT,GRAND THEFT,41.87355672134302,-87.60960850308228,SIDEWALK,False,False,D-10,W-08,0.12144221503852193,0.41,MEDIUM
CR-2025-000578,2023-02-13 09:50:54,THEFT,RETAIL THEFT,41.86777774482234,-87.59601346291984,COMMERCIAL BUILDING,True,False,D-09,W-03,0.18086833870950575,0.3823,MEDIUM
CR-2025-005300,2025-10-11 02:22:47,ROBBERY,ARMED ROBBERY,41.97217612482386,-87.66860091836006,SIDEWALK,False,False,D-10,W-37,0.15762831957916956,0.8424,CRITICAL
CR-2023-003789,2023-07-15 12:17:26,BATTERY,AGGRAVATED BATTERY,41.76485174715355,-87.6647226151628,COMMERCIAL BUILDING,True,True,D-15,W-40,0.8143432718384314,0.1857,LOW
CR-2023-001389,2024-08-26 13:04:15,BATTERY,SIMPLE BATTERY,41.87948824440252,-87.71827005267446,PARK,True,False,D-11,W-25,0.6557476709971263,0.3443,MEDIUM
CR-2023-002820,2025-10-27 21:48:10,BURGLARY,COMMERCIAL,41.798560155299896,-87.64298865713224,PARKING LOT,False,True,D-07,W-37,0.1409932704661258,0.5727,HIGH
CR-2025-001769,2025-07-10 15:49:29,BATTERY,AGGRAVATED BATTERY,41.87971747186492,-87.7297864814588,PARKING LOT,True,False,D-06,W-30,0.7125543486329567,0.2874,MEDIUM
CR-2025-003680,2025-11-11 14:07:36,THEFT,RETAIL THEFT,41.86670490473372,-87.61984530479451,SIDEWALK,False,False,D-03,W-05,0.13680128900177202,0.4028,MEDIUM
CR-2024-004597,2023-03-26 01:58:49,NARCOTICS,POSSESSION OF COCAINE,41.86297350469204,-87.65274623432506,COMMERCIAL BUILDING,True,False,D-09,W-45,0.761538649088585,0.159,LOW
CR-2025-004844,2023-11-28 20:30:45,BURGLARY,FORCIBLE ENTRY,41.87782798634738,-87.62540073356493,PARKING LOT,False,False,D-03,W-23,0.0892507110882583,0.6072,HIGH
CR-2024-002854,2024-07-17 20:57:46,THEFT,PETTY THEFT,41.866498162339504,-87.60131897527967,ALLEY,False,False,D-07,W-21,0.1319601505191317,0.4051,MEDIUM
CR-2024-002215,2023-06-25 22:40:40,ASSAULT,SIMPLE ASSAULT,41.85138262378302,-87.66325702028686,ALLEY,True,True,D-12,W-17,0.1730356294591963,0.827,CRITICAL
CR-2023-002745,2023-11-24 21:58:59,ROBBERY,ARMED ROBBERY,41.94017950126994,-87.63486754031854,STREET,False,False,D-04,W-43,0.22216043064931912,0.7778,CRITICAL
CR-2024-001735,2025-08-23 09:14:14,NARCOTICS,SALE/MANUFACTURE,41.94657200884982,-87.6569175699573,PARK,True,False,D-03,W-42,0.7120766751513475,0.1919,LOW
CR-2024-003943,2023-10-20 20:52:15,BATTERY,AGGRAVATED BATTERY,41.80816654073294,-87.67038061780474,PARK,True,True,D-03,W-42,0.7392963813079325,0.2607,MEDIUM
CR-2025-004292,2025-11-07 02:44:42,NARCOTICS,SALE/MANUFACTURE,41.87411119888707,-87.62144687916448,PARK,True,False,D-03,W-42,0.6934930449636156,0.2043,LOW
CR-2023-002181,2025-04-06 15:52:07,NARCOTICS,SALE/MANUFACTURE,41.78581501913778,-87.59911298372937,SIDEWALK,True,False,D-02,W-18,0.7510397636465198,0.166,LOW
CR-2024-005995,2025-11-28 14:50:09,THEFT,PETTY THEFT,41.93794958141181,-87.68432207972933,APARTMENT,False,False,D-06,W-20,0.11902290200690138,0.4111,MEDIUM
CR-2025-002777,2025-08-02 20:07:43,BATTERY,DOMESTIC BATTERY,41.777310661520346,-87.66527319727778,STREET,True,False,D-01,W-10,0.7767801825365236,0.2232,LOW
CR-2023-003852,2024-11-27 23:14:06,ROBBERY,ARMED ROBBERY,41.86667359443977,-87.63429544084997,PARK,False,False,D-01,W-11,0.14015283161837683,0.8598,CRITICAL
CR-2025-002225,2023-05-07 20:24:09,BATTERY,SIMPLE BATTERY,41.87067551779448,-87.63726358747464,ALLEY,True,True,D-09,W-30,0.7136900187197234,0.2863,MEDIUM
CR-2025-005498,2025-11-28 06:18:02,BATTERY,DOMESTIC BATTERY,41.954905033517086,-87.63171473682841,ALLEY,True,True,D-01,W-16,0.7615197574879964,0.2385,LOW
CR-2024-005353,2025-06-29 02:42:05,ASSAULT,SIMPLE ASSAULT,41.87858397216157,-87.6432074983096,COMMERCIAL BUILDING,False,True,D-03,W-31,0.1795243559843782,0.8205,CRITICAL
CR-2023-002502,2025-02-28 15:05:17,BATTERY,,41.96305658163644,-87.68078464238154,STREET,True,False,D-15,W-11,0.7514790975221743,0.2485,LOW
CR-2025-005357,2025-08-05 05:04:08,PETTY THEFT,SIMPLE BATTERY,41.94349655156297,-87.68566831397656,COMMERCIAL BUILDING,False,False,D-03,W-32,0.3255759707996026,0.3147,MEDIUM
CR-2025-000587,2024-01-19 08:42:33,MOTOR VEHICLE THEFT,TRUCK,41.866790531167005,-87.634010126153,ALLEY,False,False,D-07,W-33,0.23986429020412406,0.5068,HIGH
CR-2025-004919,2025-12-05 15:47:08,ASSAULT,SIMPLE ASSAULT,41.86311768696,-87.64813546922481,SIDEWALK,False,False,D-14,W-50,0.15285265122780883,0.8471,CRITICAL
CR-2025-005120,2025-09-27 14:47:03,BATTERY,DOMESTIC BATTERY,41.90338552631053,-87.6394936348622,STREET,True,False,D-10,W-46,0.7959842325295411,0.204,LOW
CR-2024-004267,2025-07-25 13:36:35,CRIMINAL DAMAGE,GRAFFITI,41.973726605359126,-87.64110134503706,APARTMENT,False,False,D-04,W-01,0.21053116359306892,0.3684,MEDIUM
CR-2024-001588,2024-02-02 19:17:12,THEFT,,41.85419786656892,-87.73592523864394,SIDEWALK,False,False,D-10,W-15,0.16592187690916282,0.3892,MEDIUM
CR-2024-002005,2025-02-22 10:31:04,ROBBERY,STRONGARM ROBBERY,41.94885261705354,-87.68341126107713,ALLEY,False,False,D-01,W-36,0.2022662550064652,0.7977,CRITICAL
CR-2023-005301,2025-03-18 22:46:47,BURGLARY,COMMERCIAL,41.93128514840097,-87.67901843198374,STREET,False,False,D-04,W-31,0.1456726158238658,0.5696,HIGH
CR-2025-005324,2024-11-23 15:51:45,NARCOTICS,POSSESSION OF HEROIN,41.94114288745253,-87.68584922712238,STREET,True,False,D-14,W-50,0.7539154321335225,0.1641,LOW
CR-2025-003194,2025-12-10 03:43:57,THEFT,,41.9652502779291,-87.64020082467715,COMMERCIAL BUILDING,False,False,D-15,W-37,0.13401886192030604,0.4041,MEDIUM
CR-2025-005156,2025-09-06 02:42:55,NARCOTICS,SALE/MANUFACTURE,41.764729667054944,-87.60872715568462,PARKING LOT,True,False,D-05,W-22,0.7412886568171295,0.1725,LOW
CR-2023-003552,2025-04-18 19:48:25,BURGLARY,COMMERCIAL,41.88759837965173,-87.63561444748996,APARTMENT,False,False,D-08,W-37,0.09593590020977541,0.6027,HIGH
CR-2023-004797,2025-06-13 16:07:18,NARCOTICS,SALE/MANUFACTURE,41.78147794814293,-87.64028613475813,APARTMENT,False,False,D-13,W-02,0.7063077399491055,0.1958,LOW
CR-2025-004691,2025-02-05 10:37:06,THEFT,PETTY THEFT,41.74742337721379,-87.65413287814994,RESIDENCE,False,False,D-07,W-39,0.15605514218138825,0.3938,MEDIUM
CR-2023-001020,2023-07-20 01:46:49,THEFT,RETAIL THEFT,41.76153217172278,-87.63923206095284,COMMERCIAL BUILDING,False,True,D-14,W-18,0.17544136195491578,0.3848,MEDIUM
CR-2024-004348,2025-09-19 23:17:28,BATTERY,DOMESTIC BATTERY,41.83754060404741,-87.66400178086005,COMMERCIAL BUILDING,False,False,D-02,W-19,0.7432955671902349,0.2567,MEDIUM
CR-2024-000496,2023-05-13 20:58:45,NARCOTICS,SALE/MANUFACTURE,41.94345645234959,-87.66893968495995,COMMERCIAL BUILDING,False,False,D-02,W-19,0.7218549305174586,0.1854,LOW
CR-2024-001999,2025-12-19 07:09:59,BURGLARY,RESIDENTIAL,41.90275067233707,-87.62439028162846,APARTMENT,False,False,D-03,W-31,0.1262952268969679,0.5825,HIGH
CR-2024-000181,2023-08-02 15:47:04,CRIMINAL DAMAGE,TO PROPERTY,41.87864231732778,-87.71966918900222,RESIDENCE,False,False,D-14,W-46,0.18555426631320396,0.3801,MEDIUM
CR-2025-005213,2025-08-23 20:00:14,BATTERY,SIMPLE BATTERY,41.87749692898196,-87.63732987940273,APARTMENT,True,True,D-09,W-03,0.7264577760980451,0.2735,MEDIUM
CR-2025-000875,2025-12-23 11:19:47,BURGLARY,COMMERCIAL,41.83755151560501,-87.61963187020704,SIDEWALK,False,False,D-14,W-09,0.15660705093786526,0.5623,HIGH
CR-2023-004095,2023-04-25 08:35:34,THEFT,PETTY THEFT,41.88716077467383,-87.63595044117308,APARTMENT,True,False,D-01,W-01,0.20833340136030723,0.3694,MEDIUM
CR-2025-004202,2024-02-27 05:57:39,BATTERY,SIMPLE BATTERY,41.898385438188896,-87.66527283059187,APARTMENT,True,True,D-10,W-42,0.7265029472463426,0.2735,MEDIUM
CR-2023-001272,2024-11-03 00:28:49,THEFT,PETTY THEFT,41.99693432972691,-87.64664080349279,RESIDENCE,False,False,D-08,W-04,0.10876782241510516,0.4159,MEDIUM
CR-2023-002550,2025-07-19 20:58:29,ASSAULT,SIMPLE ASSAULT,41.89353153487136,-87.62227472432247,ALLEY,True,False,D-13,W-39,0.10241597896290634,0.8976,CRITICAL
CR-2024-002014,2024-08-22 01:37:12,NARCOTICS,POSSESSION OF COCAINE,41.90207807168145,-87.61776807312073,PARK,True,False,D-03,W-28,0.8019445667268366,0.132,LOW
CR-2024-003487,2025-06-06 15:36:33,NARCOTICS,POSSESSION OF COCAINE,41.97538358097778,-87.65481136319643,PARKING LOT,True,False,D-03,W-02,0.739329265793112,0.1738,LOW
CR-2023-000747,2025-03-03 23:50:23,BURGLARY,COMMERCIAL,41.90123164928852,-87.59970860667761,APARTMENT,False,False,D-12,W-09,0.09383806841302156,0.6041,HIGH
CR-2023-001581,2024-05-07 21:57:42,BURGLARY,FORCIBLE ENTRY,41.93921819379562,-87.66919200738326,RESIDENCE,False,False,D-08,W-33,0.07962949677539742,0.6136,HIGH
CR-2023-001050,2024-01-17 02:47:37,NARCOTICS,POSSESSION OF COCAINE,41.88374614289147,-87.64333077331537,STREET,True,False,D-07,W-43,0.8272087433034894,0.1152,LOW
CR-2024-000328,2025-12-22 13:59:51,MOTOR VEHICLE THEFT,TRUCK,41.779248232297824,-87.62960312717776,STREET,True,False,D-06,W-28,0.24386841383663316,0.5041,HIGH
CR-2023-003921,2024-01-29 10:58:21,THEFT,RETAIL THEFT,41.89244657464805,-87.7340151038643,APARTMENT,False,False,D-01,W-44,0.23272725030216057,0.3581,MEDIUM
CR-2023-004305,2025-03-28 05:07:07,THEFT,RETAIL THEFT,41.767424208170524,-87.61445691587575,PARK,False,False,D-10,W-03,0.1363982433707952,0.403,MEDIUM
CR-2025-004625,2025-03-03 03:23:55,BURGLARY,COMMERCIAL,41.86600220251316,-87.60464199235051,STREET,False,False,D-08,W-22,0.14374111983810234,0.5708,HIGH
CR-2024-003820,2024-10-20 22:40:46,CRIMINAL DAMAGE,TO PROPERTY,41.847074364268536,-87.62845907081604,APARTMENT,False,False,D-13,W-26,0.13222892486277216,0.405,MEDIUM
CR-2023-005886,2024-01-13 00:24:28,BATTERY,AGGRAVATED BATTERY,41.959981231453895,-87.64595818112012,STREET,True,False,D-07,W-42,0.8245021239250047,0.1755,LOW
CR-2024-001417,2025-12-30 02:24:18,MOTOR VEHICLE THEFT,MOTORCYCLE,41.87444924030938,-87.63429757294412,APARTMENT,False,False,D-02,W-40,0.16937861144861127,0.5537,HIGH
CR-2023-000564,2025-06-14 20:39:59,BATTERY,SIMPLE BATTERY,41.777296541335176,-87.62078093974242,ALLEY,True,True,D-15,W-27,0.7027294926163212,0.2973,MEDIUM
CR-2023-003870,2024-08-09 23:08:24,THEFT,FROM BUILDING,41.8887411647088,-87.63190830228254,PARKING LOT,False,False,D-09,W-22,0.12082048367503448,0.4103,MEDIUM
CR-2024-004195,2024-07-14 08:03:00,BATTERY,SIMPLE BATTERY,41.78879785552395,-87.63192930012437,PARKING LOT,True,False,D-10,W-31,0.7591904372158272,0.2408,LOW
CR-2025-003713,2025-11-02 17:34:23,ROBBERY,STRONGARM ROBBERY,41.941869282949305,-87.67871849787615,PARK,False,False,D-08,W-24,0.16404362996823246,0.836,CRITICAL
CR-2023-004809,2024-02-25 18:38:07,BURGLARY,FORCIBLE ENTRY,41.96894120853746,-87.66825744579293,STREET,True,False,D-10,W-06,0.12705337425790147,0.582,HIGH
CR-2025-004835,2025-07-02 10:34:44,ASSAULT,AGGRAVATED ASSAULT,41.88090660650188,-87.62397363079484,SIDEWALK,False,False,D-10,W-13,0.11792500044892289,0.8821,CRITICAL
CR-2023-004872,2025-01-16 21:20:42,ROBBERY,STRONGARM ROBBERY,41.95984942823559,-87.64228068642441,PARK,False,False,D-10,W-28,0.21820281045262135,0.7818,CRITICAL
CR-2023-005475,2025-11-27 00:53:30,ASSAULT,SIMPLE ASSAULT,41.86770564493204,-87.61440868838561,APARTMENT,False,False,D-06,W-47,0.10338376167276217,0.8966,CRITICAL
CR-2023-003450,2024-11-02 04:01:56,BURGLARY,RESIDENTIAL,41.96733615133024,-87.65419994127933,PARKING LOT,True,False,D-10,W-46,0.1459990362120051,0.5693,HIGH
CR-2024-003823,2023-10-10 14:46:59,ASSAULT,SIMPLE ASSAULT,41.73207485422674,-87.57788796107,ALLEY,False,False,D-15,W-42,0.20484505032382708,0.7952,CRITICAL
CR-2023-005295,2025-12-21 10:32:24,ASSAULT,SIMPLE ASSAULT,41.87557169555298,-87.73357675986495,RESIDENCE,False,False,D-11,W-34,0.1147175471627718,0.8853,CRITICAL
CR-2024-001645,2023-05-30 10:09:03,ROBBERY,STRONGARM ROBBERY,41.97677062690296,-87.7050561731307,PARKING LOT,False,False,D-08,W-30,0.13697171097276697,0.863,CRITICAL
CR-2024-002116,2023-06-10 13:15:00,BATTERY,SIMPLE BATTERY,41.936182847203895,-87.64521033487233,COMMERCIAL BUILDING,True,False,D-01,W-08,0.7630074732964635,0.237,LOW
CR-2024-004045,2025-05-08 17:17:52,MOTOR VEHICLE THEFT,AUTOMOBILE,41.86234343556866,-87.61710822296057,APARTMENT,False,False,D-01,W-02,0.14040575250905568,0.5731,HIGH
CR-2025-003125,2024-01-26 02:37:48,ASSAULT,AGGRAVATED ASSAULT,41.76465752592686,-87.63794569833604,SIDEWALK,True,False,D-12,W-16,0.14050272425897117,0.8595,CRITICAL
CR-2024-005692,2024-10-16 11:34:05,THEFT,RETAIL THEFT,41.94433662942031,-87.65851306572732,COMMERCIAL BUILDING,True,False,D-02,W-25,0.10777621680388286,0.4164,MEDIUM
CR-2024-005194,2025-11-12 00:56:50,BURGLARY,COMMERCIAL,41.90527333659792,-87.62111385548687,ALLEY,True,False,D-09,W-01,0.14343698953728984,0.571,HIGH
CR-2025-001598,2025-04-01 01:57:43,CRIMINAL DAMAGE,GRAFFITI,41.79671780072153,-87.67607875520147,COMMERCIAL BUILDING,False,False,D-13,W-37,0.13225596064998002,0.4049,MEDIUM
CR-2025-004775,2023-11-25 06:39:25,BATTERY,DOMESTIC BATTERY,41.88351133631996,-87.62871567479313,COMMERCIAL BUILDING,False,True,D-07,W-23,0.7583677100372195,0.2416,LOW
CR-2023-003093,2024-10-11 20:36:05,NARCOTICS,POSSESSION OF COCAINE,41.88435202361725,-87.61229318817995,SIDEWALK,True,False,D-11,W-28,0.7344617854651271,0.177,LOW
CR-2025-002258,2023-07-19 15:46:14,CRIMINAL DAMAGE,TO PROPERTY,41.87183854427016,-87.62463919117656,SIDEWALK,False,False,D-05,W-18,0.09706003925775132,0.4214,MEDIUM
CR-2023-000645,2024-10-15 21:44:25,ASSAULT,AGGRAVATED ASSAULT,41.78861446511328,-87.56667501206418,PARK,False,False,D-01,W-19,0.1894717725712501,0.8105,CRITICAL
CR-2023-004473,2025-05-18 07:32:22,ROBBERY,ARMED ROBBERY,41.773923436156,-87.62437932415946,COMMERCIAL BUILDING,False,False,D-09,W-29,0.10483600914407834,0.8952,CRITICAL
CR-2024-004117,2024-01-16 04:13:50,BURGLARY,COMMERCIAL,41.80530253129175,-87.6092927085841,ALLEY,False,False,D-09,W-21,0.14282468064602646,0.5715,HIGH
CR-2025-005426,2025-07-04 18:01:00,CRIMINAL DAMAGE,TO VEHICLE,41.87502939149717,-87.63559742335484,PARK,False,False,D-12,W-49,0.13577850307694406,0.4033,MEDIUM
CR-2025-004085,2025-03-13 00:18:09,NARCOTICS,POSSESSION OF HEROIN,41.86994869355336,-87.61084216091356,PARK,True,False,D-09,W-43,0.7151486965997674,0.1899,LOW
CR-2023-000888,2024-07-10 18:25:42,ROBBERY,ARMED ROBBERY,41.86892346363643,-87.63035555195573,APARTMENT,False,False,D-14,W-22,0.17068496917994938,0.8293,CRITICAL
CR-2024-003946,2024-12-22 04:54:48,BATTERY,SIMPLE BATTERY,41.749045333714704,-87.65431611103608,SIDEWALK,True,True,D-13,W-25,0.7551606230265694,0.2448,LOW
CR-2024-002770,2025-09-27 10:41:00,THEFT,RETAIL THEFT,41.82112972334129,-87.58725193046489,PARKING LOT,False,False,D-02,W-40,0.1905342474560511,0.3778,MEDIUM
CR-2024-000103,2024-04-11 23:30:10,NARCOTICS,POSSESSION OF HEROIN,41.791775881680216,-87.6161553512272,APARTMENT,True,False,D-02,W-13,0.6778153513512931,0.2148,LOW
CR-2023-000873,2024-10-07 14:53:06,BATTERY,DOMESTIC BATTERY,41.89272796444674,-87.62228358745091,PARK,True,False,D-13,W-22,0.7495280993426503,0.2505,MEDIUM
CR-2023-003588,2025-09-19 11:09:50,ASSAULT,AGGRAVATED ASSAULT,41.97214155357484,-87.67459579475259,STREET,True,False,D-09,W-37,0.17801975975661652,0.822,CRITICAL
CR-2023-002412,2023-06-02 00:36:28,BURGLARY,COMMERCIAL,41.87947233200181,-87.72255767552868,RESIDENCE,False,False,D-07,W-41,0.12435706069682453,0.5838,HIGH
CR-2024-000187,2025-09-02 09:57:54,THEFT,GRAND THEFT,41.91039773686268,-87.64131021344332,PARK,False,False,D-04,W-13,0.15999095306078523,0.392,MEDIUM
CR-2025-004694,2024-06-03 08:28:19,ROBBERY,STRONGARM ROBBERY,41.968943020717866,-87.63913280900668,COMMERCIAL BUILDING,False,False,D-14,W-15,0.24215533156030256,0.7578,CRITICAL
CR-2023-005727,2024-10-27 10:49:34,THEFT,RETAIL THEFT,41.91471883767898,-87.62065735155682,COMMERCIAL BUILDING,False,False,D-02,W-29,0.12573383422072062,0.408,MEDIUM
CR-2024-001585,2024-05-17 09:22:45,ROBBERY,STRONGARM ROBBERY,41.86357657090746,-87.71595156854967,APARTMENT,False,False,D-12,W-50,0.10891495952366484,0.8911,CRITICAL
CR-2023-003687,2024-07-17 15:05:09,NARCOTICS,SALE/MANUFACTURE,41.88515724494194,-87.60021483281378,PARKING LOT,False,False,D-12,W-11,0.6522601424726128,0.2318,LOW
CR-2024-002815,2025-09-29 14:23:10,BATTERY,SIMPLE BATTERY,41.93359019787336,-87.63800351123018,APARTMENT,False,False,D-06,W-44,0.7626706965001336,0.2373,LOW
CR-2024-000403,2024-10-11 22:09:16,BATTERY,AGGRAVATED BATTERY,41.88143200657451,-87.63698122932496,RESIDENCE,True,False,D-05,W-48,0.6635649548191563,0.3364,MEDIUM
CR-2023-000279,2023-11-13 03:22:09,ASSAULT,AGGRAVATED ASSAULT,41.88401678213568,-87.6361147672123,APARTMENT,False,False,D-02,W-37,0.19302141269782797,0.807,CRITICAL
CR-2025-000485,2023-11-27 00:05:41,NARCOTICS,POSSESSION OF COCAINE,41.78210261037277,-87.64602629143688,ALLEY,True,False,D-07,W-11,0.8095577448833601,0.127,LOW
CR-2024-004909,2025-07-04 07:49:48,BATTERY,DOMESTIC BATTERY,41.92661314724576,-87.63313110796554,PARKING LOT,False,False,D-06,W-16,0.687296987010663,0.3127,MEDIUM
CR-2023-002370,2023-12-11 22:41:25,OTHER OFFENSE,DUPLICATE ID TEST RECORD,41.88588306770661,-87.6223629246846,PARKING LOT,False,False,D-15,W-40,0.33453774939817393,0.3105,MEDIUM
CR-2025-003326,2025-06-28 05:55:10,CRIMINAL DAMAGE,GRAFFITI,41.86685876019565,-87.62473350851418,RESIDENCE,False,False,D-05,W-40,0.10658858296085773,0.4169,MEDIUM
CR-2024-000253,2025-02-16 18:23:39,BURGLARY,RESIDENTIAL,41.93655212151522,-87.67257981539359,APARTMENT,False,False,D-06,W-24,0.13972274813986246,0.5735,HIGH
CR-2023-001401,2023-09-19 17:04:01,BURGLARY,RESIDENTIAL,41.95539600049136,-87.67538109193684,PARKING LOT,False,False,D-06,W-49,0.16916925314480757,0.5539,HIGH
CR-2025-002741,2025-08-27 21:03:09,NARCOTICS,SALE/MANUFACTURE,41.78096932259464,-87.62808042917065,PARKING LOT,True,False,D-12,W-03,0.6485667358606689,0.2343,LOW
CR-2023-000273,2024-06-08 01:38:45,BATTERY,SIMPLE BATTERY,41.89098729828925,-87.73055481694877,APARTMENT,True,False,D-14,W-06,0.8032715623580725,0.1967,LOW
CR-2025-003638,2024-11-16 01:59:35,BATTERY,AGGRAVATED BATTERY,41.75253238862585,-87.63068075767991,PARKING LOT,False,False,D-15,W-35,0.7509210693854271,0.2491,LOW
CR-2025-001949,2025-04-24 10:57:07,ASSAULT,SIMPLE ASSAULT,41.88454011234203,-87.62410540527421,SIDEWALK,False,True,D-10,W-33,0.1493208807087159,0.8507,CRITICAL
CR-2024-000334,2024-08-16 20:35:02,NARCOTICS,SALE/MANUFACTURE,41.838335452874105,-87.61342739722117,COMMERCIAL BUILDING,False,False,D-06,W-32,0.7369060017526121,0.1754,LOW
CR-2024-001459,2025-12-29 20:50:51,BATTERY,SIMPLE BATTERY,41.8823652157117,-87.70357430792647,COMMERCIAL BUILDING,True,False,D-14,W-49,0.8633616607775904,0.1366,LOW
CR-2024-004483,2024-11-20 19:35:15,CRIMINAL DAMAGE,TO VEHICLE,41.94113375983223,-87.6493685464661,COMMERCIAL BUILDING,False,False,D-05,W-21,0.09599064358178028,0.4219,MEDIUM
CR-2024-000589,2024-05-24 03:03:57,THEFT,FROM BUILDING,41.86327113339274,-87.64635383975823,ALLEY,False,False,D-12,W-46,0.14551920327358406,0.3988,MEDIUM
CR-2025-003230,2023-06-16 17:23:08,MOTOR VEHICLE THEFT,MOTORCYCLE,41.87238854894208,-87.64884197899019,STREET,False,False,D-04,W-07,0.2188024799524457,0.5208,HIGH
CR-2023-000939,2024-10-23 01:25:18,THEFT,PETTY THEFT,41.91473123615558,-87.67141740132992,SIDEWALK,False,False,D-04,W-44,0.1834093950748984,0.3811,MEDIUM
CR-2023-002979,2023-09-17 08:05:29,BURGLARY,FORCIBLE ENTRY,41.9394869939394,-87.61422362619827,RESIDENCE,False,False,D-10,W-45,0.11990583188023911,0.5867,HIGH
CR-2023-003540,2025-05-27 23:13:03,THEFT,PETTY THEFT,41.95525852754643,-87.63043061743308,PARKING LOT,False,False,D-14,W-31,0.1658389117858031,0.3893,MEDIUM
CR-2023-003507,2023-01-21 15:33:51,CRIMINAL DAMAGE,GRAFFITI,41.87346400644893,-87.62372764886788,PARK,True,False,D-12,W-17,0.1584469682636228,0.3927,MEDIUM
CR-2024-004243,2025-08-23 02:28:51,BURGLARY,FORCIBLE ENTRY,41.88435642986635,-87.64456950530527,COMMERCIAL BUILDING,False,False,D-09,W-37,0.11586998862593313,0.5894,HIGH
CR-2024-000640,2025-05-23 23:08:53,MOTOR VEHICLE THEFT,TRUCK,41.883003736286085,-87.72964445705485,ALLEY,False,False,D-05,W-06,0.13079089454549772,0.5795,HIGH
CR-2023-002838,2024-01-26 10:49:35,MOTOR VEHICLE THEFT,TRUCK,41.95199244545264,-87.62839704759095,PARKING LOT,False,False,D-10,W-46,0.23799012108826967,0.508,HIGH
CR-2025-005792,2025-08-13 18:45:36,THEFT,FROM BUILDING,41.890597179491735,-87.7074012880267,ALLEY,False,False,D-02,W-29,0.09812463107658274,0.4209,MEDIUM
CR-2024-004609,2023-08-19 11:00:49,CRIMINAL DAMAGE,TO VEHICLE,41.86439711589828,-87.73434207666249,PARK,False,False,D-09,W-48,0.15850730090840245,0.3927,MEDIUM
CR-2023-003306,2024-06-04 09:14:43,CRIMINAL DAMAGE,TO PROPERTY,41.92387641284375,-87.61136707890041,STREET,False,False,D-02,W-04,0.1263284696047635,0.4077,MEDIUM
CR-2025-002939,2023-07-29 13:24:27,BURGLARY,FORCIBLE ENTRY,41.75846479663964,-87.62096771323107,ALLEY,False,False,D-05,W-25,0.09367192055848102,0.6042,HIGH
CR-2023-004467,2024-07-21 13:48:57,NARCOTICS,POSSESSION OF HEROIN,41.96093754127058,-87.65627531303686,RESIDENCE,True,False,D-02,W-20,0.7138264063904068,0.1908,LOW
CR-2025-004550,2024-05-17 10:48:43,PETTY THEFT,FORCIBLE ENTRY,41.77037267669646,-87.60345092112351,APARTMENT,False,False,D-15,W-50,0.2061048272401467,0.3705,MEDIUM
CR-2025-005573,2023-10-16 01:21:13,CRIMINAL DAMAGE,TO VEHICLE,41.86811220106506,-87.72073588417481,SIDEWALK,True,False,D-13,W-30,0.13006002898946054,0.406,MEDIUM
CR-2023-000072,2024-09-27 23:21:49,ASSAULT,SIMPLE ASSAULT,41.95359765588497,-87.63966354256445,ALLEY,False,True,D-13,W-23,0.1253782145304229,0.8746,CRITICAL
CR-2023-002007,2025-08-24 04:35:41,MOTOR VEHICLE THEFT,AUTOMOBILE,41.77692331645338,-87.6434781027409,ALLEY,False,False,D-05,W-23,0.14872996247666392,0.5675,HIGH
CR-2025-004442,2023-08-10 22:32:07,BURGLARY,COMMERCIAL,41.90416977477685,-87.62336548077178,APARTMENT,False,False,D-01,W-07,0.11765678643482301,0.5882,HIGH
CR-2023-005877,2025-12-05 19:59:09,NARCOTICS,POSSESSION OF COCAINE,41.869811597309045,-87.70466222803638,PARKING LOT,True,False,D-15,W-05,0.6957612899094818,0.2028,LOW
CR-2024-001144,2025-03-31 11:02:24,ASSAULT,SIMPLE ASSAULT,41.86913734707963,-87.60846445207453,PARKING LOT,False,False,D-08,W-09,0.1695886049864603,0.8304,CRITICAL
CR-2023-000567,2024-10-12 10:36:27,CRIMINAL DAMAGE,GRAFFITI,41.87620518056477,-87.7095464309708,APARTMENT,False,False,D-01,W-37,0.18539932782503454,0.3801,MEDIUM
CR-2025-002687,2024-06-28 06:23:24,CRIMINAL DAMAGE,TO PROPERTY,41.78969079074094,-87.61050811329706,APARTMENT,False,False,D-07,W-41,0.1428122475572637,0.4,MEDIUM
CR-2023-004542,2024-02-09 00:21:21,ROBBERY,ARMED ROBBERY,41.89873395446457,-87.63586142967749,APARTMENT,False,False,D-12,W-43,0.14847084817116982,0.8515,CRITICAL
CR-2024-000466,2023-11-18 03:26:30,BATTERY,AGGRAVATED BATTERY,41.85453574979251,-87.76647850721916,APARTMENT,True,True,D-07,W-46,0.8642337335392692,0.1358,LOW
CR-2024-002260,2025-07-06 06:52:00,BATTERY,AGGRAVATED BATTERY,41.87182130328692,-87.70756200591414,ALLEY,True,True,D-14,W-41,0.8398996857954814,0.1601,LOW
CR-2023-003123,2024-11-07 10:28:38,BATTERY,AGGRAVATED BATTERY,41.88616118004231,-87.62016548147484,APARTMENT,True,False,D-13,W-03,0.7334462535286186,0.2666,MEDIUM
CR-2025-001907,2024-06-07 19:26:58,CRIMINAL DAMAGE,TO VEHICLE,41.9231100318609,-87.69116212905068,PARKING LOT,False,False,D-07,W-23,0.10107828310421939,0.4195,MEDIUM
CR-2024-001570,2025-07-25 08:43:04,BURGLARY,FORCIBLE ENTRY,41.89080156162825,-87.66170841130527,RESIDENCE,False,False,D-02,W-48,0.10868501874273752,0.5942,HIGH
CR-2023-002463,2025-07-06 00:45:15,ASSAULT,AGGRAVATED ASSAULT,41.7676864290868,-87.62303612615567,ALLEY,False,False,D-10,W-11,0.13818963848359497,0.8618,CRITICAL
CR-2023-002685,2023-12-25 23:06:10,ROBBERY,STRONGARM ROBBERY,41.74784383666127,-87.65713967785081,PARK,False,False,D-02,W-19,0.20964808696184362,0.7904,CRITICAL
CR-2025-002570,2025-11-26 09:34:42,CRIMINAL DAMAGE,TO VEHICLE,41.86948848987075,-87.62175379150163,COMMERCIAL BUILDING,True,False,D-04,W-13,0.13571211536943906,0.4033,MEDIUM
CR-2024-000655,2024-10-03 20:29:45,MOTOR VEHICLE THEFT,MOTORCYCLE,41.9478994608251,-87.63894467401599,ALLEY,False,False,D-02,W-25,0.12683639196467197,0.5821,HIGH
CR-2024-000034,2023-08-10 18:19:36,NARCOTICS,POSSESSION OF COCAINE,41.88710944845086,-87.7385121555829,APARTMENT,True,False,D-11,W-16,0.6000097987931029,0.2667,MEDIUM
CR-2023-001452,2023-07-02 19:18:36,NARCOTICS,POSSESSION OF COCAINE,41.918056526066565,-87.64028841664957,SIDEWALK,True,False,D-12,W-33,0.7034179447284941,0.1977,LOW
CR-2025-001535,2024-11-01 13:12:47,NARCOTICS,POSSESSION OF HEROIN,41.8590600425518,-87.60426228012805,SIDEWALK,True,False,D-07,W-33,0.7859118131409171,0.1427,LOW
CR-2023-003873,2024-03-23 03:20:59,ASSAULT,SIMPLE ASSAULT,41.89938553417051,-87.62539971945516,STREET,False,True,D-14,W-49,0.3667737159868035,0.6332,HIGH
CR-2025-003425,2023-03-25 09:14:32,PETTY THEFT,MOTORCYCLE,41.86129373121596,-87.64112299294858,STREET,False,True,D-12,W-31,0.3327532039987533,0.3114,MEDIUM
CR-2024-000685,2025-07-20 13:18:02,BATTERY,AGGRAVATED BATTERY,41.944941078801534,-87.62106583039716,STREET,False,False,D-05,W-28,0.8383484231321299,0.1617,LOW
CR-2023-000597,2024-08-18 07:59:22,PETTY THEFT,GRAFFITI,41.91654012532937,-87.64649050524079,COMMERCIAL BUILDING,False,False,D-15,W-17,0.3452399041775973,0.3056,MEDIUM
CR-2024-000892,2023-07-24 02:14:59,BURGLARY,RESIDENTIAL,41.95004879505869,-87.68445102998929,PARKING LOT,False,False,D-09,W-45,0.1062689283228078,0.5958,HIGH
CR-2024-004192,2024-10-02 17:47:18,BURGLARY,RESIDENTIAL,41.88282172527067,-87.75314783604874,COMMERCIAL BUILDING,False,False,D-07,W-24,0.1576083075253791,0.5616,HIGH
CR-2023-001398,2024-08-31 01:05:02,BURGLARY,COMMERCIAL,41.95986255626482,-87.69101732983867,ALLEY,False,False,D-02,W-46,0.15915694036767486,0.5606,HIGH
CR-2024-001627,2023-11-21 12:38:05,CRIMINAL DAMAGE,GRAFFITI,41.88361429760315,-87.62757865870303,SIDEWALK,False,False,D-13,W-31,0.12413318613162592,0.4087,MEDIUM
CR-2025-004478,2024-02-08 01:52:50,ASSAULT,SIMPLE ASSAULT,41.925141220262944,-87.6624483009634,APARTMENT,False,True,D-04,W-24,0.23781570272319602,0.7622,CRITICAL
CR-2025-003203,2024-07-15 18:34:22,BATTERY,SIMPLE BATTERY,41.876866194504935,-87.62520323705556,SIDEWALK,True,False,D-03,W-21,0.7244854883826493,0.2755,MEDIUM
CR-2024-000967,2025-05-01 15:43:37,MOTOR VEHICLE THEFT,AUTOMOBILE,42.00128686694034,-87.6853594065679,ALLEY,True,True,D-03,W-47,0.11833601223901298,0.5878,HIGH
CR-2024-005602,2023-07-31 03:13:32,MOTOR VEHICLE THEFT,MOTORCYCLE,41.97571120740864,-87.65622993162253,ALLEY,False,False,D-10,W-24,0.17791575634240342,0.5481,HIGH
CR-2023-005424,2024-12-27 20:05:08,BATTERY,SIMPLE BATTERY,41.87386812585294,-87.63926295266026,RESIDENCE,True,True,D-13,W-41,0.6642990164395185,0.3357,MEDIUM
CR-2023-004566,2024-08-03 22:32:53,ROBBERY,STRONGARM ROBBERY,41.88176147665254,-87.62569133369729,PARKING LOT,False,False,D-02,W-22,0.1604093838651477,0.8396,CRITICAL
CR-2023-002625,2025-02-19 18:53:08,MOTOR VEHICLE THEFT,MOTORCYCLE,41.86361326050704,-87.63787860509946,RESIDENCE,False,False,D-11,W-24,0.1131487522252214,0.5912,HIGH
CR-2024-004264,2025-12-11 13:17:27,BATTERY,DOMESTIC BATTERY,41.89325568969925,-87.63648636189696,PARKING LOT,True,True,D-09,W-27,0.7257369327459755,0.2743,MEDIUM
CR-2025-002642,2024-06-17 20:15:34,NARCOTICS,SALE/MANUFACTURE,41.980775752793214,-87.64698346741089,COMMERCIAL BUILDING,False,False,D-09,W-05,0.6964348476488597,0.2024,LOW
CR-2023-003240,2025-04-16 22:43:36,ASSAULT,SIMPLE ASSAULT,41.96226435203317,-87.69585354543341,PARK,False,False,D-11,W-09,0.09921524611091816,0.9008,CRITICAL
CR-2023-004887,2025-10-20 10:31:43,BATTERY,SIMPLE BATTERY,41.942358059179504,-87.62355198795169,STREET,True,True,D-09,W-12,0.7679827927288826,0.232,LOW
CR-2025-005012,2023-07-30 06:44:18,THEFT,PETTY THEFT,41.88958156241563,-87.60763419557047,RESIDENCE,False,False,D-04,W-15,0.1837069494304056,0.3809,MEDIUM
CR-2025-004121,2023-10-28 19:03:41,NARCOTICS,POSSESSION OF COCAINE,41.94492252359371,-87.62852815723409,ALLEY,False,False,D-08,W-04,0.6962406967552067,0.2025,LOW
CR-2025-000167,2024-09-21 03:15:26,MOTOR VEHICLE THEFT,AUTOMOBILE,41.89815215520152,-87.72954703286705,RESIDENCE,False,False,D-15,W-15,0.15568776768018397,0.5629,HIGH
CR-2023-003180,2025-09-05 23:01:47,MOTOR VEHICLE THEFT,AUTOMOBILE,41.96636719136694,-87.63280446560029,PARK,False,False,D-08,W-18,0.13526678972552622,0.5765,HIGH
CR-2024-002692,2025-03-06 16:15:02,BURGLARY,FORCIBLE ENTRY,41.89576135188625,-87.72648247238597,STREET,True,False,D-11,W-45,0.10005744923494622,0.6,HIGH
CR-2025-001700,2024-06-08 22:27:56,ASSAULT,SIMPLE ASSAULT,41.791185736318006,-87.61475599107004,STREET,False,True,D-08,W-09,0.15765969542543398,0.8423,CRITICAL
CR-2025-001661,2024-04-25 14:23:02,CRIMINAL DAMAGE,TO VEHICLE,41.74017598687367,-87.62255060046948,ALLEY,False,True,D-03,W-25,0.1356535599920207,0.4034,MEDIUM
CR-2025-000071,2023-03-28 13:58:04,ROBBERY,STRONGARM ROBBERY,41.91625033530877,-87.65160732282935,COMMERCIAL BUILDING,False,False,D-06,W-11,0.16715110028955626,0.8328,CRITICAL
CR-2023-002898,2025-10-02 23:04:13,BURGLARY,FORCIBLE ENTRY,41.92457449151107,-87.63367262707048,ALLEY,False,False,D-02,W-33,0.11921176079073917,0.5872,HIGH
CR-2023-004530,2025-12-04 11:34:20,ASSAULT,AGGRAVATED ASSAULT,41.77634742352772,-87.6280611730835,STREET,False,False,D-15,W-10,0.13031002211276096,0.8697,CRITICAL
CR-2024-005275,2025-03-28 23:10:58,CRIMINAL DAMAGE,TO PROPERTY,41.86819207677456,-87.75228841349544,ALLEY,False,False,D-02,W-18,0.14513885208616806,0.3989,MEDIUM
CR-2023-002067,2025-09-29 14:50:31,BURGLARY,COMMERCIAL,41.94618374879442,-87.66306486107042,PARK,True,True,D-11,W-47,0.06135929298956897,0.6258,HIGH
CR-2023-002310,2024-12-14 14:33:46,BATTERY,AGGRAVATED BATTERY,41.87243454502335,-87.69582792217857,ALLEY,True,False,D-04,W-21,0.820923426455068,0.1791,LOW
CR-2024-003382,2025-03-13 05:28:17,MOTOR VEHICLE THEFT,TRUCK,41.84624010772812,-87.62359575613642,SIDEWALK,True,False,D-02,W-19,0.1723358006591778,0.5518,HIGH
CR-2023-002166,2025-09-04 23:45:08,BURGLARY,FORCIBLE ENTRY,41.894185199365225,-87.72331036825224,ALLEY,False,False,D-04,W-04,0.10761372817281666,0.5949,HIGH
CR-2024-002866,2023-09-19 20:22:12,ROBBERY,ARMED ROBBERY,41.80447103678877,-87.63376115464824,PARKING LOT,False,False,D-14,W-32,0.224639139471864,0.7754,CRITICAL
CR-2024-005491,2024-12-30 21:49:38,MOTOR VEHICLE THEFT,MOTORCYCLE,41.87200956268381,-87.62174230278188,STREET,False,False,D-06,W-50,0.11403554311155667,0.5906,HIGH
CR-2024-004162,2025-12-06 22:21:58,BATTERY,AGGRAVATED BATTERY,41.94971577297298,-87.6220413710562,APARTMENT,True,False,D-10,W-25,0.6557137129580772,0.3443,MEDIUM
CR-2024-000031,2023-10-05 14:16:24,ROBBERY,ARMED ROBBERY,41.92627330051988,-87.67922413248161,PARKING LOT,False,False,D-13,W-27,0.14374829885689153,0.8563,CRITICAL
CR-2024-001756,2025-03-20 13:44:56,BURGLARY,COMMERCIAL,41.982640805680354,-87.69025273019656,PARKING LOT,False,False,D-06,W-28,0.16521003607888138,0.5565,HIGH
CR-2023-004299,2025-05-20 15:06:31,BURGLARY,RESIDENTIAL,41.86207218868877,-87.62461878727534,ALLEY,False,False,D-10,W-30,0.08179005060845047,0.6121,HIGH
CR-2023-005172,2023-12-18 22:16:35,MOTOR VEHICLE THEFT,MOTORCYCLE,41.88736142946392,-87.6399012135934,PARKING LOT,False,False,D-02,W-13,0.14113670884795246,0.5726,HIGH
CR-2024-000430,2023-09-22 22:33:07,CRIMINAL DAMAGE,TO PROPERTY,41.95245846041703,-87.68561488229994,RESIDENCE,False,False,D-02,W-39,0.08094554240189883,0.4289,MEDIUM
CR-2025-000056,2024-03-24 20:16:43,ASSAULT,SIMPLE ASSAULT,41.88168414377894,-87.68256164197527,STREET,False,False,D-10,W-24,0.203475660559964,0.7965,CRITICAL
CR-2023-002967,2023-03-25 06:24:52,CRIMINAL DAMAGE,TO VEHICLE,41.90320162828435,-87.62317379895434,PARKING LOT,False,False,D-04,W-12,0.16911561789513882,0.3877,MEDIUM
CR-2025-000935,2024-07-30 12:45:28,ASSAULT,AGGRAVATED ASSAULT,41.75125738328785,-87.63437302575723,COMMERCIAL BUILDING,False,False,D-06,W-02,0.19131400629221454,0.8087,CRITICAL
CR-2023-003189,2025-06-29 02:45:06,NARCOTICS,POSSESSION OF HEROIN,41.891698162356654,-87.62871621927644,ALLEY,True,False,D-15,W-49,0.8105177807202864,0.1263,LOW
CR-2025-001862,2023-07-13 05:41:58,BURGLARY,RESIDENTIAL,41.86940337350002,-87.71641072350288,SIDEWALK,False,False,D-02,W-08,0.13665556666312997,0.5756,HIGH
CR-2024-000880,2024-01-27 23:08:36,ASSAULT,SIMPLE ASSAULT,41.910119361528686,-87.71354170516071,APARTMENT,True,True,D-04,W-48,0.23773071412408092,0.7623,CRITICAL
CR-2023-004446,2025-04-04 19:52:49,THEFT,FROM BUILDING,41.864062531553145,-87.64593840743086,PARKING LOT,False,False,D-15,W-14,0.14062003132277517,0.401,MEDIUM
CR-2024-003652,2024-11-13 14:46:40,THEFT,PETTY THEFT,41.884943742327934,-87.67546984808865,STREET,False,False,D-04,W-08,0.19119508725016113,0.3774,MEDIUM
CR-2024-003463,2025-06-06 10:34:13,CRIMINAL DAMAGE,GRAFFITI,41.87841639121776,-87.64676600853254,RESIDENCE,False,False,D-10,W-48,0.09938766633661437,0.4203,MEDIUM
CR-2025-003482,2024-12-04 21:53:48,ROBBERY,ARMED ROBBERY,41.88411138465761,-87.71722538331709,PARK,False,False,D-11,W-13,0.10117536383133069,0.8988,CRITICAL
CR-2023-003309,2025-10-27 18:19:52,ROBBERY,STRONGARM ROBBERY,41.91962559797887,-87.65980525284982,SIDEWALK,False,False,D-12,W-15,0.1356077290315819,0.8644,CRITICAL
CR-2023-002319,2024-02-25 23:12:16,THEFT,GRAND THEFT,41.90805322403755,-87.71194651849967,ALLEY,False,True,D-04,W-32,0.24580504551397248,0.352,MEDIUM
CR-2025-003746,2023-12-11 19:09:52,CRIMINAL DAMAGE,GRAFFITI,41.76383439238464,-87.62895542397239,ALLEY,False,False,D-05,W-42,0.0998292059311336,0.4201,MEDIUM
CR-2025-005054,2025-12-19 03:05:06,ROBBERY,STRONGARM ROBBERY,41.87694701889495,-87.61009790258012,APARTMENT,False,False,D-15,W-11,0.13095471628263178,0.869,CRITICAL
CR-2023-000720,2025-03-09 00:20:27,ASSAULT,AGGRAVATED ASSAULT,41.795472031716685,-87.59966315356287,PARKING LOT,False,False,D-04,W-50,0.16926435820928018,0.8307,CRITICAL
CR-2025-001802,2023-09-02 02:25:16,BURGLARY,COMMERCIAL,41.798453250038285,-87.6487724845417,ALLEY,False,False,D-14,W-33,0.20082856227673937,0.5328,HIGH
CR-2024-002740,2025-08-18 01:56:56,BURGLARY,FORCIBLE ENTRY,41.90749755882118,-87.62304080425854,COMMERCIAL BUILDING,False,False,D-01,W-20,0.11380710020806212,0.5908,HIGH
CR-2023-003291,2024-01-10 03:31:38,ASSAULT,SIMPLE ASSAULT,41.874050721547626,-87.65295176414779,PARK,False,False,D-04,W-32,0.2754896642220949,0.7245,HIGH
CR-2024-003505,2023-04-08 09:09:01,CRIMINAL DAMAGE,TO PROPERTY,41.88247068477224,-87.62931722369446,SIDEWALK,False,False,D-10,W-40,0.14644589902759628,0.3983,MEDIUM
CR-2023-003447,2025-04-08 12:39:31,BURGLARY,FORCIBLE ENTRY,41.8674867157206,-87.63788185456865,ALLEY,False,False,D-10,W-15,0.11822506980880837,0.5878,HIGH
CR-2025-003734,2023-03-08 09:45:53,BATTERY,DOMESTIC BATTERY,41.87177964788345,-87.62047979890046,PARK,True,False,D-04,W-28,0.8586224075064698,0.1414,LOW
CR-2023-001428,2025-05-22 05:52:51,BURGLARY,FORCIBLE ENTRY,41.86733121663879,-87.6332578693777,ALLEY,True,False,D-03,W-21,0.10997623225754762,0.5933,HIGH
CR-2023-003255,2023-07-18 01:19:51,BATTERY,DOMESTIC BATTERY,41.97942490532856,-87.63765427014802,COMMERCIAL BUILDING,False,True,D-09,W-34,0.7112342632474862,0.2888,MEDIUM
CR-2024-003982,2023-02-16 23:29:10,ASSAULT,SIMPLE ASSAULT,41.86971254247412,-87.63670460143862,ALLEY,False,False,D-11,W-07,0.1399868088503695,0.86,CRITICAL
CR-2024-000988,2024-08-16 21:52:52,BATTERY,DOMESTIC BATTERY,41.90083402895975,-87.7098445236818,SIDEWALK,True,False,D-13,W-08,0.6993337136981708,0.3007,MEDIUM
CR-2025-005414,2025-01-10 19:30:57,ASSAULT,AGGRAVATED ASSAULT,41.86980813623683,-87.63872958546541,APARTMENT,False,False,D-04,W-37,0.2175147428228748,0.7825,CRITICAL
CR-2025-000902,2023-06-16 02:30:51,BATTERY,AGGRAVATED BATTERY,41.7338215080936,-87.66860339857514,PARKING LOT,True,False,D-10,W-02,0.8082297006091885,0.1918,LOW
CR-2023-000798,2025-06-28 10:17:29,BURGLARY,RESIDENTIAL,41.79437885652513,-87.57756261325721,PARK,False,False,D-06,W-02,0.13850789257251123,0.5743,HIGH
CR-2024-001402,2023-07-15 20:30:35,NARCOTICS,POSSESSION OF COCAINE,41.87666803629367,-87.656443695002,RESIDENCE,True,False,D-11,W-33,0.6422014882316274,0.2385,LOW
CR-2024-001648,2025-12-09 01:09:45,MOTOR VEHICLE THEFT,AUTOMOBILE,41.82080982568021,-87.65263767199858,ALLEY,False,False,D-05,W-29,0.10383593580367105,0.5974,HIGH
CR-2025-000506,2023-07-23 10:58:55,ASSAULT,AGGRAVATED ASSAULT,41.83078152181563,-87.64622969545225,STREET,False,False,D-13,W-34,0.16105026130636477,0.8389,CRITICAL
CR-2024-000337,2024-04-22 02:09:31,THEFT,RETAIL THEFT,41.85526478949508,-87.74090070037664,STREET,False,False,D-01,W-12,0.17836034161658873,0.3834,MEDIUM
CR-2025-001304,2025-06-07 00:08:46,BATTERY,DOMESTIC BATTERY,41.96634132393774,-87.62980249917442,SIDEWALK,False,False,D-10,W-08,0.737391967766964,0.2626,MEDIUM
CR-2023-002478,2023-12-22 11:20:58,CRIMINAL DAMAGE,,41.77400753672133,-87.60249775650229,APARTMENT,False,False,D-07,W-12,0.1353759893066739,0.4035,MEDIUM
CR-2024-001405,2025-05-28 00:46:03,NARCOTICS,POSSESSION OF COCAINE,41.94606468168409,-87.66801115682809,APARTMENT,True,False,D-06,W-29,0.5885606599603407,0.2743,MEDIUM
CR-2025-005606,2023-05-12 05:53:27,THEFT,PETTY THEFT,41.96190981694531,-87.64374966090786,APARTMENT,False,False,D-10,W-42,0.11705315685186804,0.412,MEDIUM
CR-2024-002083,2024-02-07 02:32:05,ASSAULT,AGGRAVATED ASSAULT,41.942452478415134,-87.66022766805028,SIDEWALK,False,True,D-08,W-35,0.14935794469606822,0.8506,CRITICAL
CR-2024-001135,2025-03-22 15:00:35,MOTOR VEHICLE THEFT,TRUCK,41.78759191208846,-87.64118071410284,PARK,False,False,D-10,W-37,0.16657099173737708,0.5556,HIGH
CR-2025-005678,2023-04-01 20:37:55,BATTERY,DOMESTIC BATTERY,41.78023460681197,-87.61329742575417,RESIDENCE,True,True,D-14,W-04,0.7042099524332895,0.2958,MEDIUM
CR-2025-004265,2023-02-14 10:20:02,THEFT,RETAIL THEFT,41.93076078471466,-87.68415429572005,COMMERCIAL BUILDING,True,False,D-12,W-17,0.16340690983570455,0.3904,MEDIUM
CR-2023-004776,2024-03-19 15:18:08,CRIMINAL DAMAGE,GRAFFITI,41.88643739041363,-87.63319791208575,RESIDENCE,False,False,D-05,W-28,0.1423322104348356,0.4002,MEDIUM
CR-2023-004569,2025-11-10 19:41:01,ASSAULT,SIMPLE ASSAULT,41.76362497189776,-87.60909149950628,SIDEWALK,False,False,D-02,W-21,0.16125806844109422,0.8387,CRITICAL
CR-2024-003271,2023-07-19 10:07:24,ASSAULT,AGGRAVATED ASSAULT,41.9133804885119,-87.65884983767548,PARK,False,False,D-11,W-17,0.14978317676149164,0.8502,CRITICAL
CR-2025-000143,2024-05-14 16:10:21,NARCOTICS,POSSESSION OF COCAINE,41.87582322357447,-87.62097524190274,COMMERCIAL BUILDING,True,False,D-11,W-28,0.7189533694393833,0.1874,LOW
CR-2025-001472,2025-05-02 15:25:53,BURGLARY,FORCIBLE ENTRY,41.88296085542333,-87.64701537084724,RESIDENCE,True,False,D-08,W-31,0.08801410824023087,0.608,HIGH
CR-2025-000569,2024-06-16 17:20:13,BATTERY,SIMPLE BATTERY,41.88706100104775,-87.61928240886535,STREET,True,False,D-01,W-40,0.7993603767067692,0.2006,LOW
CR-2024-005536,2024-12-10 04:57:57,ROBBERY,STRONGARM ROBBERY,41.92609747474673,-87.65383561099375,PARKING LOT,True,False,D-14,W-48,0.20472710604682182,0.7953,CRITICAL
CR-2024-001921,2025-07-12 14:41:09,BATTERY,AGGRAVATED BATTERY,41.89278334337836,-87.65037614693895,SIDEWALK,True,True,D-03,W-22,0.7831561380528212,0.2168,LOW
CR-2024-003991,2023-05-13 04:58:31,BURGLARY,COMMERCIAL,41.87700713466739,-87.60146081806744,COMMERCIAL BUILDING,False,False,D-14,W-03,0.1698954524469571,0.5534,HIGH
CR-2024-000292,2023-11-20 10:34:46,BATTERY,SIMPLE BATTERY,41.88082799382588,-87.6260766912055,RESIDENCE,True,False,D-15,W-27,0.7189973337433763,0.281,MEDIUM
CR-2023-000318,2023-05-06 02:08:56,THEFT,GRAND THEFT,41.79947926459905,-87.62716705082029,PARK,False,False,D-10,W-29,0.09294748966031352,0.4233,MEDIUM
CR-2023-001770,2025-01-29 11:21:20,CRIMINAL DAMAGE,GRAFFITI,41.95501702609232,-87.62627997123737,RESIDENCE,False,False,D-08,W-08,0.13545876949743088,0.4035,MEDIUM
CR-2024-005404,2024-11-17 07:21:27,BURGLARY,RESIDENTIAL,41.93559706989812,-87.6451397541789,SIDEWALK,False,True,D-08,W-24,0.15434393278836572,0.5638,HIGH
CR-2023-003777,2024-04-25 15:16:11,THEFT,FROM BUILDING,41.96550403015497,-87.65001419579693,PARKING LOT,False,False,D-03,W-05,0.13990792236741859,0.4014,MEDIUM
CR-2023-004617,2023-12-31 21:22:33,ASSAULT,AGGRAVATED ASSAULT,41.80832501591976,-87.66181168258622,PARKING LOT,False,False,D-01,W-13,0.1755537018772629,0.8244,CRITICAL
CR-2025-002129,2024-08-06 02:29:01,NARCOTICS,POSSESSION OF COCAINE,41.87672440963782,-87.64311654267308,PARKING LOT,True,False,D-12,W-34,0.6409577499549478,0.2394,LOW
CR-2024-004234,2025-11-20 02:02:05,THEFT,PETTY THEFT,41.74867852838448,-87.64314842827231,STREET,False,False,D-12,W-20,0.1371727702631531,0.4027,MEDIUM
CR-2024-005023,2024-07-30 22:30:15,CRIMINAL DAMAGE,TO VEHICLE,41.79017030840829,-87.62375784841065,APARTMENT,False,False,D-08,W-28,0.14393334913899677,0.3995,MEDIUM
CR-2023-005724,2024-11-30 00:37:36,CRIMINAL DAMAGE,GRAFFITI,41.897899682230175,-87.75701551222511,PARKING LOT,False,False,D-11,W-34,0.09755290192311805,0.4211,MEDIUM
CR-2023-005982,2024-11-07 16:41:05,BURGLARY,RESIDENTIAL,41.86572354050082,-87.6291030809027,COMMERCIAL BUILDING,False,False,D-02,W-32,0.12422139371357317,0.5839,HIGH
CR-2024-003433,2023-08-16 23:39:27,ROBBERY,STRONGARM ROBBERY,41.894521977533415,-87.64188987596589,PARKING LOT,False,False,D-10,W-11,0.11932960547945555,0.8807,CRITICAL
CR-2024-003697,2024-08-06 00:51:47,ROBBERY,ARMED ROBBERY,41.8787609385111,-87.65733653134266,SIDEWALK,False,False,D-01,W-16,0.1379288234169805,0.8621,CRITICAL
CR-2024-003040,2023-07-29 15:49:47,ROBBERY,ARMED ROBBERY,41.97937278590048,-87.64889566844101,PARK,True,False,D-14,W-45,0.21220881251623253,0.7878,CRITICAL
CR-2025-005222,2024-05-20 10:33:52,CRIMINAL DAMAGE,GRAFFITI,41.791068537553954,-87.62406716469275,STREET,False,False,D-01,W-36,0.15972758422083067,0.3921,MEDIUM
CR-2024-001516,2024-10-04 12:03:38,CRIMINAL DAMAGE,TO VEHICLE,41.79023771781386,-87.65355735085637,PARK,False,False,D-12,W-22,0.13805574322118883,0.4022,MEDIUM
CR-2024-000394,2024-04-27 09:56:10,MOTOR VEHICLE THEFT,MOTORCYCLE,41.877047514328126,-87.65471441400274,COMMERCIAL BUILDING,False,False,D-02,W-50,0.14204270262500157,0.572,HIGH
CR-2023-000879,2024-08-22 11:37:26,BURGLARY,COMMERCIAL,41.90228417386983,-87.61007628319624,ALLEY,False,False,D-10,W-32,0.12987464088818598,0.5801,HIGH
CR-2023-000393,2025-01-13 21:55:15,MOTOR VEHICLE THEFT,TRUCK,41.89060883231824,-87.62291229881157,COMMERCIAL BUILDING,False,False,D-05,W-06,0.14088732201735038,0.5727,HIGH
CR-2023-005772,2025-06-11 18:31:51,BATTERY,AGGRAVATED BATTERY,41.95212186041752,-87.62937486580503,APARTMENT,True,True,D-08,W-24,0.7376967679609099,0.2623,MEDIUM
CR-2024-005365,2023-04-13 19:56:38,ROBBERY,STRONGARM ROBBERY,41.854545112786205,-87.62474931556869,COMMERCIAL BUILDING,False,False,D-04,W-21,0.16135790947029527,0.8386,CRITICAL
CR-2023-002721,2024-04-20 06:57:04,NARCOTICS,POSSESSION OF COCAINE,41.75763466867621,-87.64252517164458,PARK,True,False,D-15,W-27,0.7722200962073751,0.1519,LOW
CR-2023-004311,2024-04-30 14:19:09,THEFT,RETAIL THEFT,41.873844399074535,-87.6119428752221,PARKING LOT,False,False,D-05,W-01,0.15882836512543405,0.3925,MEDIUM
CR-2024-000454,2024-11-04 05:56:50,THEFT,RETAIL THEFT,41.88778226271712,-87.59735117915042,STREET,False,False,D-08,W-40,0.1863240665878774,0.3797,MEDIUM
CR-2025-005261,2023-06-16 17:31:39,BURGLARY,FORCIBLE ENTRY,41.910559328550285,-87.65654272132939,STREET,False,False,D-06,W-15,0.12943900759401025,0.5804,HIGH
CR-2024-000748,2024-10-20 22:34:37,ASSAULT,SIMPLE ASSAULT,41.91770706437946,-87.70514940784932,PARK,False,True,D-14,W-39,0.16856620163239047,0.8314,CRITICAL
CR-2024-001918,2024-11-08 23:01:09,THEFT,FROM BUILDING,41.896664806362686,-87.62410348545939,ALLEY,False,False,D-09,W-03,0.13290416383124062,0.4046,MEDIUM
CR-2024-003727,2025-07-11 02:22:21,THEFT,RETAIL THEFT,41.8622601528211,-87.64555082184735,SIDEWALK,False,False,D-13,W-43,0.12670255723239243,0.4075,MEDIUM
CR-2023-001287,2025-10-12 10:40:53,MOTOR VEHICLE THEFT,AUTOMOBILE,41.91741189636545,-87.64647950538662,COMMERCIAL BUILDING,False,False,D-07,W-20,0.18595698843556668,0.5427,HIGH
CR-2024-003586,2025-11-29 13:34:15,ROBBERY,ARMED ROBBERY,41.87557370431957,-87.62074531391559,PARK,False,False,D-10,W-28,0.20370620100955553,0.7963,CRITICAL
CR-2025-003377,2024-02-14 12:21:23,THEFT,PETTY THEFT,41.8489764829907,-87.66557358263427,STREET,False,False,D-03,W-34,0.1640772353205331,0.3901,MEDIUM
CR-2024-003895,2025-04-25 02:31:34,BATTERY,SIMPLE BATTERY,41.7817492667032,-87.64883649324709,APARTMENT,True,True,D-15,W-24,0.777304037288656,0.2227,LOW
CR-2024-005281,2023-01-01 21:04:50,CRIMINAL DAMAGE,,41.87866345027072,-87.6320802835845,SIDEWALK,False,True,D-06,W-31,0.16057721247994342,0.3917,MEDIUM
CR-2025-005525,2023-04-03 19:52:23,BURGLARY,FORCIBLE ENTRY,41.8150085852995,-87.67081011314531,APARTMENT,False,False,D-10,W-23,0.08981365262773901,0.6068,HIGH
CR-2024-003439,2025-11-14 09:41:31,MOTOR VEHICLE THEFT,AUTOMOBILE,41.87358761065952,-87.65420967591922,APARTMENT,False,False,D-09,W-20,0.14591384960722473,0.5694,HIGH
CR-2025-000137,2025-07-26 03:00:25,ROBBERY,STRONGARM ROBBERY,41.7543622837238,-87.61744741314342,PARKING LOT,False,False,D-14,W-42,0.18355274949118777,0.8164,CRITICAL
CR-2025-005207,2025-10-26 03:37:22,BURGLARY,RESIDENTIAL,41.878153739027496,-87.63271995542537,SIDEWALK,False,False,D-03,W-28,0.18897733972924802,0.5407,HIGH
CR-2025-005060,2025-05-23 04:21:32,MOTOR VEHICLE THEFT,AUTOMOBILE,41.91564757686359,-87.63705976509401,PARKING LOT,False,False,D-04,W-48,0.1847737438949177,0.5435,HIGH
CR-2024-003262,2024-08-31 20:46:53,THEFT,GRAND THEFT,41.8948953166783,-87.62555420256612,APARTMENT,False,False,D-14,W-47,0.11704492847682452,0.412,MEDIUM
CR-2025-001136,2025-10-29 09:29:15,BURGLARY,,41.93488583841677,-87.65461695165024,PARKING LOT,False,False,D-09,W-35,0.0992997118495166,0.6005,HIGH
CR-2024-000475,2023-09-30 10:48:56,ROBBERY,STRONGARM ROBBERY,41.87448145913216,-87.62451916905229,STREET,False,False,D-07,W-33,0.2339755777722584,0.766,CRITICAL
CR-2025-004370,2024-03-29 13:34:36,CRIMINAL DAMAGE,TO PROPERTY,41.86682981795595,-87.60699862388513,PARK,False,False,D-01,W-33,0.15646977746206248,0.3936,MEDIUM
CR-2025-000245,2025-03-26 23:55:42,BATTERY,DOMESTIC BATTERY,41.87798041038025,-87.60760083791665,RESIDENCE,True,False,D-13,W-22,0.6688658651148451,0.3311,MEDIUM
CR-2025-002714,2024-04-10 01:56:08,BURGLARY,,41.86653199550676,-87.65640954424168,STREET,True,False,D-05,W-28,0.1648350451221031,0.5568,HIGH
CR-2023-004815,2023-02-28 09:45:08,BURGLARY,COMMERCIAL,41.82901058259188,-87.63143277876755,ALLEY,False,False,D-02,W-38,0.18812056758507142,0.5413,HIGH
CR-2024-004183,2023-08-18 05:09:52,BURGLARY,COMMERCIAL,41.88662966924019,-87.62405617434915,PARKING LOT,False,False,D-15,W-27,0.10931425401381911,0.5938,HIGH
CR-2025-000758,2024-12-15 21:33:10,BATTERY,AGGRAVATED BATTERY,41.90080174614864,-87.62033782473168,RESIDENCE,False,False,D-08,W-43,0.7053360953527048,0.2947,MEDIUM
CR-2023-003132,2025-07-24 23:37:56,THEFT,RETAIL THEFT,41.86979305752832,-87.72438623358782,COMMERCIAL BUILDING,False,False,D-12,W-10,0.082769642926834,0.428,MEDIUM
CR-2025-000551,2024-11-18 00:10:34,BATTERY,SIMPLE BATTERY,41.90942562057172,-87.63189384442234,STREET,False,True,D-09,W-13,0.7503675785371695,0.2496,LOW
CR-2023-001524,2025-04-19 06:19:43,CRIMINAL DAMAGE,TO VEHICLE,41.88448234899861,-87.61184129614533,PARK,False,False,D-12,W-34,0.09127905790357943,0.4241,MEDIUM
CR-2024-005173,2024-10-04 22:53:56,ASSAULT,SIMPLE ASSAULT,41.89658047084042,-87.70172728812476,APARTMENT,False,False,D-08,W-25,0.11099624238460032,0.889,CRITICAL
CR-2024-003757,2023-09-20 04:29:14,ASSAULT,SIMPLE ASSAULT,41.92485547165098,-87.64592919676907,STREET,False,False,D-07,W-41,0.20948866442772654,0.7905,CRITICAL
CR-2023-000792,2024-08-15 04:31:51,CRIMINAL DAMAGE,TO PROPERTY,41.95697633000661,-87.64143788785474,SIDEWALK,False,False,D-05,W-44,0.13553641413351986,0.4034,MEDIUM
CR-2025-002879,2023-07-30 16:33:27,MOTOR VEHICLE THEFT,MOTORCYCLE,41.76593333200947,-87.60766996137372,RESIDENCE,True,False,D-10,W-06,0.12070869305249513,0.5862,HIGH
CR-2024-001084,2025-08-27 21:04:20,BURGLARY,COMMERCIAL,41.8745897021134,-87.6228046243833,PARKING LOT,False,False,D-03,W-41,0.09477041523028354,0.6035,HIGH
CR-2025-002804,2024-01-06 01:33:18,CRIMINAL DAMAGE,TO PROPERTY,41.89158003740509,-87.62923455140314,PARK,False,False,D-09,W-07,0.1641555001522078,0.3901,MEDIUM
CR-2024-002899,2025-09-14 12:04:48,MOTOR VEHICLE THEFT,TRUCK,41.958602487225,-87.66828729639228,SIDEWALK,False,False,D-11,W-40,0.14745846409834418,0.5684,HIGH
CR-2023-001911,2025-10-28 06:55:00,MOTOR VEHICLE THEFT,TRUCK,41.77777767424693,-87.62443747423502,PARKING LOT,True,True,D-02,W-01,0.22044367110744398,0.5197,HIGH
CR-2023-004902,2024-07-06 03:12:06,NARCOTICS,SALE/MANUFACTURE,41.96485145842401,-87.68153087932073,COMMERCIAL BUILDING,False,False,D-12,W-47,0.5962805409250601,0.2691,MEDIUM
CR-2025-005660,2025-08-26 04:40:40,ROBBERY,ARMED ROBBERY,41.7884130076329,-87.6117324777663,APARTMENT,False,False,D-09,W-16,0.1105179039852897,0.8895,CRITICAL
CR-2023-001959,2023-06-15 23:37:37,ASSAULT,,41.80263986428411,-87.63048537953182,PARKING LOT,False,False,D-12,W-04,0.0862553607913489,0.9137,CRITICAL
CR-2024-003670,2025-05-29 02:17:30,BURGLARY,COMMERCIAL,41.76390900012947,-87.61870117502346,ALLEY,False,False,D-10,W-39,0.07320888603519794,0.6179,HIGH
CR-2023-004884,2023-09-13 19:19:42,BURGLARY,RESIDENTIAL,41.89325856890573,-87.75882795237965,RESIDENCE,False,False,D-03,W-12,0.09323800685376911,0.6045,HIGH
CR-2023-001719,2023-04-20 06:08:15,BURGLARY,COMMERCIAL,41.92263384765073,-87.64944569035715,SIDEWALK,False,False,D-15,W-03,0.11945764474886797,0.587,HIGH
CR-2024-002101,2024-08-20 09:41:19,CRIMINAL DAMAGE,TO PROPERTY,41.75426150998198,-87.65324359299088,COMMERCIAL BUILDING,True,False,D-01,W-41,0.1788898962964703,0.3832,MEDIUM
CR-2024-003166,2024-08-06 11:33:52,CRIMINAL DAMAGE,GRAFFITI,41.87145104802774,-87.63412862675732,PARK,False,False,D-09,W-19,0.12186493636720355,0.4098,MEDIUM
CR-2024-004510,2024-07-26 23:57:15,THEFT,RETAIL THEFT,41.88092946622352,-87.60567899129241,RESIDENCE,False,False,D-12,W-34,0.06684066256041712,0.4355,MEDIUM
CR-2024-005077,2025-09-15 23:58:56,CRIMINAL DAMAGE,TO VEHICLE,41.78082696528454,-87.60260764377793,PARKING LOT,False,False,D-07,W-49,0.2052172705623353,0.3709,MEDIUM
CR-2023-002058,2024-01-05 00:09:15,BATTERY,AGGRAVATED BATTERY,41.87445951878262,-87.65815015256774,ALLEY,False,True,D-14,W-26,0.8693873059189997,0.1306,LOW
CR-2024-002515,2024-06-16 10:51:47,NARCOTICS,POSSESSION OF HEROIN,41.85834955567145,-87.70432190950636,APARTMENT,False,False,D-14,W-11,0.8173447756009483,0.1218,LOW
CR-2024-001387,2025-10-11 03:08:50,BATTERY,DOMESTIC BATTERY,41.76662115632145,-87.63612188733424,STREET,False,True,D-08,W-43,0.7990806200114504,0.2009,LOW
CR-2025-000185,2024-06-27 21:15:06,THEFT,RETAIL THEFT,41.94889020348518,-87.64534003417509,PARK,False,False,D-07,W-06,0.12848977656979818,0.4067,MEDIUM
CR-2024-001636,2024-09-30 09:32:31,CRIMINAL DAMAGE,GRAFFITI,41.800935188223086,-87.61097161593636,PARKING LOT,False,False,D-12,W-19,0.12161003962669131,0.4099,MEDIUM
CR-2025-002438,2025-12-04 02:34:10,ASSAULT,AGGRAVATED ASSAULT,41.7453981982219,-87.61819458273102,COMMERCIAL BUILDING,False,False,D-14,W-08,0.21471189614571012,0.7853,CRITICAL
CR-2025-000038,2024-07-08 09:07:46,CRIMINAL DAMAGE,TO PROPERTY,41.879405706023576,-87.634285110257,RESIDENCE,False,False,D-05,W-47,0.07324931334931209,0.4325,MEDIUM
CR-2025-004091,2025-06-28 04:39:25,ROBBERY,STRONGARM ROBBERY,41.94836342482312,-87.65250035807357,PARK,False,False,D-08,W-35,0.13534460350996796,0.8647,CRITICAL
CR-2024-003109,2023-04-07 16:46:30,THEFT,GRAND THEFT,41.87411659231223,-87.60924847219584,STREET,False,False,D-03,W-41,0.15768156437312614,0.3931,MEDIUM
CR-2024-002725,2025-02-06 22:57:15,CRIMINAL DAMAGE,GRAFFITI,41.93956302145519,-87.65308227234343,ALLEY,False,False,D-15,W-34,0.09168100237699917,0.4239,MEDIUM
CR-2024-003094,2023-07-22 06:19:50,ROBBERY,ARMED ROBBERY,41.87775424165872,-87.6106213724809,SIDEWALK,False,False,D-13,W-38,0.17754686769627867,0.8225,CRITICAL
CR-2025-004235,2023-08-12 01:25:44,CRIMINAL DAMAGE,TO PROPERTY,41.87696493391015,-87.6067367302145,PARK,False,False,D-05,W-46,0.14863935028099273,0.3973,MEDIUM
CR-2023-000975,2024-08-07 01:07:01,ROBBERY,STRONGARM ROBBERY,41.84868541557228,-87.70418541298714,PARK,False,False,D-05,W-40,0.16661522549491134,0.8334,CRITICAL
CR-2025-001736,2024-08-24 13:03:20,BATTERY,SIMPLE BATTERY,41.87888387735747,-87.64570907599595,STREET,True,False,D-14,W-07,0.8450163729052129,0.155,LOW
CR-2023-003237,2023-08-13 21:48:30,THEFT,PETTY THEFT,41.91180636369584,-87.64298065987906,SIDEWALK,False,True,D-04,W-19,0.18243613141241163,0.3815,MEDIUM
CR-2025-001478,2025-04-01 11:29:52,BURGLARY,RESIDENTIAL,41.96704383128521,-87.66003110574438,COMMERCIAL BUILDING,False,False,D-06,W-08,0.10925593702846144,0.5938,HIGH
CR-2023-003537,2025-06-04 20:16:23,ASSAULT,AGGRAVATED ASSAULT,41.88907847103852,-87.61098221946429,PARKING LOT,False,False,D-04,W-49,0.23572329867924027,0.7643,CRITICAL
CR-2025-003233,2023-12-23 23:59:51,NARCOTICS,POSSESSION OF COCAINE,41.931405581570445,-87.66495967852146,APARTMENT,True,False,D-15,W-45,0.6890282525226654,0.2073,LOW
CR-2025-004457,2023-12-02 12:01:43,BURGLARY,COMMERCIAL,41.77507862520464,-87.61816093849521,PARK,False,False,D-12,W-07,0.10964061939264758,0.5936,HIGH
CR-2023-004293,2025-12-05 11:52:11,NARCOTICS,POSSESSION OF HEROIN,41.914152873547415,-87.76544575584576,RESIDENCE,True,False,D-14,W-01,0.8271902825744563,0.1152,LOW
CR-2025-002441,2023-05-13 10:48:14,BURGLARY,RESIDENTIAL,41.93135226467852,-87.64579268778616,ALLEY,False,False,D-02,W-40,0.16194370140884165,0.5587,HIGH
CR-2023-001605,2025-02-21 00:25:16,CRIMINAL DAMAGE,GRAFFITI,41.9720698733378,-87.67886081734753,PARKING LOT,False,False,D-09,W-17,0.15600913040408626,0.3939,MEDIUM
CR-2023-001992,2025-07-12 06:50:50,BURGLARY,RESIDENTIAL,41.88174323019726,-87.66103148054783,SIDEWALK,False,False,D-08,W-31,0.12286515910756515,0.5848,HIGH
CR-2025-005798,2025-07-14 08:58:40,BATTERY,SIMPLE BATTERY,41.853547972035344,-87.59194940002901,APARTMENT,False,False,D-15,W-04,0.6701391351628403,0.3299,MEDIUM
CR-2024-003088,2025-10-05 01:45:15,ASSAULT,SIMPLE ASSAULT,41.87574462757333,-87.64795241415122,COMMERCIAL BUILDING,False,True,D-11,W-40,0.1574597457224833,0.8425,CRITICAL
CR-2024-005020,2023-08-02 13:09:09,MOTOR VEHICLE THEFT,TRUCK,41.781988230046025,-87.63441829472892,ALLEY,False,False,D-11,W-12,0.11132704786456428,0.5924,HIGH
CR-2024-000406,2025-03-27 02:13:10,NARCOTICS,POSSESSION OF COCAINE,41.89980466826531,-87.62685167835232,RESIDENCE,True,False,D-07,W-48,0.7263377018044446,0.1824,LOW
CR-2025-001880,2024-06-23 08:20:28,ROBBERY,STRONGARM ROBBERY,41.78695205776918,-87.62927730009872,PARK,False,False,D-06,W-02,0.18598552264050655,0.814,CRITICAL
CR-2023-004650,2023-11-22 02:33:13,THEFT,RETAIL THEFT,41.78943118446728,-87.60782900136327,SIDEWALK,False,False,D-13,W-21,0.1243012915444951,0.4087,MEDIUM
CR-2024-000643,2024-04-25 20:33:42,ASSAULT,AGGRAVATED ASSAULT,41.73299486567242,-87.61630021682718,SIDEWALK,False,False,D-11,W-26,0.17157155783299957,0.8284,CRITICAL
CR-2025-001202,2023-08-11 16:36:30,BURGLARY,RESIDENTIAL,41.90320178135448,-87.60969308422315,PARKING LOT,False,False,D-05,W-04,0.07938252385536033,0.6137,HIGH
CR-2025-005696,2025-04-23 05:24:07,THEFT,PETTY THEFT,41.885977539698935,-87.66562797193717,STREET,False,False,D-05,W-49,0.2139916566281582,0.3668,MEDIUM
CR-2024-002002,2024-07-12 05:13:20,BURGLARY,RESIDENTIAL,41.85599654946095,-87.71623378907074,APARTMENT,False,False,D-08,W-13,0.10977158505822138,0.5935,HIGH
CR-2025-004991,2023-10-12 21:37:22,THEFT,GRAND THEFT,41.88598905920382,-87.6261416358757,PARKING LOT,False,False,D-01,W-42,0.10982142786197549,0.4154,MEDIUM
CR-2024-000175,2024-05-18 20:26:56,MOTOR VEHICLE THEFT,AUTOMOBILE,41.88276361348397,-87.60766965674576,COMMERCIAL BUILDING,True,False,D-15,W-34,0.10350426231756059,0.5977,HIGH
CR-2025-005594,2025-03-29 04:08:43,MOTOR VEHICLE THEFT,,41.79953536494558,-87.67215534904895,ALLEY,False,False,D-07,W-37,0.24457693688590934,0.5036,HIGH
CR-2023-003912,2023-04-07 23:14:26,THEFT,RETAIL THEFT,41.8925375388793,-87.61231607657284,PARKING LOT,False,False,D-04,W-35,0.1440372183236339,0.3994,MEDIUM
CR-2024-004861,2025-03-02 22:06:45,BURGLARY,COMMERCIAL,41.781476955538274,-87.62840049952462,RESIDENCE,True,False,D-13,W-30,0.07862401749519794,0.6143,HIGH
CR-2023-002610,2025-07-22 11:29:51,ROBBERY,ARMED ROBBERY,41.90487162558778,-87.62959824453071,COMMERCIAL BUILDING,False,False,D-10,W-49,0.20679097889419554,0.7932,CRITICAL
CR-2024-004414,2025-08-29 20:04:09,OTHER OFFENSE,DUPLICATE ID TEST RECORD,41.95872793335573,-87.68020102447008,STREET,False,False,D-03,W-10,0.3020331139807975,0.3257,MEDIUM
CR-2024-002647,2024-05-05 19:36:11,MOTOR VEHICLE THEFT,TRUCK,41.81196861167213,-87.63322806714108,APARTMENT,False,True,D-09,W-27,0.14844863784045864,0.5677,HIGH
CR-2025-003950,2023-12-21 23:54:24,ASSAULT,AGGRAVATED ASSAULT,41.855782074447646,-87.64667779152597,ALLEY,True,False,D-03,W-32,0.18727737913121303,0.8127,CRITICAL
CR-2025-001019,2025-02-24 02:58:46,CRIMINAL DAMAGE,GRAFFITI,41.87771638531712,-87.65633613857334,PARKING LOT,False,False,D-02,W-38,0.1867120480061826,0.3795,MEDIUM
CR-2025-005849,2025-05-08 21:45:34,CRIMINAL DAMAGE,TO VEHICLE,41.8883186012478,-87.75310883688023,RESIDENCE,False,False,D-14,W-45,0.12470658815716824,0.4085,MEDIUM
CR-2025-004880,2025-10-11 22:38:31,MOTOR VEHICLE THEFT,MOTORCYCLE,41.85680850205183,-87.64266163644321,PARK,False,False,D-06,W-07,0.1590731332936164,0.5606,HIGH
CR-2023-002148,2024-08-10 23:02:41,ROBBERY,ARMED ROBBERY,41.75252276579558,-87.62584330659415,STREET,False,False,D-09,W-48,0.17424213101393496,0.8258,CRITICAL
CR-2024-005377,2025-08-25 20:04:42,ROBBERY,ARMED ROBBERY,41.87014666036998,-87.72696265527432,PARK,False,False,D-11,W-48,0.12298056499485409,0.877,CRITICAL
CR-2024-003781,2025-05-13 10:22:05,ASSAULT,AGGRAVATED ASSAULT,41.89268665996877,-87.61670818878297,SIDEWALK,False,False,D-08,W-03,0.15965073819434322,0.8403,CRITICAL
CR-2024-002920,2024-04-30 01:31:00,ASSAULT,AGGRAVATED ASSAULT,41.7878586127769,-87.65891394821543,STREET,False,False,D-07,W-40,0.2565394315765573,0.7435,HIGH
CR-2023-004134,2023-05-18 20:03:15,ASSAULT,AGGRAVATED ASSAULT,41.86683919498261,-87.617909334734,RESIDENCE,False,True,D-03,W-37,0.1274685879902598,0.8725,CRITICAL
CR-2023-001212,2023-04-26 22:07:26,BATTERY,AGGRAVATED BATTERY,41.85513338746167,-87.62208617865974,ALLEY,False,False,D-14,W-10,0.7371435137070254,0.2629,MEDIUM
CR-2024-001840,2024-11-11 16:52:08,MOTOR VEHICLE THEFT,TRUCK,41.861306808074254,-87.63570294783955,COMMERCIAL BUILDING,False,False,D-10,W-41,0.13722087033374245,0.5752,HIGH
CR-2023-004176,2023-11-15 21:25:03,ASSAULT,SIMPLE ASSAULT,41.78961903147202,-87.60973841010782,RESIDENCE,False,False,D-14,W-32,0.18729278949995742,0.8127,CRITICAL
CR-2025-004112,2025-10-28 05:52:05,MOTOR VEHICLE THEFT,AUTOMOBILE,41.891915387595965,-87.6369957834515,RESIDENCE,False,False,D-05,W-23,0.10064544382474987,0.5996,HIGH
CR-2023-001176,2023-07-23 22:03:30,THEFT,GRAND THEFT,41.96207138646401,-87.68261911422401,PARK,False,False,D-15,W-10,0.09709891147766053,0.4214,MEDIUM
CR-2024-004354,2024-03-27 12:54:33,BURGLARY,RESIDENTIAL,41.97669681325651,-87.67278398540029,COMMERCIAL BUILDING,False,False,D-10,W-33,0.11404743322185958,0.5906,HIGH
CR-2025-005336,2025-11-08 17:43:26,ASSAULT,AGGRAVATED ASSAULT,41.93094430092945,-87.67370304462915,RESIDENCE,False,True,D-10,W-07,0.13333073927427788,0.8667,CRITICAL
CR-2024-002146,2025-08-11 02:25:18,NARCOTICS,POSSESSION OF COCAINE,41.85388698003136,-87.73065242778972,PARKING LOT,True,False,D-06,W-15,0.7811311425521558,0.1459,LOW
CR-2023-004509,2025-06-17 02:09:14,ROBBERY,ARMED ROBBERY,41.87518262772703,-87.6198118326444,APARTMENT,False,False,D-11,W-17,0.12734888838026454,0.8727,CRITICAL
CR-2023-000159,2024-07-21 20:35:38,BURGLARY,FORCIBLE ENTRY,41.88296249528733,-87.63175214581551,SIDEWALK,False,False,D-04,W-48,0.13518401235695057,0.5765,HIGH
CR-2025-000044,2025-06-24 08:37:27,MOTOR VEHICLE THEFT,AUTOMOBILE,41.937804795924656,-87.64503465133772,COMMERCIAL BUILDING,False,False,D-14,W-11,0.1813890677395485,0.5457,HIGH
CR-2023-003582,2024-04-10 03:42:41,CRIMINAL DAMAGE,TO PROPERTY,41.86696420444354,-87.63153995608482,APARTMENT,False,False,D-07,W-31,0.13320175828132835,0.4045,MEDIUM
CR-2025-000989,2025-02-17 18:38:25,BATTERY,DOMESTIC BATTERY,41.75957805830441,-87.61882369282189,RESIDENCE,True,False,D-14,W-38,0.8101528344059347,0.1898,LOW
CR-2025-003833,2024-08-24 06:11:46,NARCOTICS,POSSESSION OF HEROIN,41.862065467686605,-87.7356123082252,PARK,True,False,D-12,W-12,0.707772577884177,0.1948,LOW
CR-2024-000820,2025-08-19 01:35:49,MOTOR VEHICLE THEFT,AUTOMOBILE,41.948884389133454,-87.6270555888917,ALLEY,True,False,D-14,W-44,0.2267061653262589,0.5155,HIGH
CR-2024-003157,2023-09-01 11:05:16,NARCOTICS,POSSESSION OF HEROIN,41.97042660329779,-87.64097319838919,PARKING LOT,True,False,D-07,W-11,0.794851448671818,0.1368,LOW
CR-2023-003321,2024-04-18 00:16:39,BURGLARY,FORCIBLE ENTRY,41.86529756779908,-87.6398415537045,RESIDENCE,False,False,D-05,W-19,0.0869851742762813,0.6087,HIGH
CR-2024-001789,2025-12-25 00:44:15,NARCOTICS,POSSESSION OF COCAINE,41.93209248743368,-87.67662469863798,SIDEWALK,True,False,D-05,W-34,0.6345100070988955,0.2437,LOW
CR-2023-003879,2024-05-28 21:23:52,THEFT,PETTY THEFT,41.856990598347615,-87.64927155855531,PARKING LOT,False,False,D-03,W-13,0.1146859331877791,0.4131,MEDIUM
CR-2023-001746,2025-10-21 21:52:42,MOTOR VEHICLE THEFT,MOTORCYCLE,41.791304979684085,-87.6423829178142,SIDEWALK,False,False,D-01,W-49,0.24894619195773812,0.5007,HIGH
CR-2023-001551,2024-01-23 08:38:52,ASSAULT,AGGRAVATED ASSAULT,41.91029065609783,-87.70762900992038,ALLEY,False,False,D-10,W-30,0.1804427602963044,0.8196,CRITICAL
CR-2024-003124,2024-08-03 19:33:02,BATTERY,SIMPLE BATTERY,41.85010339387209,-87.70878108226141,COMMERCIAL BUILDING,True,False,D-09,W-06,0.7352829825275385,0.2647,MEDIUM
CR-2023-001767,2025-10-30 15:48:24,ASSAULT,SIMPLE ASSAULT,41.90953765252714,-87.60588336412377,COMMERCIAL BUILDING,False,True,D-15,W-36,0.13573498263658482,0.8643,CRITICAL
CR-2023-003162,2025-04-07 16:35:10,ASSAULT,AGGRAVATED ASSAULT,41.76661095152453,-87.66431814397252,PARK,False,False,D-01,W-43,0.22036651377187824,0.7796,CRITICAL
CR-2024-000604,2023-09-10 13:01:11,ASSAULT,SIMPLE ASSAULT,41.85706092092301,-87.6035563488522,APARTMENT,False,True,D-11,W-07,0.15741808785724057,0.8426,CRITICAL
CR-2023-001110,2024-01-10 08:23:40,CRIMINAL DAMAGE,GRAFFITI,41.76994149619947,-87.64518854514088,PARK,False,False,D-11,W-10,0.11994087866927787,0.4107,MEDIUM
CR-2025-003581,2025-03-13 23:22:56,ROBBERY,STRONGARM ROBBERY,41.79260167311768,-87.66248723416322,APARTMENT,False,False,D-11,W-14,0.150097327989104,0.8499,CRITICAL
CR-2023-003228,2025-11-05 21:34:50,ROBBERY,STRONGARM ROBBERY,41.86037027005898,-87.61486039481731,APARTMENT,False,False,D-12,W-24,0.11794212756202735,0.8821,CRITICAL
CR-2024-005623,2024-06-21 01:47:02,NARCOTICS,POSSESSION OF COCAINE,41.78426158168669,-87.63140961590788,APARTMENT,True,False,D-04,W-40,0.7919675009687256,0.1387,LOW
CR-2025-005036,2023-08-10 15:30:34,ASSAULT,SIMPLE ASSAULT,41.89838150848332,-87.71863432473121,PARK,False,True,D-12,W-45,0.13417069995661593,0.8658,CRITICAL
CR-2024-005650,2024-08-15 15:36:02,ROBBERY,STRONGARM ROBBERY,41.88454756043638,-87.72626468296659,PARKING LOT,False,False,D-12,W-17,0.16072918866727556,0.8393,CRITICAL
CR-2023-000837,2023-07-25 02:28:28,ASSAULT,AGGRAVATED ASSAULT,41.81928439223674,-87.63705801173029,COMMERCIAL BUILDING,True,False,D-04,W-44,0.21216589252856707,0.7878,CRITICAL
CR-2024-001684,2024-04-18 00:47:35,ASSAULT,SIMPLE ASSAULT,41.956409627730125,-87.65267869627569,SIDEWALK,False,False,D-10,W-40,0.16023993296209446,0.8398,CRITICAL
CR-2023-005565,2024-09-05 21:42:32,ROBBERY,ARMED ROBBERY,41.91687382006457,-87.64740485221783,COMMERCIAL BUILDING,False,False,D-08,W-02,0.13334125001807018,0.8667,CRITICAL
CR-2025-001079,2023-01-29 15:25:06,ROBBERY,ARMED ROBBERY,41.8109410948751,-87.61505772348188,RESIDENCE,False,False,D-08,W-43,0.18576101763409622,0.8142,CRITICAL
CR-2023-002817,2023-01-26 08:59:55,CRIMINAL DAMAGE,TO VEHICLE,41.86636102103873,-87.61919451460584,SIDEWALK,False,False,D-13,W-03,0.1543758201358492,0.3946,MEDIUM
CR-2025-000374,2023-03-25 02:07:24,BURGLARY,COMMERCIAL,41.93616964394016,-87.68343322193697,SIDEWALK,False,False,D-04,W-36,0.15848436424727821,0.561,HIGH
CR-2024-003322,2024-04-10 00:06:50,THEFT,GRAND THEFT,41.92883384100355,-87.61933039825723,ALLEY,True,False,D-08,W-23,0.10961850554041822,0.4155,MEDIUM
CR-2025-003764,2023-11-13 22:28:43,MOTOR VEHICLE THEFT,MOTORCYCLE,41.918696276746,-87.6962894897134,COMMERCIAL BUILDING,False,False,D-01,W-04,0.12789167433949195,0.5814,HIGH
CR-2023-005538,2024-03-01 21:05:41,ROBBERY,STRONGARM ROBBERY,41.76507689959409,-87.65545366078237,STREET,False,False,D-13,W-08,0.17733442399808133,0.8227,CRITICAL
CR-2023-001362,2023-11-01 11:16:44,MOTOR VEHICLE THEFT,MOTORCYCLE,41.987651743810616,-87.65522608656303,PARKING LOT,False,False,D-12,W-01,0.1883916592366752,0.5411,HIGH
CR-2025-002816,2024-10-15 10:19:12,CRIMINAL DAMAGE,TO PROPERTY,41.95142806095903,-87.64933096372037,PARK,False,False,D-08,W-09,0.1393514477265335,0.4016,MEDIUM
CR-2023-002070,2025-12-29 00:39:38,THEFT,FROM BUILDING,41.887383294470354,-87.60522460401594,SIDEWALK,True,False,D-02,W-44,0.15904714172397866,0.3924,MEDIUM
CR-2023-005787,2023-05-22 21:25:54,BATTERY,SIMPLE BATTERY,41.86923279755112,-87.62486976475756,SIDEWALK,True,True,D-09,W-22,0.7281858796491326,0.2718,MEDIUM
CR-2025-002732,2025-02-09 10:03:53,BATTERY,DOMESTIC BATTERY,41.84859012403661,-87.63011867168915,PARK,True,False,D-08,W-15,0.7976048841773767,0.2024,LOW
CR-2023-005823,2025-06-18 18:51:50,BURGLARY,FORCIBLE ENTRY,41.80757407170638,-87.63062178602634,SIDEWALK,True,False,D-07,W-44,0.12085625555678367,0.5861,HIGH
CR-2023-004635,2023-08-09 12:40:18,ROBBERY,STRONGARM ROBBERY,41.90053357604724,-87.61062347563052,STREET,False,False,D-11,W-06,0.13209535380666138,0.8679,CRITICAL
CR-2025-004391,2023-08-05 22:57:21,MOTOR VEHICLE THEFT,AUTOMOBILE,41.97207098205163,-87.67859326697024,PARK,False,False,D-14,W-07,0.1993914741992654,0.5337,HIGH
CR-2023-005790,2023-05-23 22:06:14,ROBBERY,ARMED ROBBERY,41.87614136814057,-87.62288003930448,RESIDENCE,False,False,D-03,W-25,0.09211061762321587,0.9079,CRITICAL
CR-2024-002380,2025-02-04 02:37:38,CRIMINAL DAMAGE,TO VEHICLE,41.747150035065154,-87.61227899673635,RESIDENCE,False,False,D-03,W-50,0.11462959986276405,0.4132,MEDIUM
CR-2023-002046,2025-02-01 06:02:37,THEFT,PETTY THEFT,41.77606298385295,-87.6234610381594,APARTMENT,False,False,D-09,W-47,0.11012086726408592,0.4153,MEDIUM
CR-2023-004011,2025-04-16 20:58:25,BURGLARY,RESIDENTIAL,41.73360026656095,-87.65276726733539,PARK,False,False,D-14,W-11,0.16896234199871485,0.554,HIGH
CR-2025-001814,2025-02-28 17:41:40,NARCOTICS,POSSESSION OF COCAINE,41.85495797727186,-87.63929132544828,PARKING LOT,True,False,D-12,W-10,0.6486859284456058,0.2342,LOW
CR-2024-004462,2023-05-23 07:15:15,NARCOTICS,SALE/MANUFACTURE,41.86132214773683,-87.62015716759056,COMMERCIAL BUILDING,True,False,D-08,W-13,0.6893710645559412,0.2071,LOW
CR-2025-004385,2024-04-09 15:23:59,MOTOR VEHICLE THEFT,TRUCK,41.87247336507585,-87.60627221521791,COMMERCIAL BUILDING,False,False,D-03,W-19,0.15741771209476954,0.5617,HIGH
CR-2025-000827,2023-05-29 18:40:48,NARCOTICS,SALE/MANUFACTURE,41.88317725765193,-87.63423102115209,APARTMENT,False,False,D-13,W-28,0.7641102906726108,0.1573,LOW
CR-2025-005285,2025-11-28 15:31:26,ROBBERY,ARMED ROBBERY,41.847334017977005,-87.73629179983138,ALLEY,False,True,D-14,W-03,0.25602259660947757,0.744,HIGH
CR-2025-005900,2023-04-08 23:42:32,THEFT,GRAND THEFT,41.94839042563863,-87.65461712213319,COMMERCIAL BUILDING,False,False,D-14,W-31,0.1697677408182348,0.3874,MEDIUM
CR-2024-004675,2024-05-30 23:06:10,BURGLARY,FORCIBLE ENTRY,41.88297172391165,-87.62260090388278,COMMERCIAL BUILDING,False,False,D-11,W-17,0.08164853794020757,0.6122,HIGH
CR-2023-000378,2025-10-05 14:42:31,MOTOR VEHICLE THEFT,MOTORCYCLE,41.88549976851321,-87.62702745814458,PARKING LOT,False,False,D-01,W-49,0.26400013693728447,0.4907,MEDIUM
CR-2024-003508,2023-06-12 16:05:08,THEFT,RETAIL THEFT,41.87757355299824,-87.64260899362691,PARKING LOT,False,False,D-11,W-38,0.12121021122524042,0.4101,MEDIUM
CR-2025-002591,2025-11-10 15:02:03,THEFT,GRAND THEFT,41.87509041051762,-87.6242873438419,SIDEWALK,False,False,D-14,W-16,0.13695940061623224,0.4028,MEDIUM
CR-2024-005701,2023-10-17 23:04:33,BATTERY,AGGRAVATED BATTERY,41.93562029891866,-87.6769053411956,ALLEY,True,False,D-06,W-27,0.7411349906266547,0.2589,MEDIUM
CR-2025-003701,2024-02-07 00:54:39,CRIMINAL DAMAGE,TO VEHICLE,41.876452038153474,-87.63256130300525,COMMERCIAL BUILDING,False,False,D-07,W-42,0.12339420531870834,0.4091,MEDIUM
CR-2023-002925,2025-09-13 00:42:43,NARCOTICS,SALE/MANUFACTURE,41.88174701982708,-87.63685305008178,ALLEY,True,False,D-14,W-14,0.8357721541120616,0.1095,LOW
CR-2025-003221,2025-03-31 13:48:30,BURGLARY,RESIDENTIAL,41.920733184460566,-87.6372654260572,STREET,False,False,D-03,W-11,0.14769090536738771,0.5682,HIGH
CR-2024-003604,2024-05-13 16:00:06,CRIMINAL DAMAGE,TO PROPERTY,41.747140948841874,-87.60013265583208,SIDEWALK,True,False,D-02,W-40,0.1812813760586077,0.3821,MEDIUM
CR-2024-002212,2024-08-01 04:13:37,CRIMINAL DAMAGE,GRAFFITI,41.864591144711966,-87.64679177426902,SIDEWALK,True,False,D-08,W-31,0.1253817738616044,0.4082,MEDIUM
CR-2023-001494,2023-09-28 14:03:55,ROBBERY,ARMED ROBBERY,41.86114694412989,-87.59362484986633,SIDEWALK,False,False,D-05,W-11,0.1435090489940267,0.8565,CRITICAL
CR-2024-002563,2025-10-31 09:08:59,THEFT,RETAIL THEFT,41.8739940612175,-87.63001405529424,ALLEY,False,False,D-07,W-26,0.1920151321244886,0.3771,MEDIUM
CR-2024-002371,2023-08-05 10:28:57,NARCOTICS,POSSESSION OF HEROIN,41.94843238062714,-87.64700454218422,COMMERCIAL BUILDING,True,False,D-15,W-23,0.6994872777645904,0.2003,LOW
CR-2025-005486,2023-10-31 04:37:33,ASSAULT,AGGRAVATED ASSAULT,41.90556115737248,-87.62240206467266,COMMERCIAL BUILDING,False,False,D-04,W-50,0.1621439431497494,0.8379,CRITICAL
CR-2024-001318,2024-08-05 07:09:11,NARCOTICS,SALE/MANUFACTURE,41.78366588978162,-87.60546723548082,RESIDENCE,False,False,D-08,W-30,0.6726630304769343,0.2182,LOW
CR-2024-000985,2025-06-18 21:26:24,BURGLARY,RESIDENTIAL,41.96027113444562,-87.71410777269328,COMMERCIAL BUILDING,False,False,D-08,W-19,0.0835030114267477,0.611,HIGH
CR-2023-005997,2025-12-22 10:32:22,BATTERY,SIMPLE BATTERY,41.88872425586156,-87.74816148370974,APARTMENT,True,False,D-02,W-14,0.8315403016389438,0.1685,LOW
CR-2024-004291,2023-10-16 05:59:40,PETTY THEFT,POSSESSION OF COCAINE,41.853812404152265,-87.62035390728387,STREET,True,False,D-09,W-25,0.26837050752560354,0.3414,MEDIUM
CR-2023-004383,2023-01-25 02:35:03,THEFT,GRAND THEFT,41.80429069709986,-87.62431351544778,RESIDENCE,True,False,D-01,W-13,0.14508350861931413,0.399,MEDIUM
CR-2023-005088,2024-12-23 13:13:39,CRIMINAL DAMAGE,GRAFFITI,41.87693115896482,-87.62155638525904,STREET,True,False,D-07,W-14,0.20550755937223752,0.3708,MEDIUM
CR-2025-004343,2023-08-03 15:44:22,MOTOR VEHICLE THEFT,AUTOMOBILE,41.75087164968105,-87.59449652652829,PARK,False,False,D-07,W-25,0.1543811826618699,0.5637,HIGH
CR-2024-003610,2024-11-06 12:58:11,ASSAULT,AGGRAVATED ASSAULT,41.97053420848575,-87.70079242062413,STREET,False,False,D-12,W-06,0.14167851746936197,0.8583,CRITICAL
CR-2023-004677,2025-12-03 12:34:50,NARCOTICS,POSSESSION OF HEROIN,41.84169653004656,-87.71821439322322,ALLEY,True,True,D-08,W-46,0.7985119785315697,0.1343,LOW
CR-2025-000674,2024-07-04 02:13:16,CRIMINAL DAMAGE,TO PROPERTY,41.85759681952377,-87.6331714810284,ALLEY,False,False,D-08,W-09,0.1159709220900082,0.4125,MEDIUM
CR-2024-001792,2025-02-19 03:24:58,THEFT,GRAND THEFT,41.78068134374777,-87.6613376906301,ALLEY,True,False,D-07,W-48,0.21494359530470897,0.3664,MEDIUM
CR-2025-003506,2023-06-06 21:30:12,BURGLARY,FORCIBLE ENTRY,41.89119225624768,-87.61881878572851,ALLEY,False,False,D-02,W-18,0.10425878752758946,0.5972,HIGH
CR-2024-000100,2023-08-09 13:16:46,ROBBERY,STRONGARM ROBBERY,41.88346681040523,-87.62138823210448,COMMERCIAL BUILDING,True,False,D-06,W-36,0.1399605997913918,0.86,CRITICAL
CR-2025-004931,2023-06-16 21:15:05,MOTOR VEHICLE THEFT,TRUCK,41.95901603167346,-87.67676380548134,COMMERCIAL BUILDING,True,False,D-04,W-24,0.1794157968614944,0.5471,HIGH
CR-2025-005138,2024-12-04 01:01:10,BATTERY,DOMESTIC BATTERY,41.87987525098483,-87.6239267323711,PARKING LOT,True,True,D-02,W-39,0.6823058181922128,0.3177,MEDIUM
CR-2024-005146,2025-05-05 22:17:42,THEFT,PETTY THEFT,41.93080565277231,-87.65878534068933,APARTMENT,False,False,D-10,W-14,0.12905633117723062,0.4064,MEDIUM
CR-2024-005014,2024-09-13 09:27:23,BATTERY,AGGRAVATED BATTERY,41.85253067062735,-87.63104700288582,PARK,True,False,D-04,W-41,0.799819404079849,0.2002,LOW
CR-2024-003046,2024-01-24 14:09:16,BURGLARY,COMMERCIAL,41.77483240746077,-87.65077982575019,SIDEWALK,False,False,D-10,W-47,0.11130234543097202,0.5925,HIGH
CR-2024-003886,2023-09-07 08:26:28,CRIMINAL DAMAGE,TO VEHICLE,41.942591170359776,-87.64641709657825,COMMERCIAL BUILDING,False,False,D-07,W-48,0.15557587698518635,0.3941,MEDIUM
CR-2023-002172,2024-07-31 00:37:15,ROBBERY,ARMED ROBBERY,41.935322032233486,-87.65475373240297,RESIDENCE,False,False,D-06,W-31,0.12091529559022796,0.8791,CRITICAL
CR-2023-003669,2023-08-31 00:26:12,ASSAULT,AGGRAVATED ASSAULT,41.88092485054443,-87.70510785805425,SIDEWALK,False,False,D-01,W-12,0.16236551727707213,0.8376,CRITICAL
CR-2023-003612,2024-10-30 11:40:37,CRIMINAL DAMAGE,TO VEHICLE,41.778598911176005,-87.65701919126741,STREET,True,False,D-09,W-09,0.174047244183663,0.3854,MEDIUM
CR-2024-005008,2024-11-25 12:01:53,CRIMINAL DAMAGE,TO PROPERTY,41.86199460730704,-87.62292523091313,SIDEWALK,True,False,D-07,W-02,0.16650412336458634,0.389,MEDIUM
CR-2023-005901,2025-12-04 23:17:47,CRIMINAL DAMAGE,TO VEHICLE,41.87040538634049,-87.63645282399756,ALLEY,False,False,D-09,W-49,0.15995236341533528,0.392,MEDIUM
CR-2024-003481,2024-03-15 05:03:54,MOTOR VEHICLE THEFT,AUTOMOBILE,41.88558324792152,-87.63493222976692,ALLEY,False,False,D-04,W-29,0.154440878786184,0.5637,HIGH
CR-2023-000954,2023-06-19 22:21:01,ASSAULT,SIMPLE ASSAULT,41.74905187484002,-87.62542642263091,STREET,False,True,D-11,W-15,0.16094119220209605,0.8391,CRITICAL
CR-2025-005885,2023-01-04 09:16:39,NARCOTICS,POSSESSION OF HEROIN,41.84922106681119,-87.61889316277772,APARTMENT,False,True,D-09,W-45,0.7692822825107745,0.1538,LOW
CR-2023-004833,2024-11-27 15:59:17,CRIMINAL DAMAGE,TO PROPERTY,41.876396178295686,-87.63553875764084,SIDEWALK,False,False,D-10,W-02,0.11731931394199513,0.4119,MEDIUM
CR-2024-005896,2024-05-03 12:22:10,MOTOR VEHICLE THEFT,MOTORCYCLE,41.81829301125934,-87.6285302372173,PARK,False,False,D-13,W-28,0.1948436535499651,0.5368,HIGH
CR-2023-004239,2025-06-29 02:10:51,ROBBERY,ARMED ROBBERY,41.91131494913835,-87.65001563845465,RESIDENCE,False,False,D-13,W-36,0.11748127480130441,0.8825,CRITICAL
CR-2025-000725,2023-11-19 13:59:33,ASSAULT,SIMPLE ASSAULT,41.88273249518899,-87.60426677583047,ALLEY,False,True,D-04,W-20,0.22997381302621167,0.77,CRITICAL
CR-2024-003535,2025-03-12 10:32:13,MOTOR VEHICLE THEFT,AUTOMOBILE,41.89618727631074,-87.6438519285244,STREET,False,False,D-08,W-49,0.25465651599215267,0.4969,MEDIUM
CR-2024-005155,2025-07-05 00:07:41,NARCOTICS,POSSESSION OF HEROIN,41.78137536123718,-87.64206036820944,COMMERCIAL BUILDING,True,False,D-06,W-28,0.81426283464355,0.1238,LOW
CR-2025-000191,2025-02-01 00:50:19,BURGLARY,COMMERCIAL,41.72580260689225,-87.64214387554202,ALLEY,False,False,D-05,W-48,0.1885736267684536,0.541,HIGH
CR-2023-005979,2025-05-30 15:10:51,ASSAULT,SIMPLE ASSAULT,41.86560345258008,-87.70771265304482,COMMERCIAL BUILDING,False,False,D-09,W-26,0.17616629334694187,0.8238,CRITICAL
CR-2025-001856,2025-08-15 00:48:02,CRIMINAL DAMAGE,,41.88231513875423,-87.66178893439232,SIDEWALK,False,False,D-06,W-48,0.1279532374229153,0.407,MEDIUM
CR-2023-004413,2025-11-25 06:13:54,BURGLARY,COMMERCIAL,41.92677173238521,-87.6485830547056,SIDEWALK,False,False,D-05,W-39,0.08688387877956108,0.6087,HIGH
CR-2023-000096,2024-11-22 18:55:01,BATTERY,SIMPLE BATTERY,41.88445368739435,-87.74932329801682,SIDEWALK,True,False,D-07,W-40,0.813570696230908,0.1864,LOW
CR-2025-003725,2025-06-12 17:03:05,ASSAULT,SIMPLE ASSAULT,41.87122962225479,-87.62266997611859,ALLEY,False,False,D-07,W-12,0.1304340049208691,0.8696,CRITICAL
CR-2025-000512,2024-05-21 02:34:07,NARCOTICS,POSSESSION OF HEROIN,41.90401314755152,-87.6232551449549,ALLEY,True,False,D-05,W-10,0.669017151064332,0.2207,LOW
CR-2023-003438,2025-06-02 21:03:44,NARCOTICS,SALE/MANUFACTURE,41.8863652559034,-87.64080223100018,STREET,False,False,D-15,W-05,0.6919246888256578,0.2054,LOW
CR-2024-005785,2024-04-16 01:17:31,THEFT,GRAND THEFT,41.8037435065717,-87.63532717102535,SIDEWALK,False,False,D-05,W-47,0.0942838321955839,0.4227,MEDIUM
CR-2025-002621,2023-02-27 12:43:01,BURGLARY,RESIDENTIAL,41.79767181948503,-87.61263922432236,ALLEY,False,False,D-03,W-20,0.15293856279251092,0.5647,HIGH
CR-2025-004646,2023-08-12 02:26:46,NARCOTICS,POSSESSION OF HEROIN,41.73972601572082,-87.61882274041504,ALLEY,False,False,D-06,W-39,0.7623989780808444,0.1584,LOW
CR-2024-002026,2025-08-15 21:33:27,BURGLARY,RESIDENTIAL,41.88500407437474,-87.62687736489595,PARK,True,False,D-07,W-13,0.09495395138704324,0.6034,HIGH
CR-2023-001986,2023-10-09 00:31:06,CRIMINAL DAMAGE,GRAFFITI,41.95535123227607,-87.6535660460117,APARTMENT,True,True,D-14,W-09,0.18755149043536135,0.3791,MEDIUM
CR-2023-004929,2025-09-23 13:24:41,ASSAULT,AGGRAVATED ASSAULT,41.95951484356086,-87.61421815117127,ALLEY,False,False,D-03,W-35,0.18831181732272134,0.8117,CRITICAL
CR-2025-002435,2025-03-04 21:29:17,NARCOTICS,POSSESSION OF HEROIN,41.85582150925451,-87.5949971024955,RESIDENCE,True,False,D-04,W-02,0.744639460099486,0.1702,LOW
CR-2023-003219,2025-08-28 05:56:21,MOTOR VEHICLE THEFT,MOTORCYCLE,41.79153342869118,-87.61580401625211,PARKING LOT,True,False,D-06,W-40,0.1641057345130578,0.5573,HIGH
CR-2024-004222,2025-09-26 03:31:30,MOTOR VEHICLE THEFT,MOTORCYCLE,41.88092110035488,-87.64256770723672,COMMERCIAL BUILDING,False,False,D-14,W-02,0.20565779294739867,0.5296,HIGH
CR-2023-005436,2025-08-22 22:26:08,NARCOTICS,,41.79611781861387,-87.61375655691658,RESIDENCE,False,False,D-02,W-18,0.6590309021158698,0.2273,LOW
CR-2025-001271,2024-07-09 21:07:21,THEFT,PETTY THEFT,41.87484474424364,-87.63442724182684,SIDEWALK,False,False,D-12,W-43,0.09942627176458615,0.4203,MEDIUM
CR-2023-000150,2024-07-21 20:55:08,CRIMINAL DAMAGE,TO VEHICLE,41.75817512472695,-87.64300452600493,APARTMENT,False,False,D-08,W-10,0.11012770882603089,0.4153,MEDIUM
CR-2023-003972,2025-07-28 01:06:59,BATTERY,AGGRAVATED BATTERY,41.88427348578747,-87.64392104753503,COMMERCIAL BUILDING,True,True,D-09,W-13,0.7007723107646489,0.2992,MEDIUM
CR-2023-005850,2024-03-07 01:38:36,BURGLARY,FORCIBLE ENTRY,41.88715599524286,-87.6203788195465,ALLEY,False,False,D-13,W-28,0.15062241195048165,0.5663,HIGH
CR-2023-001011,2024-12-25 22:34:03,BATTERY,DOMESTIC BATTERY,41.81291646489596,-87.66172050997798,APARTMENT,False,True,D-12,W-41,0.6799955471947347,0.32,MEDIUM
CR-2025-001916,2024-07-12 16:37:44,ROBBERY,ARMED ROBBERY,41.80480219127616,-87.66457437313154,COMMERCIAL BUILDING,False,False,D-15,W-29,0.10042837196376782,0.8996,CRITICAL
CR-2025-001190,2024-06-12 12:03:01,BURGLARY,FORCIBLE ENTRY,41.86364361610684,-87.64415726372343,COMMERCIAL BUILDING,True,False,D-14,W-16,0.11000094693029486,0.5933,HIGH
CR-2023-002295,2023-06-29 14:15:20,MOTOR VEHICLE THEFT,MOTORCYCLE,41.86889618591956,-87.62685638589001,COMMERCIAL BUILDING,False,True,D-10,W-05,0.11810193145273129,0.5879,HIGH
CR-2024-003790,2024-05-31 18:41:44,THEFT,RETAIL THEFT,41.89593839691885,-87.61979132278856,ALLEY,True,False,D-01,W-26,0.16176190521237868,0.3912,MEDIUM
CR-2025-003797,2023-12-23 00:02:20,CRIMINAL DAMAGE,GRAFFITI,41.89980416219581,-87.63971251353715,SIDEWALK,False,False,D-15,W-33,0.13506563610168063,0.4036,MEDIUM
CR-2024-004744,2024-05-28 07:12:48,NARCOTICS,SALE/MANUFACTURE,41.76689463914669,-87.62227873033999,SIDEWALK,False,False,D-05,W-45,0.6980820270699584,0.2013,LOW
CR-2024-001384,2024-03-19 01:16:58,BATTERY,SIMPLE BATTERY,41.93807140712225,-87.65922933166856,SIDEWALK,True,False,D-11,W-43,0.7011847735521846,0.2988,MEDIUM
CR-2024-003076,2023-07-12 03:18:02,ASSAULT,SIMPLE ASSAULT,41.86668546522715,-87.74257309988958,PARK,False,False,D-08,W-20,0.15473986216987845,0.8453,CRITICAL
CR-2025-001562,2024-06-15 06:57:24,ROBBERY,STRONGARM ROBBERY,41.945612055986736,-87.64050693696551,RESIDENCE,False,False,D-09,W-33,0.15202705894546326,0.848,CRITICAL
CR-2024-002983,2024-09-23 20:48:30,ROBBERY,,41.89086686147571,-87.61144216122186,PARKING LOT,False,False,D-03,W-03,0.16764633959428848,0.8324,CRITICAL
CR-2023-003855,2023-06-07 21:14:41,ROBBERY,STRONGARM ROBBERY,41.88658894793254,-87.75089666415259,STREET,False,False,D-11,W-15,0.13815199967293543,0.8618,CRITICAL
CR-2025-003314,2023-03-25 23:57:32,CRIMINAL DAMAGE,TO PROPERTY,41.869234723164,-87.62319910106466,PARK,False,False,D-13,W-44,0.11989604568119319,0.4107,MEDIUM
CR-2024-000859,2023-11-14 01:37:56,BATTERY,SIMPLE BATTERY,41.88874177725709,-87.63633229555855,PARK,True,False,D-05,W-50,0.657558774102693,0.3424,MEDIUM
CR-2025-004640,2024-07-09 15:14:17,BATTERY,DOMESTIC BATTERY,41.89525349067393,-87.62820259029566,ALLEY,True,False,D-13,W-35,0.6912374731062985,0.3088,MEDIUM
CR-2024-003100,2025-06-13 00:51:05,BATTERY,AGGRAVATED BATTERY,41.86981608121832,-87.64625715474443,RESIDENCE,True,False,D-12,W-21,0.6330257788707047,0.367,MEDIUM
CR-2025-004604,2024-07-29 05:47:15,BURGLARY,RESIDENTIAL,41.88180907178163,-87.61650130760864,SIDEWALK,False,False,D-03,W-33,0.13480198521415518,0.5768,HIGH
CR-2023-005934,2023-05-06 01:56:38,ROBBERY,STRONGARM ROBBERY,41.78732258159942,-87.61769314055879,APARTMENT,False,False,D-02,W-34,0.1421792547583447,0.8578,CRITICAL
CR-2025-005945,2023-11-06 06:49:21,CRIMINAL DAMAGE,TO PROPERTY,41.76990222266083,-87.57822103217318,APARTMENT,False,False,D-14,W-03,0.22880366978267816,0.3599,MEDIUM
CR-2025-000614,2023-05-02 04:52:46,ROBBERY,ARMED ROBBERY,41.89255818675193,-87.59664215497614,ALLEY,False,False,D-10,W-45,0.15400715739152387,0.846,CRITICAL
CR-2025-005516,2023-08-06 13:38:35,NARCOTICS,POSSESSION OF COCAINE,41.915046694676185,-87.63548866345114,PARKING LOT,False,False,D-07,W-29,0.7151670716475633,0.1899,LOW
CR-2023-003147,2024-05-17 02:02:39,BATTERY,SIMPLE BATTERY,41.85916350289247,-87.71468289475297,SIDEWALK,True,True,D-06,W-12,0.7412282908841726,0.2588,MEDIUM
CR-2023-005991,2023-05-13 11:37:58,BURGLARY,COMMERCIAL,41.84024813956232,-87.63431402939456,SIDEWALK,False,False,D-15,W-21,0.1151259471409969,0.5899,HIGH
CR-2024-005494,2024-03-22 09:30:18,MOTOR VEHICLE THEFT,MOTORCYCLE,41.89184672081497,-87.71241103367453,SIDEWALK,False,False,D-06,W-50,0.14429051133547338,0.5705,HIGH
CR-2024-002314,2024-03-04 14:06:39,CRIMINAL DAMAGE,TO VEHICLE,41.900329258334594,-87.71924421645006,SIDEWALK,False,False,D-09,W-50,0.10842399155250684,0.4161,MEDIUM
CR-2024-004507,2024-06-23 09:52:31,NARCOTICS,POSSESSION OF HEROIN,41.944121470672975,-87.67483891478763,RESIDENCE,True,False,D-10,W-20,0.6639275395256616,0.224,LOW
CR-2025-001340,2024-10-23 22:40:50,MOTOR VEHICLE THEFT,TRUCK,41.961982855508765,-87.66134090998979,PARKING LOT,False,False,D-14,W-35,0.15765974482031161,0.5616,HIGH
CR-2024-002752,2025-09-18 05:09:06,ROBBERY,STRONGARM ROBBERY,41.870845742906674,-87.61717328837824,PARKING LOT,True,False,D-10,W-38,0.1523520742963029,0.8476,CRITICAL
CR-2024-005794,2025-09-21 07:17:47,BATTERY,SIMPLE BATTERY,41.87348633915655,-87.64431628509321,PARK,True,True,D-06,W-12,0.7535263582669482,0.2465,LOW
CR-2024-004927,2024-05-18 16:33:11,CRIMINAL DAMAGE,TO VEHICLE,41.937012971528375,-87.64346663900614,STREET,False,False,D-12,W-06,0.10761617520716042,0.4164,MEDIUM
CR-2024-002176,2025-07-09 14:48:37,THEFT,RETAIL THEFT,41.94341856310694,-87.68875787802622,ALLEY,False,False,D-13,W-25,0.08352359135983073,0.4277,MEDIUM
CR-2025-003401,2024-05-04 06:51:11,NARCOTICS,POSSESSION OF HEROIN,41.83829179465276,-87.69678837236583,APARTMENT,True,False,D-09,W-12,0.7256972493420706,0.1829,LOW
CR-2023-002607,2023-11-11 05:57:20,ROBBERY,ARMED ROBBERY,41.88350590092527,-87.62223568219923,COMMERCIAL BUILDING,False,False,D-04,W-40,0.2369733709608791,0.763,CRITICAL
CR-2025-002930,2025-12-20 15:25:24,ASSAULT,SIMPLE ASSAULT,41.89675108695781,-87.61137954685589,STREET,False,False,D-01,W-38,0.22216704852044522,0.7778,CRITICAL
CR-2024-004942,2024-10-10 16:04:01,ASSAULT,AGGRAVATED ASSAULT,41.792511496738186,-87.65636235902087,RESIDENCE,False,False,D-06,W-43,0.15749896687198017,0.8425,CRITICAL
CR-2025-004727,2023-05-10 00:42:44,CRIMINAL DAMAGE,GRAFFITI,41.96395595261755,-87.66994599099473,APARTMENT,False,False,D-09,W-29,0.0736809552001038,0.4323,MEDIUM
CR-2023-005721,2025-12-05 11:28:21,CRIMINAL DAMAGE,TO VEHICLE,41.76530041466568,-87.61831559886323,COMMERCIAL BUILDING,False,False,D-05,W-08,0.10697466844642556,0.4167,MEDIUM
CR-2023-004713,2024-10-13 23:10:05,BURGLARY,RESIDENTIAL,41.75445152911119,-87.64431057227253,RESIDENCE,False,False,D-01,W-31,0.1359186064632246,0.5761,HIGH
CR-2024-005239,2024-03-03 21:33:59,BURGLARY,COMMERCIAL,41.90660973562584,-87.62390057292751,STREET,False,False,D-03,W-36,0.13835735148327039,0.5744,HIGH
CR-2024-001666,2025-07-28 16:01:12,BATTERY,AGGRAVATED BATTERY,41.81864597445452,-87.61464821947766,PARKING LOT,False,False,D-06,W-31,0.7346567744012991,0.2653,MEDIUM
CR-2023-005040,2023-04-19 08:20:30,BURGLARY,RESIDENTIAL,41.98537326137933,-87.68145285162187,SIDEWALK,False,False,D-06,W-46,0.1548014974382409,0.5635,HIGH
CR-2023-001155,2024-03-05 12:38:36,BURGLARY,COMMERCIAL,41.94198664748885,-87.61939577288175,COMMERCIAL BUILDING,False,False,D-01,W-40,0.1671101847673966,0.5553,HIGH
CR-2023-003927,2025-07-06 06:32:03,ASSAULT,AGGRAVATED ASSAULT,41.75388426568792,-87.65037738686023,APARTMENT,False,True,D-14,W-12,0.23244678847725686,0.7676,CRITICAL
CR-2024-005512,2023-05-17 08:07:46,NARCOTICS,,41.95088752244602,-87.62333778208496,PARKING LOT,True,False,D-01,W-19,0.781710685630791,0.1455,LOW
CR-2023-005577,2024-09-10 05:59:23,NARCOTICS,POSSESSION OF HEROIN,41.86252188714447,-87.6131080270658,APARTMENT,True,False,D-14,W-45,0.7835544214157956,0.1443,LOW
CR-2024-002446,2025-08-16 13:06:39,BURGLARY,FORCIBLE ENTRY,41.87034990405915,-87.72913238497303,PARKING LOT,False,False,D-03,W-24,0.16521430228018436,0.5565,HIGH
CR-2024-000505,2025-06-30 11:07:05,BATTERY,AGGRAVATED BATTERY,41.97474788131269,-87.65134800790615,APARTMENT,True,False,D-10,W-31,0.7318510536802377,0.2681,MEDIUM
CR-2023-003003,2023-12-16 14:53:37,ASSAULT,SIMPLE ASSAULT,41.873282614419416,-87.65358438560155,SIDEWALK,False,False,D-13,W-08,0.1619685729396773,0.838,CRITICAL
CR-2023-000462,2024-11-28 02:12:27,NARCOTICS,POSSESSION OF HEROIN,41.9723009325785,-87.68576373809567,STREET,True,False,D-03,W-20,0.7454158309520651,0.1697,LOW
CR-2023-003222,2025-12-27 00:04:18,ROBBERY,STRONGARM ROBBERY,41.8898621962453,-87.64327040839487,RESIDENCE,False,False,D-10,W-24,0.14100415100469843,0.859,CRITICAL
CR-2023-000936,2023-05-17 08:59:33,BURGLARY,,41.87505538288466,-87.71286611041916,APARTMENT,False,False,D-15,W-09,0.12000166803109873,0.5867,HIGH
CR-2023-001191,2025-12-07 02:42:38,ROBBERY,STRONGARM ROBBERY,41.88325681822325,-87.63052978527357,RESIDENCE,False,False,D-05,W-10,0.10462825954375472,0.8954,CRITICAL
CR-2025-001541,2023-01-28 01:01:54,BATTERY,SIMPLE BATTERY,41.848593954446194,-87.6465577969256,APARTMENT,False,False,D-13,W-43,0.7936123711860256,0.2064,LOW
CR-2024-001411,2023-07-05 14:31:18,ASSAULT,SIMPLE ASSAULT,41.77767757041315,-87.66412974617009,STREET,False,False,D-09,W-50,0.14828155022897474,0.8517,CRITICAL
CR-2024-000796,2024-02-14 20:59:38,BATTERY,AGGRAVATED BATTERY,41.78981399510394,-87.60640162897285,APARTMENT,True,False,D-04,W-25,0.7276400923880277,0.2724,MEDIUM
CR-2025-005639,2023-04-06 00:25:34,MOTOR VEHICLE THEFT,MOTORCYCLE,41.78955391399116,-87.6535097062871,APARTMENT,False,False,D-13,W-49,0.22819807613274326,0.5145,HIGH
CR-2023-000816,2023-12-04 23:45:50,ROBBERY,STRONGARM ROBBERY,41.86844675251524,-87.61435058773628,PARKING LOT,False,False,D-11,W-26,0.1303848985728422,0.8696,CRITICAL
CR-2023-001026,2024-01-18 12:05:35,THEFT,FROM BUILDING,41.86875390319665,-87.73236706851797,ALLEY,False,False,D-09,W-21,0.18400338631141488,0.3808,MEDIUM
CR-2024-000013,2025-09-23 04:13:03,THEFT,FROM BUILDING,41.86083509633867,-87.62416452972482,PARK,False,False,D-03,W-04,0.10788106149668589,0.4163,MEDIUM
CR-2025-000518,2024-11-23 21:34:54,BATTERY,AGGRAVATED BATTERY,41.85971351505497,-87.65176562320315,SIDEWALK,True,True,D-11,W-37,0.70559167996032,0.2944,MEDIUM
CR-2023-001941,2025-10-26 20:05:20,MOTOR VEHICLE THEFT,AUTOMOBILE,41.73280516041298,-87.6512579462005,SIDEWALK,False,False,D-11,W-06,0.16263863538679996,0.5582,HIGH
CR-2024-004132,2024-08-23 17:09:59,BATTERY,DOMESTIC BATTERY,41.84071519634963,-87.73041782723742,ALLEY,False,False,D-06,W-23,0.7304999475292843,0.2695,MEDIUM
CR-2025-005864,2023-08-10 22:07:41,ROBBERY,ARMED ROBBERY,41.76639618296963,-87.61569943919318,APARTMENT,False,False,D-15,W-30,0.10250672794274841,0.8975,CRITICAL
CR-2024-001366,2023-01-26 12:11:12,THEFT,GRAND THEFT,41.89073185548314,-87.74273665836304,COMMERCIAL BUILDING,False,False,D-12,W-22,0.16895809062406,0.3878,MEDIUM
CR-2023-002004,2023-10-10 12:28:48,ASSAULT,SIMPLE ASSAULT,41.87077589236323,-87.62030009760893,SIDEWALK,False,False,D-07,W-37,0.2032739079075575,0.7967,CRITICAL
CR-2024-005740,2023-07-31 01:49:49,ASSAULT,AGGRAVATED ASSAULT,41.87832684892377,-87.62475515546018,STREET,False,True,D-11,W-39,0.10696859500747766,0.893,CRITICAL
CR-2023-004485,2025-03-02 01:02:46,BURGLARY,FORCIBLE ENTRY,41.94057950666269,-87.62571036476278,PARKING LOT,True,False,D-08,W-44,0.14092920182551383,0.5727,HIGH
CR-2024-004621,2024-07-08 01:12:56,MOTOR VEHICLE THEFT,AUTOMOBILE,41.87789745133111,-87.64640099481595,APARTMENT,False,False,D-12,W-46,0.15485853996622392,0.5634,HIGH
CR-2025-000410,2025-10-28 00:42:29,ASSAULT,SIMPLE ASSAULT,41.76596778874749,-87.59376631399536,STREET,True,False,D-05,W-21,0.1664587277164947,0.8335,CRITICAL
CR-2023-002331,2023-06-22 21:11:32,BATTERY,SIMPLE BATTERY,41.76476059080315,-87.64078289302878,APARTMENT,False,False,D-05,W-48,0.7031214167771338,0.2969,MEDIUM
CR-2023-002649,2024-11-28 11:41:01,THEFT,FROM BUILDING,41.796308071552005,-87.62203000469037,STREET,False,False,D-04,W-03,0.21211152284477197,0.3677,MEDIUM
CR-2025-000899,2023-07-11 08:35:08,ASSAULT,SIMPLE ASSAULT,41.96992014277197,-87.65487376702656,APARTMENT,True,False,D-12,W-41,0.13682833866665095,0.8632,CRITICAL
CR-2024-003277,2025-10-17 21:45:48,MOTOR VEHICLE THEFT,,41.87389246919883,-87.65084299235812,ALLEY,False,False,D-09,W-44,0.15247787501242607,0.565,HIGH
CR-2024-005959,2025-08-14 12:16:30,BURGLARY,RESIDENTIAL,41.88671579526701,-87.63726054299711,STREET,False,False,D-14,W-44,0.16710649459316618,0.5553,HIGH
CR-2023-004017,2023-12-07 16:28:00,NARCOTICS,SALE/MANUFACTURE,41.77073465548347,-87.57936549011849,PARK,True,False,D-01,W-35,0.749603392619916,0.1669,LOW
CR-2024-005875,2023-05-22 01:57:38,BATTERY,AGGRAVATED BATTERY,41.7950580040784,-87.59213756581075,PARKING LOT,True,False,D-04,W-02,0.8127600218570241,0.1872,LOW
CR-2025-002807,2023-06-16 02:28:00,THEFT,RETAIL THEFT,41.870435162447066,-87.66810324394085,RESIDENCE,False,False,D-05,W-01,0.14766190384471,0.3978,MEDIUM
CR-2025-002231,2024-10-19 01:09:57,CRIMINAL DAMAGE,TO VEHICLE,41.79997763330808,-87.59992903556163,ALLEY,False,False,D-12,W-44,0.13178261510718897,0.4052,MEDIUM
CR-2025-001961,2024-11-17 23:04:31,CRIMINAL DAMAGE,TO PROPERTY,41.77023933734983,-87.66928918397758,RESIDENCE,True,False,D-07,W-45,0.16042300458586753,0.3918,MEDIUM
CR-2023-004944,2024-07-12 00:55:56,MOTOR VEHICLE THEFT,AUTOMOBILE,41.953519542928376,-87.6776850048444,PARKING LOT,False,False,D-14,W-38,0.20108340720605333,0.5326,HIGH
CR-2025-003686,2023-06-18 01:55:29,BURGLARY,RESIDENTIAL,41.87219843155589,-87.65843796188466,APARTMENT,False,False,D-03,W-16,0.10607361938392754,0.596,HIGH
CR-2025-001625,2025-09-16 21:39:08,ROBBERY,ARMED ROBBERY,41.96046495001143,-87.64933683068018,STREET,True,False,D-09,W-47,0.11259466418326963,0.8874,CRITICAL
CR-2024-004987,2025-10-21 15:25:08,BATTERY,AGGRAVATED BATTERY,41.97870636188647,-87.66613546472023,APARTMENT,False,False,D-09,W-48,0.7259697583111305,0.274,MEDIUM
CR-2023-003231,2025-04-02 20:49:12,ASSAULT,SIMPLE ASSAULT,41.94503399153657,-87.64331793336272,PARKING LOT,False,False,D-09,W-34,0.10855116045896697,0.8914,CRITICAL
CR-2023-000981,2025-06-13 04:37:04,CRIMINAL DAMAGE,TO VEHICLE,41.79192806070948,-87.61286961035125,PARK,True,False,D-05,W-26,0.1264621017739755,0.4077,MEDIUM
CR-2025-002606,2023-07-15 15:12:42,NARCOTICS,SALE/MANUFACTURE,41.87547058205144,-87.62381023597422,SIDEWALK,True,False,D-05,W-35,0.6889995083663327,0.2073,LOW
CR-2024-002962,2023-09-18 11:55:18,CRIMINAL DAMAGE,TO VEHICLE,41.91335245809718,-87.6725145832679,APARTMENT,False,False,D-15,W-49,0.20164421634803936,0.3726,MEDIUM
CR-2025-000239,2025-08-23 15:53:26,ASSAULT,SIMPLE ASSAULT,42.0099776161691,-87.63290850177131,SIDEWALK,False,False,D-15,W-30,0.15593321291032863,0.8441,CRITICAL
CR-2024-002203,2024-03-08 00:36:39,ROBBERY,ARMED ROBBERY,41.87637163651172,-87.63557414332615,COMMERCIAL BUILDING,False,False,D-05,W-23,0.11619900068131325,0.8838,CRITICAL
CR-2023-001713,2023-01-18 20:15:31,BURGLARY,FORCIBLE ENTRY,41.95345137691993,-87.62760935904812,SIDEWALK,False,False,D-11,W-42,0.09194524316838604,0.6054,HIGH
CR-2025-003572,2023-05-19 13:41:56,ROBBERY,STRONGARM ROBBERY,41.95459453558272,-87.64578496016337,APARTMENT,False,False,D-09,W-06,0.15134553096709383,0.8487,CRITICAL
CR-2025-000653,2023-08-12 20:09:51,BATTERY,SIMPLE BATTERY,41.948963623147385,-87.65548237993288,APARTMENT,False,False,D-04,W-06,0.7693106381786867,0.2307,LOW
CR-2025-005846,2024-03-14 02:58:42,MOTOR VEHICLE THEFT,TRUCK,41.90035835230652,-87.63683696074192,APARTMENT,False,True,D-15,W-41,0.14203126916804562,0.572,HIGH
CR-2025-004721,2024-05-10 08:42:23,CRIMINAL DAMAGE,TO PROPERTY,41.92895675564113,-87.65370840906887,COMMERCIAL BUILDING,False,True,D-07,W-27,0.15400932034361092,0.3948,MEDIUM
CR-2023-004908,2023-07-21 09:13:22,ROBBERY,STRONGARM ROBBERY,41.95068617506119,-87.65526392987287,SIDEWALK,False,False,D-14,W-50,0.16054148729984796,0.8395,CRITICAL
CR-2024-004102,2025-09-27 08:25:00,ROBBERY,STRONGARM ROBBERY,41.87212332087516,-87.63649964570222,COMMERCIAL BUILDING,False,False,D-13,W-38,0.17330058336453563,0.8267,CRITICAL
CR-2025-005135,2024-05-13 00:02:28,THEFT,RETAIL THEFT,41.76972443463196,-87.63876022966055,PARK,False,False,D-06,W-46,0.17803209334019635,0.3836,MEDIUM
CR-2023-005946,2025-05-27 09:41:04,ASSAULT,AGGRAVATED ASSAULT,41.7560830309826,-87.63596640834699,ALLEY,True,True,D-02,W-30,0.17989497199945817,0.8201,CRITICAL
CR-2024-000487,2023-01-04 03:44:26,NARCOTICS,SALE/MANUFACTURE,41.87140724850178,-87.65814311096419,COMMERCIAL BUILDING,True,False,D-12,W-09,0.7462903504755478,0.1691,LOW
CR-2023-005094,2024-07-16 15:40:13,ROBBERY,ARMED ROBBERY,41.88160392621893,-87.59804795417554,STREET,False,False,D-12,W-08,0.13191093468426826,0.8681,CRITICAL
CR-2024-000244,2024-07-18 21:13:26,MOTOR VEHICLE THEFT,AUTOMOBILE,41.90340712452609,-87.61657540364575,PARK,False,False,D-06,W-50,0.0933736686035488,0.6044,HIGH
CR-2025-000683,2025-09-11 01:26:11,ASSAULT,AGGRAVATED ASSAULT,41.77821738651225,-87.65233169897684,ALLEY,False,True,D-11,W-47,0.10806536958974441,0.8919,CRITICAL
CR-2025-000752,2025-11-06 13:34:43,ROBBERY,ARMED ROBBERY,41.87753667679456,-87.7350581048879,STREET,False,False,D-02,W-50,0.15438370867949724,0.8456,CRITICAL
CR-2024-002158,2023-06-15 20:51:15,BURGLARY,FORCIBLE ENTRY,41.750712597526174,-87.60080227516866,STREET,False,False,D-12,W-45,0.10283760673311282,0.5981,HIGH
CR-2024-004837,2025-04-11 23:51:05,THEFT,GRAND THEFT,41.794539782562666,-87.59188395345309,PARK,False,False,D-11,W-16,0.07188026190696477,0.4331,MEDIUM
CR-2023-001542,2025-01-10 13:38:44,NARCOTICS,POSSESSION OF COCAINE,41.87725477646053,-87.72132001830302,ALLEY,True,False,D-06,W-33,0.818103722344933,0.1213,LOW
CR-2025-004739,2025-02-12 21:20:55,MOTOR VEHICLE THEFT,MOTORCYCLE,41.8799095214134,-87.61413962305836,APARTMENT,False,False,D-13,W-31,0.12691998042012123,0.5821,HIGH
CR-2025-004004,2023-05-30 06:47:17,NARCOTICS,POSSESSION OF HEROIN,41.94214327053897,-87.63468161323266,COMMERCIAL BUILDING,False,False,D-11,W-28,0.7664103348551154,0.1557,LOW
CR-2024-003565,2025-09-24 01:14:14,MOTOR VEHICLE THEFT,MOTORCYCLE,41.87698482005363,-87.63256827163279,PARK,False,False,D-03,W-48,0.14511082947620102,0.5699,HIGH
CR-2024-005344,2024-08-31 09:52:07,CRIMINAL DAMAGE,TO PROPERTY,41.80918568759081,-87.64163618024135,PARK,False,False,D-04,W-07,0.19950205585748418,0.3736,MEDIUM
CR-2025-001205,2025-05-09 17:25:25,BURGLARY,RESIDENTIAL,41.89038166465632,-87.60673102122381,ALLEY,False,False,D-03,W-06,0.10759629378893593,0.5949,HIGH
CR-2023-005574,2023-01-02 22:17:36,CRIMINAL DAMAGE,GRAFFITI,41.85893943299674,-87.6161363944745,PARK,False,False,D-01,W-33,0.1675588342550773,0.3885,MEDIUM
CR-2025-001988,2024-06-27 21:49:27,BATTERY,SIMPLE BATTERY,41.79155602473265,-87.59281735751522,ALLEY,False,True,D-13,W-40,0.7224588074549022,0.2775,MEDIUM
CR-2025-004220,2024-01-08 14:29:55,ASSAULT,SIMPLE ASSAULT,41.866165172992616,-87.6088087311002,STREET,False,False,D-03,W-09,0.23637251569094425,0.7636,CRITICAL
CR-2023-005367,2023-10-02 10:24:35,THEFT,GRAND THEFT,41.9287117390765,-87.71995130865025,STREET,False,False,D-15,W-48,0.16803183618664172,0.3883,MEDIUM
CR-2024-002764,2023-10-16 01:35:27,ASSAULT,SIMPLE ASSAULT,41.87541123461965,-87.63145008248051,ALLEY,False,False,D-09,W-41,0.1644573484533588,0.8355,CRITICAL
CR-2024-005500,2025-03-28 05:04:12,NARCOTICS,POSSESSION OF COCAINE,41.92483640625331,-87.64664299194959,APARTMENT,True,False,D-02,W-42,0.7190837118278259,0.1873,LOW
CR-2023-005043,2024-12-13 01:14:19,BURGLARY,FORCIBLE ENTRY,41.86357274529558,-87.65052653782851,COMMERCIAL BUILDING,False,False,D-02,W-41,0.12422289040120948,0.5839,HIGH
CR-2024-001717,2023-11-17 04:45:45,ROBBERY,STRONGARM ROBBERY,41.91218652080671,-87.61646444316581,APARTMENT,False,False,D-06,W-09,0.17664834680179586,0.8234,CRITICAL
CR-2023-003168,2024-09-30 23:20:11,CRIMINAL DAMAGE,GRAFFITI,41.89303639723306,-87.73490652308708,ALLEY,False,False,D-13,W-07,0.13676274494286716,0.4028,MEDIUM
CR-2025-003353,2025-04-04 10:10:21,ROBBERY,ARMED ROBBERY,41.94013152458727,-87.65465207572633,COMMERCIAL BUILDING,False,False,D-09,W-15,0.15449819102386814,0.8455,CRITICAL
CR-2025-000173,2024-06-14 02:04:12,MOTOR VEHICLE THEFT,AUTOMOBILE,41.856378734877545,-87.65091195661564,PARKING LOT,True,False,D-01,W-11,0.16068722189426785,0.5595,HIGH
CR-2024-001363,2025-06-10 13:12:03,ROBBERY,ARMED ROBBERY,41.893271945531126,-87.60967786126704,PARK,False,False,D-04,W-38,0.20437379596318428,0.7956,CRITICAL
CR-2024-005242,2023-07-06 20:11:28,MOTOR VEHICLE THEFT,AUTOMOBILE,41.886639339849054,-87.6287249716918,ALLEY,False,False,D-15,W-38,0.13745488606561235,0.575,HIGH
CR-2025-003122,2024-05-22 17:17:53,BURGLARY,RESIDENTIAL,41.86902639854108,-87.62233317535873,PARKING LOT,False,False,D-10,W-47,0.059623207536036185,0.6269,HIGH
CR-2023-003795,2025-07-03 03:06:08,BATTERY,SIMPLE BATTERY,41.93147004394263,-87.64314104865988,PARKING LOT,True,False,D-09,W-19,0.7114781221624339,0.2885,MEDIUM
CR-2025-004175,2023-08-22 16:14:52,BATTERY,AGGRAVATED BATTERY,41.91825548359232,-87.66643435795714,COMMERCIAL BUILDING,False,False,D-10,W-27,0.7150753073672668,0.2849,MEDIUM
CR-2025-002792,2024-04-04 17:37:52,BURGLARY,COMMERCIAL,41.80808774557466,-87.64709911826169,COMMERCIAL BUILDING,False,False,D-03,W-32,0.13548513344877136,0.5763,HIGH
CR-2023-005100,2023-10-30 20:30:42,BURGLARY,RESIDENTIAL,41.88247599088068,-87.62658833526571,ALLEY,False,False,D-13,W-29,0.07108779480047711,0.6193,HIGH
CR-2024-000844,2025-01-22 09:57:26,NARCOTICS,POSSESSION OF COCAINE,41.8823493180732,-87.63368357460557,STREET,True,False,D-01,W-14,0.8434556386202341,0.1044,LOW
CR-2023-005091,2025-10-31 20:52:48,PETTY THEFT,TO PROPERTY,41.96313526690336,-87.6429227933971,APARTMENT,True,False,D-12,W-02,0.2502625223140117,0.3499,MEDIUM
CR-2025-004031,2023-08-19 21:50:57,BURGLARY,FORCIBLE ENTRY,41.85555429710964,-87.61486459368444,SIDEWALK,False,False,D-13,W-44,0.10637788796215555,0.5957,HIGH
CR-2025-002537,2023-01-03 07:34:17,NARCOTICS,POSSESSION OF COCAINE,41.88111267639674,-87.62828813391033,SIDEWALK,True,False,D-03,W-36,0.7893603244144971,0.1404,LOW
CR-2024-004057,2023-01-03 06:08:38,CRIMINAL DAMAGE,GRAFFITI,41.86476710452947,-87.63219622746988,PARKING LOT,False,False,D-03,W-02,0.17859163874808737,0.3833,MEDIUM
CR-2025-001787,2025-12-13 17:56:41,ASSAULT,SIMPLE ASSAULT,41.92299877822576,-87.64956088291396,STREET,False,False,D-03,W-34,0.15380560252872783,0.8462,CRITICAL
CR-2023-000078,2023-10-09 04:54:50,BATTERY,DOMESTIC BATTERY,41.82554436277862,-87.61715417697721,STREET,True,False,D-10,W-09,0.782411845323526,0.2176,LOW
CR-2023-001908,2023-12-30 01:09:05,NARCOTICS,POSSESSION OF COCAINE,41.872357742155806,-87.63165593419413,ALLEY,False,False,D-04,W-21,0.7892743223343957,0.1405,LOW
CR-2025-002558,2025-11-21 22:44:05,BATTERY,SIMPLE BATTERY,41.820734098653816,-87.64373630999847,STREET,True,False,D-04,W-04,0.744834585994112,0.2552,MEDIUM
CR-2025-002519,2024-02-18 23:08:17,NARCOTICS,POSSESSION OF COCAINE,41.90245827489217,-87.62405247715363,ALLEY,True,False,D-06,W-50,0.7031666687998245,0.1979,LOW
CR-2025-005867,2023-08-04 21:38:17,BURGLARY,RESIDENTIAL,41.86650749403667,-87.6315099482926,RESIDENCE,False,False,D-06,W-09,0.08524104436092922,0.6098,HIGH
CR-2025-003914,2024-05-31 23:04:23,CRIMINAL DAMAGE,GRAFFITI,41.88096686350755,-87.64704561209346,ALLEY,True,False,D-01,W-29,0.08979616680696519,0.4248,MEDIUM
CR-2025-005291,2023-09-30 23:23:15,THEFT,RETAIL THEFT,41.87183099070548,-87.76681696344274,SIDEWALK,False,False,D-02,W-45,0.17168723890621132,0.3865,MEDIUM
CR-2025-000998,2023-04-11 03:08:46,ASSAULT,,41.778236968518776,-87.6510468662807,PARK,False,True,D-15,W-25,0.14242202928855455,0.8576,CRITICAL
CR-2025-000269,2025-09-20 22:18:34,MOTOR VEHICLE THEFT,AUTOMOBILE,41.968525856184286,-87.66683783739046,PARKING LOT,False,False,D-14,W-39,0.14089728577521385,0.5727,HIGH
CR-2025-001538,2024-08-10 20:18:53,ROBBERY,ARMED ROBBERY,41.9639031098807,-87.64423919828295,APARTMENT,False,False,D-05,W-02,0.1530684666620553,0.8469,CRITICAL
CR-2023-001572,2025-11-02 01:50:13,CRIMINAL DAMAGE,TO PROPERTY,41.95704525901268,-87.64589911625264,ALLEY,False,False,D-04,W-29,0.13957493455206302,0.4015,MEDIUM
CR-2024-005635,2025-03-01 14:58:45,MOTOR VEHICLE THEFT,AUTOMOBILE,41.825653467320535,-87.6414800499569,RESIDENCE,True,False,D-04,W-50,0.13951286849444242,0.5737,HIGH
CR-2025-002762,2024-11-24 03:58:33,NARCOTICS,POSSESSION OF HEROIN,41.75749128704297,-87.64429084341737,COMMERCIAL BUILDING,True,False,D-07,W-06,0.8104366629296382,0.1264,LOW
CR-2023-004440,2025-10-30 07:39:39,MOTOR VEHICLE THEFT,MOTORCYCLE,41.72498886557487,-87.63828143426676,ALLEY,True,False,D-05,W-45,0.21432751892873236,0.5238,HIGH
CR-2023-002196,2023-05-09 11:51:48,MOTOR VEHICLE THEFT,MOTORCYCLE,41.886438123780266,-87.7364890589679,ALLEY,False,False,D-15,W-34,0.1434085733306837,0.5711,HIGH
CR-2025-001133,2023-11-05 22:23:44,NARCOTICS,SALE/MANUFACTURE,41.851421186239904,-87.62500522261122,RESIDENCE,True,False,D-14,W-07,0.7768533565205714,0.1488,LOW
CR-2024-003805,2025-06-04 03:05:06,THEFT,GRAND THEFT,41.78478639487778,-87.72120913228572,STREET,False,False,D-02,W-04,0.15078028574288146,0.3963,MEDIUM
CR-2024-002536,2024-12-20 02:25:39,THEFT,RETAIL THEFT,41.88724289067813,-87.65313060600762,PARKING LOT,False,False,D-11,W-29,0.0746604691991004,0.4318,MEDIUM
CR-2023-004515,2025-11-19 04:36:00,CRIMINAL DAMAGE,TO PROPERTY,41.87791963956631,-87.63339333788406,PARK,False,False,D-09,W-19,0.11525682516042872,0.4129,MEDIUM
CR-2024-002581,2024-09-19 18:56:24,CRIMINAL DAMAGE,GRAFFITI,41.94656086434792,-87.6549794943541,PARK,False,False,D-06,W-23,0.08875514881636583,0.4252,MEDIUM
CR-2024-005134,2023-01-10 16:10:50,NARCOTICS,POSSESSION OF HEROIN,41.87587665666736,-87.6222210798524,APARTMENT,True,False,D-07,W-06,0.781062156031018,0.146,LOW
CR-2025-000320,2025-03-18 20:24:25,NARCOTICS,POSSESSION OF COCAINE,41.9416843060142,-87.62191956949421,RESIDENCE,True,False,D-07,W-24,0.7575048378230261,0.1617,LOW
CR-2025-003545,2024-04-27 11:05:37,BURGLARY,FORCIBLE ENTRY,41.7669780884839,-87.58707210324533,PARK,False,True,D-01,W-39,0.12569715149559504,0.5829,HIGH
CR-2024-004771,2024-12-11 07:31:43,MOTOR VEHICLE THEFT,TRUCK,41.8898473348402,-87.63833315462796,PARKING LOT,False,False,D-14,W-14,0.24136075619712433,0.5058,HIGH
CR-2023-003495,2023-03-01 01:58:28,ASSAULT,SIMPLE ASSAULT,41.88692115012752,-87.615364822461,RESIDENCE,False,False,D-10,W-32,0.1489475634289775,0.8511,CRITICAL
CR-2025-004571,2025-10-04 23:21:19,ASSAULT,SIMPLE ASSAULT,41.8850800914444,-87.73394081470055,ALLEY,False,False,D-15,W-08,0.1577742331053643,0.8422,CRITICAL
CR-2023-004953,2025-02-14 01:18:49,THEFT,GRAND THEFT,41.8876482981031,-87.59496086162106,RESIDENCE,False,False,D-01,W-15,0.15886160637462604,0.3925,MEDIUM
CR-2023-001302,2025-02-08 00:00:08,NARCOTICS,POSSESSION OF HEROIN,41.76329136525717,-87.6336131339414,SIDEWALK,True,False,D-14,W-36,0.8162289146675793,0.1225,LOW
CR-2025-000395,2025-11-02 02:38:46,ROBBERY,STRONGARM ROBBERY,41.78964045547831,-87.62380780782092,STREET,False,False,D-08,W-42,0.15428152775698345,0.8457,CRITICAL
CR-2023-005646,2023-02-04 12:01:30,NARCOTICS,SALE/MANUFACTURE,41.97194417574834,-87.61861730871274,PARK,True,True,D-01,W-25,0.7869029594754647,0.1421,LOW
CR-2025-004244,2025-06-04 00:00:16,BURGLARY,RESIDENTIAL,41.88666711863058,-87.6406522993363,APARTMENT,False,False,D-13,W-07,0.09528773441015567,0.6031,HIGH
CR-2025-001604,2023-02-24 06:26:32,MOTOR VEHICLE THEFT,AUTOMOBILE,41.80140996470988,-87.61771936701705,SIDEWALK,True,False,D-15,W-45,0.17593217608049008,0.5494,HIGH
CR-2025-000107,2024-04-21 01:21:45,MOTOR VEHICLE THEFT,AUTOMOBILE,41.77101826888399,-87.61002576948768,RESIDENCE,True,False,D-15,W-11,0.1247108543806104,0.5835,HIGH
CR-2024-002281,2025-07-19 17:30:52,ASSAULT,AGGRAVATED ASSAULT,41.7564916835352,-87.62351744156999,APARTMENT,False,False,D-14,W-34,0.16720526785407092,0.8328,CRITICAL
CR-2024-002413,2024-06-15 04:32:08,NARCOTICS,POSSESSION OF COCAINE,41.950090102913855,-87.63934010900775,PARK,False,False,D-15,W-50,0.6658522523001149,0.2228,LOW
CR-2025-005999,2024-06-28 08:12:13,CRIMINAL DAMAGE,TO PROPERTY,41.77638260317957,-87.6526578455687,STREET,False,False,D-04,W-32,0.24902843022448107,0.3505,MEDIUM
CR-2024-000535,2024-07-26 05:01:34,BATTERY,DOMESTIC BATTERY,41.77772698552802,-87.61707397931943,COMMERCIAL BUILDING,False,True,D-11,W-41,0.6713608362153384,0.3286,MEDIUM
CR-2024-002881,2025-01-27 02:33:56,ASSAULT,AGGRAVATED ASSAULT,41.92877348126965,-87.68339633887855,COMMERCIAL BUILDING,False,True,D-07,W-14,0.2664239397104685,0.7336,HIGH
CR-2024-002887,2023-06-10 07:10:21,CRIMINAL DAMAGE,GRAFFITI,41.78660024755544,-87.66157111908812,APARTMENT,False,False,D-01,W-28,0.24682959820174621,0.3515,MEDIUM
CR-2025-002663,2024-02-11 23:24:38,THEFT,PETTY THEFT,41.87128036595,-87.72297955788453,SIDEWALK,False,False,D-01,W-09,0.19903093524259127,0.3738,MEDIUM
CR-2025-003917,2024-12-09 07:42:16,THEFT,RETAIL THEFT,41.78434295502718,-87.64961625850727,SIDEWALK,False,False,D-04,W-34,0.18544821368493936,0.3801,MEDIUM
CR-2023-000081,2025-03-01 02:01:20,BATTERY,DOMESTIC BATTERY,41.97157191158015,-87.67171364636702,RESIDENCE,True,False,D-14,W-31,0.7849163897496668,0.2151,LOW
CR-2025-004589,2025-05-14 06:26:35,MOTOR VEHICLE THEFT,AUTOMOBILE,41.86270061775674,-87.63667205484762,ALLEY,False,False,D-07,W-46,0.20682519063677837,0.5288,HIGH
CR-2023-000993,2024-04-11 19:27:08,BURGLARY,,41.96290191573696,-87.6449764342577,PARK,False,False,D-01,W-40,0.13545792353056363,0.5764,HIGH
CR-2025-003761,2024-01-24 18:44:17,MOTOR VEHICLE THEFT,AUTOMOBILE,41.880747262754944,-87.62303160975796,STREET,False,False,D-09,W-34,0.14066699466490437,0.5729,HIGH
CR-2025-004601,2023-03-23 19:13:00,MOTOR VEHICLE THEFT,TRUCK,41.8707408164896,-87.63404138991444,COMMERCIAL BUILDING,False,False,D-09,W-30,0.11596541356544714,0.5894,HIGH
CR-2025-002072,2024-06-05 01:42:38,THEFT,FROM BUILDING,41.9180217834982,-87.70791460273658,ALLEY,False,False,D-11,W-34,0.08388768651474472,0.4275,MEDIUM
CR-2024-005380,2023-11-29 13:58:11,BATTERY,DOMESTIC BATTERY,41.89741454596021,-87.71909785604942,APARTMENT,True,True,D-09,W-28,0.8241172986925966,0.1759,LOW
CR-2023-002034,2024-03-10 21:33:09,BURGLARY,RESIDENTIAL,41.749169188373074,-87.60265035572043,COMMERCIAL BUILDING,True,False,D-09,W-06,0.12779315958450557,0.5815,HIGH
CR-2023-004419,2025-06-29 09:56:15,CRIMINAL DAMAGE,GRAFFITI,41.90616332889808,-87.71624194979488,APARTMENT,False,False,D-01,W-50,0.11646224934208414,0.4123,MEDIUM
CR-2023-001245,2025-07-07 07:36:37,ASSAULT,AGGRAVATED ASSAULT,41.87789243380859,-87.64014591661096,RESIDENCE,False,True,D-12,W-07,0.1311463323268075,0.8689,CRITICAL
CR-2024-004636,2023-05-06 09:52:51,ASSAULT,AGGRAVATED ASSAULT,41.86308485683277,-87.61430215203455,APARTMENT,True,False,D-01,W-48,0.18703953250021502,0.813,CRITICAL
CR-2024-003562,2024-03-04 17:29:07,ASSAULT,,41.9752436026249,-87.69398175490919,COMMERCIAL BUILDING,False,False,D-15,W-25,0.1127563834799476,0.8872,CRITICAL
CR-2023-000507,2025-09-27 02:37:34,BATTERY,SIMPLE BATTERY,41.91184734845697,-87.72333760589767,ALLEY,True,False,D-03,W-01,0.8361528819946952,0.1638,LOW
CR-2023-000147,2025-11-01 20:43:31,NARCOTICS,SALE/MANUFACTURE,41.78782538714913,-87.64632273988153,PARK,True,False,D-13,W-49,0.8104399587795934,0.1264,LOW
CR-2023-004935,2024-06-01 22:00:37,ROBBERY,STRONGARM ROBBERY,41.78036522293429,-87.65969571415143,SIDEWALK,False,False,D-04,W-10,0.18142667820343228,0.8186,CRITICAL
CR-2023-001275,2023-02-01 17:08:53,THEFT,GRAND THEFT,41.91668033375524,-87.69289848770278,PARK,True,False,D-03,W-27,0.15877310675158487,0.3926,MEDIUM
CR-2025-000590,2024-07-03 15:50:13,ROBBERY,STRONGARM ROBBERY,41.78339735377884,-87.59419994284139,SIDEWALK,False,False,D-09,W-45,0.13788300569928805,0.8621,CRITICAL
CR-2025-004868,2024-09-03 07:00:56,ROBBERY,ARMED ROBBERY,41.78936286397893,-87.64141627630322,SIDEWALK,False,False,D-13,W-35,0.15322487160786302,0.8468,CRITICAL
CR-2024-000133,2023-05-31 02:24:45,ASSAULT,AGGRAVATED ASSAULT,41.90258616955898,-87.65125212066941,ALLEY,True,False,D-08,W-24,0.17294272647155054,0.8271,CRITICAL
CR-2023-004278,2024-09-09 13:17:23,ROBBERY,STRONGARM ROBBERY,41.87281319402544,-87.59757554704319,PARK,False,True,D-09,W-32,0.18978978432159435,0.8102,CRITICAL
CR-2023-005076,2023-03-25 03:39:22,MOTOR VEHICLE THEFT,AUTOMOBILE,41.871245122492624,-87.65092340152461,ALLEY,False,False,D-13,W-16,0.14073008964126685,0.5728,HIGH
CR-2024-001426,2025-03-05 11:27:25,BURGLARY,RESIDENTIAL,41.92630274413875,-87.65088917145972,APARTMENT,False,False,D-13,W-10,0.08768479185248479,0.6082,HIGH
CR-2025-002366,2025-08-27 17:32:18,ROBBERY,STRONGARM ROBBERY,41.92747757829875,-87.64583185168574,ALLEY,False,False,D-08,W-31,0.13576676906463203,0.8642,CRITICAL
CR-2024-005161,2025-07-17 08:31:50,MOTOR VEHICLE THEFT,AUTOMOBILE,41.89365507986554,-87.6339322347277,APARTMENT,False,False,D-06,W-14,0.1758533842680765,0.5494,HIGH
CR-2023-003138,2023-09-20 06:49:54,ASSAULT,SIMPLE ASSAULT,41.89175323675497,-87.63255292258236,PARKING LOT,False,False,D-01,W-18,0.17200451976450848,0.828,CRITICAL
CR-2023-005061,2024-03-07 11:45:20,CRIMINAL DAMAGE,TO VEHICLE,41.88858818658008,-87.65391461965785,ALLEY,False,False,D-14,W-48,0.1881432294694445,0.3789,MEDIUM
CR-2024-002980,2023-02-09 18:41:35,BATTERY,SIMPLE BATTERY,41.86591181344817,-87.59822053855812,COMMERCIAL BUILDING,True,False,D-15,W-11,0.7225810381634692,0.2774,MEDIUM
CR-2023-002706,2025-04-22 02:24:52,NARCOTICS,SALE/MANUFACTURE,41.93311626426724,-87.63777652136613,ALLEY,False,False,D-01,W-01,0.8113623500233779,0.1258,LOW
CR-2024-004345,2024-12-13 13:46:34,CRIMINAL DAMAGE,TO PROPERTY,41.79166338446128,-87.6239565336301,STREET,True,False,D-02,W-49,0.2363582232013696,0.3564,MEDIUM
CR-2023-000774,2024-01-27 18:55:46,ROBBERY,STRONGARM ROBBERY,41.96372160556769,-87.63076133552231,COMMERCIAL BUILDING,False,False,D-07,W-10,0.20008323630074945,0.7999,CRITICAL
CR-2025-004679,2024-03-10 10:43:22,MOTOR VEHICLE THEFT,AUTOMOBILE,41.87217429721746,-87.62516429747464,PARK,False,False,D-06,W-09,0.18265745388380616,0.5449,HIGH
CR-2023-001053,2023-07-13 13:07:32,NARCOTICS,POSSESSION OF HEROIN,41.930387585307045,-87.64253216148784,PARKING LOT,True,False,D-10,W-21,0.6905397287783158,0.2063,LOW
CR-2025-004790,2025-02-18 04:39:42,ASSAULT,AGGRAVATED ASSAULT,41.90009663586783,-87.65093823697038,STREET,False,True,D-13,W-03,0.19927192611497105,0.8007,CRITICAL
CR-2025-002849,2025-09-28 17:58:12,THEFT,PETTY THEFT,41.87871058126385,-87.71586976665151,SIDEWALK,False,False,D-12,W-38,0.15079795088191383,0.3963,MEDIUM
CR-2023-000573,2024-06-05 03:01:34,THEFT,GRAND THEFT,41.86165587369658,-87.65140076323891,PARKING LOT,True,False,D-06,W-09,0.1347155848843399,0.4038,MEDIUM
CR-2024-005131,2023-08-11 02:14:07,THEFT,GRAND THEFT,41.88696635796988,-87.6321461391819,PARKING LOT,True,False,D-04,W-17,0.2037605346462573,0.3716,MEDIUM
CR-2025-003416,2024-08-26 07:04:50,BATTERY,DOMESTIC BATTERY,41.925360049048415,-87.653118340593,SIDEWALK,True,False,D-13,W-23,0.6966014974237222,0.3034,MEDIUM
CR-2023-002142,2025-07-05 22:24:48,NARCOTICS,POSSESSION OF HEROIN,41.93281814521247,-87.65123528090828,STREET,True,False,D-05,W-36,0.6900935271822185,0.2066,LOW
CR-2023-001797,2024-11-17 22:51:11,ROBBERY,,41.896988498596805,-87.61260338694399,COMMERCIAL BUILDING,False,False,D-03,W-06,0.15845818237525713,0.8415,CRITICAL
CR-2024-004213,2025-02-22 05:14:58,MOTOR VEHICLE THEFT,AUTOMOBILE,41.8905574720098,-87.64338695820057,SIDEWALK,False,False,D-12,W-45,0.15614502849065764,0.5626,HIGH
CR-2023-003861,2025-01-29 11:05:01,CRIMINAL DAMAGE,GRAFFITI,41.78303100125162,-87.62868695339176,COMMERCIAL BUILDING,False,False,D-13,W-28,0.19043947133496786,0.3778,MEDIUM
CR-2023-002211,2025-08-17 17:01:50,BATTERY,DOMESTIC BATTERY,41.9735080721892,-87.63638260712631,PARK,True,False,D-13,W-23,0.6922567478525274,0.3077,MEDIUM
CR-2025-003410,2025-03-26 05:10:15,ASSAULT,AGGRAVATED ASSAULT,41.9079805495394,-87.60229155180964,PARK,False,True,D-13,W-13,0.14057292163024293,0.8594,CRITICAL
CR-2023-001062,2023-08-29 02:09:16,CRIMINAL DAMAGE,TO PROPERTY,41.7794616473203,-87.61532202212062,PARKING LOT,False,False,D-06,W-18,0.11893238461842509,0.4112,MEDIUM
CR-2023-000735,2025-08-16 10:19:00,BATTERY,AGGRAVATED BATTERY,41.80881578716614,-87.64424457260799,SIDEWALK,True,False,D-10,W-05,0.7473724977518296,0.2526,MEDIUM
CR-2025-001544,2024-04-21 22:46:11,ASSAULT,AGGRAVATED ASSAULT,41.909377962719226,-87.65242824126989,SIDEWALK,False,True,D-14,W-31,0.21079976448189483,0.7892,CRITICAL
CR-2023-004926,2024-03-27 09:18:54,NARCOTICS,POSSESSION OF COCAINE,41.88840161105755,-87.63942732105917,SIDEWALK,False,False,D-11,W-48,0.6945019224454384,0.2037,LOW
CR-2025-003185,2023-10-12 20:20:40,ROBBERY,ARMED ROBBERY,41.87421591805133,-87.63261789101513,RESIDENCE,True,False,D-02,W-09,0.12852685303191166,0.8715,CRITICAL
CR-2025-003932,2023-11-27 23:26:12,NARCOTICS,POSSESSION OF HEROIN,41.87234021678955,-87.74521652598985,PARK,True,False,D-04,W-49,0.8727271616567308,0.0848,LOW
CR-2025-001127,2025-11-18 22:47:35,THEFT,PETTY THEFT,41.859314098333805,-87.62434552176063,COMMERCIAL BUILDING,False,True,D-12,W-48,0.09528852468954689,0.4222,MEDIUM
CR-2025-000413,2025-03-19 09:08:00,CRIMINAL DAMAGE,TO VEHICLE,41.81838930364327,-87.64207150067884,APARTMENT,False,False,D-11,W-10,0.08741023077691996,0.4259,MEDIUM
CR-2025-000644,2023-07-17 07:56:57,BURGLARY,COMMERCIAL,41.86073940108887,-87.76565203067315,PARKING LOT,False,False,D-03,W-30,0.14291416034440396,0.5714,HIGH
CR-2023-002061,2023-08-04 20:48:47,BATTERY,AGGRAVATED BATTERY,41.8924668742171,-87.626685949729,PARKING LOT,False,False,D-14,W-49,0.8508363188251753,0.1492,LOW
CR-2024-005302,2023-03-10 09:04:43,NARCOTICS,,41.88084371845431,-87.6576059836183,COMMERCIAL BUILDING,True,False,D-03,W-01,0.8325810488409104,0.1116,LOW
CR-2025-001298,2024-07-31 07:12:43,ASSAULT,AGGRAVATED ASSAULT,41.86899949557852,-87.62663074461581,ALLEY,False,True,D-06,W-36,0.1502322954951727,0.8498,CRITICAL
CR-2025-004526,2025-07-18 19:44:48,BATTERY,SIMPLE BATTERY,41.94698189274945,-87.66200333946452,ALLEY,True,False,D-07,W-25,0.6728619822936212,0.3271,MEDIUM
CR-2025-004925,2024-03-13 13:17:14,THEFT,FROM BUILDING,41.86851209699376,-87.63214414505057,PARKING LOT,False,False,D-13,W-43,0.12730214552949953,0.4073,MEDIUM
CR-2023-002439,2024-05-06 14:50:20,THEFT,FROM BUILDING,41.76186549412326,-87.60480434939937,RESIDENCE,False,False,D-11,W-07,0.10360310690394688,0.4183,MEDIUM
CR-2023-002268,2023-11-09 02:16:07,ROBBERY,STRONGARM ROBBERY,41.881350246784464,-87.63435025101217,STREET,False,False,D-15,W-09,0.1609501767005744,0.839,CRITICAL
CR-2025-003143,2023-07-29 15:08:02,CRIMINAL DAMAGE,TO PROPERTY,41.8618764232028,-87.71432131793495,PARK,False,False,D-08,W-22,0.15247142898658134,0.3955,MEDIUM
CR-2025-002852,2023-08-16 11:10:29,CRIMINAL DAMAGE,GRAFFITI,41.77031985182892,-87.68114481097263,PARK,False,False,D-13,W-50,0.11261836186535247,0.4141,MEDIUM
CR-2024-003181,2023-08-10 20:50:42,BURGLARY,COMMERCIAL,41.93814822406043,-87.64163575191998,RESIDENCE,False,True,D-13,W-45,0.07689645672298766,0.6154,HIGH
CR-2024-003415,2024-06-05 08:47:25,NARCOTICS,POSSESSION OF HEROIN,41.78995792170412,-87.64776824017514,RESIDENCE,True,False,D-15,W-38,0.7243928307247419,0.1837,LOW
CR-2024-005200,2024-08-22 04:08:09,ASSAULT,AGGRAVATED ASSAULT,41.77731741943047,-87.63096470982286,PARKING LOT,False,False,D-09,W-18,0.14024881475189063,0.8598,CRITICAL
CR-2024-003532,2023-11-26 18:34:32,BURGLARY,COMMERCIAL,41.88164335469396,-87.64388733354656,ALLEY,False,False,D-12,W-01,0.14532812381555096,0.5698,HIGH
CR-2023-003576,2025-06-01 10:27:24,BATTERY,AGGRAVATED BATTERY,41.86494954371572,-87.61989310071473,ALLEY,True,False,D-09,W-24,0.7753818690598139,0.2246,LOW
CR-2025-002831,2024-03-30 02:02:07,ROBBERY,STRONGARM ROBBERY,41.77908406703559,-87.66596367342497,APARTMENT,False,False,D-06,W-12,0.18506214728592604,0.8149,CRITICAL
CR-2024-003814,2023-07-19 18:32:12,ASSAULT,AGGRAVATED ASSAULT,41.91627486423196,-87.64740084059353,ALLEY,True,False,D-07,W-45,0.1663376368569053,0.8337,CRITICAL
CR-2025-004904,2024-09-20 00:21:13,CRIMINAL DAMAGE,GRAFFITI,41.84701797325856,-87.63287398711363,PARKING LOT,False,False,D-12,W-39,0.07975023812296472,0.4294,MEDIUM
CR-2024-001321,2025-01-21 16:29:26,ASSAULT,AGGRAVATED ASSAULT,41.93144732142762,-87.66834177777186,STREET,False,False,D-03,W-01,0.2639863500911827,0.736,HIGH
CR-2023-000852,2025-12-01 21:38:49,CRIMINAL DAMAGE,TO VEHICLE,41.789145466423214,-87.63503144136547,COMMERCIAL BUILDING,False,False,D-09,W-20,0.10219030591052235,0.419,MEDIUM
CR-2025-004892,2025-05-08 02:03:42,ROBBERY,STRONGARM ROBBERY,41.74021075514659,-87.6239014035621,RESIDENCE,False,False,D-15,W-03,0.14895979918635932,0.851,CRITICAL
CR-2025-003995,2023-08-14 12:13:11,BURGLARY,FORCIBLE ENTRY,41.97258461294448,-87.6557857299134,PARK,False,False,D-05,W-07,0.12609702506160342,0.5826,HIGH
CR-2025-004184,2025-05-09 23:42:05,ROBBERY,ARMED ROBBERY,41.980928614692175,-87.65057913872351,PARKING LOT,False,False,D-15,W-22,0.13597549822948582,0.864,CRITICAL
CR-2023-003150,2023-11-20 04:41:45,BURGLARY,FORCIBLE ENTRY,41.87477600458423,-87.65141472451788,SIDEWALK,False,False,D-11,W-20,0.09870883746524543,0.6009,HIGH
CR-2025-005318,2023-05-04 11:20:28,ROBBERY,ARMED ROBBERY,41.93253730672773,-87.67911491601473,COMMERCIAL BUILDING,False,False,D-03,W-50,0.11725365126399766,0.8827,CRITICAL
CR-2025-000284,2024-06-29 13:59:36,BATTERY,SIMPLE BATTERY,41.73213020197436,-87.63778783710104,COMMERCIAL BUILDING,True,True,D-06,W-39,0.7704178093549068,0.2296,LOW
CR-2023-000033,2023-11-09 07:42:07,CRIMINAL DAMAGE,TO PROPERTY,41.777099746960495,-87.6039116775527,PARKING LOT,False,False,D-12,W-46,0.13737310534720873,0.4026,MEDIUM
CR-2024-004087,2023-04-19 00:06:00,PETTY THEFT,STRONGARM ROBBERY,41.871038673513134,-87.61298217786145,COMMERCIAL BUILDING,True,True,D-05,W-33,0.26564210932014215,0.3427,MEDIUM
CR-2023-004860,2024-07-09 02:24:17,ASSAULT,AGGRAVATED ASSAULT,41.94190760651204,-87.65054536544187,STREET,False,False,D-03,W-27,0.18250194716521995,0.8175,CRITICAL
CR-2023-000702,2023-05-13 10:13:14,ASSAULT,AGGRAVATED ASSAULT,41.96832095371612,-87.67043590177138,ALLEY,False,False,D-08,W-37,0.1797826145958892,0.8202,CRITICAL
CR-2025-000833,2025-01-10 01:04:17,BATTERY,DOMESTIC BATTERY,41.9284139553541,-87.66539549842456,RESIDENCE,False,False,D-11,W-28,0.7619308476544835,0.2381,LOW
CR-2025-005990,2024-11-29 13:32:18,MOTOR VEHICLE THEFT,MOTORCYCLE,41.745666023526645,-87.63611275760849,PARK,False,False,D-15,W-26,0.20680826886000925,0.5288,HIGH
CR-2024-005854,2023-07-23 07:44:35,BATTERY,AGGRAVATED BATTERY,41.97092786899445,-87.6572721679801,RESIDENCE,False,False,D-01,W-46,0.8036852529313511,0.1963,LOW
CR-2024-001591,2024-12-02 02:58:28,CRIMINAL DAMAGE,GRAFFITI,41.86073394308645,-87.7328542060379,PARKING LOT,True,False,D-14,W-42,0.1664707110708519,0.389,MEDIUM
CR-2024-003856,2025-10-01 11:13:25,ROBBERY,ARMED ROBBERY,41.94345328072207,-87.6486353893002,RESIDENCE,False,False,D-07,W-38,0.1772573659626673,0.8227,CRITICAL
CR-2025-003110,2024-07-14 04:22:43,BURGLARY,COMMERCIAL,41.97238599145843,-87.65594553788205,APARTMENT,True,False,D-14,W-50,0.12042542218309868,0.5864,HIGH
CR-2024-002287,2024-05-27 01:07:38,ROBBERY,ARMED ROBBERY,41.933412846211546,-87.65973073195167,STREET,True,False,D-14,W-22,0.23089497517415639,0.7691,CRITICAL
CR-2023-000471,2023-01-22 08:58:08,ROBBERY,STRONGARM ROBBERY,41.961404023559176,-87.65728351727559,ALLEY,True,False,D-12,W-29,0.14302623642294474,0.857,CRITICAL
CR-2024-003703,2025-11-12 21:27:19,ASSAULT,SIMPLE ASSAULT,41.87246749939887,-87.61930803629657,PARKING LOT,True,False,D-03,W-48,0.13980936594004542,0.8602,CRITICAL
CR-2023-005052,2023-05-07 02:10:57,ROBBERY,STRONGARM ROBBERY,41.75744459920571,-87.64265660022944,RESIDENCE,False,False,D-12,W-28,0.19878099907916982,0.8012,CRITICAL
CR-2025-003056,2023-10-04 12:11:44,MOTOR VEHICLE THEFT,TRUCK,41.88530880137642,-87.64289483450334,RESIDENCE,False,False,D-03,W-25,0.11610514864283578,0.5893,HIGH
CR-2025-002483,2023-03-29 10:27:31,CRIMINAL DAMAGE,TO VEHICLE,41.75541341895035,-87.60101887706091,APARTMENT,False,False,D-15,W-34,0.11947795551718866,0.4109,MEDIUM
CR-2025-000692,2023-06-10 20:22:05,CRIMINAL DAMAGE,GRAFFITI,41.89395771669617,-87.72151273355269,PARKING LOT,False,False,D-08,W-44,0.13184424223934144,0.4051,MEDIUM
CR-2025-001742,2023-07-01 14:42:02,ROBBERY,STRONGARM ROBBERY,41.92818803560142,-87.66560436787616,COMMERCIAL BUILDING,False,False,D-05,W-38,0.16412657151209226,0.8359,CRITICAL
CR-2024-003373,2024-07-17 05:08:42,BATTERY,SIMPLE BATTERY,41.755034547451245,-87.61604452623887,PARKING LOT,True,True,D-11,W-33,0.7114774250129042,0.2885,MEDIUM
CR-2023-000636,2025-07-18 00:26:16,MOTOR VEHICLE THEFT,MOTORCYCLE,41.86171530852992,-87.63454612674542,STREET,False,True,D-03,W-05,0.16017604504866884,0.5599,HIGH
CR-2025-005591,2024-08-10 21:23:17,NARCOTICS,POSSESSION OF HEROIN,41.96367805817151,-87.66310788934234,RESIDENCE,True,False,D-05,W-50,0.5687437756631164,0.2875,MEDIUM
CR-2025-002801,2025-05-16 06:22:36,BURGLARY,FORCIBLE ENTRY,41.77355312081114,-87.6047420949553,APARTMENT,False,False,D-15,W-46,0.12268908787167078,0.5849,HIGH
CR-2024-002521,2024-08-07 19:18:50,BURGLARY,COMMERCIAL,41.94499228469223,-87.67155647180672,RESIDENCE,False,False,D-06,W-20,0.0727753472348262,0.6181,HIGH
CR-2024-000760,2023-06-18 15:06:20,MOTOR VEHICLE THEFT,MOTORCYCLE,41.89641550543288,-87.62106853444797,PARK,False,False,D-13,W-44,0.15377595114476492,0.5641,HIGH
CR-2025-001406,2023-03-30 02:09:28,NARCOTICS,POSSESSION OF HEROIN,41.91189932433336,-87.73268236979013,COMMERCIAL BUILDING,True,False,D-10,W-36,0.7184173488557624,0.1877,LOW
CR-2024-001630,2023-02-08 20:18:30,NARCOTICS,POSSESSION OF HEROIN,41.94363779127376,-87.65437994505493,STREET,True,True,D-02,W-27,0.774410827832383,0.1504,LOW
CR-2024-004495,2025-07-24 21:05:52,ASSAULT,SIMPLE ASSAULT,41.98042148612329,-87.6374631884081,PARKING LOT,False,False,D-11,W-38,0.12425019053984142,0.8757,CRITICAL
CR-2025-002066,2023-06-02 01:01:28,ROBBERY,STRONGARM ROBBERY,41.89415547740345,-87.61072161367092,SIDEWALK,False,False,D-05,W-27,0.14378679610540224,0.8562,CRITICAL
CR-2024-001966,2025-11-09 00:26:19,ROBBERY,ARMED ROBBERY,41.80108759918535,-87.60997883364222,STREET,True,False,D-05,W-05,0.1678341688228127,0.8322,CRITICAL
CR-2023-002409,2024-01-19 01:04:43,ROBBERY,STRONGARM ROBBERY,41.88751409446344,-87.63399261194945,RESIDENCE,False,True,D-14,W-07,0.22404795740856273,0.776,CRITICAL
CR-2024-000142,2024-12-14 15:46:44,MOTOR VEHICLE THEFT,TRUCK,41.910095500619846,-87.65908131699284,STREET,False,False,D-14,W-22,0.2434714127192263,0.5044,HIGH
CR-2024-003115,2023-02-13 03:38:36,NARCOTICS,SALE/MANUFACTURE,41.88246804132707,-87.63525359942373,APARTMENT,True,False,D-03,W-37,0.792721646808785,0.1382,LOW
CR-2025-003641,2023-06-28 14:24:47,ROBBERY,STRONGARM ROBBERY,41.98773833925016,-87.65608288053936,APARTMENT,False,False,D-15,W-44,0.149639418646455,0.8504,CRITICAL
CR-2024-001090,2023-04-13 00:35:29,NARCOTICS,POSSESSION OF COCAINE,41.87524941447498,-87.63516168134215,COMMERCIAL BUILDING,True,False,D-08,W-38,0.7337867685147286,0.1775,LOW
CR-2025-002264,2023-03-17 08:52:05,BURGLARY,,41.94733786396606,-87.66631963607077,COMMERCIAL BUILDING,False,False,D-05,W-50,0.08404382620904238,0.6106,HIGH
CR-2023-005865,2025-03-16 03:06:29,ASSAULT,AGGRAVATED ASSAULT,41.86264870917644,-87.5931134564633,PARK,False,False,D-14,W-04,0.18528115139204412,0.8147,CRITICAL
CR-2025-004943,2025-05-16 19:35:43,ASSAULT,SIMPLE ASSAULT,41.94559448828899,-87.66201031664066,SIDEWALK,False,False,D-09,W-44,0.1318660196412053,0.8681,CRITICAL
CR-2024-002050,2024-07-11 16:08:05,THEFT,GRAND THEFT,41.8555966720783,-87.64148255564231,RESIDENCE,False,False,D-06,W-23,0.08436830376506192,0.4273,MEDIUM
CR-2023-002223,2023-07-11 23:31:11,CRIMINAL DAMAGE,GRAFFITI,41.93083473494353,-87.65330226091181,PARK,False,False,D-12,W-27,0.09238036541963172,0.4236,MEDIUM
CR-2024-004633,2025-07-06 01:16:50,THEFT,PETTY THEFT,41.87439622508767,-87.65868966727668,RESIDENCE,False,False,D-14,W-37,0.1689815443270717,0.3878,MEDIUM
CR-2024-000697,2024-11-09 05:46:04,THEFT,PETTY THEFT,41.7697669612172,-87.62438299235338,COMMERCIAL BUILDING,False,False,D-14,W-25,0.13990397790040773,0.4014,MEDIUM
CR-2025-002132,2025-06-27 07:16:32,CRIMINAL DAMAGE,TO PROPERTY,41.87720260784705,-87.62239659693499,PARK,True,False,D-10,W-41,0.10574004646404156,0.4173,MEDIUM
CR-2025-005540,2025-08-11 22:05:14,THEFT,RETAIL THEFT,41.89143481623776,-87.60384223072258,ALLEY,False,False,D-15,W-17,0.14300900908665512,0.3999,MEDIUM
CR-2024-001996,2023-08-02 22:12:07,NARCOTICS,POSSESSION OF HEROIN,41.84846768343175,-87.6185335081824,PARKING LOT,True,False,D-12,W-44,0.6613632850825301,0.2258,LOW
CR-2024-004498,2023-07-11 04:35:17,BURGLARY,RESIDENTIAL,41.90160991919948,-87.69830795082768,SIDEWALK,True,False,D-05,W-28,0.1608916074009169,0.5594,HIGH
CR-2023-001503,2025-11-13 07:25:34,NARCOTICS,POSSESSION OF HEROIN,41.79105090723544,-87.66768259972346,COMMERCIAL BUILDING,True,True,D-05,W-25,0.6887702283144984,0.2075,LOW
CR-2025-001925,2024-11-15 18:53:23,MOTOR VEHICLE THEFT,AUTOMOBILE,41.76578343982333,-87.61665862880892,COMMERCIAL BUILDING,False,True,D-05,W-26,0.14966081345719862,0.5669,HIGH
CR-2023-003273,2025-12-25 04:56:13,PETTY THEFT,FROM BUILDING,41.91681127402565,-87.67165783684277,STREET,False,False,D-07,W-48,0.33889983487781483,0.3085,MEDIUM
CR-2023-001533,2023-05-27 20:48:15,BURGLARY,FORCIBLE ENTRY,41.90442399607471,-87.62952397553825,COMMERCIAL BUILDING,False,False,D-11,W-25,0.061170185977445134,0.6259,HIGH
CR-2024-001297,2025-06-03 15:46:38,MOTOR VEHICLE THEFT,AUTOMOBILE,41.9653686176441,-87.7002377866797,STREET,False,False,D-10,W-45,0.13408081486835433,0.5773,HIGH
CR-2025-002273,2023-01-10 21:25:41,NARCOTICS,POSSESSION OF COCAINE,41.946390485588566,-87.65644781406003,APARTMENT,False,True,D-02,W-26,0.7955985053191601,0.1363,LOW
CR-2023-002445,2023-01-14 01:12:05,ROBBERY,ARMED ROBBERY,41.7583480997043,-87.65948211166305,COMMERCIAL BUILDING,True,False,D-09,W-39,0.1921539380983866,0.8078,CRITICAL
CR-2025-002822,2023-04-09 01:18:01,ASSAULT,AGGRAVATED ASSAULT,41.963610122391685,-87.69015895060973,STREET,True,False,D-04,W-07,0.25617115795568846,0.7438,HIGH
CR-2025-000332,2025-06-23 22:02:04,BATTERY,DOMESTIC BATTERY,41.76107885543307,-87.6263392443077,PARK,True,False,D-11,W-41,0.6435157673792368,0.3565,MEDIUM
CR-2025-002999,2024-08-23 05:49:24,NARCOTICS,POSSESSION OF COCAINE,41.88511925633198,-87.64735421059595,SIDEWALK,True,False,D-07,W-22,0.7929142492613653,0.1381,LOW
CR-2025-002855,2023-12-19 06:15:19,ROBBERY,ARMED ROBBERY,41.87940524720589,-87.64534215357963,COMMERCIAL BUILDING,False,False,D-03,W-50,0.1361740581611334,0.8638,CRITICAL
CR-2025-004865,2023-11-29 22:59:12,NARCOTICS,POSSESSION OF HEROIN,41.85760614113079,-87.7060815302713,ALLEY,False,False,D-02,W-17,0.8002561690726112,0.1332,LOW
CR-2024-004570,2024-10-03 17:31:57,CRIMINAL DAMAGE,GRAFFITI,41.87807567424555,-87.63245752172672,PARK,True,False,D-10,W-34,0.08308434580495218,0.4279,MEDIUM
CR-2024-005707,2023-06-29 01:00:52,NARCOTICS,POSSESSION OF HEROIN,41.87861590692962,-87.63943348717666,SIDEWALK,False,True,D-09,W-28,0.7880486927040435,0.1413,LOW
CR-2023-000840,2023-04-13 08:59:16,MOTOR VEHICLE THEFT,AUTOMOBILE,41.884155951355055,-87.63016293409586,COMMERCIAL BUILDING,False,False,D-04,W-27,0.19264006864524508,0.5382,HIGH
CR-2024-000901,2024-07-19 10:48:00,THEFT,PETTY THEFT,41.76118983082724,-87.66684285981533,STREET,True,False,D-12,W-41,0.16469474205378312,0.3898,MEDIUM
CR-2024-003370,2025-10-27 02:01:10,CRIMINAL DAMAGE,TO VEHICLE,41.852440949683455,-87.63569635301053,COMMERCIAL BUILDING,False,False,D-01,W-23,0.11628127207329637,0.4124,MEDIUM
CR-2025-004547,2025-10-30 01:54:25,THEFT,PETTY THEFT,41.97272894774554,-87.65218976792472,ALLEY,False,False,D-10,W-11,0.1246347739059791,0.4085,MEDIUM
CR-2024-000541,2023-08-19 15:07:14,BATTERY,AGGRAVATED BATTERY,41.87327547423174,-87.59864878024659,PARKING LOT,True,False,D-15,W-06,0.7265150947004346,0.2735,MEDIUM
CR-2024-004336,2024-02-15 01:33:57,NARCOTICS,POSSESSION OF COCAINE,41.77721383603612,-87.59915970612069,PARKING LOT,True,False,D-11,W-36,0.6804693626921893,0.213,LOW
CR-2024-004516,2025-07-25 10:32:50,BATTERY,AGGRAVATED BATTERY,41.88543767525957,-87.64749665124062,PARKING LOT,True,False,D-05,W-40,0.7486579675536679,0.2513,MEDIUM
CR-2025-000011,2024-07-24 21:34:08,MOTOR VEHICLE THEFT,AUTOMOBILE,41.7805882051172,-87.66461870465534,COMMERCIAL BUILDING,False,False,D-07,W-23,0.14191484710396057,0.5721,HIGH
CR-2023-000627,2024-10-05 02:16:49,BURGLARY,COMMERCIAL,41.80959172481183,-87.65924102546728,RESIDENCE,False,False,D-14,W-40,0.17362184692289845,0.5509,HIGH
CR-2023-004608,2025-04-07 20:17:41,MOTOR VEHICLE THEFT,MOTORCYCLE,41.90231764302218,-87.72205705152572,RESIDENCE,False,False,D-03,W-13,0.1223930455858891,0.5851,HIGH
CR-2025-000014,2023-05-21 19:55:15,NARCOTICS,POSSESSION OF HEROIN,41.86978850358146,-87.73215048749628,APARTMENT,True,True,D-02,W-27,0.7802250214764044,0.1465,LOW
CR-2024-004189,2024-08-11 00:17:57,NARCOTICS,SALE/MANUFACTURE,41.89517383554267,-87.72274718851665,COMMERCIAL BUILDING,True,False,D-03,W-31,0.7775341740684796,0.1483,LOW
CR-2024-002233,2025-10-20 13:13:28,NARCOTICS,POSSESSION OF COCAINE,41.890851189986265,-87.62353478871641,COMMERCIAL BUILDING,False,False,D-13,W-22,0.7304099772999959,0.1797,LOW
CR-2023-001611,2024-02-21 18:32:16,NARCOTICS,SALE/MANUFACTURE,41.81316340359992,-87.6116199274979,COMMERCIAL BUILDING,True,False,D-12,W-38,0.7188859131429408,0.1874,LOW
CR-2025-004316,2024-09-09 10:21:11,BURGLARY,,41.81678534538371,-87.60033782103167,PARK,False,False,D-01,W-42,0.12187137491215068,0.5854,HIGH
CR-2023-004812,2025-05-18 15:15:47,BURGLARY,FORCIBLE ENTRY,41.85969478884068,-87.6399985884512,PARK,False,False,D-05,W-01,0.1381075555996261,0.5746,HIGH
CR-2023-004065,2025-11-24 08:14:42,ROBBERY,STRONGARM ROBBERY,41.87400489877967,-87.62102468001568,ALLEY,False,False,D-01,W-28,0.2608685913230036,0.7391,HIGH
CR-2025-005912,2023-10-29 13:27:31,NARCOTICS,SALE/MANUFACTURE,41.7509442015161,-87.60845196293961,PARKING LOT,True,False,D-10,W-16,0.7258747093026034,0.1828,LOW
CR-2024-004642,2025-08-09 02:55:37,THEFT,GRAND THEFT,41.884158160205175,-87.77228888642632,RESIDENCE,True,False,D-11,W-26,0.12575199558662617,0.408,MEDIUM
CR-2023-005457,2025-01-13 20:50:17,NARCOTICS,SALE/MANUFACTURE,41.75889266795981,-87.62944819920625,STREET,False,False,D-10,W-17,0.8082581405501549,0.1278,LOW
CR-2023-003756,2025-01-31 10:13:21,BURGLARY,RESIDENTIAL,41.78433019843821,-87.6406191805978,STREET,False,False,D-05,W-06,0.15413925461346417,0.5639,HIGH
CR-2025-001412,2024-05-08 18:25:24,CRIMINAL DAMAGE,TO PROPERTY,41.77758988873556,-87.58639736209362,STREET,False,False,D-14,W-23,0.13709422295758494,0.4027,MEDIUM
CR-2023-004689,2024-09-12 14:13:56,BURGLARY,COMMERCIAL,41.87210344232836,-87.62744281324447,ALLEY,False,False,D-13,W-07,0.10778726546566968,0.5948,HIGH
CR-2023-000186,2025-09-10 06:13:10,BURGLARY,RESIDENTIAL,41.9774228721559,-87.63611458347829,ALLEY,False,False,D-08,W-43,0.13455061106946298,0.577,HIGH
CR-2023-000681,2025-03-17 17:31:42,THEFT,GRAND THEFT,41.78188950921035,-87.65332672352204,RESIDENCE,False,False,D-06,W-33,0.1507644955697992,0.3963,MEDIUM
CR-2025-002594,2023-07-31 21:56:59,ASSAULT,AGGRAVATED ASSAULT,41.86433035843084,-87.60383245552349,PARK,False,False,D-12,W-06,0.11337460746399118,0.8866,CRITICAL
CR-2025-000074,2024-10-23 20:28:04,MOTOR VEHICLE THEFT,TRUCK,41.958838831312335,-87.64936030653533,SIDEWALK,False,False,D-02,W-20,0.1456667424113384,0.5696,HIGH
CR-2024-001183,2023-06-11 20:52:19,THEFT,,41.87006297805422,-87.65541036936389,PARKING LOT,False,False,D-09,W-23,0.10715946842062171,0.4167,MEDIUM
CR-2024-002155,2023-12-25 06:10:54,ROBBERY,STRONGARM ROBBERY,41.87876538196274,-87.6559856114929,SIDEWALK,False,False,D-11,W-14,0.18015520382213715,0.8198,CRITICAL
CR-2024-003865,2024-01-11 20:19:17,BATTERY,DOMESTIC BATTERY,41.9012410455092,-87.62614787384295,COMMERCIAL BUILDING,True,False,D-12,W-32,0.7424383744488465,0.2576,MEDIUM
CR-2025-003383,2024-10-07 12:04:55,NARCOTICS,POSSESSION OF HEROIN,41.910133800951165,-87.62556948671187,SIDEWALK,True,False,D-01,W-29,0.7039674652678536,0.1974,LOW
CR-2023-005139,2025-12-21 02:37:49,BURGLARY,COMMERCIAL,41.78233353311413,-87.59925893386287,COMMERCIAL BUILDING,False,False,D-11,W-34,0.07780833335695082,0.6148,HIGH
CR-2024-002728,2023-05-26 15:49:59,BURGLARY,RESIDENTIAL,41.86867018542389,-87.63396270428291,RESIDENCE,False,False,D-02,W-41,0.09810676286401161,0.6013,HIGH
CR-2024-004099,2025-11-08 23:45:11,BURGLARY,COMMERCIAL,41.83406172449712,-87.62700876043466,PARKING LOT,False,False,D-04,W-20,0.1261612894118771,0.5826,HIGH
CR-2024-005668,2023-07-20 05:46:44,BATTERY,AGGRAVATED BATTERY,41.88154358961612,-87.64066545447706,APARTMENT,True,False,D-08,W-31,0.731107928013916,0.2689,MEDIUM
CR-2025-004673,2023-04-02 05:12:54,NARCOTICS,SALE/MANUFACTURE,41.8830630054261,-87.61855350057266,PARK,True,False,D-09,W-46,0.7895099125352276,0.1403,LOW
CR-2024-003541,2025-05-30 06:56:23,BATTERY,AGGRAVATED BATTERY,41.759415616868495,-87.64529721456329,RESIDENCE,True,True,D-07,W-41,0.7759762269263807,0.224,LOW
CR-2024-003967,2023-01-07 16:53:03,ROBBERY,ARMED ROBBERY,41.87525459759821,-87.6170562320343,SIDEWALK,True,False,D-07,W-47,0.1663054205534542,0.8337,CRITICAL
CR-2023-003348,2024-01-03 21:53:24,NARCOTICS,POSSESSION OF HEROIN,41.89854706841616,-87.70660769839161,COMMERCIAL BUILDING,True,False,D-14,W-24,0.824865002090139,0.1168,LOW
CR-2024-005254,2025-12-04 00:08:24,MOTOR VEHICLE THEFT,AUTOMOBILE,41.95824008108206,-87.67792137259869,COMMERCIAL BUILDING,False,False,D-05,W-49,0.18445583360369122,0.5437,HIGH
CR-2023-001530,2025-06-20 02:48:13,BURGLARY,,41.8863141587025,-87.73289148727889,PARK,True,False,D-14,W-23,0.12413351600958333,0.5839,HIGH
CR-2025-003254,2025-12-09 22:34:29,NARCOTICS,POSSESSION OF HEROIN,41.92393559539876,-87.62680744535845,PARK,True,False,D-02,W-07,0.7347434072628737,0.1768,LOW
CR-2023-004005,2023-01-26 13:18:52,BURGLARY,COMMERCIAL,41.942638744032976,-87.64667954083978,RESIDENCE,False,False,D-06,W-21,0.11999751519339012,0.5867,HIGH
CR-2024-004618,2024-12-09 02:56:45,ASSAULT,AGGRAVATED ASSAULT,41.79230973047119,-87.67077867911989,PARK,False,False,D-09,W-20,0.17044862069466146,0.8296,CRITICAL
CR-2023-002694,2023-09-24 18:43:30,BATTERY,DOMESTIC BATTERY,41.85813942303004,-87.66246951598292,STREET,True,True,D-07,W-19,0.8242480290899178,0.1758,LOW
CR-2025-005618,2023-03-20 10:12:16,CRIMINAL DAMAGE,TO VEHICLE,41.85839708302469,-87.629206454138,RESIDENCE,False,False,D-02,W-23,0.11154314264034651,0.4146,MEDIUM
CR-2024-005752,2023-07-26 01:47:05,BURGLARY,COMMERCIAL,41.906043036821,-87.6279300490989,APARTMENT,False,False,D-13,W-37,0.09980194644893133,0.6001,HIGH
CR-2025-002054,2025-06-16 16:19:25,NARCOTICS,POSSESSION OF COCAINE,41.87509471133309,-87.62632236861798,SIDEWALK,True,False,D-15,W-44,0.695511397479234,0.203,LOW
CR-2025-000548,2023-01-28 09:03:56,THEFT,GRAND THEFT,41.94997270380632,-87.69526401369063,STREET,False,False,D-15,W-30,0.17095211014759687,0.3869,MEDIUM
CR-2025-000179,2025-03-21 18:19:20,ASSAULT,SIMPLE ASSAULT,41.78696796400845,-87.64968077358881,COMMERCIAL BUILDING,False,False,D-11,W-21,0.12616074726479207,0.8738,CRITICAL
CR-2023-000312,2025-06-22 21:09:10,BURGLARY,RESIDENTIAL,41.9019977993996,-87.63746823514647,ALLEY,False,False,D-06,W-18,0.10345016650571963,0.5977,HIGH
CR-2024-001009,2024-07-03 01:27:16,BURGLARY,FORCIBLE ENTRY,41.88763127045314,-87.6483888759228,PARK,False,False,D-04,W-05,0.12915341066955205,0.5806,HIGH
CR-2025-005555,2025-01-19 21:33:06,THEFT,RETAIL THEFT,41.757609568995335,-87.60484686686175,COMMERCIAL BUILDING,False,False,D-08,W-06,0.1553449638068812,0.3942,MEDIUM
CR-2025-000089,2023-11-24 00:38:43,MOTOR VEHICLE THEFT,AUTOMOBILE,41.87413014750143,-87.58899746250115,APARTMENT,False,False,D-07,W-37,0.19424887591117607,0.5372,HIGH
CR-2024-001165,2023-09-09 01:03:56,ASSAULT,AGGRAVATED ASSAULT,41.87369049578504,-87.63087398877788,PARK,False,True,D-06,W-45,0.16632584869212522,0.8337,CRITICAL
CR-2024-003553,2024-01-05 20:47:16,BURGLARY,,41.730525897068986,-87.63273403739124,SIDEWALK,False,True,D-11,W-45,0.141518197153256,0.5723,HIGH
CR-2025-002168,2024-07-11 21:31:42,BATTERY,AGGRAVATED BATTERY,41.91517833168866,-87.645234958705,PARKING LOT,True,True,D-04,W-30,0.726297934784271,0.2737,MEDIUM
CR-2025-000308,2024-07-28 00:24:40,ASSAULT,AGGRAVATED ASSAULT,41.87974092191908,-87.61891350064153,ALLEY,False,False,D-12,W-21,0.13373918358694672,0.8663,CRITICAL
CR-2023-003039,2025-09-18 19:47:53,NARCOTICS,SALE/MANUFACTURE,41.9216686299937,-87.62856685284481,PARKING LOT,False,False,D-05,W-28,0.7560433349663914,0.1626,LOW
CR-2025-005132,2024-06-07 23:40:17,BURGLARY,RESIDENTIAL,41.79799170374297,-87.61898156865772,APARTMENT,False,True,D-15,W-23,0.07139156681923789,0.6191,HIGH
CR-2023-001905,2024-11-16 07:20:21,NARCOTICS,POSSESSION OF COCAINE,41.86319205987749,-87.62349712685658,RESIDENCE,True,False,D-03,W-41,0.7335836528007051,0.1776,LOW
CR-2025-003905,2024-09-30 18:21:28,BURGLARY,COMMERCIAL,41.88675608275753,-87.63247034935097,PARK,True,False,D-05,W-34,0.08087697303594404,0.6127,HIGH
CR-2023-002271,2023-11-13 13:28:58,NARCOTICS,POSSESSION OF COCAINE,41.85078370896058,-87.63876501524882,PARKING LOT,False,False,D-14,W-08,0.8025050472086492,0.1317,LOW
CR-2024-005575,2024-06-14 15:28:36,MOTOR VEHICLE THEFT,TRUCK,41.7770503804616,-87.63923300536467,STREET,True,False,D-13,W-23,0.1276969542963008,0.5815,HIGH
CR-2024-005749,2023-03-31 20:01:27,BATTERY,SIMPLE BATTERY,41.87626086199562,-87.73471260037782,COMMERCIAL BUILDING,True,False,D-04,W-36,0.8005919064973869,0.1994,LOW
CR-2025-002627,2025-05-15 21:26:57,THEFT,FROM BUILDING,41.86588171686111,-87.74730894642252,PARKING LOT,False,False,D-01,W-16,0.10856037868178775,0.416,MEDIUM
CR-2023-000225,2025-03-08 21:00:41,BATTERY,DOMESTIC BATTERY,41.94714641805454,-87.63619715358998,ALLEY,True,False,D-05,W-44,0.759685957853009,0.2403,LOW
CR-2024-001057,2023-09-25 16:21:56,THEFT,RETAIL THEFT,41.88921236518131,-87.63749820349707,APARTMENT,True,False,D-01,W-23,0.12571519744597875,0.408,MEDIUM
CR-2023-002892,2024-12-26 03:55:41,CRIMINAL DAMAGE,TO VEHICLE,41.775447941633466,-87.61422159705191,COMMERCIAL BUILDING,False,False,D-09,W-43,0.1158000441728236,0.4126,MEDIUM
CR-2024-005236,2025-12-11 08:06:17,ROBBERY,STRONGARM ROBBERY,41.93845938618668,-87.6743631500951,STREET,False,False,D-15,W-05,0.14489539801900486,0.8551,CRITICAL
CR-2023-005157,2025-10-27 14:26:37,CRIMINAL DAMAGE,GRAFFITI,41.76255644925482,-87.60611492573788,SIDEWALK,False,False,D-04,W-38,0.19908883713761055,0.3738,MEDIUM
CR-2023-002169,2025-09-26 05:39:03,MOTOR VEHICLE THEFT,TRUCK,41.847148952712814,-87.63456025738364,PARK,False,False,D-02,W-45,0.16366768466503606,0.5576,HIGH
CR-2025-003239,2025-02-11 05:31:18,BATTERY,DOMESTIC BATTERY,41.87443957471744,-87.62537921120646,APARTMENT,True,True,D-02,W-25,0.7197194708071982,0.2803,MEDIUM
CR-2024-001030,2025-11-01 04:36:09,ASSAULT,AGGRAVATED ASSAULT,41.96541795924336,-87.65804743576798,STREET,False,True,D-12,W-04,0.12633263128575842,0.8737,CRITICAL
CR-2025-002378,2024-06-01 14:51:28,MOTOR VEHICLE THEFT,MOTORCYCLE,41.74146855887054,-87.59697651058333,PARKING LOT,True,False,D-04,W-40,0.2692190201483002,0.4872,MEDIUM
CR-2024-005431,2024-07-05 19:47:36,NARCOTICS,SALE/MANUFACTURE,41.88037741311164,-87.73280977696844,ALLEY,True,False,D-05,W-19,0.7225068582133236,0.185,LOW
CR-2025-002012,2024-07-08 19:48:05,THEFT,RETAIL THEFT,41.93482713877412,-87.66166475055485,COMMERCIAL BUILDING,False,False,D-07,W-19,0.13880583462818805,0.4019,MEDIUM
CR-2025-005831,2023-05-30 02:40:28,CRIMINAL DAMAGE,GRAFFITI,41.90132012331228,-87.63922664033733,SIDEWALK,False,False,D-05,W-49,0.18064652850085322,0.3824,MEDIUM
CR-2023-001041,2025-01-19 20:14:42,BATTERY,,41.856442177758,-87.66424271429706,COMMERCIAL BUILDING,True,False,D-04,W-20,0.8119875037983704,0.188,LOW
CR-2023-002691,2023-10-11 00:09:46,CRIMINAL DAMAGE,GRAFFITI,41.7561807582298,-87.58688687913492,STREET,True,False,D-13,W-43,0.1621340698853582,0.391,MEDIUM
CR-2023-000483,2025-03-19 23:31:19,BATTERY,,41.76199019244852,-87.58397648917723,ALLEY,True,False,D-04,W-49,0.8729572659604388,0.127,LOW
CR-2025-000344,2025-08-29 15:42:59,THEFT,PETTY THEFT,41.96261919936407,-87.64641473377027,SIDEWALK,False,False,D-10,W-49,0.1993259784967504,0.3736,MEDIUM
CR-2024-004474,2023-06-26 11:01:40,ROBBERY,ARMED ROBBERY,41.78721901196592,-87.6150042887793,RESIDENCE,False,False,D-10,W-50,0.09562104234979242,0.9044,CRITICAL
CR-2024-000217,2023-02-21 12:42:03,CRIMINAL DAMAGE,TO PROPERTY,41.8164589263024,-87.62714763048952,RESIDENCE,False,False,D-03,W-04,0.11293745017557402,0.414,MEDIUM
CR-2023-002328,2025-06-27 13:12:33,THEFT,RETAIL THEFT,41.94209406689428,-87.67412045401332,ALLEY,True,False,D-03,W-43,0.14357584900667902,0.3997,MEDIUM
CR-2023-003015,2025-12-05 15:19:49,BATTERY,DOMESTIC BATTERY,41.85359115561411,-87.63617247021288,COMMERCIAL BUILDING,True,False,D-04,W-50,0.7092791929277197,0.2907,MEDIUM
CR-2023-002940,2023-05-03 21:13:12,BATTERY,DOMESTIC BATTERY,41.84204497098349,-87.60891316087776,APARTMENT,True,False,D-06,W-28,0.7796138807750458,0.2204,LOW
CR-2023-000408,2025-06-08 20:02:32,ROBBERY,STRONGARM ROBBERY,41.785576256646735,-87.60675923010942,RESIDENCE,False,False,D-11,W-34,0.07680594537492944,0.9232,CRITICAL
CR-2025-004829,2023-11-29 12:41:49,MOTOR VEHICLE THEFT,TRUCK,41.89767252144979,-87.62777235637986,PARK,False,False,D-09,W-39,0.11827183750471063,0.5878,HIGH
CR-2024-004150,2023-07-21 02:00:45,BURGLARY,FORCIBLE ENTRY,41.97747680474244,-87.66489929285424,SIDEWALK,False,False,D-11,W-20,0.08203066636773565,0.612,HIGH
CR-2024-005860,2024-10-14 20:34:17,BATTERY,SIMPLE BATTERY,41.87489344627907,-87.64484952746463,COMMERCIAL BUILDING,True,False,D-04,W-17,0.822643601049832,0.1774,LOW
CR-2024-001600,2025-03-26 23:55:21,ASSAULT,AGGRAVATED ASSAULT,41.783529388420746,-87.6183638783954,RESIDENCE,False,False,D-12,W-49,0.15131418036388156,0.8487,CRITICAL
CR-2024-001876,2024-07-20 00:29:13,THEFT,FROM BUILDING,41.896892639516416,-87.6365233692445,STREET,False,False,D-03,W-46,0.19673634403469764,0.3749,MEDIUM
CR-2024-005986,2023-10-18 00:23:24,ASSAULT,SIMPLE ASSAULT,41.86321252335699,-87.74151905049108,COMMERCIAL BUILDING,False,True,D-04,W-42,0.19547786806136622,0.8045,CRITICAL
CR-2025-002918,2024-08-10 10:24:53,BURGLARY,FORCIBLE ENTRY,41.91030650613069,-87.62641175609889,ALLEY,False,False,D-12,W-37,0.11653592282100496,0.589,HIGH
CR-2024-000529,2023-03-31 04:35:45,BURGLARY,FORCIBLE ENTRY,41.8903848027827,-87.73357105797756,PARKING LOT,False,False,D-15,W-28,0.18559747817075836,0.5429,HIGH
CR-2025-003956,2023-10-01 08:18:37,THEFT,GRAND THEFT,41.77359775825199,-87.61544492482727,RESIDENCE,False,False,D-13,W-11,0.1236823822505453,0.4089,MEDIUM
CR-2023-004161,2025-05-15 07:35:06,MOTOR VEHICLE THEFT,MOTORCYCLE,41.824090770141765,-87.58796428430695,SIDEWALK,True,False,D-15,W-38,0.16152541712466967,0.559,HIGH
CR-2024-004663,2024-07-28 18:19:48,MOTOR VEHICLE THEFT,MOTORCYCLE,41.86613842824395,-87.61368205314655,PARK,False,False,D-12,W-28,0.1668229949958119,0.5555,HIGH
CR-2023-000087,2023-04-08 20:07:51,ROBBERY,STRONGARM ROBBERY,41.78581726998325,-87.6083204187741,PARK,False,False,D-03,W-32,0.1876911773560735,0.8123,CRITICAL
CR-2023-003342,2023-07-27 22:29:25,ASSAULT,AGGRAVATED ASSAULT,41.87834187181851,-87.627650405425,COMMERCIAL BUILDING,False,True,D-07,W-15,0.15743999394324432,0.8426,CRITICAL
CR-2024-002503,2023-03-18 17:26:08,BURGLARY,FORCIBLE ENTRY,41.96936965302101,-87.64554450357831,PARKING LOT,False,False,D-08,W-35,0.11828340441992206,0.5878,HIGH
CR-2023-005628,2025-04-08 19:48:19,MOTOR VEHICLE THEFT,AUTOMOBILE,41.83715893422615,-87.62972192107158,APARTMENT,False,False,D-06,W-37,0.13908649984463217,0.5739,HIGH
CR-2025-005642,2025-05-10 20:55:47,BATTERY,AGGRAVATED BATTERY,41.86842656212034,-87.64074155573272,PARK,True,False,D-07,W-31,0.7537474488753421,0.2463,LOW
CR-2024-001279,2025-07-08 00:48:18,CRIMINAL DAMAGE,TO PROPERTY,41.88301731759265,-87.61593594790693,SIDEWALK,True,False,D-12,W-49,0.14633784029496252,0.3984,MEDIUM
CR-2024-001261,2024-06-20 21:19:31,NARCOTICS,SALE/MANUFACTURE,41.88361222498212,-87.6345029452926,APARTMENT,True,False,D-09,W-17,0.7043822125843148,0.1971,LOW
CR-2024-005824,2024-03-26 00:51:14,ASSAULT,AGGRAVATED ASSAULT,41.88121880101076,-87.61501077425028,PARK,False,True,D-11,W-20,0.11584003351134926,0.8842,CRITICAL
CR-2023-001239,2024-05-02 19:16:34,THEFT,GRAND THEFT,41.85802091300416,-87.61940622065453,RESIDENCE,False,False,D-04,W-12,0.10218678468525648,0.419,MEDIUM
CR-2023-003969,2024-01-26 20:15:36,NARCOTICS,POSSESSION OF COCAINE,41.900531873678645,-87.63406938256381,SIDEWALK,True,False,D-13,W-24,0.7608737651333026,0.1594,LOW
CR-2023-003390,2025-02-19 13:35:32,THEFT,FROM BUILDING,41.97243863339079,-87.65512423114735,SIDEWALK,False,False,D-11,W-33,0.12547567694863457,0.4081,MEDIUM
CR-2023-005169,2024-11-11 08:50:32,THEFT,FROM BUILDING,41.76570746470198,-87.65718213809268,APARTMENT,True,False,D-06,W-14,0.23461804202702974,0.3572,MEDIUM
CR-2025-001334,2025-12-31 07:38:49,BURGLARY,FORCIBLE ENTRY,41.8863844990652,-87.6204155359953,SIDEWALK,False,True,D-13,W-28,0.14522789469921135,0.5698,HIGH
CR-2023-001878,2023-10-07 15:50:36,MOTOR VEHICLE THEFT,TRUCK,41.879651571939625,-87.59916885939785,RESIDENCE,False,False,D-13,W-37,0.13951493457935246,0.5737,HIGH
CR-2025-005720,2023-08-09 04:58:28,ROBBERY,STRONGARM ROBBERY,41.94800939221066,-87.66957257786409,PARK,True,True,D-15,W-20,0.1262996161010034,0.8737,CRITICAL
CR-2023-002664,2024-04-01 02:59:12,THEFT,RETAIL THEFT,41.88523382653893,-87.65600343537018,ALLEY,False,False,D-12,W-34,0.10644961770107568,0.417,MEDIUM
CR-2025-002717,2023-06-09 02:00:54,MOTOR VEHICLE THEFT,MOTORCYCLE,41.96215865944103,-87.66755966542542,SIDEWALK,False,False,D-03,W-45,0.15650625147150793,0.5623,HIGH
CR-2023-004155,2024-10-24 13:50:38,NARCOTICS,SALE/MANUFACTURE,41.86456018460019,-87.58932506746095,SIDEWALK,True,False,D-13,W-08,0.712245082014948,0.1918,LOW
CR-2023-000267,2024-03-22 03:27:20,THEFT,,41.762604097304944,-87.62781503321709,ALLEY,False,False,D-01,W-38,0.19653560943187331,0.375,MEDIUM
CR-2024-005125,2025-03-15 21:49:17,CRIMINAL DAMAGE,TO VEHICLE,41.93723733480685,-87.63541242538015,APARTMENT,False,False,D-03,W-31,0.1350971248879642,0.4036,MEDIUM
CR-2023-003765,2024-09-26 10:38:46,BURGLARY,RESIDENTIAL,41.8970127428,-87.62055004035294,APARTMENT,False,False,D-04,W-11,0.1413188091651151,0.5725,HIGH
CR-2024-005791,2024-10-21 20:16:23,MOTOR VEHICLE THEFT,AUTOMOBILE,41.93968285290037,-87.64601358878346,APARTMENT,False,False,D-08,W-28,0.19288036412912346,0.5381,HIGH
CR-2023-004854,2024-05-03 10:51:57,ASSAULT,SIMPLE ASSAULT,41.921501444258695,-87.67680206096233,RESIDENCE,False,False,D-13,W-09,0.12727924608665958,0.8727,CRITICAL
CR-2025-001385,2023-06-20 00:19:41,ASSAULT,SIMPLE ASSAULT,41.8750121085368,-87.6409986751981,COMMERCIAL BUILDING,False,False,D-07,W-35,0.16272599261691417,0.8373,CRITICAL
CR-2024-000799,2025-09-04 11:53:46,NARCOTICS,SALE/MANUFACTURE,41.87841190561513,-87.64072004411844,COMMERCIAL BUILDING,True,False,D-06,W-40,0.7546176442261264,0.1636,LOW
CR-2025-003539,2023-12-31 18:38:32,NARCOTICS,POSSESSION OF COCAINE,41.88648085755417,-87.63214716064185,PARKING LOT,True,False,D-08,W-02,0.734868364554724,0.1768,LOW
CR-2023-005610,2025-12-15 13:41:09,BATTERY,AGGRAVATED BATTERY,41.86425391405527,-87.63384240633556,COMMERCIAL BUILDING,True,True,D-10,W-34,0.6739254936459748,0.3261,MEDIUM
CR-2023-005310,2023-09-27 04:03:12,THEFT,FROM BUILDING,41.87301965577358,-87.71883724681008,APARTMENT,False,False,D-08,W-03,0.16075965077221713,0.3916,MEDIUM
CR-2023-002289,2024-06-24 03:01:09,ASSAULT,AGGRAVATED ASSAULT,41.937072108175705,-87.63866766427638,ALLEY,True,False,D-12,W-28,0.1956748028717386,0.8043,CRITICAL
CR-2025-001946,2024-11-22 13:53:05,ROBBERY,STRONGARM ROBBERY,41.86610089239947,-87.65842003205685,APARTMENT,False,False,D-06,W-47,0.12379439037005592,0.8762,CRITICAL
CR-2025-003107,2023-12-21 05:12:42,MOTOR VEHICLE THEFT,TRUCK,41.86451528975306,-87.75644484208084,SIDEWALK,False,False,D-15,W-31,0.1752804343225643,0.5498,HIGH
CR-2023-002688,2024-09-07 21:19:57,BATTERY,SIMPLE BATTERY,41.84319988293738,-87.68523581135503,APARTMENT,False,False,D-14,W-29,0.7309234402867835,0.2691,MEDIUM
CR-2025-001487,2023-08-14 22:37:01,BURGLARY,FORCIBLE ENTRY,41.89177044083262,-87.62821369313093,ALLEY,False,False,D-11,W-20,0.07777622892987023,0.6148,HIGH
CR-2025-002408,2024-06-23 02:26:00,ASSAULT,AGGRAVATED ASSAULT,41.8119103502446,-87.65086089120851,PARKING LOT,False,False,D-15,W-36,0.1552199385720879,0.8448,CRITICAL
CR-2025-001589,2023-05-09 22:01:12,THEFT,PETTY THEFT,41.8981556242526,-87.717618694408,APARTMENT,False,False,D-07,W-24,0.166775333726177,0.3888,MEDIUM
CR-2025-004355,2024-03-01 00:12:01,ROBBERY,STRONGARM ROBBERY,41.87642229343871,-87.63659035222764,ALLEY,False,False,D-09,W-38,0.18362677261897,0.8164,CRITICAL
CR-2024-003685,2023-03-20 01:28:58,THEFT,RETAIL THEFT,41.88435936376562,-87.72585217091248,ALLEY,False,False,D-14,W-14,0.27961916459385333,0.3362,MEDIUM
CR-2025-004307,2023-10-17 04:04:14,ROBBERY,ARMED ROBBERY,41.877920039830585,-87.64447034535284,COMMERCIAL BUILDING,False,False,D-14,W-16,0.17421125947791435,0.8258,CRITICAL
CR-2024-000094,2025-04-18 18:20:41,BATTERY,AGGRAVATED BATTERY,41.93146412563864,-87.68559694449371,PARKING LOT,True,False,D-09,W-41,0.6964305684686299,0.3036,MEDIUM
CR-2023-004215,2025-04-24 11:55:21,ROBBERY,ARMED ROBBERY,41.75974118476837,-87.630969710002,APARTMENT,False,False,D-12,W-40,0.14616230087225598,0.8538,CRITICAL
CR-2024-001579,2025-08-22 21:21:55,NARCOTICS,,41.89802961242373,-87.62510223289203,RESIDENCE,True,False,D-05,W-50,0.5444837932846013,0.3037,MEDIUM
CR-2025-004037,2023-06-19 20:35:33,ASSAULT,AGGRAVATED ASSAULT,41.84701467227456,-87.62748952237474,RESIDENCE,False,True,D-12,W-33,0.11094721772926991,0.8891,CRITICAL
CR-2024-002908,2025-06-27 07:49:36,ASSAULT,AGGRAVATED ASSAULT,41.93210487994353,-87.65177699096225,RESIDENCE,False,True,D-08,W-28,0.1811909848358928,0.8188,CRITICAL
CR-2023-002637,2025-08-22 03:48:23,CRIMINAL DAMAGE,TO PROPERTY,41.8719529813431,-87.61804961934214,COMMERCIAL BUILDING,True,False,D-06,W-01,0.15443241217444095,0.3946,MEDIUM
CR-2023-004185,2023-06-01 20:14:04,ROBBERY,ARMED ROBBERY,41.76924943005324,-87.65189387602834,APARTMENT,False,False,D-04,W-39,0.15491258045222628,0.8451,CRITICAL
CR-2024-005818,2025-03-15 21:05:00,ROBBERY,STRONGARM ROBBERY,41.77766333571692,-87.63529446684817,STREET,True,False,D-10,W-33,0.1712780713296351,0.8287,CRITICAL
CR-2025-005027,2024-03-16 01:45:34,MOTOR VEHICLE THEFT,AUTOMOBILE,41.9263109634429,-87.64662916779055,PARKING LOT,False,False,D-02,W-36,0.17470771147370281,0.5502,HIGH
CR-2024-005230,2025-06-16 00:12:06,ASSAULT,AGGRAVATED ASSAULT,41.747234200122335,-87.65374127415411,STREET,True,True,D-01,W-40,0.26301772576259985,0.737,HIGH
CR-2023-005274,2024-07-20 05:18:04,ASSAULT,AGGRAVATED ASSAULT,41.872287630276425,-87.61911243336863,SIDEWALK,False,True,D-01,W-30,0.16452888670140867,0.8355,CRITICAL
CR-2023-004266,2025-07-14 00:42:29,THEFT,PETTY THEFT,41.95800127235808,-87.62763610969341,COMMERCIAL BUILDING,False,False,D-05,W-44,0.14137161054588085,0.4007,MEDIUM
CR-2025-001715,2023-08-12 22:59:51,BURGLARY,RESIDENTIAL,41.88509817967176,-87.60960661365696,APARTMENT,False,False,D-11,W-41,0.08160815940134317,0.6123,HIGH
CR-2023-005466,2025-04-14 07:04:31,ASSAULT,SIMPLE ASSAULT,41.74975064535799,-87.62643273708129,COMMERCIAL BUILDING,False,True,D-12,W-18,0.15449059008798133,0.8455,CRITICAL
CR-2023-001365,2025-09-22 17:29:06,THEFT,,41.973017490263096,-87.62159971442583,PARKING LOT,False,False,D-13,W-30,0.12165374561926165,0.4099,MEDIUM
CR-2025-000923,2023-10-20 19:33:53,BURGLARY,COMMERCIAL,41.81054269602162,-87.65065437120536,STREET,True,False,D-09,W-01,0.1674399963654123,0.555,HIGH
CR-2025-000704,2025-07-23 05:38:17,BURGLARY,RESIDENTIAL,41.770833004028944,-87.63527082541138,ALLEY,False,False,D-05,W-04,0.08137054366588552,0.6124,HIGH
CR-2024-005263,2025-12-16 08:18:36,NARCOTICS,,41.76482297307369,-87.6526641129632,PARKING LOT,True,False,D-11,W-24,0.7526005987649718,0.1649,LOW
CR-2024-001117,2025-07-06 15:44:57,ASSAULT,AGGRAVATED ASSAULT,41.924176561414384,-87.64068471761867,APARTMENT,False,False,D-12,W-21,0.12570133682825968,0.8743,CRITICAL
CR-2025-001730,2025-10-02 13:36:26,THEFT,RETAIL THEFT,41.82129307194527,-87.58156778263067,SIDEWALK,False,False,D-05,W-22,0.1444556798648703,0.3993,MEDIUM
CR-2023-001704,2024-11-09 17:21:46,BATTERY,,41.94395050206443,-87.61436275608561,RESIDENCE,True,False,D-12,W-11,0.6873914544359024,0.3126,MEDIUM
CR-2024-001807,2024-07-09 19:44:44,NARCOTICS,POSSESSION OF COCAINE,41.79622139389544,-87.61063406136353,PARK,False,False,D-03,W-40,0.7397835268886988,0.1735,LOW
CR-2025-005957,2024-08-17 19:50:20,CRIMINAL DAMAGE,GRAFFITI,41.86154362156097,-87.62590606529952,STREET,False,False,D-01,W-39,0.11038988704128992,0.4152,MEDIUM
CR-2023-002040,2023-10-12 02:59:41,BATTERY,SIMPLE BATTERY,41.79474152561935,-87.64645499186528,APARTMENT,True,False,D-07,W-11,0.7877317296083821,0.2123,LOW
CR-2023-004743,2024-05-25 02:52:27,NARCOTICS,POSSESSION OF COCAINE,41.87566906846945,-87.61187233882733,APARTMENT,True,False,D-09,W-37,0.724536946126621,0.1836,LOW
CR-2025-004430,2023-09-14 08:03:19,BURGLARY,RESIDENTIAL,41.88253899860519,-87.62776856747921,RESIDENCE,False,False,D-01,W-31,0.11281279225278767,0.5915,HIGH
CR-2023-004890,2023-08-03 19:26:04,NARCOTICS,POSSESSION OF COCAINE,41.87123484510518,-87.61372786104619,SIDEWALK,True,False,D-03,W-28,0.7895174303608187,0.1403,LOW
CR-2023-003681,2025-05-11 15:12:28,THEFT,RETAIL THEFT,41.89399348358936,-87.63812920745359,STREET,False,False,D-15,W-24,0.15833682051274475,0.3928,MEDIUM
CR-2024-000628,2023-04-12 07:02:11,MOTOR VEHICLE THEFT,,41.90318858580257,-87.62351471485951,APARTMENT,True,False,D-05,W-17,0.17442933952909823,0.5504,HIGH
CR-2023-002592,2025-11-09 11:16:40,BURGLARY,COMMERCIAL,41.9692086178529,-87.69440097540637,SIDEWALK,False,False,D-05,W-24,0.13783673098027674,0.5748,HIGH
CR-2023-003762,2023-09-13 13:05:01,MOTOR VEHICLE THEFT,AUTOMOBILE,41.77707231744978,-87.64876927297713,APARTMENT,False,False,D-03,W-48,0.19660585360538652,0.5356,HIGH
CR-2024-001237,2025-03-20 20:10:29,ASSAULT,AGGRAVATED ASSAULT,41.88265727893408,-87.61897656242311,APARTMENT,False,True,D-12,W-41,0.11115206126002747,0.8888,CRITICAL
CR-2025-004298,2024-05-24 01:32:46,NARCOTICS,POSSESSION OF COCAINE,41.871556054517306,-87.61407824861097,APARTMENT,False,False,D-09,W-03,0.711804694058393,0.1921,LOW
CR-2024-002614,2025-03-25 03:09:13,ASSAULT,AGGRAVATED ASSAULT,41.79390532414361,-87.60505169861962,ALLEY,False,False,D-03,W-41,0.1862678898713766,0.8137,CRITICAL
CR-2023-003867,2025-08-12 09:02:03,THEFT,FROM BUILDING,41.87986561127692,-87.65487641909992,APARTMENT,False,False,D-11,W-11,0.10621847864109644,0.4171,MEDIUM
CR-2024-004519,2023-08-08 19:22:17,BURGLARY,COMMERCIAL,41.79825056935178,-87.62918701991852,RESIDENCE,False,False,D-14,W-35,0.11149829576425871,0.5923,HIGH
CR-2023-005148,2023-08-08 21:57:48,MOTOR VEHICLE THEFT,MOTORCYCLE,41.84276444764809,-87.60618120463357,COMMERCIAL BUILDING,False,False,D-01,W-04,0.11678165991756863,0.5888,HIGH
CR-2024-003712,2025-05-04 23:59:55,MOTOR VEHICLE THEFT,MOTORCYCLE,41.848305416798425,-87.7171842387691,STREET,False,False,D-11,W-13,0.12493746325684721,0.5834,HIGH
CR-2025-002726,2024-10-31 09:13:50,ROBBERY,STRONGARM ROBBERY,41.98249184186594,-87.67746224916517,PARKING LOT,False,False,D-08,W-41,0.15671425158088498,0.8433,CRITICAL
CR-2024-005341,2023-06-14 17:59:16,THEFT,,41.94480739254549,-87.63971738748823,RESIDENCE,False,False,D-09,W-14,0.12942304985286565,0.4063,MEDIUM
CR-2023-004842,2025-12-01 23:12:21,ASSAULT,AGGRAVATED ASSAULT,41.93280386648525,-87.63546147380225,SIDEWALK,False,False,D-03,W-05,0.1531002123416545,0.8469,CRITICAL
CR-2023-003459,2024-09-04 01:06:07,THEFT,FROM BUILDING,41.90436388912891,-87.63027277769993,STREET,False,False,D-13,W-41,0.13272378899550222,0.4047,MEDIUM
CR-2024-003502,2024-12-07 00:27:42,THEFT,PETTY THEFT,41.88871186566297,-87.61814602461467,SIDEWALK,False,False,D-14,W-36,0.17396232366255157,0.3855,MEDIUM
CR-2025-001673,2024-03-30 20:36:58,BURGLARY,FORCIBLE ENTRY,41.87383423025591,-87.60594126891074,APARTMENT,False,False,D-08,W-34,0.08887493391960681,0.6074,HIGH
CR-2025-003209,2023-06-24 00:30:54,MOTOR VEHICLE THEFT,MOTORCYCLE,41.88547168266342,-87.63323621546382,ALLEY,False,False,D-03,W-47,0.12435815238720559,0.5838,HIGH
CR-2024-000091,2024-05-26 03:11:31,NARCOTICS,SALE/MANUFACTURE,41.86203661252909,-87.62256291377136,SIDEWALK,True,False,D-10,W-19,0.7228751947753826,0.1847,LOW
CR-2025-002498,2023-01-14 20:49:57,CRIMINAL DAMAGE,TO PROPERTY,41.96262821158931,-87.59304179597912,ALLEY,False,False,D-05,W-38,0.2028318401798555,0.372,MEDIUM
CR-2024-005224,2023-03-31 11:49:53,BURGLARY,COMMERCIAL,41.87299489275676,-87.63318583947418,SIDEWALK,False,True,D-06,W-19,0.13616052321516556,0.5759,HIGH
CR-2023-001761,2025-05-20 05:41:08,MOTOR VEHICLE THEFT,TRUCK,41.929086703929535,-87.62271667270198,STREET,True,False,D-06,W-34,0.14567864655662088,0.5695,HIGH
CR-2025-001934,2023-12-18 01:43:17,MOTOR VEHICLE THEFT,TRUCK,41.95119774465678,-87.63537763570177,ALLEY,True,False,D-07,W-38,0.2422675757569525,0.5052,HIGH
CR-2023-001743,2023-03-13 16:52:51,ROBBERY,STRONGARM ROBBERY,41.90105292798295,-87.61982609256548,STREET,False,False,D-05,W-22,0.18822676422407544,0.8118,CRITICAL
CR-2023-002364,2025-06-28 01:16:04,NARCOTICS,SALE/MANUFACTURE,41.980253399965655,-87.65491311858376,ALLEY,True,False,D-15,W-01,0.7828977772213169,0.1447,LOW
CR-2023-003999,2025-03-29 02:36:46,ROBBERY,STRONGARM ROBBERY,41.981458261024606,-87.61374444829603,PARKING LOT,False,False,D-02,W-44,0.2290037808012285,0.771,CRITICAL
CR-2025-002453,2023-10-06 13:12:59,BATTERY,AGGRAVATED BATTERY,41.871662428761326,-87.74766286366773,PARKING LOT,False,True,D-06,W-13,0.774948313511445,0.2251,LOW
CR-2023-004947,2023-01-12 01:32:14,BURGLARY,COMMERCIAL,41.878144401295,-87.74090955395411,RESIDENCE,True,False,D-04,W-05,0.166113299425861,0.5559,HIGH
CR-2025-005564,2024-12-21 18:22:05,BURGLARY,RESIDENTIAL,41.86758125683394,-87.615157919649,STREET,False,False,D-08,W-36,0.10972217561364238,0.5935,HIGH
CR-2023-003933,2025-10-05 16:49:22,ASSAULT,AGGRAVATED ASSAULT,41.9656036527679,-87.63909479911248,PARKING LOT,True,True,D-11,W-35,0.13607187323067954,0.8639,CRITICAL
CR-2024-004912,2024-10-26 00:52:41,BATTERY,DOMESTIC BATTERY,41.87742958444121,-87.75451424448208,PARKING LOT,False,False,D-02,W-36,0.7930956742399091,0.2069,LOW
CR-2025-004859,2024-01-29 02:26:49,BATTERY,DOMESTIC BATTERY,41.887022815600965,-87.63899817838714,RESIDENCE,True,False,D-12,W-22,0.742125979369927,0.2579,MEDIUM
CR-2025-001343,2023-03-17 03:37:08,CRIMINAL DAMAGE,TO PROPERTY,41.79063168974521,-87.66738930308018,RESIDENCE,False,False,D-04,W-15,0.19440486649412742,0.3759,MEDIUM
CR-2025-003692,2024-08-31 15:12:11,BURGLARY,RESIDENTIAL,41.87611847420495,-87.72124566906389,COMMERCIAL BUILDING,False,False,D-13,W-31,0.12076367317860144,0.5862,HIGH
CR-2025-003302,2024-01-24 02:04:23,MOTOR VEHICLE THEFT,AUTOMOBILE,41.94720691376016,-87.68933331716575,ALLEY,True,False,D-12,W-38,0.1714779375170603,0.5523,HIGH
CR-2025-002426,2024-01-30 23:55:41,BURGLARY,COMMERCIAL,41.79217565237236,-87.62527807990206,SIDEWALK,False,False,D-10,W-46,0.14397135552274576,0.5707,HIGH
CR-2025-004319,2025-01-25 20:34:11,BATTERY,AGGRAVATED BATTERY,41.79163238309105,-87.64440178038342,ALLEY,True,False,D-03,W-31,0.8127018532104793,0.1873,LOW
CR-2023-003096,2023-06-25 01:39:41,BATTERY,SIMPLE BATTERY,41.93492419788681,-87.6361492567344,SIDEWALK,False,True,D-09,W-17,0.7977293615959063,0.2023,LOW
CR-2025-005576,2024-09-17 07:52:40,ASSAULT,SIMPLE ASSAULT,41.92392510306687,-87.70485012237258,SIDEWALK,True,False,D-09,W-18,0.15766021496260293,0.8423,CRITICAL
CR-2024-002686,2025-07-08 15:06:44,MOTOR VEHICLE THEFT,AUTOMOBILE,41.861656695126975,-87.6308180707255,RESIDENCE,False,False,D-01,W-05,0.12136242924756965,0.5858,HIGH
CR-2024-005233,2025-05-22 06:10:01,THEFT,GRAND THEFT,41.93201316814531,-87.63213056007054,APARTMENT,False,False,D-01,W-30,0.12537694168859118,0.4082,MEDIUM
CR-2024-003112,2023-03-07 00:49:34,BATTERY,AGGRAVATED BATTERY,41.88591134180538,-87.63471709689816,PARKING LOT,True,False,D-06,W-10,0.7168814957516908,0.2831,MEDIUM
CR-2023-001866,2023-09-24 06:38:00,MOTOR VEHICLE THEFT,TRUCK,41.84782268203417,-87.62762404381061,STREET,True,False,D-04,W-40,0.27644060931341913,0.4824,MEDIUM
CR-2025-005789,2023-08-18 11:29:39,ROBBERY,STRONGARM ROBBERY,41.97272013077823,-87.66968643373616,PARKING LOT,False,False,D-10,W-50,0.1105317438581638,0.8895,CRITICAL
CR-2024-000814,2024-12-12 09:43:48,MOTOR VEHICLE THEFT,MOTORCYCLE,41.94975711021055,-87.63824452649756,PARKING LOT,False,False,D-05,W-09,0.15775832171164925,0.5615,HIGH
CR-2024-003496,2025-06-20 15:04:20,ASSAULT,AGGRAVATED ASSAULT,41.80254720391387,-87.60215945140231,SIDEWALK,False,True,D-15,W-09,0.14136115953737022,0.8586,CRITICAL
CR-2023-000783,2025-07-10 21:42:58,ROBBERY,ARMED ROBBERY,41.879104860758375,-87.62206091173444,RESIDENCE,False,False,D-02,W-12,0.09307391075045963,0.9069,CRITICAL
CR-2023-001377,2024-10-25 08:42:18,NARCOTICS,SALE/MANUFACTURE,41.87699078651588,-87.63657489214239,COMMERCIAL BUILDING,True,False,D-07,W-07,0.7933174504032109,0.1378,LOW
CR-2024-005821,2025-08-08 21:04:16,BURGLARY,COMMERCIAL,41.816638099817474,-87.70316882671852,SIDEWALK,False,False,D-15,W-19,0.10913072681477509,0.5939,HIGH
CR-2025-005168,2023-05-19 18:21:47,MOTOR VEHICLE THEFT,TRUCK,41.86580974512651,-87.69767647420394,ALLEY,False,False,D-09,W-20,0.14203551475188073,0.572,HIGH
CR-2025-000299,2024-01-02 22:19:19,MOTOR VEHICLE THEFT,TRUCK,41.93951413479848,-87.6477539901391,ALLEY,False,False,D-01,W-40,0.21063148124615977,0.5262,HIGH
CR-2025-002552,2025-05-27 23:40:23,MOTOR VEHICLE THEFT,TRUCK,41.95640471711054,-87.65126694189742,STREET,False,False,D-04,W-26,0.21321649179467977,0.5245,HIGH
CR-2024-005890,2025-12-24 11:24:52,CRIMINAL DAMAGE,TO PROPERTY,41.77690377116281,-87.64429012865511,PARKING LOT,False,False,D-11,W-19,0.11213723594515632,0.4143,MEDIUM
CR-2025-001331,2023-04-28 11:24:22,BURGLARY,COMMERCIAL,41.88705842327381,-87.64402522006337,RESIDENCE,False,False,D-05,W-05,0.09527822378709974,0.6031,HIGH
CR-2024-002653,2024-11-12 11:44:42,THEFT,FROM BUILDING,41.876164488273055,-87.64257493261502,PARK,False,False,D-12,W-07,0.13482475619344345,0.4037,MEDIUM
CR-2024-005974,2024-05-07 16:59:30,CRIMINAL DAMAGE,TO PROPERTY,41.93190078626817,-87.67931637999669,COMMERCIAL BUILDING,False,False,D-12,W-24,0.10310972014063284,0.4185,MEDIUM
CR-2025-002786,2024-03-01 22:11:10,ROBBERY,ARMED ROBBERY,41.94151872086592,-87.662790683015,COMMERCIAL BUILDING,False,False,D-10,W-12,0.10628421063745068,0.8937,CRITICAL
CR-2024-001507,2023-09-20 16:30:07,CRIMINAL DAMAGE,TO VEHICLE,41.86934601010481,-87.61422431723472,ALLEY,False,False,D-07,W-42,0.12006964900345474,0.4106,MEDIUM
CR-2023-000690,2023-02-07 22:04:39,BURGLARY,FORCIBLE ENTRY,41.79584814678349,-87.64119778520364,PARK,False,False,D-06,W-35,0.1184284504896584,0.5877,HIGH
CR-2025-002525,2025-03-18 07:30:49,MOTOR VEHICLE THEFT,AUTOMOBILE,41.962981272900045,-87.64827669064745,RESIDENCE,False,False,D-12,W-49,0.19755375321377258,0.535,HIGH
CR-2025-003821,2024-02-02 12:32:06,MOTOR VEHICLE THEFT,MOTORCYCLE,41.93954821414452,-87.65514544213649,ALLEY,False,False,D-04,W-02,0.236037984424084,0.5093,HIGH
CR-2024-003736,2023-06-22 20:23:01,CRIMINAL DAMAGE,TO VEHICLE,41.92367043426815,-87.62981119544303,SIDEWALK,False,False,D-03,W-32,0.1390988588119188,0.4018,MEDIUM
CR-2023-002145,2025-12-21 15:55:41,ASSAULT,AGGRAVATED ASSAULT,41.79161520933084,-87.63975773299887,PARK,False,True,D-06,W-22,0.19583422253917224,0.8042,CRITICAL
CR-2023-003351,2024-05-29 15:38:53,BATTERY,DOMESTIC BATTERY,41.904004441050965,-87.68329363009465,STREET,True,False,D-02,W-47,0.6924497916238764,0.3076,MEDIUM
CR-2024-000751,2024-05-31 23:38:31,NARCOTICS,SALE/MANUFACTURE,41.75844502791444,-87.62908436143528,RESIDENCE,False,False,D-08,W-20,0.6369441764098204,0.242,LOW
CR-2025-003275,2023-11-23 19:59:14,BATTERY,DOMESTIC BATTERY,41.87785665323607,-87.61244749328445,COMMERCIAL BUILDING,True,False,D-08,W-45,0.6993200591595495,0.3007,MEDIUM
CR-2024-004063,2024-03-30 16:42:34,ROBBERY,ARMED ROBBERY,41.89128521231836,-87.64399736193982,STREET,True,False,D-02,W-26,0.23149686632373204,0.7685,CRITICAL
CR-2023-000048,2025-10-17 22:45:17,NARCOTICS,POSSESSION OF COCAINE,41.885930164987165,-87.72220100510076,APARTMENT,True,False,D-04,W-39,0.7217533655179967,0.1855,LOW
CR-2025-002960,2025-07-18 01:47:00,BATTERY,SIMPLE BATTERY,41.89688425492936,-87.62738050686006,ALLEY,True,False,D-15,W-45,0.7077773336805097,0.2922,MEDIUM
CR-2025-004511,2024-08-14 22:27:20,BURGLARY,FORCIBLE ENTRY,41.92768791887909,-87.63767882215885,APARTMENT,False,True,D-08,W-23,0.07393615237150285,0.6174,HIGH
CR-2023-001674,2023-06-01 14:45:48,NARCOTICS,POSSESSION OF HEROIN,41.89282076322107,-87.72936591880996,SIDEWALK,True,False,D-02,W-18,0.7449326073982486,0.17,LOW
CR-2023-005208,2023-09-14 00:05:46,BURGLARY,FORCIBLE ENTRY,41.97384856765633,-87.65095188294546,STREET,False,False,D-10,W-20,0.11018497953325178,0.5932,HIGH
CR-2023-002358,2025-08-22 02:35:45,THEFT,,41.92359069587167,-87.70558338038647,PARKING LOT,True,False,D-12,W-16,0.08332447642323944,0.4278,MEDIUM
CR-2024-002548,2023-06-04 23:40:55,CRIMINAL DAMAGE,TO VEHICLE,41.891437307371824,-87.64662626654284,RESIDENCE,False,False,D-01,W-32,0.13796214546586907,0.4023,MEDIUM
CR-2025-004781,2023-09-14 23:08:07,NARCOTICS,POSSESSION OF HEROIN,41.95982448420472,-87.627487128081,RESIDENCE,True,False,D-01,W-04,0.660033071431866,0.2266,LOW
CR-2024-005017,2023-01-16 01:04:34,BATTERY,DOMESTIC BATTERY,41.84844767646579,-87.63722822647007,STREET,True,False,D-15,W-36,0.7940030302100644,0.206,LOW
CR-2025-001325,2025-08-02 23:31:04,ASSAULT,SIMPLE ASSAULT,41.8644836572978,-87.60701074114537,PARK,True,False,D-14,W-19,0.18391268688448584,0.8161,CRITICAL
CR-2024-002953,2023-04-08 16:32:30,CRIMINAL DAMAGE,TO VEHICLE,41.87545799744674,-87.67329270819803,RESIDENCE,False,False,D-04,W-46,0.18601736414110295,0.3799,MEDIUM
CR-2024-004159,2024-04-28 13:33:21,MOTOR VEHICLE THEFT,MOTORCYCLE,41.86572062058754,-87.63719377412424,SIDEWALK,False,False,D-02,W-25,0.14361134626903913,0.5709,HIGH
CR-2023-001224,2024-06-23 20:41:48,CRIMINAL DAMAGE,TO PROPERTY,41.75930585836034,-87.6462635263079,STREET,False,False,D-05,W-15,0.1556189045471471,0.394,MEDIUM
CR-2024-003274,2024-09-03 08:24:31,NARCOTICS,SALE/MANUFACTURE,41.78868023318093,-87.6144554557343,APARTMENT,True,False,D-11,W-11,0.674778953080402,0.2168,LOW
CR-2023-002037,2025-08-11 00:17:00,BURGLARY,RESIDENTIAL,41.871410844292086,-87.6281028931442,STREET,False,False,D-09,W-12,0.09633942897531278,0.6024,HIGH
CR-2023-000351,2024-11-12 16:27:48,BURGLARY,FORCIBLE ENTRY,41.86792181357024,-87.75225230333454,APARTMENT,False,False,D-15,W-22,0.12959505156201503,0.5803,HIGH
CR-2024-005545,2024-10-11 16:38:48,ROBBERY,ARMED ROBBERY,41.88546505918937,-87.62485265408698,STREET,False,False,D-11,W-22,0.1391301208450349,0.8609,CRITICAL
CR-2025-001100,2024-06-15 22:24:14,BATTERY,SIMPLE BATTERY,41.9051652216468,-87.63266355687591,PARKING LOT,True,True,D-15,W-12,0.664058715569487,0.3359,MEDIUM
CR-2023-002247,2024-10-08 17:56:37,MOTOR VEHICLE THEFT,MOTORCYCLE,41.89095053720364,-87.60463934368292,SIDEWALK,True,False,D-06,W-49,0.23253237266918406,0.5116,HIGH
CR-2025-005003,2024-05-16 19:21:35,BURGLARY,RESIDENTIAL,41.80392051244421,-87.64854180180868,STREET,True,False,D-04,W-18,0.13772894274586064,0.5748,HIGH
CR-2025-002255,2023-02-04 22:42:41,ROBBERY,ARMED ROBBERY,41.86029509917542,-87.6139327872877,SIDEWALK,False,False,D-11,W-36,0.12677260236182403,0.8732,CRITICAL
CR-2023-000657,2025-12-10 15:55:35,NARCOTICS,POSSESSION OF COCAINE,41.878255289297655,-87.64947754348526,ALLEY,True,False,D-15,W-44,0.7224141332875339,0.1851,LOW
CR-2023-005835,2023-01-05 22:30:35,ROBBERY,,41.9161326352759,-87.65514653613357,ALLEY,False,False,D-08,W-24,0.18949726446660153,0.8105,CRITICAL
CR-2025-001886,2023-01-21 06:28:35,CRIMINAL DAMAGE,GRAFFITI,41.75934991268723,-87.64799257793702,SIDEWALK,False,False,D-07,W-32,0.2817508920462423,0.3352,MEDIUM
CR-2025-001937,2025-10-26 22:44:21,MOTOR VEHICLE THEFT,TRUCK,41.86700942888812,-87.6119215099838,RESIDENCE,False,False,D-01,W-40,0.15589080076174794,0.5627,HIGH
CR-2025-004061,2024-04-19 18:09:55,THEFT,GRAND THEFT,41.88813668240926,-87.72715151811256,PARKING LOT,False,False,D-05,W-05,0.12336776357121995,0.4091,MEDIUM
CR-2024-000646,2024-07-02 16:54:50,NARCOTICS,POSSESSION OF HEROIN,41.9482785817692,-87.63853018451097,PARKING LOT,True,False,D-07,W-29,0.6777582695918762,0.2148,LOW
CR-2024-004033,2025-04-13 08:07:16,NARCOTICS,POSSESSION OF HEROIN,41.895566176108034,-87.61591484863429,ALLEY,True,False,D-04,W-28,0.866232376837284,0.0892,LOW
CR-2025-002477,2024-08-31 14:53:12,NARCOTICS,POSSESSION OF HEROIN,41.95493710801221,-87.68308597460421,ALLEY,True,False,D-01,W-11,0.7578865379532026,0.1614,LOW
CR-2025-000041,2024-08-13 22:55:29,BATTERY,DOMESTIC BATTERY,41.90026841067112,-87.63757405327411,SIDEWALK,False,False,D-11,W-13,0.6225496253312982,0.3775,MEDIUM
CR-2025-004130,2025-01-05 17:14:01,BATTERY,DOMESTIC BATTERY,41.87032043003774,-87.60402454006355,ALLEY,True,True,D-13,W-43,0.7886051212383892,0.2114,LOW
CR-2024-002032,2023-09-18 00:42:29,ASSAULT,SIMPLE ASSAULT,41.86274946005808,-87.73829184494792,ALLEY,False,False,D-11,W-05,0.15717425884983063,0.8428,CRITICAL
CR-2024-002038,2024-04-27 21:44:15,ASSAULT,AGGRAVATED ASSAULT,41.94113766677689,-87.6954491372149,APARTMENT,False,False,D-05,W-29,0.09101508161630958,0.909,CRITICAL
CR-2024-005329,2024-08-31 04:24:28,BATTERY,SIMPLE BATTERY,41.888191351808,-87.64747859177156,SIDEWALK,True,True,D-13,W-21,0.7426158384960311,0.2574,MEDIUM
CR-2023-002709,2023-12-25 16:31:16,THEFT,FROM BUILDING,41.87033434677984,-87.74812394785853,STREET,False,False,D-01,W-40,0.22219850309329311,0.363,MEDIUM
CR-2023-003285,2025-12-29 15:20:30,BATTERY,AGGRAVATED BATTERY,41.876104952541056,-87.6496133842376,SIDEWALK,True,False,D-05,W-33,0.7451418930680976,0.2549,MEDIUM
CR-2025-002648,2024-04-13 06:37:38,ROBBERY,ARMED ROBBERY,41.87929360302414,-87.61841763375755,COMMERCIAL BUILDING,False,False,D-01,W-46,0.21787659094276834,0.7821,CRITICAL
CR-2025-005762,2025-10-18 11:39:16,NARCOTICS,POSSESSION OF COCAINE,41.865804274657,-87.62475605573222,PARKING LOT,True,False,D-03,W-50,0.6879938549787568,0.208,LOW
CR-2024-004438,2024-02-11 16:32:30,OTHER OFFENSE,DUPLICATE ID TEST RECORD,41.87563387701408,-87.74893923972685,PARK,True,False,D-06,W-12,0.40085099403659136,0.2796,MEDIUM
CR-2025-000581,2024-06-15 01:19:04,BURGLARY,COMMERCIAL,41.74416068833091,-87.67013496867392,COMMERCIAL BUILDING,False,False,D-03,W-38,0.1907131220598583,0.5395,HIGH
CR-2023-005799,2023-09-23 01:22:21,THEFT,FROM BUILDING,41.86997613698039,-87.7290689534502,ALLEY,False,False,D-11,W-24,0.16060410903208744,0.3917,MEDIUM
CR-2023-001830,2025-06-16 02:50:42,MOTOR VEHICLE THEFT,AUTOMOBILE,41.94119921462486,-87.6698615419571,STREET,False,False,D-03,W-39,0.13067992899293696,0.5795,HIGH
CR-2023-005931,2025-02-27 09:22:39,BATTERY,AGGRAVATED BATTERY,41.8918182461395,-87.69743180777996,SIDEWALK,True,False,D-05,W-35,0.748232718266611,0.2518,MEDIUM
CR-2025-004559,2023-06-14 10:03:12,MOTOR VEHICLE THEFT,TRUCK,41.876852423420985,-87.60913997455708,ALLEY,False,False,D-13,W-33,0.15056692170256658,0.5663,HIGH
CR-2025-000893,2023-02-13 21:11:52,ASSAULT,SIMPLE ASSAULT,41.77116977307375,-87.64780391013977,RESIDENCE,False,True,D-03,W-19,0.19951145440105666,0.8005,CRITICAL
CR-2024-003700,2025-08-03 00:29:16,BATTERY,DOMESTIC BATTERY,41.93579714339715,-87.64381916138231,RESIDENCE,False,False,D-12,W-32,0.7059721930281003,0.294,MEDIUM
CR-2025-002567,2023-11-13 12:30:57,CRIMINAL DAMAGE,TO VEHICLE,41.8543666524988,-87.62904658451252,RESIDENCE,False,False,D-11,W-50,0.06884935004893018,0.4345,MEDIUM
CR-2023-000270,2023-11-25 02:28:18,BURGLARY,FORCIBLE ENTRY,41.89063538168098,-87.64674560281986,STREET,False,False,D-12,W-12,0.10488694113200173,0.5967,HIGH
CR-2023-001602,2023-06-19 00:28:15,ROBBERY,ARMED ROBBERY,41.929353672385226,-87.66883990276916,PARKING LOT,False,False,D-04,W-50,0.1426292843127561,0.8574,CRITICAL
CR-2025-001895,2023-08-29 04:28:09,BURGLARY,FORCIBLE ENTRY,41.96012331600785,-87.66354827636432,APARTMENT,False,False,D-01,W-02,0.13551161104545034,0.5763,HIGH
CR-2025-004730,2024-08-27 14:04:29,CRIMINAL DAMAGE,GRAFFITI,41.95602489310324,-87.65611212463357,SIDEWALK,False,False,D-07,W-49,0.22513544177814981,0.3616,MEDIUM
CR-2023-002013,2024-07-24 18:53:07,NARCOTICS,SALE/MANUFACTURE,41.86638265432804,-87.63369700211152,RESIDENCE,False,False,D-04,W-29,0.6070343929285157,0.262,MEDIUM
CR-2024-003244,2025-06-06 22:52:09,ASSAULT,SIMPLE ASSAULT,41.95644536154403,-87.62888008420919,PARKING LOT,False,True,D-02,W-30,0.14125306100917848,0.8587,CRITICAL
CR-2023-001626,2025-06-27 02:10:01,MOTOR VEHICLE THEFT,TRUCK,41.79486650421608,-87.60254704187282,PARK,False,False,D-13,W-20,0.11732054426229822,0.5885,HIGH
CR-2024-001060,2023-03-25 12:25:59,ASSAULT,SIMPLE ASSAULT,41.99665230843226,-87.63960791424203,COMMERCIAL BUILDING,False,True,D-10,W-19,0.20177108853377615,0.7982,CRITICAL
CR-2025-003656,2023-04-24 15:49:43,NARCOTICS,POSSESSION OF HEROIN,41.95287853747893,-87.69423050572718,COMMERCIAL BUILDING,True,False,D-11,W-21,0.6592764321573547,0.2271,LOW
CR-2023-002304,2025-09-16 18:04:33,BURGLARY,COMMERCIAL,41.79605883887536,-87.64997231685065,COMMERCIAL BUILDING,False,True,D-04,W-48,0.14554619781797237,0.5696,HIGH
CR-2025-003395,2023-10-02 15:07:52,NARCOTICS,SALE/MANUFACTURE,41.77668639463543,-87.64034728540383,SIDEWALK,True,False,D-13,W-10,0.7149752716348354,0.19,LOW
CR-2024-002332,2024-10-26 18:54:17,BURGLARY,FORCIBLE ENTRY,41.89353151362249,-87.72973944569817,SIDEWALK,True,True,D-11,W-20,0.09402882376791577,0.604,HIGH
CR-2024-000418,2023-11-28 19:44:47,BATTERY,DOMESTIC BATTERY,41.97941000985628,-87.67526708081478,RESIDENCE,True,False,D-02,W-27,0.7234945711923721,0.2765,MEDIUM
CR-2023-000768,2023-03-31 18:09:21,BURGLARY,RESIDENTIAL,41.88580400159855,-87.63779051259493,APARTMENT,False,False,D-07,W-10,0.11028915303847786,0.5931,HIGH
CR-2024-005917,2025-01-17 21:04:39,MOTOR VEHICLE THEFT,AUTOMOBILE,41.742801776937696,-87.62851772799065,ALLEY,False,False,D-04,W-48,0.25772350063133376,0.4949,MEDIUM
CR-2023-000669,2025-01-20 16:42:25,NARCOTICS,SALE/MANUFACTURE,41.76919557953647,-87.62473959444061,ALLEY,True,False,D-03,W-47,0.7043605106438519,0.1971,LOW
CR-2025-000818,2023-07-17 06:01:18,BATTERY,SIMPLE BATTERY,41.863773161309766,-87.6234460140161,ALLEY,True,False,D-02,W-28,0.8379596663593364,0.162,LOW
CR-2023-005211,2024-02-13 11:15:33,ROBBERY,STRONGARM ROBBERY,41.77923551213471,-87.62933207722398,RESIDENCE,True,False,D-03,W-43,0.1806029545811274,0.8194,CRITICAL
CR-2023-005025,2023-08-11 00:28:21,MOTOR VEHICLE THEFT,MOTORCYCLE,41.91296206635507,-87.6425625968321,COMMERCIAL BUILDING,False,False,D-08,W-35,0.1316456265843609,0.5789,HIGH
CR-2023-003174,2023-07-24 09:20:41,ASSAULT,AGGRAVATED ASSAULT,41.86055779056196,-87.64061455162705,COMMERCIAL BUILDING,False,False,D-05,W-07,0.17133774623279077,0.8287,CRITICAL
CR-2025-005804,2023-02-08 23:54:13,BATTERY,SIMPLE BATTERY,41.74686272567828,-87.6477202917756,RESIDENCE,True,False,D-09,W-08,0.7477176891449918,0.2523,MEDIUM
CR-2024-003367,2023-08-03 06:07:53,ASSAULT,SIMPLE ASSAULT,41.96069889278063,-87.64510633845515,ALLEY,True,True,D-04,W-36,0.2258382393342782,0.7742,CRITICAL
CR-2023-002910,2025-09-06 19:55:48,CRIMINAL DAMAGE,GRAFFITI,41.779742976372525,-87.6222851604739,APARTMENT,False,False,D-09,W-29,0.07511625090976179,0.4316,MEDIUM
CR-2024-004468,2025-09-20 18:41:58,ROBBERY,STRONGARM ROBBERY,41.86280647785841,-87.6865633219883,APARTMENT,False,False,D-05,W-08,0.14160635479212144,0.8584,CRITICAL
CR-2025-000881,2023-04-06 23:25:08,CRIMINAL DAMAGE,TO PROPERTY,41.88195780550023,-87.75573538461416,STREET,False,False,D-14,W-45,0.18119289442005582,0.3821,MEDIUM
CR-2025-000713,2025-06-20 08:15:10,ROBBERY,STRONGARM ROBBERY,41.917611728338926,-87.74675775058299,PARK,False,False,D-13,W-43,0.1528137151664185,0.8472,CRITICAL
CR-2023-003744,2023-12-16 09:00:04,MOTOR VEHICLE THEFT,TRUCK,41.88185942348155,-87.61767143489665,SIDEWALK,False,False,D-08,W-36,0.1594732395933865,0.5604,HIGH
CR-2025-002300,2024-08-18 20:56:50,CRIMINAL DAMAGE,GRAFFITI,41.87486059219475,-87.6157378376124,STREET,False,False,D-14,W-44,0.18515269923825664,0.3803,MEDIUM
CR-2023-001947,2024-10-16 17:41:39,BATTERY,,41.872204208644085,-87.61477552262187,PARK,True,False,D-12,W-22,0.6911067454311447,0.3089,MEDIUM
CR-2024-005797,2023-07-06 23:02:44,MOTOR VEHICLE THEFT,MOTORCYCLE,41.878288636544006,-87.61678908260504,ALLEY,False,False,D-15,W-32,0.14090891071438402,0.5727,HIGH
CR-2024-000286,2023-10-30 09:44:51,BATTERY,AGGRAVATED BATTERY,41.95493854747528,-87.65968201057618,STREET,True,False,D-04,W-14,0.8702641062200086,0.1297,LOW
CR-2024-001528,2024-11-27 08:32:29,CRIMINAL DAMAGE,TO PROPERTY,41.87060015796924,-87.72322099743114,COMMERCIAL BUILDING,False,False,D-07,W-28,0.23759337041953715,0.3558,MEDIUM
CR-2023-002970,2024-03-07 10:10:56,MOTOR VEHICLE THEFT,AUTOMOBILE,41.85828682466934,-87.61822897307644,COMMERCIAL BUILDING,False,False,D-07,W-35,0.16515648178558617,0.5566,HIGH
CR-2023-004791,2023-10-09 17:35:37,NARCOTICS,POSSESSION OF COCAINE,41.91774803530805,-87.64991387620876,RESIDENCE,False,False,D-06,W-02,0.7221644445544175,0.1852,LOW
CR-2025-003521,2025-02-25 00:18:26,BATTERY,,41.885011958654246,-87.65263501477423,PARKING LOT,True,False,D-10,W-36,0.7348889806224306,0.2651,MEDIUM
CR-2025-002324,2023-12-23 01:25:41,MOTOR VEHICLE THEFT,TRUCK,41.91606573250104,-87.6598876466371,APARTMENT,True,False,D-02,W-15,0.18833467110062668,0.5411,HIGH
CR-2025-005009,2023-11-28 02:39:57,CRIMINAL DAMAGE,TO PROPERTY,41.93410385482017,-87.61940950303216,APARTMENT,False,False,D-09,W-14,0.16745869097351893,0.3885,MEDIUM
CR-2023-003816,2025-07-29 06:05:55,CRIMINAL DAMAGE,TO PROPERTY,41.89257990000742,-87.6192349568522,RESIDENCE,False,False,D-05,W-21,0.09146500100384346,0.424,MEDIUM
CR-2025-002057,2025-05-04 02:19:17,THEFT,GRAND THEFT,41.81964105327782,-87.6383168895988,APARTMENT,False,False,D-09,W-02,0.14361871397636022,0.3996,MEDIUM
CR-2023-004083,2023-05-31 22:45:26,CRIMINAL DAMAGE,TO PROPERTY,41.82254647425683,-87.6109331293778,APARTMENT,False,False,D-02,W-06,0.10927353040610775,0.4157,MEDIUM
CR-2025-003857,2023-07-27 20:03:27,BURGLARY,RESIDENTIAL,41.81137874551369,-87.61231129799076,STREET,False,False,D-12,W-26,0.10671868953162761,0.5955,HIGH
CR-2023-000123,2025-05-05 09:21:14,NARCOTICS,SALE/MANUFACTURE,41.76702636722098,-87.64533323081434,PARK,True,False,D-06,W-17,0.808230389175812,0.1278,LOW
CR-2024-000778,2024-02-20 23:13:19,BATTERY,AGGRAVATED BATTERY,41.96667169252466,-87.6713635790136,PARKING LOT,True,False,D-08,W-22,0.7478611578429958,0.2521,MEDIUM
CR-2025-003872,2025-07-15 13:05:48,MOTOR VEHICLE THEFT,AUTOMOBILE,41.78854277101328,-87.64924725247724,ALLEY,False,False,D-11,W-43,0.13964540177470147,0.5736,HIGH
CR-2025-003731,2023-08-05 03:25:51,ASSAULT,AGGRAVATED ASSAULT,41.92478055032671,-87.67833362218069,RESIDENCE,False,False,D-07,W-06,0.16384223604002304,0.8362,CRITICAL
CR-2023-005316,2024-04-14 20:12:30,MOTOR VEHICLE THEFT,TRUCK,41.873123318423424,-87.65272886944389,SIDEWALK,False,False,D-06,W-06,0.155158139491845,0.5632,HIGH
CR-2025-003101,2025-01-10 06:23:15,ROBBERY,STRONGARM ROBBERY,41.91247866900228,-87.60178806993758,PARK,False,False,D-06,W-45,0.20084337848094874,0.7992,CRITICAL
CR-2024-001981,2023-04-07 22:18:14,THEFT,RETAIL THEFT,41.878839624972805,-87.61826740486048,SIDEWALK,False,False,D-13,W-34,0.09205564669791896,0.4237,MEDIUM
CR-2025-001040,2023-03-31 15:28:45,CRIMINAL DAMAGE,TO VEHICLE,41.948410559177134,-87.64327586502141,STREET,False,False,D-10,W-44,0.15886402189575602,0.3925,MEDIUM
CR-2023-002883,2024-02-04 09:50:21,THEFT,GRAND THEFT,41.88749652008681,-87.63099862678995,COMMERCIAL BUILDING,True,False,D-10,W-27,0.16224709204584062,0.391,MEDIUM
CR-2025-005978,2023-03-03 00:48:24,ASSAULT,AGGRAVATED ASSAULT,41.97609742187588,-87.64736744121556,PARKING LOT,True,False,D-05,W-05,0.16124368067175107,0.8388,CRITICAL
CR-2024-005827,2023-03-09 02:28:43,THEFT,GRAND THEFT,41.84623959386182,-87.64015018899723,COMMERCIAL BUILDING,True,False,D-01,W-27,0.16104344265579268,0.3915,MEDIUM
CR-2025-003458,2025-10-01 21:58:17,ASSAULT,AGGRAVATED ASSAULT,41.86177383146491,-87.59139245560966,APARTMENT,False,True,D-09,W-15,0.14388177841281974,0.8561,CRITICAL
CR-2023-002376,2023-08-21 06:49:03,ROBBERY,ARMED ROBBERY,41.7730020867672,-87.63917213111262,ALLEY,False,False,D-06,W-32,0.23135230395340767,0.7686,CRITICAL
CR-2025-001685,2025-04-09 15:43:59,CRIMINAL DAMAGE,TO VEHICLE,41.87693834808911,-87.64772940645399,SIDEWALK,False,False,D-15,W-30,0.0967661457502848,0.4215,MEDIUM
CR-2023-002361,2023-08-05 23:31:49,MOTOR VEHICLE THEFT,,41.77955511881935,-87.63658910813166,SIDEWALK,False,False,D-02,W-25,0.13196425084685234,0.5787,HIGH
CR-2023-002814,2024-07-17 03:30:08,ASSAULT,,41.8660039091484,-87.72029734722086,PARK,False,True,D-05,W-05,0.15175338671029961,0.8482,CRITICAL
CR-2024-000250,2024-03-23 18:47:43,CRIMINAL DAMAGE,TO PROPERTY,41.802054438688295,-87.58126458398826,APARTMENT,False,False,D-04,W-15,0.18895005236343845,0.3785,MEDIUM
CR-2025-000029,2023-06-15 04:24:44,ASSAULT,SIMPLE ASSAULT,41.88306895147106,-87.61516682309316,COMMERCIAL BUILDING,False,False,D-01,W-14,0.19951803679022997,0.8005,CRITICAL
CR-2024-003007,2024-11-29 21:06:35,ROBBERY,ARMED ROBBERY,41.88922205658107,-87.74240357243455,STREET,True,False,D-03,W-13,0.17122037845163493,0.8288,CRITICAL
CR-2024-003331,2024-01-23 23:03:10,ROBBERY,STRONGARM ROBBERY,41.891063725770486,-87.67041315783072,COMMERCIAL BUILDING,False,False,D-02,W-17,0.2209925407083509,0.779,CRITICAL
CR-2023-003108,2023-09-22 13:11:59,CRIMINAL DAMAGE,TO VEHICLE,41.87828335322623,-87.64774998388427,COMMERCIAL BUILDING,False,False,D-14,W-36,0.16910180205900913,0.3878,MEDIUM
CR-2024-002668,2025-02-24 22:14:25,MOTOR VEHICLE THEFT,AUTOMOBILE,41.87041198834031,-87.64182291385157,COMMERCIAL BUILDING,True,False,D-05,W-31,0.14611906484247167,0.5693,HIGH
CR-2024-004423,2025-05-24 17:49:31,MOTOR VEHICLE THEFT,MOTORCYCLE,41.87441238264882,-87.7247137008444,STREET,False,False,D-13,W-41,0.1623455392689212,0.5584,HIGH
CR-2023-001632,2023-08-21 14:11:25,BURGLARY,RESIDENTIAL,41.88808125235538,-87.60068173845305,PARKING LOT,False,False,D-01,W-01,0.17906150454195052,0.5473,HIGH
CR-2024-002341,2024-06-25 17:57:49,BURGLARY,RESIDENTIAL,41.81567586727043,-87.6464873805042,STREET,True,False,D-14,W-26,0.18073974532839615,0.5462,HIGH
CR-2023-004905,2024-04-25 04:50:57,BATTERY,DOMESTIC BATTERY,41.86965185398937,-87.64032935947444,RESIDENCE,True,False,D-05,W-41,0.6846223699665864,0.3154,MEDIUM
CR-2023-005124,2024-07-18 00:38:46,CRIMINAL DAMAGE,GRAFFITI,41.79887670182856,-87.62884671373912,PARK,False,False,D-13,W-36,0.09955382930746394,0.4202,MEDIUM
CR-2023-003270,2023-11-16 17:32:41,NARCOTICS,POSSESSION OF HEROIN,41.88230068014047,-87.66991850692231,COMMERCIAL BUILDING,True,False,D-05,W-12,0.6686332238617573,0.2209,LOW
CR-2025-000464,2024-09-15 02:43:35,ASSAULT,SIMPLE ASSAULT,41.81803810073086,-87.63064375652682,PARK,True,True,D-15,W-25,0.1302180776712797,0.8698,CRITICAL
CR-2025-004454,2023-05-10 05:06:48,ASSAULT,AGGRAVATED ASSAULT,41.959695525286286,-87.64161027732894,SIDEWALK,False,False,D-03,W-16,0.14917129763582512,0.8508,CRITICAL
CR-2024-003682,2025-12-18 23:21:49,MOTOR VEHICLE THEFT,MOTORCYCLE,41.89367018790974,-87.61833680194992,APARTMENT,False,False,D-08,W-42,0.0965650539038067,0.6023,HIGH
CR-2024-000088,2023-07-30 02:18:19,MOTOR VEHICLE THEFT,MOTORCYCLE,41.77922504729695,-87.59266164807107,RESIDENCE,False,False,D-01,W-47,0.1216826957231979,0.5855,HIGH
CR-2025-005453,2024-06-05 11:05:07,ROBBERY,,41.8655775513418,-87.62475097858658,ALLEY,False,False,D-09,W-45,0.13719230959481316,0.8628,CRITICAL
CR-2025-000095,2024-09-14 05:59:45,CRIMINAL DAMAGE,TO PROPERTY,41.8725627308628,-87.71148482170217,SIDEWALK,False,False,D-11,W-36,0.12072722450545781,0.4103,MEDIUM
CR-2025-002795,2023-07-17 01:00:18,ROBBERY,STRONGARM ROBBERY,41.93733645509305,-87.66037903412794,ALLEY,False,False,D-11,W-18,0.11748314255316114,0.8825,CRITICAL
CR-2025-004820,2023-12-27 01:57:53,BATTERY,DOMESTIC BATTERY,41.84997947146319,-87.72016688241364,ALLEY,False,True,D-01,W-48,0.8035197079278225,0.1965,LOW
CR-2024-003409,2024-06-28 12:43:48,ASSAULT,AGGRAVATED ASSAULT,41.77884077709668,-87.64259017240234,SIDEWALK,True,False,D-10,W-45,0.16007003653612173,0.8399,CRITICAL
CR-2025-003941,2024-02-08 15:58:51,CRIMINAL DAMAGE,TO VEHICLE,41.89738373351543,-87.63065591937146,ALLEY,False,True,D-11,W-20,0.10182318824456842,0.4191,MEDIUM
CR-2023-002580,2025-07-19 23:42:10,BURGLARY,RESIDENTIAL,41.78572526793736,-87.68086600093866,COMMERCIAL BUILDING,False,False,D-14,W-16,0.12428665378020869,0.5838,HIGH
CR-2025-004520,2025-03-27 00:17:17,ASSAULT,SIMPLE ASSAULT,41.88135033646247,-87.62536501672777,APARTMENT,False,False,D-10,W-25,0.09907741191962638,0.9009,CRITICAL
CR-2023-004173,2023-07-26 09:37:23,MOTOR VEHICLE THEFT,,41.87382439401741,-87.72121077834485,APARTMENT,False,False,D-07,W-45,0.19461131499921905,0.5369,HIGH
CR-2023-001563,2024-05-01 02:42:03,NARCOTICS,SALE/MANUFACTURE,41.849459658687394,-87.61002546512721,RESIDENCE,False,True,D-02,W-07,0.715483050977229,0.1897,LOW
CR-2025-002465,2024-01-06 10:25:55,ASSAULT,SIMPLE ASSAULT,41.89454820677346,-87.66266880776749,STREET,True,False,D-01,W-12,0.23391061933502172,0.7661,CRITICAL
CR-2025-005237,2024-10-11 00:08:50,THEFT,RETAIL THEFT,41.955659914068654,-87.67877260785093,RESIDENCE,False,False,D-06,W-28,0.16362110622666692,0.3903,MEDIUM
CR-2023-003387,2024-06-29 16:24:54,ASSAULT,AGGRAVATED ASSAULT,41.92646249841232,-87.63885867843935,COMMERCIAL BUILDING,False,False,D-04,W-41,0.18869478404715542,0.8113,CRITICAL
CR-2024-002164,2023-12-31 05:50:11,BATTERY,AGGRAVATED BATTERY,41.82138589957522,-87.63904487567355,RESIDENCE,True,False,D-11,W-23,0.6444575425330415,0.3555,MEDIUM
CR-2024-003625,2025-08-02 21:30:09,BATTERY,SIMPLE BATTERY,41.95512555778495,-87.67004058722306,ALLEY,True,True,D-05,W-23,0.653931239119491,0.3461,MEDIUM
CR-2025-005954,2025-07-07 13:35:57,THEFT,FROM BUILDING,41.86775516742649,-87.63059818654409,STREET,False,False,D-13,W-16,0.09888053123560911,0.4205,MEDIUM
CR-2023-005064,2024-10-12 08:34:11,BATTERY,DOMESTIC BATTERY,41.951722812261565,-87.67829482910736,STREET,True,False,D-12,W-05,0.7432941169133449,0.2567,MEDIUM
CR-2023-005070,2025-06-12 19:52:50,NARCOTICS,POSSESSION OF COCAINE,41.87541978668588,-87.6185066337776,RESIDENCE,True,False,D-08,W-01,0.6861355821395642,0.2092,LOW
CR-2023-001233,2023-06-08 01:01:55,BATTERY,AGGRAVATED BATTERY,41.93313427791643,-87.65454124329105,STREET,False,False,D-02,W-26,0.7942069632746199,0.2058,LOW
CR-2023-001347,2024-10-22 01:34:28,BATTERY,,41.95507719933137,-87.62667266436337,COMMERCIAL BUILDING,False,False,D-10,W-05,0.7421118656692897,0.2579,MEDIUM
CR-2023-003258,2024-03-04 11:20:19,BURGLARY,COMMERCIAL,41.98224693144926,-87.65241347056548,ALLEY,False,False,D-02,W-10,0.1347656306183977,0.5768,HIGH
CR-2023-005853,2024-02-23 15:09:29,MOTOR VEHICLE THEFT,MOTORCYCLE,41.86672002197686,-87.62046431322291,ALLEY,False,False,D-06,W-40,0.19203853538090074,0.5386,HIGH
CR-2024-005719,2023-12-16 20:37:03,CRIMINAL DAMAGE,TO VEHICLE,41.78818016908675,-87.62854422507158,STREET,False,False,D-11,W-49,0.1711516371706115,0.3868,MEDIUM
CR-2025-001712,2025-11-29 21:53:09,ROBBERY,STRONGARM ROBBERY,41.91287976491903,-87.63402118024878,ALLEY,False,False,D-13,W-16,0.10963099544686443,0.8904,CRITICAL
CR-2023-003063,2023-09-03 08:32:19,THEFT,PETTY THEFT,41.89567715214911,-87.60732853549769,STREET,False,False,D-13,W-29,0.1213554044876647,0.41,MEDIUM
CR-2024-000388,2024-08-10 20:43:38,PETTY THEFT,TO PROPERTY,41.86719294236263,-87.63351277953328,RESIDENCE,False,False,D-14,W-20,0.26705930876995365,0.342,MEDIUM
CR-2023-000012,2023-07-21 01:21:51,BATTERY,SIMPLE BATTERY,41.86993425913212,-87.62813616115436,PARK,True,True,D-08,W-16,0.6545720805283315,0.3454,MEDIUM
CR-2024-002968,2023-11-28 20:56:11,CRIMINAL DAMAGE,TO PROPERTY,41.97294069194098,-87.68691207881618,STREET,False,False,D-01,W-40,0.1647246510315794,0.3898,MEDIUM
CR-2024-005176,2025-05-02 08:51:15,ROBBERY,ARMED ROBBERY,41.77555551568697,-87.65051096170167,PARK,False,True,D-07,W-39,0.17212409544664775,0.8279,CRITICAL
CR-2025-004469,2025-06-02 07:38:45,ASSAULT,AGGRAVATED ASSAULT,41.88917574300091,-87.72965868996118,STREET,False,False,D-11,W-37,0.16226501357171533,0.8377,CRITICAL
CR-2025-001043,2024-11-28 04:24:04,THEFT,PETTY THEFT,41.938237196047055,-87.65825560637634,PARK,False,False,D-11,W-02,0.10743476417685631,0.4165,MEDIUM
CR-2024-000289,2023-06-30 05:29:35,THEFT,PETTY THEFT,41.855921206313305,-87.6126436893519,SIDEWALK,False,False,D-03,W-02,0.1570559778496436,0.3934,MEDIUM
CR-2025-000266,2024-10-01 10:46:02,BATTERY,AGGRAVATED BATTERY,41.94707840402705,-87.67952032399525,SIDEWALK,True,False,D-14,W-43,0.8162791137795575,0.1837,LOW
CR-2023-004956,2024-06-27 11:02:14,BURGLARY,FORCIBLE ENTRY,41.86733220178469,-87.61786204281488,PARKING LOT,False,False,D-12,W-16,0.06531517149769982,0.6231,HIGH
CR-2023-005454,2023-08-05 22:12:38,ASSAULT,SIMPLE ASSAULT,41.937539561072285,-87.66923882920275,COMMERCIAL BUILDING,True,True,D-15,W-07,0.1454620155789805,0.8545,CRITICAL
CR-2023-004320,2025-10-10 04:43:08,CRIMINAL DAMAGE,TO PROPERTY,41.90235567386783,-87.64135637198707,COMMERCIAL BUILDING,False,False,D-09,W-49,0.18869701086812457,0.3786,MEDIUM
CR-2025-001061,2024-02-07 21:49:12,CRIMINAL DAMAGE,GRAFFITI,41.94801479240531,-87.66055781658416,STREET,False,False,D-03,W-30,0.12531846604173955,0.4082,MEDIUM
CR-2024-002893,2025-12-11 09:01:14,ASSAULT,AGGRAVATED ASSAULT,41.87867451354255,-87.69193957929438,PARKING LOT,True,True,D-01,W-21,0.1832702383044063,0.8167,CRITICAL
CR-2025-003050,2025-03-05 21:14:31,PETTY THEFT,PETTY THEFT,41.7642035923773,-87.62323472878084,PARK,False,False,D-10,W-04,0.18076679510489357,0.3823,MEDIUM
CR-2023-000030,2025-06-11 15:21:42,NARCOTICS,SALE/MANUFACTURE,41.87091238643232,-87.63258488464996,PARK,False,False,D-09,W-02,0.6820224227088952,0.212,LOW
CR-2024-003175,2025-06-06 10:28:17,NARCOTICS,SALE/MANUFACTURE,41.91979945436336,-87.64536987032484,PARK,True,False,D-04,W-44,0.7869566793456357,0.142,LOW
CR-2023-002835,2025-10-10 21:03:51,MOTOR VEHICLE THEFT,MOTORCYCLE,41.841335378160494,-87.62784984033159,COMMERCIAL BUILDING,False,False,D-03,W-49,0.21812815438827723,0.5212,HIGH
CR-2023-003525,2025-06-24 06:59:13,NARCOTICS,SALE/MANUFACTURE,41.892616917035056,-87.62381511763748,COMMERCIAL BUILDING,True,False,D-08,W-22,0.7209778275314808,0.186,LOW
CR-2025-000509,2024-03-05 22:52:02,CRIMINAL DAMAGE,TO VEHICLE,41.87329479037709,-87.62343751080398,SIDEWALK,False,False,D-03,W-39,0.096674343005383,0.4216,MEDIUM
CR-2023-003408,2025-04-14 22:48:09,THEFT,RETAIL THEFT,41.72978659904743,-87.66602864311555,STREET,True,False,D-01,W-46,0.2647184725842022,0.3431,MEDIUM
CR-2025-005348,2025-09-12 18:10:56,THEFT,GRAND THEFT,41.975959486678505,-87.61232587412125,SIDEWALK,True,False,D-15,W-37,0.1432415072214455,0.3998,MEDIUM
CR-2023-001473,2023-11-22 20:51:39,CRIMINAL DAMAGE,GRAFFITI,41.781030236240845,-87.70377839927252,SIDEWALK,False,False,D-12,W-28,0.17903553261019006,0.3831,MEDIUM
CR-2024-005596,2024-03-30 01:09:09,THEFT,RETAIL THEFT,41.87389142440102,-87.63904041315577,APARTMENT,False,False,D-13,W-45,0.13575928916795982,0.4033,MEDIUM
CR-2025-003614,2023-09-11 16:10:18,BATTERY,SIMPLE BATTERY,41.782916248508826,-87.61244342544602,RESIDENCE,True,False,D-01,W-05,0.7308150471382601,0.2692,MEDIUM
CR-2025-005993,2023-08-19 15:19:42,MOTOR VEHICLE THEFT,AUTOMOBILE,41.87926045595427,-87.61646104862862,PARK,False,False,D-02,W-03,0.17811428175213592,0.5479,HIGH
CR-2023-002343,2025-08-22 05:11:22,THEFT,PETTY THEFT,41.8661579479522,-87.644050952462,ALLEY,False,False,D-09,W-04,0.10828553727498125,0.4161,MEDIUM
CR-2024-003772,2025-07-14 13:48:25,BATTERY,DOMESTIC BATTERY,41.969563401876485,-87.64588980305243,PARKING LOT,False,False,D-04,W-20,0.7851944434010211,0.2148,LOW
CR-2024-003313,2024-07-27 12:34:12,ROBBERY,ARMED ROBBERY,41.88370300525118,-87.60796848274127,ALLEY,False,True,D-12,W-17,0.17430060640253828,0.8257,CRITICAL
CR-2025-005069,2024-03-24 00:27:39,MOTOR VEHICLE THEFT,TRUCK,41.96875914104859,-87.68122097385647,PARKING LOT,False,False,D-03,W-18,0.1730032227923036,0.5513,HIGH
CR-2024-003058,2023-02-24 05:04:55,BATTERY,DOMESTIC BATTERY,41.96484700941792,-87.67203960708879,STREET,False,True,D-14,W-09,0.8516179081998487,0.1484,LOW
CR-2024-002605,2025-03-26 08:25:40,ASSAULT,AGGRAVATED ASSAULT,41.879707548728895,-87.64597769112048,RESIDENCE,False,True,D-12,W-47,0.08972762343945098,0.9103,CRITICAL
CR-2025-004565,2023-02-17 22:04:22,BURGLARY,FORCIBLE ENTRY,41.97281101207862,-87.61502891410703,PARKING LOT,True,False,D-15,W-25,0.09913003684663807,0.6006,HIGH
CR-2024-003193,2023-03-18 05:46:59,BURGLARY,FORCIBLE ENTRY,41.87773402149146,-87.6511334447426,COMMERCIAL BUILDING,False,False,D-14,W-30,0.16314658818736089,0.5579,HIGH
CR-2023-000045,2023-03-17 14:16:20,BATTERY,AGGRAVATED BATTERY,41.7813269387337,-87.60478387523668,STREET,True,False,D-07,W-04,0.7622247070628082,0.2378,LOW
CR-2025-003170,2025-11-15 02:16:32,ROBBERY,ARMED ROBBERY,41.86393398172996,-87.72894600040347,STREET,False,False,D-03,W-19,0.2274826571529712,0.7725,CRITICAL
CR-2025-002750,2025-11-12 06:19:01,MOTOR VEHICLE THEFT,AUTOMOBILE,41.7964785635555,-87.61566981705252,ALLEY,False,False,D-06,W-40,0.18335996514010883,0.5444,HIGH
CR-2025-003791,2025-12-23 23:09:16,MOTOR VEHICLE THEFT,AUTOMOBILE,41.877676731815946,-87.60933510633744,STREET,False,False,D-10,W-26,0.1532742193859416,0.5645,HIGH
CR-2023-003714,2025-08-03 02:51:45,NARCOTICS,POSSESSION OF HEROIN,41.88424290067078,-87.75492511956072,SIDEWALK,True,False,D-04,W-02,0.8273183931804092,0.1151,LOW
CR-2025-001631,2023-11-11 01:50:38,CRIMINAL DAMAGE,TO VEHICLE,41.93030771250013,-87.63184486309464,ALLEY,False,False,D-14,W-41,0.19516181924536102,0.3756,MEDIUM
CR-2025-001253,2024-02-02 05:53:18,THEFT,PETTY THEFT,41.85262736063272,-87.59788301048158,ALLEY,True,False,D-10,W-15,0.16956105849469752,0.3875,MEDIUM
CR-2025-005579,2023-11-27 18:20:49,BURGLARY,COMMERCIAL,41.795288858957214,-87.5838582780471,STREET,True,False,D-02,W-22,0.16499617650849327,0.5567,HIGH
CR-2023-004491,2023-08-07 11:02:45,BURGLARY,FORCIBLE ENTRY,41.87661918658317,-87.61740366513713,STREET,False,False,D-01,W-50,0.11412427501154876,0.5906,HIGH
CR-2025-001064,2024-04-05 07:12:52,THEFT,GRAND THEFT,41.88883071973162,-87.61902721411438,PARKING LOT,False,False,D-07,W-02,0.1713480196303105,0.3867,MEDIUM
CR-2025-004976,2023-03-07 22:47:49,CRIMINAL DAMAGE,TO VEHICLE,41.75665388072648,-87.65301948895613,APARTMENT,False,False,D-07,W-03,0.18521648042064054,0.3802,MEDIUM
CR-2023-001254,2023-12-30 04:53:29,BATTERY,SIMPLE BATTERY,41.856280661408256,-87.75070424322138,APARTMENT,True,True,D-01,W-27,0.8250319373132814,0.175,LOW
CR-2023-002523,2025-02-20 00:34:10,THEFT,GRAND THEFT,41.84698270473476,-87.63013052296007,ALLEY,False,True,D-11,W-42,0.097383927500036,0.4212,MEDIUM
CR-2025-000221,2024-10-12 16:11:33,BATTERY,DOMESTIC BATTERY,41.847088368499406,-87.6311368005927,COMMERCIAL BUILDING,True,True,D-04,W-43,0.80898662013842,0.191,LOW
CR-2025-000455,2024-11-09 23:25:11,THEFT,FROM BUILDING,41.87348332647571,-87.62651274508504,PARKING LOT,True,False,D-05,W-29,0.07901301573860768,0.4298,MEDIUM
CR-2023-005826,2024-09-18 19:29:03,MOTOR VEHICLE THEFT,TRUCK,41.88210463674692,-87.60462139053477,PARK,False,True,D-04,W-25,0.1317328117026571,0.5788,HIGH
CR-2023-000282,2025-10-30 02:18:50,NARCOTICS,POSSESSION OF HEROIN,41.89611820883246,-87.63592113059532,ALLEY,True,False,D-09,W-26,0.7545042602699357,0.1637,LOW
CR-2023-000405,2024-11-04 00:43:07,NARCOTICS,POSSESSION OF COCAINE,41.94466256711677,-87.66409462116548,ALLEY,False,False,D-02,W-30,0.7290980498081077,0.1806,LOW
CR-2023-001335,2023-11-10 17:13:23,OTHER OFFENSE,DUPLICATE ID TEST RECORD,41.86764842272356,-87.62106960149373,STREET,True,False,D-08,W-14,0.41334518046591995,0.2738,MEDIUM
CR-2025-005150,2024-04-28 02:29:49,NARCOTICS,POSSESSION OF HEROIN,41.9067123600883,-87.64446046176226,SIDEWALK,False,False,D-06,W-21,0.7522159301660521,0.1652,LOW
CR-2024-001624,2023-11-11 07:31:04,BURGLARY,FORCIBLE ENTRY,41.78462490981149,-87.67544753628496,PARKING LOT,False,False,D-11,W-30,0.11598522380468547,0.5893,HIGH
CR-2024-004489,2025-03-17 19:25:19,MOTOR VEHICLE THEFT,AUTOMOBILE,41.794539614841874,-87.63458178971084,PARKING LOT,False,False,D-07,W-35,0.16448999221064622,0.557,HIGH
CR-2025-003689,2025-01-16 18:47:22,ASSAULT,AGGRAVATED ASSAULT,41.88668667959233,-87.62384429995177,SIDEWALK,False,False,D-14,W-45,0.20462611949899792,0.7954,CRITICAL
CR-2023-002877,2025-03-05 01:56:04,ASSAULT,SIMPLE ASSAULT,41.87707586512256,-87.74566088858485,PARK,True,False,D-09,W-36,0.1603639945831988,0.8396,CRITICAL
CR-2024-002773,2023-02-28 00:44:22,THEFT,PETTY THEFT,41.82979683837954,-87.6172755480463,ALLEY,False,False,D-11,W-29,0.09032410515484682,0.4245,MEDIUM
CR-2025-003119,2025-06-07 13:59:07,BURGLARY,FORCIBLE ENTRY,41.86676073939962,-87.62439337485561,PARK,True,False,D-06,W-20,0.0980103948059135,0.6013,HIGH
CR-2024-004069,2023-05-10 21:01:09,MOTOR VEHICLE THEFT,MOTORCYCLE,41.85384242164932,-87.62460530934663,PARK,False,False,D-07,W-19,0.14729060433655006,0.5685,HIGH
CR-2025-001844,2025-07-02 12:48:24,NARCOTICS,POSSESSION OF HEROIN,41.81078476844998,-87.63279286083943,COMMERCIAL BUILDING,True,False,D-05,W-39,0.6287204896421472,0.2475,LOW
CR-2025-005390,2023-06-17 02:23:51,ASSAULT,,41.859401570507615,-87.65426601437792,PARK,False,True,D-06,W-35,0.1621428816597933,0.8379,CRITICAL
CR-2024-000085,2024-11-11 04:34:21,ASSAULT,AGGRAVATED ASSAULT,41.86458874026674,-87.74158458512937,PARK,False,False,D-02,W-46,0.2565343850632284,0.7435,HIGH
CR-2023-003531,2024-12-12 19:40:07,BURGLARY,RESIDENTIAL,41.76111741932626,-87.62607189459627,APARTMENT,False,False,D-08,W-31,0.09601903357542033,0.6027,HIGH
CR-2024-002236,2025-04-19 12:34:48,ROBBERY,ARMED ROBBERY,41.97429971169634,-87.6444155929532,ALLEY,False,False,D-12,W-15,0.1671447332500904,0.8329,CRITICAL
CR-2024-002107,2025-07-17 07:37:18,THEFT,RETAIL THEFT,41.94930982952661,-87.64413327153576,PARK,False,False,D-11,W-03,0.1137973252056555,0.4136,MEDIUM
CR-2025-000134,2024-07-06 03:11:27,MOTOR VEHICLE THEFT,MOTORCYCLE,41.93959911026606,-87.65268518845427,COMMERCIAL BUILDING,True,False,D-09,W-06,0.13742258538155733,0.5751,HIGH
CR-2023-001872,2025-05-10 02:48:33,ROBBERY,STRONGARM ROBBERY,41.8631727727722,-87.63252254743203,PARKING LOT,False,False,D-08,W-38,0.15916952222104921,0.8408,CRITICAL
CR-2024-002293,2024-10-12 20:22:30,THEFT,GRAND THEFT,41.89342273089173,-87.61601627718012,ALLEY,False,False,D-15,W-32,0.15034247434593764,0.3965,MEDIUM
CR-2023-004578,2025-06-14 00:49:44,BURGLARY,RESIDENTIAL,41.786720555919175,-87.61465582225246,PARK,True,False,D-10,W-45,0.09560395094312817,0.6029,HIGH
CR-2025-002534,2024-09-06 21:21:13,ROBBERY,STRONGARM ROBBERY,41.77838598606624,-87.62177040817204,PARKING LOT,False,False,D-07,W-09,0.15959972393593574,0.8404,CRITICAL
CR-2024-001960,2024-11-20 03:54:52,CRIMINAL DAMAGE,GRAFFITI,41.90593254972192,-87.62643647883198,PARKING LOT,False,False,D-02,W-38,0.1566668320604772,0.3936,MEDIUM
CR-2024-005833,2025-01-10 16:51:22,ASSAULT,SIMPLE ASSAULT,41.79996935075248,-87.64246815700866,ALLEY,False,False,D-07,W-48,0.22987488957167837,0.7701,CRITICAL
CR-2024-000850,2024-06-06 06:04:10,THEFT,FROM BUILDING,41.78766575248184,-87.61677032174632,ALLEY,False,False,D-03,W-44,0.15606135596297868,0.3938,MEDIUM
CR-2025-002738,2025-10-08 10:18:50,THEFT,RETAIL THEFT,41.77431748226184,-87.62949485861303,RESIDENCE,False,False,D-10,W-26,0.12506896728730854,0.4083,MEDIUM
CR-2024-000037,2025-07-06 00:14:25,CRIMINAL DAMAGE,TO PROPERTY,41.71340637239776,-87.60845243739062,PARKING LOT,False,False,D-07,W-48,0.24035208133696398,0.3545,MEDIUM
CR-2023-004611,2024-08-25 14:23:15,NARCOTICS,POSSESSION OF COCAINE,41.80237392945587,-87.66724435200274,PARKING LOT,True,True,D-06,W-38,0.8072077831247092,0.1285,LOW
CR-2024-000832,2024-02-12 08:27:40,MOTOR VEHICLE THEFT,MOTORCYCLE,41.89755491819842,-87.63014302093448,COMMERCIAL BUILDING,False,False,D-03,W-08,0.19398935719526175,0.5373,HIGH
CR-2023-000387,2023-05-03 16:29:09,CRIMINAL DAMAGE,TO VEHICLE,41.79444524905543,-87.66825561799726,SIDEWALK,False,False,D-14,W-05,0.1715586249004065,0.3866,MEDIUM
CR-2024-004954,2024-04-26 11:19:59,BURGLARY,COMMERCIAL,41.89971269962782,-87.70144747555989,ALLEY,True,False,D-08,W-31,0.12904400841908176,0.5806,HIGH
CR-2023-004251,2025-07-27 13:27:36,CRIMINAL DAMAGE,GRAFFITI,41.98630297224218,-87.6605632254412,SIDEWALK,False,False,D-15,W-32,0.1514739330974816,0.396,MEDIUM
CR-2023-003261,2025-06-07 15:11:28,CRIMINAL DAMAGE,GRAFFITI,41.76968451585536,-87.60882383958484,SIDEWALK,False,False,D-15,W-08,0.1064950803645039,0.417,MEDIUM
CR-2023-001665,2023-08-01 09:21:58,BATTERY,DOMESTIC BATTERY,41.80174429053464,-87.66764324466727,RESIDENCE,True,True,D-14,W-38,0.834184574237187,0.1658,LOW
CR-2024-005074,2025-03-14 23:38:28,THEFT,GRAND THEFT,41.852112581075495,-87.63569801505524,RESIDENCE,False,False,D-10,W-22,0.10555375614062168,0.4174,MEDIUM
CR-2023-004638,2023-02-25 13:36:36,THEFT,RETAIL THEFT,41.939908036679554,-87.64734724996447,STREET,True,False,D-15,W-30,0.1561273585025624,0.3938,MEDIUM
CR-2024-004999,2025-09-22 03:21:30,ROBBERY,STRONGARM ROBBERY,41.88553648359524,-87.62013417319693,SIDEWALK,False,False,D-05,W-49,0.2210832281104006,0.7789,CRITICAL
CR-2024-003073,2025-12-18 07:12:51,ROBBERY,ARMED ROBBERY,41.78049122653741,-87.63829447528809,PARK,False,False,D-04,W-17,0.2422219965747829,0.7578,CRITICAL
CR-2025-000140,2025-05-06 17:23:44,BATTERY,SIMPLE BATTERY,41.78173793363128,-87.61244673313698,PARKING LOT,True,False,D-10,W-42,0.6348310035732593,0.3652,MEDIUM
CR-2024-005836,2023-03-12 08:39:00,ROBBERY,,41.92189685689605,-87.6131982672133,APARTMENT,True,False,D-03,W-09,0.2222805255269234,0.7777,CRITICAL
CR-2024-004729,2025-09-03 02:43:41,ASSAULT,SIMPLE ASSAULT,41.893781903607234,-87.63282129850116,COMMERCIAL BUILDING,False,False,D-09,W-40,0.15533149366223883,0.8447,CRITICAL
CR-2024-003319,2024-08-31 02:14:57,BURGLARY,COMMERCIAL,41.94045769336864,-87.65612943555998,RESIDENCE,False,False,D-10,W-48,0.08991671452023971,0.6067,HIGH
CR-2024-005629,2023-06-09 01:40:22,NARCOTICS,POSSESSION OF HEROIN,41.87120592051864,-87.64574888029797,ALLEY,True,False,D-11,W-42,0.6361420106000072,0.2426,LOW
CR-2024-000775,2025-04-24 01:21:35,ASSAULT,AGGRAVATED ASSAULT,41.87879722662336,-87.73056612750318,COMMERCIAL BUILDING,False,False,D-12,W-14,0.1669720916910676,0.833,CRITICAL
CR-2023-004506,2023-10-01 16:09:30,ASSAULT,AGGRAVATED ASSAULT,41.71587882483568,-87.62527978095801,APARTMENT,False,False,D-11,W-02,0.2275268420408474,0.7725,CRITICAL
CR-2023-004704,2025-10-03 03:20:24,CRIMINAL DAMAGE,GRAFFITI,41.87225894657712,-87.60946291990854,STREET,False,False,D-12,W-28,0.16468108148111016,0.3898,MEDIUM
CR-2025-001151,2023-03-04 07:33:13,NARCOTICS,POSSESSION OF HEROIN,41.7693007182012,-87.62274499484371,ALLEY,True,False,D-11,W-34,0.6674113486155464,0.2217,LOW
CR-2023-004194,2024-11-02 01:53:41,ASSAULT,SIMPLE ASSAULT,41.76416865673012,-87.66033504295739,STREET,False,False,D-10,W-44,0.23137731720830426,0.7686,CRITICAL
CR-2024-002689,2024-01-31 18:01:24,THEFT,FROM BUILDING,41.88723103383687,-87.63815695858858,SIDEWALK,True,False,D-03,W-49,0.24213059952175175,0.3537,MEDIUM
CR-2023-002520,2024-07-22 09:59:47,ASSAULT,AGGRAVATED ASSAULT,41.79137739540344,-87.67130677079109,PARK,False,True,D-02,W-16,0.17122879235364932,0.8288,CRITICAL
CR-2025-004499,2023-11-17 01:52:11,BURGLARY,COMMERCIAL,41.868270230775416,-87.71247872824821,PARK,False,False,D-03,W-29,0.10172535418398188,0.5988,HIGH
CR-2023-000549,2024-07-10 02:08:47,CRIMINAL DAMAGE,TO PROPERTY,41.96672655349405,-87.64837023048204,APARTMENT,False,False,D-09,W-39,0.09051126924179377,0.4244,MEDIUM
CR-2024-002947,2024-01-03 00:23:24,BATTERY,AGGRAVATED BATTERY,41.95741925269553,-87.63516539857545,ALLEY,True,False,D-02,W-23,0.7794971444329499,0.2205,LOW
CR-2023-000453,2023-10-24 01:52:53,THEFT,RETAIL THEFT,41.857702157885306,-87.61860619650959,APARTMENT,False,False,D-02,W-22,0.1602891415783896,0.3919,MEDIUM
CR-2024-004366,2023-09-09 19:46:40,ROBBERY,STRONGARM ROBBERY,41.88587091918456,-87.76074783979314,APARTMENT,False,False,D-14,W-16,0.17849963156458448,0.8215,CRITICAL
CR-2023-005715,2025-12-20 20:13:58,NARCOTICS,SALE/MANUFACTURE,41.77218305306187,-87.62030816144387,PARK,True,False,D-09,W-03,0.6969997171749989,0.202,LOW
CR-2025-003584,2024-03-12 07:38:41,BATTERY,SIMPLE BATTERY,41.97010444527323,-87.65452889662431,ALLEY,True,False,D-13,W-28,0.8260614537653854,0.1739,LOW
CR-2024-004480,2025-02-28 13:45:27,NARCOTICS,POSSESSION OF COCAINE,41.95760831299685,-87.65809084085855,RESIDENCE,True,False,D-12,W-26,0.7156948423948941,0.1895,LOW
CR-2025-004760,2023-06-09 02:41:49,ASSAULT,AGGRAVATED ASSAULT,41.80464010903549,-87.57943823874578,RESIDENCE,False,False,D-12,W-24,0.13743663843277815,0.8626,CRITICAL
CR-2024-004177,2023-09-29 15:22:22,BATTERY,SIMPLE BATTERY,41.992268991005766,-87.63618592057772,APARTMENT,True,False,D-12,W-38,0.7613043023398507,0.2387,LOW
CR-2025-004847,2025-09-06 01:12:38,ROBBERY,STRONGARM ROBBERY,41.87463820771846,-87.64175480003222,APARTMENT,False,False,D-10,W-33,0.15674791464481924,0.8433,CRITICAL
CR-2023-003849,2023-06-30 22:02:45,NARCOTICS,POSSESSION OF HEROIN,41.9572979179002,-87.63828561211078,APARTMENT,True,False,D-13,W-48,0.6961277722253736,0.2026,LOW
CR-2024-005899,2023-03-31 02:40:38,ROBBERY,ARMED ROBBERY,41.9829860173209,-87.68512159847222,COMMERCIAL BUILDING,False,False,D-10,W-22,0.16767952938193184,0.8323,CRITICAL
CR-2023-002133,2025-09-06 01:25:52,MOTOR VEHICLE THEFT,AUTOMOBILE,41.9542179411518,-87.69521063560903,ALLEY,False,False,D-01,W-38,0.20094040074776218,0.5327,HIGH
CR-2023-001773,2024-08-27 22:09:03,CRIMINAL DAMAGE,TO VEHICLE,41.79607664489647,-87.59233647851804,RESIDENCE,False,False,D-10,W-17,0.10963267816993863,0.4155,MEDIUM
CR-2025-003749,2024-09-16 23:40:24,THEFT,GRAND THEFT,41.83649277590099,-87.63249429582109,RESIDENCE,False,False,D-02,W-32,0.14143762665010423,0.4007,MEDIUM
CR-2025-005432,2024-07-28 01:15:24,BATTERY,AGGRAVATED BATTERY,41.77764798502859,-87.59220727754096,PARK,True,False,D-02,W-02,0.7879377450785933,0.2121,LOW
CR-2023-000057,2024-10-31 23:12:08,ROBBERY,STRONGARM ROBBERY,41.77409097588047,-87.62146131644167,SIDEWALK,False,False,D-13,W-19,0.12090537269153993,0.8791,CRITICAL
CR-2024-002971,2024-07-04 06:24:10,BATTERY,SIMPLE BATTERY,41.77892774861719,-87.66761084620622,COMMERCIAL BUILDING,True,False,D-02,W-20,0.774594733215206,0.2254,LOW
CR-2024-001396,2023-05-01 21:51:48,BATTERY,AGGRAVATED BATTERY,41.871905032667854,-87.64370047463271,RESIDENCE,True,False,D-04,W-33,0.7624472496007557,0.2376,LOW
CR-2025-003608,2023-12-26 22:43:32,THEFT,PETTY THEFT,41.86922907905243,-87.6064720219878,PARK,False,False,D-05,W-39,0.08624319004381296,0.4264,MEDIUM
CR-2023-003591,2024-07-03 18:44:38,ROBBERY,STRONGARM ROBBERY,41.88904659405552,-87.64376502567448,PARK,True,False,D-05,W-01,0.1582636926041919,0.8417,CRITICAL
CR-2025-004907,2023-11-10 07:55:04,BATTERY,SIMPLE BATTERY,41.77556803211928,-87.623862839311,STREET,True,True,D-15,W-19,0.7727180652420574,0.2273,LOW
CR-2023-005676,2023-04-16 00:53:51,THEFT,PETTY THEFT,41.81775706104028,-87.59475547245094,PARK,False,False,D-13,W-28,0.19907713564920784,0.3738,MEDIUM
CR-2025-004076,2023-08-11 23:43:52,BATTERY,AGGRAVATED BATTERY,41.76628943291757,-87.66699731999049,ALLEY,True,True,D-06,W-34,0.7538659871895335,0.2461,LOW
CR-2025-001262,2025-03-22 23:34:48,MOTOR VEHICLE THEFT,MOTORCYCLE,41.89719242703559,-87.71821161803024,PARKING LOT,False,False,D-07,W-30,0.16353008761993654,0.5576,HIGH
CR-2024-001693,2024-03-19 04:32:19,BATTERY,DOMESTIC BATTERY,41.75849456888645,-87.62704642342577,RESIDENCE,True,True,D-10,W-38,0.755246037779996,0.2448,LOW
CR-2025-005552,2024-07-05 16:45:27,THEFT,,41.79586374136553,-87.67587164138754,COMMERCIAL BUILDING,False,False,D-07,W-12,0.14532147790675354,0.3988,MEDIUM
CR-2024-004966,2025-08-22 03:55:40,BATTERY,AGGRAVATED BATTERY,41.89242417671375,-87.73990225328308,APARTMENT,True,False,D-01,W-45,0.7727615874564602,0.2272,LOW
CR-2024-005965,2023-11-07 23:54:54,BATTERY,AGGRAVATED BATTERY,41.87072350081016,-87.59714059828677,ALLEY,False,False,D-08,W-36,0.7218037451080817,0.2782,MEDIUM
CR-2025-000560,2025-08-27 06:55:01,NARCOTICS,POSSESSION OF COCAINE,41.894682888994375,-87.6119945454166,RESIDENCE,True,False,D-07,W-06,0.7101941501427416,0.1932,LOW
CR-2025-004082,2024-08-13 00:49:02,BURGLARY,RESIDENTIAL,41.84877364141128,-87.6730294097389,PARKING LOT,False,False,D-13,W-39,0.08301857068526118,0.6113,HIGH
CR-2024-005356,2025-02-27 10:19:54,THEFT,GRAND THEFT,41.74312029166911,-87.67708040715524,SIDEWALK,True,False,D-10,W-29,0.14212700764288497,0.4003,MEDIUM
CR-2025-002924,2024-07-26 02:51:49,ROBBERY,ARMED ROBBERY,41.86401388157828,-87.73707707346514,COMMERCIAL BUILDING,False,False,D-01,W-16,0.14741123371340895,0.8526,CRITICAL
CR-2024-005929,2025-07-12 18:16:23,BURGLARY,COMMERCIAL,41.87221928326,-87.62937519604483,APARTMENT,False,False,D-12,W-45,0.07678005240578747,0.6155,HIGH
CR-2023-003018,2024-05-12 14:44:34,ROBBERY,ARMED ROBBERY,41.80046358711538,-87.67137433596292,SIDEWALK,False,False,D-11,W-04,0.11604543284078955,0.884,CRITICAL
CR-2025-002597,2025-11-01 13:40:47,BATTERY,DOMESTIC BATTERY,41.847361685139525,-87.7346157814845,PARK,False,False,D-12,W-21,0.7447914954530753,0.2552,MEDIUM
CR-2024-003097,2025-08-24 22:39:35,BATTERY,DOMESTIC BATTERY,41.71108468590474,-87.63273639232914,STREET,True,False,D-02,W-25,0.8169862576765187,0.183,LOW
CR-2024-005866,2024-03-18 06:51:17,BURGLARY,FORCIBLE ENTRY,41.96712760269233,-87.65915212877522,STREET,False,True,D-04,W-01,0.24263341724360302,0.5049,HIGH
CR-2024-005608,2024-08-03 05:38:18,NARCOTICS,SALE/MANUFACTURE,41.97048955407675,-87.6578431719375,COMMERCIAL BUILDING,False,False,D-04,W-26,0.8206319817761961,0.1196,LOW
CR-2025-003431,2023-02-08 15:17:57,BURGLARY,,41.90710039621572,-87.62594873802007,COMMERCIAL BUILDING,False,False,D-03,W-16,0.10479993322983171,0.5968,HIGH
CR-2024-005458,2025-10-24 07:48:09,ASSAULT,SIMPLE ASSAULT,41.77801449648271,-87.642176652956,PARK,False,False,D-11,W-15,0.15820056807632363,0.8418,CRITICAL
CR-2024-002152,2025-10-24 11:23:17,BATTERY,DOMESTIC BATTERY,41.92225260435538,-87.6872574426899,PARKING LOT,True,False,D-15,W-16,0.6721119242375082,0.3279,MEDIUM
CR-2023-003759,2025-03-13 19:06:42,NARCOTICS,POSSESSION OF COCAINE,41.84241505938871,-87.61974925492277,ALLEY,False,False,D-12,W-25,0.59479859372798,0.2701,MEDIUM
CR-2025-000986,2024-06-29 07:11:48,ROBBERY,STRONGARM ROBBERY,41.88793851164795,-87.62687895707923,SIDEWALK,False,False,D-10,W-29,0.10383939033565116,0.8962,CRITICAL
CR-2023-005142,2024-07-01 15:07:54,NARCOTICS,POSSESSION OF COCAINE,41.87992217868994,-87.62508966096271,APARTMENT,True,False,D-05,W-09,0.6911753852636439,0.2059,LOW
CR-2025-002180,2024-11-16 11:45:14,THEFT,FROM BUILDING,41.8827110535458,-87.64216918375652,COMMERCIAL BUILDING,False,False,D-06,W-37,0.1642838618605386,0.39,MEDIUM
CR-2024-005674,2024-02-14 20:36:39,ROBBERY,ARMED ROBBERY,41.89886757443977,-87.62601949030098,STREET,False,False,D-12,W-48,0.14082783939729726,0.8592,CRITICAL
CR-2024-003139,2023-02-04 14:59:49,ROBBERY,ARMED ROBBERY,41.85996201933141,-87.62894887475055,ALLEY,False,False,D-09,W-15,0.19924446881885963,0.8008,CRITICAL
CR-2024-001915,2025-05-22 18:29:04,BATTERY,SIMPLE BATTERY,41.87506213659403,-87.63772445569995,ALLEY,False,False,D-12,W-39,0.5967962128324561,0.4032,MEDIUM
CR-2025-003998,2025-06-27 21:21:41,THEFT,RETAIL THEFT,41.883004917699054,-87.64232686755959,ALLEY,False,False,D-02,W-30,0.11253865972144489,0.4141,MEDIUM
CR-2023-000726,2025-04-06 20:53:16,ROBBERY,ARMED ROBBERY,41.78491882948722,-87.56395792214549,PARKING LOT,True,False,D-12,W-10,0.12307278969764093,0.8769,CRITICAL
CR-2024-003025,2024-01-20 12:37:58,NARCOTICS,POSSESSION OF HEROIN,41.97594361873009,-87.63489926986196,APARTMENT,True,False,D-08,W-05,0.7968049105763169,0.1355,LOW
CR-2025-003953,2023-03-03 02:05:34,ROBBERY,STRONGARM ROBBERY,41.87938392055917,-87.63397559451413,PARKING LOT,False,False,D-05,W-34,0.1259847637346658,0.874,CRITICAL
CR-2024-005503,2023-08-17 10:36:10,NARCOTICS,POSSESSION OF COCAINE,41.87110071547737,-87.64085352028349,SIDEWALK,True,False,D-09,W-25,0.6705687778900302,0.2196,LOW
CR-2024-004864,2025-11-23 22:23:25,MOTOR VEHICLE THEFT,MOTORCYCLE,41.93914934067373,-87.64754640241934,ALLEY,False,False,D-01,W-21,0.16539359747632823,0.5564,HIGH
CR-2023-001914,2023-04-21 21:40:57,MOTOR VEHICLE THEFT,MOTORCYCLE,41.8958283663944,-87.62258637860877,PARK,False,False,D-01,W-23,0.12381352596053179,0.5841,HIGH
CR-2023-004494,2025-07-11 12:22:21,ASSAULT,SIMPLE ASSAULT,41.90096775771674,-87.63647419586343,RESIDENCE,False,False,D-08,W-40,0.14043074374022155,0.8596,CRITICAL
CR-2023-002991,2024-07-05 18:06:55,THEFT,FROM BUILDING,41.907970556276254,-87.62390629734178,COMMERCIAL BUILDING,False,False,D-15,W-20,0.09976347561917893,0.4201,MEDIUM
CR-2024-000520,2023-11-11 13:31:00,ASSAULT,AGGRAVATED ASSAULT,41.90335891537187,-87.63668326394304,COMMERCIAL BUILDING,False,False,D-15,W-12,0.14206536857581947,0.8579,CRITICAL
CR-2023-001500,2024-12-26 12:47:25,NARCOTICS,POSSESSION OF COCAINE,41.91024384884245,-87.67250770021559,STREET,True,False,D-08,W-07,0.7615962807826838,0.1589,LOW
CR-2023-005445,2024-04-26 16:58:44,ASSAULT,AGGRAVATED ASSAULT,41.95005729683738,-87.64583326648889,RESIDENCE,True,False,D-06,W-18,0.13345017166320128,0.8665,CRITICAL
CR-2025-002888,2025-06-21 21:16:19,BATTERY,SIMPLE BATTERY,41.79020169595649,-87.63789935210966,SIDEWALK,True,False,D-02,W-48,0.7467327534309007,0.2533,MEDIUM
CR-2024-001681,2024-05-28 21:44:53,BATTERY,DOMESTIC BATTERY,41.91252215004264,-87.68240895006224,COMMERCIAL BUILDING,True,False,D-03,W-24,0.74920661221787,0.2508,MEDIUM
CR-2023-005736,2024-07-24 03:14:07,THEFT,RETAIL THEFT,41.7498322390168,-87.63304109486197,ALLEY,False,False,D-13,W-01,0.1869256464945408,0.3794,MEDIUM
CR-2023-002028,2024-08-15 11:25:06,ROBBERY,ARMED ROBBERY,41.900032939080766,-87.62307046353229,COMMERCIAL BUILDING,False,False,D-06,W-30,0.13422781311121107,0.8658,CRITICAL
CR-2023-000723,2024-06-06 16:29:01,THEFT,RETAIL THEFT,41.765684582956254,-87.61434089953113,COMMERCIAL BUILDING,False,False,D-06,W-20,0.1047687098206039,0.4178,MEDIUM
CR-2023-002265,2023-08-03 11:16:18,ROBBERY,ARMED ROBBERY,41.95176030681065,-87.63639576930777,COMMERCIAL BUILDING,False,False,D-06,W-17,0.2079521260730211,0.792,CRITICAL
CR-2025-004808,2025-11-21 01:11:48,MOTOR VEHICLE THEFT,TRUCK,41.9687078465735,-87.67873662600945,RESIDENCE,False,False,D-07,W-38,0.16763410850969057,0.5549,HIGH
CR-2025-001745,2023-05-26 17:43:27,ROBBERY,ARMED ROBBERY,41.77072456705976,-87.63433641948376,ALLEY,False,False,D-07,W-08,0.1748524006615892,0.8251,CRITICAL
CR-2024-005269,2024-11-30 07:44:44,THEFT,PETTY THEFT,41.85081423477047,-87.6017720921789,APARTMENT,False,False,D-07,W-31,0.1831176995621436,0.3812,MEDIUM
CR-2025-005021,2024-10-09 02:13:45,CRIMINAL DAMAGE,TO VEHICLE,41.94321556373992,-87.65281230466184,APARTMENT,False,False,D-15,W-19,0.1117394920802006,0.4145,MEDIUM
CR-2025-000773,2024-04-09 12:40:22,CRIMINAL DAMAGE,TO PROPERTY,41.92843229121623,-87.6492641620036,COMMERCIAL BUILDING,False,False,D-07,W-30,0.13127410850533883,0.4054,MEDIUM
CR-2024-005566,2025-11-07 13:59:54,MOTOR VEHICLE THEFT,MOTORCYCLE,41.8835381463664,-87.61236027911971,APARTMENT,False,False,D-06,W-47,0.10951882637869143,0.5937,HIGH
CR-2024-003862,2023-07-25 04:42:50,MOTOR VEHICLE THEFT,TRUCK,41.90265817467055,-87.65127032270581,PARK,False,False,D-12,W-32,0.15057453605583013,0.5663,HIGH
CR-2024-000355,2025-07-26 02:57:11,BURGLARY,RESIDENTIAL,41.88126526200804,-87.63125069667807,SIDEWALK,True,False,D-03,W-14,0.14760468534749435,0.5683,HIGH
CR-2024-004696,2023-09-26 01:42:21,THEFT,RETAIL THEFT,41.94403988737758,-87.65592522828308,RESIDENCE,False,True,D-04,W-22,0.16251878996805377,0.3908,MEDIUM
CR-2024-002479,2024-01-18 17:36:22,BURGLARY,RESIDENTIAL,41.94736954142951,-87.64523819262752,SIDEWALK,False,False,D-04,W-29,0.11968468377762824,0.5869,HIGH
CR-2025-003881,2025-06-20 20:36:46,BURGLARY,RESIDENTIAL,41.92788070365038,-87.64315421969796,APARTMENT,False,False,D-01,W-35,0.0934049548967662,0.6044,HIGH
CR-2024-004960,2025-08-01 11:09:10,CRIMINAL DAMAGE,GRAFFITI,41.862655835433664,-87.626396020843,PARK,False,False,D-11,W-41,0.09050715014572228,0.4244,MEDIUM
CR-2023-005388,2025-07-24 21:41:32,MOTOR VEHICLE THEFT,AUTOMOBILE,41.854516541838834,-87.63441191350023,PARK,False,False,D-09,W-25,0.08512095939301498,0.6099,HIGH
CR-2025-003095,2023-02-05 21:22:47,BATTERY,DOMESTIC BATTERY,41.89434499907776,-87.64594571781103,COMMERCIAL BUILDING,False,False,D-10,W-46,0.7932902738780855,0.2067,LOW
CR-2025-001979,2024-08-27 12:28:23,MOTOR VEHICLE THEFT,MOTORCYCLE,41.80682084438825,-87.62433959575641,SIDEWALK,True,False,D-12,W-20,0.12260740915432922,0.5849,HIGH
CR-2023-005949,2023-08-30 03:55:50,MOTOR VEHICLE THEFT,AUTOMOBILE,41.73614562246521,-87.60307071318671,ALLEY,False,False,D-10,W-24,0.21833666972433471,0.5211,HIGH
CR-2024-000889,2025-06-01 17:04:06,ASSAULT,SIMPLE ASSAULT,41.939813955509656,-87.66914841959748,STREET,False,False,D-12,W-05,0.12816288345788535,0.8718,CRITICAL
CR-2025-000383,2025-08-19 18:20:24,PETTY THEFT,POSSESSION OF COCAINE,41.94770023019006,-87.61988398728728,PARK,True,False,D-06,W-32,0.3192468126789581,0.3177,MEDIUM
CR-2024-005842,2025-07-03 01:50:39,ROBBERY,ARMED ROBBERY,41.80847251223469,-87.6163255913543,STREET,False,False,D-12,W-33,0.1362042697716998,0.8638,CRITICAL
CR-2025-002036,2024-01-24 11:17:23,THEFT,GRAND THEFT,41.74046038008877,-87.63262261447704,APARTMENT,False,False,D-14,W-38,0.2951021188887999,0.329,MEDIUM
CR-2025-004094,2025-06-02 23:44:54,MOTOR VEHICLE THEFT,TRUCK,41.8883350817309,-87.6156013449464,APARTMENT,False,False,D-15,W-20,0.10481390332677316,0.5968,HIGH
CR-2024-002491,2025-09-13 22:27:47,ASSAULT,AGGRAVATED ASSAULT,41.882401611685744,-87.63200807918028,ALLEY,False,True,D-07,W-11,0.1706138394050365,0.8294,CRITICAL
CR-2024-005773,2024-09-29 23:14:11,BATTERY,AGGRAVATED BATTERY,41.95287047525083,-87.68497958118934,RESIDENCE,True,False,D-10,W-29,0.5792555684471252,0.4207,MEDIUM
CR-2025-003290,2024-03-05 12:45:35,BATTERY,SIMPLE BATTERY,41.87541769061638,-87.72248930404233,RESIDENCE,False,False,D-15,W-12,0.7053089156733059,0.2947,MEDIUM
CR-2024-005434,2024-12-10 01:17:04,CRIMINAL DAMAGE,TO VEHICLE,41.86743020134181,-87.62087303221129,PARK,False,False,D-06,W-04,0.09157598934720147,0.4239,MEDIUM
CR-2025-004988,2024-03-24 01:06:46,NARCOTICS,SALE/MANUFACTURE,41.90321406149107,-87.64331381677832,COMMERCIAL BUILDING,True,False,D-07,W-33,0.8007859216095259,0.1328,LOW
CR-2024-002713,2024-05-14 23:02:19,ROBBERY,STRONGARM ROBBERY,41.96767813868152,-87.65570197503538,ALLEY,False,False,D-05,W-24,0.14485284472086493,0.8551,CRITICAL
CR-2025-005801,2025-02-16 05:15:46,THEFT,PETTY THEFT,41.86150483764385,-87.62827516357652,ALLEY,False,False,D-13,W-28,0.21759206985919635,0.3651,MEDIUM
CR-2023-002154,2025-06-13 20:12:09,ROBBERY,ARMED ROBBERY,41.94446156384007,-87.66459162156231,RESIDENCE,False,False,D-09,W-21,0.09502407202910484,0.905,CRITICAL
CR-2023-005283,2023-09-10 21:49:01,ROBBERY,STRONGARM ROBBERY,41.89743697753156,-87.61995390151765,PARKING LOT,False,False,D-08,W-21,0.14661583689551336,0.8534,CRITICAL
CR-2025-001031,2023-05-10 20:59:45,ROBBERY,STRONGARM ROBBERY,41.88395697274893,-87.63134832629399,STREET,False,False,D-03,W-18,0.14405786445859056,0.8559,CRITICAL
CR-2023-002895,2024-03-18 10:36:18,ROBBERY,STRONGARM ROBBERY,41.91588911932876,-87.70543143141073,APARTMENT,False,False,D-10,W-27,0.1700282606078178,0.83,CRITICAL
CR-2023-003993,2024-11-11 03:01:06,ROBBERY,ARMED ROBBERY,41.88140946206461,-87.63508131621181,PARK,False,False,D-07,W-10,0.1598536984224175,0.8401,CRITICAL
CR-2025-000434,2024-07-22 20:10:45,THEFT,FROM BUILDING,41.961570885453455,-87.61509590922466,ALLEY,False,False,D-10,W-35,0.12485153127522185,0.4084,MEDIUM
CR-2023-003069,2024-01-30 12:18:50,MOTOR VEHICLE THEFT,AUTOMOBILE,41.87875743199191,-87.61546295882331,APARTMENT,True,True,D-03,W-25,0.1550642000334311,0.5633,HIGH
CR-2025-002588,2024-07-05 13:23:51,MOTOR VEHICLE THEFT,MOTORCYCLE,41.922368240343935,-87.69236036965795,RESIDENCE,False,False,D-08,W-19,0.12429290087132591,0.5838,HIGH
CR-2025-000311,2025-08-14 01:49:42,BURGLARY,RESIDENTIAL,41.9860404899295,-87.62839159907689,SIDEWALK,False,False,D-04,W-13,0.138184625246504,0.5745,HIGH
CR-2024-003934,2025-03-19 02:16:18,THEFT,PETTY THEFT,41.86076822309274,-87.61892378433329,PARK,False,False,D-02,W-22,0.1503532389559471,0.3965,MEDIUM
CR-2025-002504,2025-05-21 22:59:14,ASSAULT,AGGRAVATED ASSAULT,41.93371533356058,-87.65813059274676,COMMERCIAL BUILDING,True,False,D-13,W-13,0.09663645723082172,0.9034,CRITICAL
CR-2023-000417,2024-04-20 16:58:43,ROBBERY,STRONGARM ROBBERY,41.8775797266892,-87.62628677901195,SIDEWALK,False,False,D-07,W-44,0.1867275802856213,0.8133,CRITICAL
CR-2023-001617,2024-01-05 01:37:08,ASSAULT,SIMPLE ASSAULT,41.85889316643497,-87.62695780268169,ALLEY,False,True,D-15,W-06,0.17323770463768678,0.8268,CRITICAL
CR-2023-000153,2025-07-30 00:54:10,MOTOR VEHICLE THEFT,TRUCK,41.89726497343683,-87.63867357083254,COMMERCIAL BUILDING,False,False,D-03,W-42,0.11708491685323986,0.5886,HIGH
CR-2023-001539,2024-12-27 02:28:22,CRIMINAL DAMAGE,TO PROPERTY,41.8816103668153,-87.63352792927112,PARKING LOT,False,False,D-11,W-50,0.06878219572123974,0.4346,MEDIUM
CR-2023-000594,2024-12-04 19:50:29,ROBBERY,STRONGARM ROBBERY,41.88635078148537,-87.64432516682295,STREET,False,False,D-08,W-44,0.15627735473014778,0.8437,CRITICAL
CR-2024-002140,2025-07-05 21:29:24,NARCOTICS,POSSESSION OF HEROIN,41.91827756277978,-87.75411390155215,COMMERCIAL BUILDING,False,False,D-09,W-37,0.7108225101143542,0.1928,LOW
CR-2023-005625,2024-03-04 20:58:23,THEFT,FROM BUILDING,41.8109838644322,-87.63158969736618,PARK,True,False,D-14,W-28,0.246043217092034,0.3518,MEDIUM
CR-2025-001055,2023-05-02 08:17:31,BURGLARY,FORCIBLE ENTRY,41.86993828996829,-87.63224189359109,RESIDENCE,False,False,D-12,W-08,0.07784872631184721,0.6148,HIGH
CR-2024-000907,2025-12-12 05:03:17,THEFT,PETTY THEFT,41.77218673380236,-87.65127980563538,SIDEWALK,False,False,D-09,W-34,0.1370677687507017,0.4027,MEDIUM
CR-2024-000268,2025-01-30 02:31:05,ROBBERY,ARMED ROBBERY,41.865193799520746,-87.63556833316345,RESIDENCE,False,False,D-03,W-32,0.18603158803413358,0.814,CRITICAL
CR-2023-005883,2024-09-24 18:28:52,ASSAULT,SIMPLE ASSAULT,41.94464596788252,-87.67607468868324,APARTMENT,False,True,D-05,W-23,0.10470260035443667,0.8953,CRITICAL
CR-2023-005097,2024-11-11 02:23:16,THEFT,FROM BUILDING,41.941707922909394,-87.64398734196226,SIDEWALK,False,False,D-07,W-49,0.2611300431453398,0.3448,MEDIUM
CR-2025-000443,2025-01-13 01:57:45,CRIMINAL DAMAGE,TO VEHICLE,41.88685892277989,-87.63518938136181,COMMERCIAL BUILDING,True,False,D-09,W-32,0.16740224611218094,0.3885,MEDIUM
CR-2024-003154,2024-03-01 14:00:52,NARCOTICS,POSSESSION OF COCAINE,41.94703107014667,-87.65472448871837,APARTMENT,True,False,D-11,W-30,0.6400696404734864,0.24,LOW
CR-2024-005962,2024-04-16 12:32:54,THEFT,FROM BUILDING,41.87064685808988,-87.62869169595814,RESIDENCE,False,False,D-01,W-19,0.1287043025269184,0.4066,MEDIUM
CR-2025-002333,2024-06-06 12:50:37,ASSAULT,AGGRAVATED ASSAULT,41.93556666359739,-87.62199296164752,PARK,False,False,D-08,W-49,0.22698277095741806,0.773,CRITICAL
CR-2023-005031,2024-12-27 20:10:27,BURGLARY,FORCIBLE ENTRY,41.9661115416339,-87.61966630427067,PARKING LOT,False,False,D-06,W-06,0.11487541570974923,0.5901,HIGH
CR-2025-003059,2025-01-05 07:10:02,CRIMINAL DAMAGE,GRAFFITI,41.7926991064833,-87.63760245070657,COMMERCIAL BUILDING,False,True,D-10,W-34,0.1426474716772566,0.4001,MEDIUM
CR-2023-001935,2023-09-08 14:10:51,ASSAULT,SIMPLE ASSAULT,41.92059556149693,-87.65214477121413,ALLEY,False,False,D-07,W-22,0.21652059960122363,0.7835,CRITICAL
CR-2023-002130,2025-10-06 17:59:28,ASSAULT,SIMPLE ASSAULT,41.80384080192301,-87.63616985589346,STREET,False,False,D-15,W-41,0.16542387197195454,0.8346,CRITICAL
CR-2025-004622,2023-08-29 23:11:47,ASSAULT,SIMPLE ASSAULT,41.87360459756101,-87.64125197954964,COMMERCIAL BUILDING,False,True,D-13,W-25,0.10192275080187602,0.8981,CRITICAL
CR-2024-000757,2023-12-30 16:52:28,THEFT,PETTY THEFT,41.87911174765483,-87.7290914551509,ALLEY,False,False,D-05,W-07,0.16940260568101204,0.3876,MEDIUM
CR-2025-002507,2023-06-25 16:14:21,MOTOR VEHICLE THEFT,TRUCK,41.94993218140903,-87.66553527115884,PARK,False,False,D-03,W-45,0.15804986297548962,0.5613,HIGH
CR-2025-000686,2024-11-22 21:52:01,BURGLARY,RESIDENTIAL,41.85752148285604,-87.65400342096815,COMMERCIAL BUILDING,True,False,D-11,W-03,0.08831820699177291,0.6078,HIGH
CR-2024-002134,2025-05-28 17:54:10,ROBBERY,ARMED ROBBERY,41.86041761267831,-87.71017062027377,RESIDENCE,False,False,D-07,W-27,0.14964529945841504,0.8504,CRITICAL
CR-2023-001200,2024-02-24 23:54:09,BURGLARY,RESIDENTIAL,41.867273936699945,-87.62714768691791,COMMERCIAL BUILDING,True,False,D-09,W-11,0.10532027595020936,0.5965,HIGH
CR-2025-002318,2025-07-02 00:26:43,MOTOR VEHICLE THEFT,AUTOMOBILE,41.95886446371474,-87.67970641379888,COMMERCIAL BUILDING,False,False,D-02,W-07,0.14698918151382329,0.5687,HIGH
CR-2023-000750,2023-05-13 05:28:35,THEFT,,41.96396722152333,-87.66632371432657,RESIDENCE,True,False,D-12,W-18,0.0979073388239162,0.421,MEDIUM
CR-2024-002539,2023-02-25 01:17:40,CRIMINAL DAMAGE,TO VEHICLE,41.787260962871215,-87.5920482025411,RESIDENCE,False,False,D-15,W-22,0.14148537105407866,0.4006,MEDIUM
CR-2025-001835,2023-07-11 05:35:27,THEFT,PETTY THEFT,41.968989149631966,-87.63785369239943,ALLEY,False,False,D-11,W-46,0.15617605589816982,0.3938,MEDIUM
CR-2023-002436,2024-06-03 16:44:14,THEFT,PETTY THEFT,41.9235091499983,-87.65064263825145,PARK,True,False,D-08,W-22,0.1332477486761692,0.4045,MEDIUM
CR-2025-001118,2023-11-11 00:56:25,ROBBERY,ARMED ROBBERY,41.87831409601755,-87.64410909129096,RESIDENCE,True,False,D-12,W-11,0.12288814780126421,0.8771,CRITICAL
CR-2024-004456,2024-10-10 15:38:23,ASSAULT,SIMPLE ASSAULT,41.87475461478101,-87.62556945684307,SIDEWALK,False,True,D-10,W-35,0.12631779022521414,0.8737,CRITICAL
CR-2024-005287,2023-05-29 00:15:16,BATTERY,SIMPLE BATTERY,41.75107339747032,-87.61817340133148,RESIDENCE,True,False,D-08,W-41,0.7293286824027227,0.2707,MEDIUM
CR-2023-005223,2023-07-28 04:42:49,ASSAULT,SIMPLE ASSAULT,41.96387095230214,-87.67631882332378,COMMERCIAL BUILDING,False,True,D-13,W-27,0.1458082445552234,0.8542,CRITICAL
CR-2024-003352,2023-04-06 01:00:01,CRIMINAL DAMAGE,GRAFFITI,41.77266575937069,-87.65807606625712,SIDEWALK,False,False,D-03,W-09,0.1711327291852473,0.3868,MEDIUM
CR-2025-003140,2024-10-25 13:53:47,MOTOR VEHICLE THEFT,TRUCK,41.879801840600855,-87.62701243556646,ALLEY,False,False,D-15,W-16,0.11384135395631775,0.5908,HIGH
CR-2023-001884,2025-05-25 08:02:29,CRIMINAL DAMAGE,GRAFFITI,41.79551756863333,-87.64282302093419,SIDEWALK,False,False,D-09,W-13,0.12968833027039012,0.4061,MEDIUM
CR-2024-000196,2025-03-24 18:32:42,ROBBERY,,41.85829650189469,-87.60232811851219,ALLEY,False,False,D-05,W-41,0.14622819424932024,0.8538,CRITICAL
CR-2023-004098,2025-04-13 18:43:27,THEFT,FROM BUILDING,41.79499171882557,-87.57706641401076,RESIDENCE,False,False,D-01,W-17,0.1707736890416712,0.387,MEDIUM
CR-2024-004624,2023-03-20 02:47:21,BATTERY,SIMPLE BATTERY,41.81214485913013,-87.6708895112406,SIDEWALK,False,False,D-05,W-49,0.8557395082699503,0.1443,LOW
CR-2024-005101,2024-04-21 05:12:27,BATTERY,SIMPLE BATTERY,41.95818261113298,-87.65419658724257,SIDEWALK,True,False,D-01,W-09,0.8048056288633506,0.1952,LOW
CR-2023-002658,2023-05-10 17:14:34,BURGLARY,FORCIBLE ENTRY,41.91819917576029,-87.65971076458312,ALLEY,False,False,D-05,W-15,0.10547889268732161,0.5963,HIGH
CR-2025-004109,2025-03-12 02:43:20,THEFT,PETTY THEFT,41.943985424860834,-87.6819535688205,ALLEY,False,False,D-09,W-46,0.15728742570332654,0.3933,MEDIUM
CR-2024-003829,2023-03-18 14:47:57,NARCOTICS,POSSESSION OF HEROIN,41.79789468092383,-87.64998818895045,PARK,True,False,D-09,W-46,0.809858228821727,0.1268,LOW
CR-2023-001341,2025-08-05 16:37:04,ROBBERY,STRONGARM ROBBERY,41.94181104427306,-87.64066258591423,SIDEWALK,False,False,D-13,W-46,0.16278464199693987,0.8372,CRITICAL
CR-2023-003099,2023-12-12 22:36:47,BATTERY,SIMPLE BATTERY,41.94242359821941,-87.66246488755814,APARTMENT,True,True,D-03,W-16,0.6657393805276591,0.3343,MEDIUM
CR-2024-002926,2025-09-19 09:51:32,BATTERY,SIMPLE BATTERY,41.96064664428005,-87.67487176779977,APARTMENT,False,False,D-10,W-39,0.6589921977192462,0.341,MEDIUM
CR-2025-004802,2023-07-21 13:24:02,ASSAULT,SIMPLE ASSAULT,41.89602885099162,-87.69945650526331,ALLEY,False,False,D-08,W-09,0.17284495375104997,0.8272,CRITICAL
CR-2025-000254,2024-01-04 18:36:43,CRIMINAL DAMAGE,,41.78011304069862,-87.64977375291028,APARTMENT,False,False,D-04,W-10,0.16806288213302845,0.3882,MEDIUM
CR-2024-003724,2025-01-03 01:30:06,ROBBERY,,41.89665771200434,-87.63361714114968,SIDEWALK,False,False,D-09,W-10,0.14798108996950038,0.852,CRITICAL
CR-2023-002283,2025-06-27 04:56:04,CRIMINAL DAMAGE,TO PROPERTY,41.8959444355818,-87.74902530476041,STREET,False,False,D-02,W-49,0.24100792133576202,0.3542,MEDIUM
CR-2025-003707,2024-07-12 10:55:03,ROBBERY,ARMED ROBBERY,41.912431859913205,-87.65624855048355,ALLEY,True,False,D-08,W-08,0.15328403418007314,0.8467,CRITICAL
CR-2023-001791,2024-06-02 02:11:34,BATTERY,DOMESTIC BATTERY,41.90690551253217,-87.64814342529334,APARTMENT,True,False,D-02,W-27,0.7707292352879609,0.2293,LOW
CR-2023-003513,2024-03-09 10:23:07,CRIMINAL DAMAGE,TO PROPERTY,41.886188509575256,-87.74719074826598,STREET,True,False,D-15,W-20,0.16116243289607055,0.3915,MEDIUM
CR-2024-003838,2025-05-22 01:11:45,ASSAULT,SIMPLE ASSAULT,41.94410924670964,-87.72732170208918,PARKING LOT,False,False,D-15,W-39,0.10021688175649074,0.8998,CRITICAL
CR-2023-004269,2023-07-07 21:26:04,ROBBERY,STRONGARM ROBBERY,41.88308122192126,-87.62010805485964,PARKING LOT,False,False,D-01,W-15,0.15710913053152578,0.8429,CRITICAL
CR-2024-004681,2023-11-08 08:14:33,ROBBERY,STRONGARM ROBBERY,41.880074891413926,-87.72439224664687,SIDEWALK,False,False,D-05,W-34,0.14870442780645532,0.8513,CRITICAL
CR-2024-001513,2024-07-02 18:54:02,BURGLARY,FORCIBLE ENTRY,41.9522084777985,-87.6463156255743,STREET,False,False,D-10,W-23,0.08863991546513003,0.6076,HIGH
CR-2023-001560,2025-11-14 20:59:09,NARCOTICS,POSSESSION OF HEROIN,41.76681096290384,-87.64430417292887,STREET,True,True,D-13,W-12,0.7108427086767116,0.1928,LOW
CR-2023-002355,2024-07-17 18:57:28,ROBBERY,STRONGARM ROBBERY,41.869649686235775,-87.71623445446828,PARK,False,True,D-02,W-46,0.19597353576058074,0.804,CRITICAL
CR-2023-005904,2024-01-26 04:15:41,BATTERY,DOMESTIC BATTERY,41.89992059848401,-87.71124769466424,ALLEY,False,False,D-13,W-30,0.7689885987776517,0.231,LOW
CR-2023-003837,2024-05-22 18:19:35,PETTY THEFT,DOMESTIC BATTERY,41.865522490754245,-87.64093730166655,RESIDENCE,False,False,D-01,W-19,0.24688620803607655,0.3515,MEDIUM
CR-2024-004381,2025-02-14 23:07:40,MOTOR VEHICLE THEFT,MOTORCYCLE,41.86028670249838,-87.62111635272896,PARKING LOT,False,True,D-13,W-11,0.1292919482809664,0.5805,HIGH
CR-2024-005167,2023-09-05 23:15:59,THEFT,PETTY THEFT,41.88110050680969,-87.63080515062587,ALLEY,False,False,D-06,W-10,0.10779826033665267,0.4164,MEDIUM
CR-2024-000019,2023-12-29 13:47:59,ROBBERY,STRONGARM ROBBERY,41.74569534877754,-87.62407846910328,APARTMENT,False,False,D-02,W-25,0.1592232916211696,0.8408,CRITICAL
CR-2023-004683,2025-11-04 20:38:39,ROBBERY,STRONGARM ROBBERY,41.87325386385985,-87.60976644316695,SIDEWALK,False,False,D-07,W-34,0.1337542859630498,0.8662,CRITICAL
CR-2024-001912,2023-11-10 04:35:37,MOTOR VEHICLE THEFT,TRUCK,41.86804827199319,-87.61222423127926,APARTMENT,False,False,D-08,W-16,0.11901905058647921,0.5873,HIGH
CR-2023-003630,2025-04-20 23:54:17,ROBBERY,STRONGARM ROBBERY,41.90785450478654,-87.62962179348223,SIDEWALK,False,False,D-11,W-25,0.08880229500066328,0.9112,CRITICAL
CR-2023-005277,2024-07-15 12:39:53,ASSAULT,AGGRAVATED ASSAULT,41.80413964919728,-87.66686433772647,STREET,True,True,D-03,W-38,0.2511690858746191,0.7488,HIGH
CR-2024-002041,2024-11-07 16:18:51,MOTOR VEHICLE THEFT,TRUCK,41.90328012010059,-87.65847460825978,ALLEY,False,False,D-10,W-03,0.1491008130220691,0.5673,HIGH
CR-2025-000161,2024-05-03 01:59:27,BATTERY,AGGRAVATED BATTERY,41.93203558633533,-87.61345225448629,STREET,True,False,D-12,W-12,0.6949490297667954,0.3051,MEDIUM
CR-2023-004719,2025-06-12 15:11:38,ASSAULT,AGGRAVATED ASSAULT,41.96493677261418,-87.6573801845545,PARK,False,False,D-03,W-50,0.1075138375703121,0.8925,CRITICAL
CR-2025-005393,2023-01-24 20:01:33,ROBBERY,ARMED ROBBERY,41.969548545742285,-87.65691631146326,STREET,False,False,D-08,W-26,0.2145013142088373,0.7855,CRITICAL
CR-2023-005154,2023-02-12 00:12:04,BATTERY,SIMPLE BATTERY,41.875779645032985,-87.61909183833865,RESIDENCE,True,False,D-15,W-14,0.7839313739596737,0.2161,LOW
CR-2023-002487,2025-04-17 07:30:13,ASSAULT,AGGRAVATED ASSAULT,41.85410333268552,-87.75162902684818,PARK,False,True,D-14,W-41,0.23621963300989227,0.7638,CRITICAL
CR-2025-001784,2025-10-28 23:41:54,THEFT,FROM BUILDING,41.78450849141945,-87.60639956113097,PARK,False,False,D-04,W-49,0.22884932869481542,0.3599,MEDIUM
CR-2024-003799,2023-10-30 08:07:24,ASSAULT,SIMPLE ASSAULT,41.89301448240032,-87.6259790329393,COMMERCIAL BUILDING,False,False,D-15,W-30,0.1469147701299576,0.8531,CRITICAL
CR-2025-003683,2023-08-07 22:46:30,BATTERY,DOMESTIC BATTERY,41.98295927670763,-87.66468692932852,PARKING LOT,False,False,D-02,W-24,0.7789443631285721,0.2211,LOW
CR-2024-003391,2025-11-13 07:23:52,MOTOR VEHICLE THEFT,AUTOMOBILE,41.87896796071141,-87.63378388949894,ALLEY,False,False,D-07,W-43,0.1896807857169468,0.5402,HIGH
CR-2023-000297,2025-07-12 00:37:57,CRIMINAL DAMAGE,TO PROPERTY,41.893663099163874,-87.63745024598282,PARKING LOT,False,False,D-13,W-11,0.10662311147808333,0.4169,MEDIUM
CR-2025-003866,2024-04-06 23:46:28,THEFT,,41.94031685681041,-87.65526410254243,ALLEY,False,False,D-09,W-17,0.1506721999261635,0.3964,MEDIUM
CR-2024-005713,2025-03-10 10:42:40,BATTERY,DOMESTIC BATTERY,41.82828328166617,-87.63865332949459,PARKING LOT,True,False,D-03,W-48,0.7895651509794288,0.2104,LOW
CR-2023-001260,2024-06-29 02:00:38,ROBBERY,ARMED ROBBERY,41.95190422837817,-87.59559481994793,PARKING LOT,False,False,D-12,W-18,0.14497713512539936,0.855,CRITICAL
CR-2023-000216,2024-03-21 06:45:18,ROBBERY,ARMED ROBBERY,41.87575067698,-87.71398423939567,RESIDENCE,False,False,D-06,W-46,0.19718777272400456,0.8028,CRITICAL
CR-2024-005158,2025-03-07 02:33:03,NARCOTICS,POSSESSION OF COCAINE,41.97285423585664,-87.68867427724692,STREET,False,False,D-09,W-34,0.706775248838679,0.1955,LOW
CR-2023-000711,2025-05-03 23:59:16,MOTOR VEHICLE THEFT,TRUCK,41.87262570905686,-87.64238814501009,SIDEWALK,False,False,D-12,W-21,0.11186737067373928,0.5921,HIGH
CR-2024-002662,2025-01-08 17:36:13,ROBBERY,STRONGARM ROBBERY,41.78385983792944,-87.62922955883464,STREET,False,False,D-05,W-41,0.17064161060186936,0.8294,CRITICAL
CR-2025-004832,2023-07-08 03:35:50,THEFT,PETTY THEFT,41.86922185900486,-87.61068591611898,STREET,False,False,D-07,W-13,0.16497662487172748,0.3897,MEDIUM
CR-2023-001956,2023-06-03 01:21:11,BURGLARY,FORCIBLE ENTRY,41.89324207682894,-87.6424741215789,APARTMENT,False,False,D-15,W-24,0.12156677827876793,0.5856,HIGH
CR-2024-000433,2023-11-02 23:51:39,NARCOTICS,POSSESSION OF COCAINE,41.88238798086088,-87.6247831481502,COMMERCIAL BUILDING,True,True,D-11,W-29,0.5310521973795198,0.3126,MEDIUM
CR-2023-000252,2024-07-16 15:48:58,BURGLARY,COMMERCIAL,41.868340361463176,-87.63710688075648,RESIDENCE,True,False,D-08,W-35,0.07863325343156087,0.6142,HIGH
CR-2023-000231,2025-09-24 17:41:38,BATTERY,AGGRAVATED BATTERY,41.76140686230018,-87.62365050223165,RESIDENCE,False,True,D-12,W-41,0.6346613117022717,0.3653,MEDIUM
CR-2025-001610,2024-11-30 14:36:50,MOTOR VEHICLE THEFT,AUTOMOBILE,41.86234788890597,-87.61843757275994,APARTMENT,False,False,D-11,W-02,0.12905218182119946,0.5806,HIGH
CR-2025-000926,2023-07-30 09:32:56,BURGLARY,FORCIBLE ENTRY,41.92452726336487,-87.6369169165278,APARTMENT,False,False,D-02,W-12,0.12336265768724679,0.5844,HIGH
CR-2023-005769,2024-09-22 03:02:15,MOTOR VEHICLE THEFT,MOTORCYCLE,41.8874889814396,-87.60925197664957,COMMERCIAL BUILDING,False,True,D-13,W-04,0.12155488135887628,0.5856,HIGH
CR-2024-003043,2025-11-28 01:48:34,BURGLARY,COMMERCIAL,41.8750129621552,-87.75476042801357,PARKING LOT,False,False,D-08,W-44,0.13433305788997876,0.5771,HIGH
CR-2024-004828,2025-07-09 14:27:14,ROBBERY,STRONGARM ROBBERY,41.96053885216773,-87.69213838157863,COMMERCIAL BUILDING,True,False,D-01,W-35,0.13290127203188978,0.8671,CRITICAL
CR-2024-005488,2025-12-22 14:14:44,NARCOTICS,POSSESSION OF COCAINE,41.889387250656114,-87.63862162898387,APARTMENT,True,False,D-01,W-13,0.7244881905732922,0.1837,LOW
CR-2023-003354,2023-12-28 13:59:39,MOTOR VEHICLE THEFT,TRUCK,41.81545636510087,-87.6362613479057,PARK,False,False,D-11,W-47,0.08781022218114853,0.6081,HIGH
CR-2024-005182,2023-03-15 06:47:46,NARCOTICS,POSSESSION OF HEROIN,41.86392636915973,-87.62011303537595,PARKING LOT,False,False,D-13,W-43,0.7316934666852525,0.1789,LOW
CR-2025-005210,2023-03-17 11:22:53,THEFT,GRAND THEFT,41.89961319270744,-87.71974450038168,SIDEWALK,False,False,D-04,W-02,0.223993952853438,0.3621,MEDIUM
CR-2025-000863,2025-02-02 10:30:49,CRIMINAL DAMAGE,TO VEHICLE,41.870060548323295,-87.61767913302579,SIDEWALK,False,False,D-10,W-40,0.16348262310865136,0.3904,MEDIUM
CR-2024-004090,2024-03-26 21:16:57,NARCOTICS,SALE/MANUFACTURE,41.82947729262007,-87.62534259964288,COMMERCIAL BUILDING,True,True,D-07,W-03,0.7673115257344244,0.1551,LOW
CR-2024-004522,2025-06-02 04:56:41,THEFT,GRAND THEFT,41.87357710556346,-87.6520665860229,ALLEY,False,False,D-03,W-24,0.17888731890069165,0.3832,MEDIUM
CR-2024-001801,2025-07-23 22:52:05,ROBBERY,ARMED ROBBERY,41.83014530239465,-87.62898292952607,ALLEY,False,False,D-08,W-03,0.1331984094087997,0.8668,CRITICAL
CR-2023-003690,2024-03-12 18:31:09,CRIMINAL DAMAGE,TO VEHICLE,41.96703331933736,-87.64739252637628,RESIDENCE,False,False,D-03,W-46,0.14990461481594067,0.3967,MEDIUM
CR-2024-002323,2023-03-10 10:59:40,ROBBERY,ARMED ROBBERY,41.855530761500994,-87.72752191123118,PARKING LOT,False,False,D-07,W-31,0.2387864927603273,0.7612,CRITICAL
CR-2024-003526,2024-09-22 15:42:05,ASSAULT,SIMPLE ASSAULT,41.8938507356233,-87.62493012646746,PARKING LOT,False,False,D-04,W-40,0.23457475275739284,0.7654,CRITICAL
CR-2023-003402,2023-06-26 20:45:29,THEFT,PETTY THEFT,41.86514030226386,-87.6316979886962,APARTMENT,False,False,D-12,W-50,0.06861879799048103,0.4346,MEDIUM
CR-2024-004576,2023-06-17 20:01:30,CRIMINAL DAMAGE,TO VEHICLE,41.80378537976124,-87.61461095185425,PARK,False,False,D-09,W-32,0.1330107549118539,0.4046,MEDIUM
CR-2025-005360,2025-09-16 12:39:46,ASSAULT,SIMPLE ASSAULT,41.944536895503006,-87.69486769833146,RESIDENCE,False,True,D-02,W-19,0.15070422743189793,0.8493,CRITICAL
CR-2024-004579,2023-06-22 22:56:19,MOTOR VEHICLE THEFT,AUTOMOBILE,41.89906766460548,-87.6119324043259,APARTMENT,False,False,D-05,W-22,0.1253687765387632,0.5831,HIGH
CR-2023-001824,2023-12-29 03:06:43,ROBBERY,STRONGARM ROBBERY,41.88984310602423,-87.63626688354363,APARTMENT,False,False,D-09,W-35,0.13860373070610696,0.8614,CRITICAL
CR-2025-004022,2025-11-30 01:44:21,BURGLARY,COMMERCIAL,41.967463525086586,-87.639518495972,RESIDENCE,False,False,D-05,W-48,0.10996613323051903,0.5934,HIGH
CR-2025-005504,2024-03-23 00:42:41,BURGLARY,COMMERCIAL,41.8772615530008,-87.63097886193954,PARK,False,False,D-05,W-42,0.09004931921474998,0.6066,HIGH
CR-2023-001860,2024-06-19 14:16:45,CRIMINAL DAMAGE,GRAFFITI,41.89303372271004,-87.60425241085123,STREET,False,False,D-06,W-42,0.10988281391731478,0.4154,MEDIUM
CR-2024-002431,2025-09-09 09:03:21,THEFT,RETAIL THEFT,41.93465971800601,-87.68231111928685,STREET,False,False,D-03,W-16,0.12915528473360313,0.4064,MEDIUM
CR-2024-005659,2024-02-13 20:03:11,ASSAULT,AGGRAVATED ASSAULT,41.87705222197725,-87.64176228246016,STREET,False,True,D-09,W-36,0.17227817325609293,0.8277,CRITICAL
CR-2024-000298,2023-09-11 02:28:40,ROBBERY,ARMED ROBBERY,41.94300250129413,-87.67487527431564,COMMERCIAL BUILDING,False,False,D-10,W-11,0.14100839919812058,0.859,CRITICAL
CR-2025-001238,2023-02-14 05:00:42,BATTERY,DOMESTIC BATTERY,41.8764444052708,-87.70074130806022,RESIDENCE,True,True,D-13,W-05,0.7523634488826108,0.2476,LOW
CR-2025-001049,2023-08-27 02:28:14,ASSAULT,SIMPLE ASSAULT,41.85479361850976,-87.61753165512962,PARKING LOT,False,False,D-08,W-22,0.17964518274328262,0.8204,CRITICAL
CR-2025-005051,2023-08-23 20:20:19,NARCOTICS,SALE/MANUFACTURE,41.90634798616158,-87.66877079295794,PARKING LOT,False,False,D-10,W-30,0.6454344675444802,0.2364,LOW
CR-2024-003931,2024-05-25 23:24:08,ROBBERY,ARMED ROBBERY,41.92007462281319,-87.668155527658,STREET,False,False,D-08,W-07,0.1620590210647526,0.8379,CRITICAL
CR-2024-000670,2024-06-30 02:02:17,CRIMINAL DAMAGE,GRAFFITI,41.95161147962099,-87.65523907959692,RESIDENCE,False,False,D-01,W-20,0.1161764821293053,0.4125,MEDIUM
CR-2024-002365,2023-08-03 21:16:07,MOTOR VEHICLE THEFT,AUTOMOBILE,41.86026554870698,-87.63054820231193,STREET,False,False,D-02,W-45,0.15034726688598293,0.5664,HIGH
CR-2024-000004,2025-04-01 08:58:36,ROBBERY,ARMED ROBBERY,41.76716314035163,-87.61543599891036,COMMERCIAL BUILDING,False,False,D-03,W-17,0.19410306207594494,0.8059,CRITICAL
CR-2025-005294,2023-12-04 23:33:45,THEFT,RETAIL THEFT,41.95637425603581,-87.66270044931674,COMMERCIAL BUILDING,False,False,D-10,W-05,0.11088679290936349,0.4149,MEDIUM
CR-2023-001017,2023-10-26 03:07:00,ASSAULT,SIMPLE ASSAULT,41.89400314861248,-87.58840509941633,STREET,True,False,D-07,W-30,0.19826903315075692,0.8017,CRITICAL
CR-2023-001332,2024-08-29 00:54:53,CRIMINAL DAMAGE,TO VEHICLE,41.95766412584198,-87.6826427561292,COMMERCIAL BUILDING,True,False,D-14,W-21,0.13874900430591475,0.4019,MEDIUM
CR-2023-001518,2025-05-28 14:44:08,BATTERY,AGGRAVATED BATTERY,41.77033626997856,-87.6247384057251,SIDEWALK,False,False,D-03,W-20,0.696704894453995,0.3033,MEDIUM
CR-2024-002695,2023-02-25 02:33:00,BATTERY,SIMPLE BATTERY,41.86760878189816,-87.62737452209943,APARTMENT,False,False,D-10,W-25,0.6925189703481701,0.3075,MEDIUM
CR-2024-004963,2024-03-23 01:43:41,BATTERY,DOMESTIC BATTERY,41.86558439581557,-87.6333186854443,SIDEWALK,True,False,D-08,W-07,0.7671542418345901,0.2328,LOW
CR-2023-004365,2025-03-15 01:29:52,ROBBERY,STRONGARM ROBBERY,41.939375623461125,-87.65791601187453,APARTMENT,False,False,D-10,W-42,0.12025958827637184,0.8797,CRITICAL
CR-2023-002088,2023-05-19 09:53:17,ASSAULT,AGGRAVATED ASSAULT,41.87796067157649,-87.6251952839097,PARK,False,False,D-04,W-46,0.23565857501994014,0.7643,CRITICAL
CR-2023-000330,2023-01-18 02:06:33,BATTERY,DOMESTIC BATTERY,41.9369267598624,-87.6662371788248,APARTMENT,True,True,D-01,W-02,0.8053665467284784,0.1946,LOW
CR-2023-005661,2025-12-07 03:47:34,ASSAULT,AGGRAVATED ASSAULT,41.95125376824403,-87.62322596289066,APARTMENT,False,False,D-15,W-44,0.1847466660080083,0.8153,CRITICAL
CR-2024-000895,2023-12-17 11:11:43,NARCOTICS,POSSESSION OF HEROIN,41.84997241295532,-87.6280746088128,RESIDENCE,True,False,D-02,W-28,0.8177670824092619,0.1215,LOW
CR-2025-003128,2024-05-03 05:38:29,THEFT,GRAND THEFT,41.8989464620092,-87.64997814506214,ALLEY,False,False,D-04,W-46,0.2183300467957339,0.3648,MEDIUM
CR-2024-003940,2025-05-04 17:11:01,THEFT,GRAND THEFT,41.921998456245255,-87.66007505204126,ALLEY,False,False,D-01,W-43,0.159717976286,0.3921,MEDIUM
CR-2023-000348,2024-08-27 19:50:40,ASSAULT,SIMPLE ASSAULT,41.88299199533363,-87.64856670364578,PARK,False,True,D-08,W-30,0.12407372019886909,0.8759,CRITICAL
CR-2025-000761,2024-01-21 02:37:47,ASSAULT,AGGRAVATED ASSAULT,41.77323789752875,-87.65298598091809,STREET,True,True,D-04,W-23,0.2926997388352354,0.7073,HIGH
CR-2025-001763,2025-07-27 20:06:06,OTHER OFFENSE,DUPLICATE ID TEST RECORD,41.87703712087828,-87.68967768591305,ALLEY,True,False,D-11,W-19,0.3014370667596372,0.326,MEDIUM
CR-2025-004592,2025-12-14 04:00:08,BATTERY,AGGRAVATED BATTERY,41.87751877134367,-87.72809002309114,APARTMENT,True,False,D-05,W-08,0.7608185114696508,0.2392,LOW
CR-2023-004386,2025-03-13 12:31:11,BURGLARY,FORCIBLE ENTRY,41.86627928565151,-87.61994606400488,RESIDENCE,False,False,D-01,W-01,0.14015375673214922,0.5732,HIGH
CR-2025-003164,2025-08-10 01:40:21,NARCOTICS,POSSESSION OF COCAINE,41.89898058127381,-87.62813305937055,APARTMENT,True,False,D-03,W-12,0.716159573313012,0.1892,LOW
CR-2023-005046,2024-08-16 23:27:35,THEFT,PETTY THEFT,41.841227458541766,-87.64451147265494,COMMERCIAL BUILDING,False,False,D-08,W-30,0.10049312386811624,0.4198,MEDIUM
CR-2023-000624,2025-11-28 08:24:29,CRIMINAL DAMAGE,TO VEHICLE,41.88480814641223,-87.75490612163166,SIDEWALK,False,False,D-02,W-16,0.13159772146218046,0.4053,MEDIUM
CR-2023-001281,2025-07-14 15:23:17,NARCOTICS,POSSESSION OF COCAINE,41.86421863060911,-87.62596924366488,APARTMENT,False,False,D-01,W-25,0.6561591337903303,0.2292,LOW
CR-2025-004232,2024-12-31 22:09:30,THEFT,PETTY THEFT,41.89292913190249,-87.6355170654501,APARTMENT,False,False,D-04,W-47,0.10753934827070973,0.4165,MEDIUM
CR-2023-004659,2025-01-27 11:50:18,THEFT,GRAND THEFT,41.76730363926235,-87.65645465959446,RESIDENCE,False,False,D-07,W-10,0.1838426523878505,0.3809,MEDIUM
CR-2024-003568,2025-06-29 14:24:53,NARCOTICS,POSSESSION OF COCAINE,41.8688544907221,-87.73790118873634,APARTMENT,True,False,D-14,W-34,0.7770879828104142,0.1486,LOW
CR-2023-000618,2023-04-27 02:28:11,BURGLARY,RESIDENTIAL,41.90326551221115,-87.63810382362563,APARTMENT,False,False,D-07,W-31,0.13151271477049933,0.579,HIGH
CR-2025-002279,2024-02-09 18:39:00,ASSAULT,SIMPLE ASSAULT,41.87092237635997,-87.7151027310627,PARKING LOT,False,False,D-07,W-12,0.1872917683393696,0.8127,CRITICAL
CR-2024-004588,2024-05-01 05:56:51,BURGLARY,FORCIBLE ENTRY,41.97355226225153,-87.66596904891551,SIDEWALK,False,False,D-07,W-41,0.12813693719948024,0.5812,HIGH
CR-2023-002193,2025-06-08 02:42:00,ROBBERY,ARMED ROBBERY,41.86780581296368,-87.6512900693461,STREET,False,False,D-03,W-08,0.1892426190548523,0.8108,CRITICAL
CR-2023-000366,2024-05-16 00:17:31,BATTERY,DOMESTIC BATTERY,41.78910631889286,-87.67156459010594,PARK,True,False,D-11,W-44,0.7168394230945285,0.2832,MEDIUM
CR-2025-002846,2024-07-18 23:45:05,ASSAULT,AGGRAVATED ASSAULT,41.78719119167815,-87.65517893921727,SIDEWALK,False,True,D-12,W-30,0.1141750743364618,0.8858,CRITICAL
CR-2024-001024,2025-07-29 00:34:27,BATTERY,AGGRAVATED BATTERY,41.94184210566974,-87.65219618632281,PARK,False,True,D-01,W-24,0.7678313175767062,0.2322,LOW
CR-2025-001172,2025-11-08 03:16:43,BURGLARY,COMMERCIAL,41.845799856201936,-87.6133427093237,APARTMENT,False,False,D-15,W-02,0.11647145075429173,0.589,HIGH
CR-2023-000648,2023-05-10 20:13:23,CRIMINAL DAMAGE,TO VEHICLE,41.8018769120747,-87.63625686360471,COMMERCIAL BUILDING,False,False,D-13,W-11,0.09677314441434408,0.4215,MEDIUM
CR-2024-000634,2025-01-11 02:32:04,ROBBERY,STRONGARM ROBBERY,41.93368940114821,-87.63057813649579,PARK,False,False,D-14,W-09,0.2558862202665259,0.7441,HIGH
CR-2023-003090,2025-03-25 01:12:58,BURGLARY,COMMERCIAL,41.892562338262586,-87.63438167053663,ALLEY,False,False,D-08,W-46,0.14092301234926677,0.5727,HIGH
CR-2025-005195,2024-06-05 21:16:53,ROBBERY,ARMED ROBBERY,41.84073257887773,-87.61154914761254,PARKING LOT,False,False,D-08,W-48,0.11995251880680238,0.88,CRITICAL
CR-2025-000521,2025-06-18 05:47:27,THEFT,FROM BUILDING,41.80586702083578,-87.62996271173752,APARTMENT,True,False,D-03,W-26,0.15820076679227701,0.3928,MEDIUM
CR-2023-001716,2025-08-11 12:58:43,CRIMINAL DAMAGE,TO PROPERTY,41.791956265900446,-87.63144788116108,STREET,False,False,D-07,W-38,0.19777018785491293,0.3744,MEDIUM
CR-2024-002527,2023-03-04 10:19:17,CRIMINAL DAMAGE,TO PROPERTY,41.85870154552556,-87.74708754265365,PARKING LOT,False,False,D-11,W-30,0.12643237630549947,0.4077,MEDIUM
CR-2025-005246,2024-11-29 19:08:41,MOTOR VEHICLE THEFT,MOTORCYCLE,41.75170267469727,-87.64610605451288,RESIDENCE,False,False,D-13,W-28,0.19203102485764628,0.5386,HIGH
CR-2025-002096,2025-08-20 10:44:34,ROBBERY,ARMED ROBBERY,41.8110023948487,-87.68965980176338,APARTMENT,False,False,D-08,W-25,0.12576965774281176,0.8742,CRITICAL
CR-2023-000738,2025-07-19 04:48:58,ROBBERY,STRONGARM ROBBERY,41.87842293332506,-87.71934841600968,STREET,False,False,D-02,W-41,0.21102246645004172,0.789,CRITICAL
CR-2024-003952,2024-06-12 18:15:27,ROBBERY,STRONGARM ROBBERY,41.89478951457805,-87.63086680436246,PARK,True,False,D-02,W-39,0.10663655998908762,0.8934,CRITICAL
CR-2024-001762,2025-07-06 00:10:50,BURGLARY,RESIDENTIAL,41.7643554491652,-87.65834699911024,RESIDENCE,False,False,D-15,W-27,0.11675359224239244,0.5888,HIGH
CR-2024-003574,2024-05-05 00:50:05,MOTOR VEHICLE THEFT,MOTORCYCLE,41.89859584117782,-87.64086605057028,SIDEWALK,True,False,D-07,W-06,0.17808463406811,0.5479,HIGH
CR-2023-004332,2024-10-15 21:34:23,BATTERY,SIMPLE BATTERY,41.87322713110253,-87.61690553819719,SIDEWALK,True,False,D-06,W-48,0.7236521063087156,0.2763,MEDIUM
CR-2025-003212,2025-07-30 02:01:26,NARCOTICS,SALE/MANUFACTURE,41.86984119399499,-87.62215466153164,SIDEWALK,True,True,D-13,W-25,0.6042205717194999,0.2639,MEDIUM
CR-2023-000003,2025-12-29 23:29:24,BURGLARY,FORCIBLE ENTRY,41.81838032038768,-87.60981413177119,APARTMENT,False,False,D-13,W-04,0.0704589151978449,0.6197,HIGH
CR-2024-001231,2025-05-16 05:18:10,ROBBERY,ARMED ROBBERY,41.88533373429021,-87.64836493633491,COMMERCIAL BUILDING,False,False,D-06,W-12,0.13186076827818619,0.8681,CRITICAL
CR-2023-001059,2024-07-19 02:25:10,ASSAULT,SIMPLE ASSAULT,41.71484165853012,-87.63377569406501,APARTMENT,False,False,D-01,W-33,0.27243879457623316,0.7276,HIGH
CR-2025-003083,2025-07-30 06:15:13,THEFT,FROM BUILDING,41.97111895691888,-87.65837995330395,PARK,False,False,D-13,W-41,0.11348644718914634,0.4137,MEDIUM
CR-2023-005670,2025-08-31 21:07:43,ASSAULT,SIMPLE ASSAULT,41.87919004471926,-87.73617844691552,STREET,False,True,D-05,W-08,0.17092768084561497,0.8291,CRITICAL
CR-2025-000932,2025-03-11 12:03:07,NARCOTICS,SALE/MANUFACTURE,41.89766510364318,-87.65473737982053,ALLEY,True,False,D-06,W-02,0.7711759370377278,0.1525,LOW
CR-2023-005667,2023-01-28 20:39:48,MOTOR VEHICLE THEFT,TRUCK,41.85672543242277,-87.64441678821416,STREET,True,False,D-02,W-14,0.2688162601945828,0.4875,MEDIUM
CR-2024-005092,2025-04-11 01:00:47,ROBBERY,STRONGARM ROBBERY,41.86866149354919,-87.58608836176347,STREET,False,False,D-05,W-21,0.15328269667080593,0.8467,CRITICAL
CR-2024-002278,2023-02-06 12:39:56,BATTERY,SIMPLE BATTERY,41.92828797248621,-87.64809671632108,PARK,True,False,D-07,W-34,0.7853295382596566,0.2147,LOW
CR-2025-000230,2023-12-12 00:50:14,NARCOTICS,POSSESSION OF COCAINE,41.82801812832291,-87.62811841120072,RESIDENCE,True,False,D-08,W-30,0.6574138584472706,0.2284,LOW
CR-2023-001707,2023-12-29 12:05:28,PETTY THEFT,FORCIBLE ENTRY,41.93739769434127,-87.65824050846861,APARTMENT,True,False,D-06,W-35,0.2703984359458533,0.3405,MEDIUM
CR-2023-003699,2023-06-03 21:23:47,BURGLARY,COMMERCIAL,41.887464351022444,-87.70232052367453,ALLEY,False,False,D-04,W-45,0.15045034920993908,0.5664,HIGH
CR-2025-003938,2025-06-25 10:56:36,CRIMINAL DAMAGE,TO VEHICLE,41.8692130181693,-87.62489391437684,SIDEWALK,False,False,D-04,W-07,0.1545578797020511,0.3945,MEDIUM
CR-2023-002985,2024-09-08 05:41:27,CRIMINAL DAMAGE,TO VEHICLE,41.89273570066504,-87.62978866738818,APARTMENT,True,False,D-10,W-02,0.13726050611475096,0.4026,MEDIUM
CR-2024-003523,2025-06-26 11:01:43,THEFT,RETAIL THEFT,41.77920424205707,-87.63132186253483,COMMERCIAL BUILDING,False,False,D-06,W-17,0.15398994198141894,0.3948,MEDIUM
CR-2024-005887,2025-10-25 22:50:31,MOTOR VEHICLE THEFT,TRUCK,41.81147321054865,-87.64562579725761,ALLEY,False,False,D-02,W-27,0.1761932031826936,0.5492,HIGH
CR-2025-005234,2023-06-24 21:02:55,NARCOTICS,POSSESSION OF COCAINE,41.97287587245026,-87.6363140700325,PARKING LOT,True,False,D-02,W-13,0.7294931284100525,0.1803,LOW
CR-2025-004136,2024-01-13 04:46:27,BATTERY,AGGRAVATED BATTERY,41.93775712219654,-87.66307136440982,RESIDENCE,True,True,D-15,W-35,0.7308626199686789,0.2691,MEDIUM
CR-2025-004148,2025-10-03 15:18:23,NARCOTICS,SALE/MANUFACTURE,41.91613341637941,-87.72010926133184,RESIDENCE,True,False,D-05,W-12,0.6371792253155509,0.2419,LOW
CR-2024-000484,2025-01-24 22:24:59,NARCOTICS,SALE/MANUFACTURE,41.877497630740336,-87.65126162653178,PARK,True,False,D-11,W-46,0.7370656364539788,0.1753,LOW
CR-2025-004256,2025-09-22 01:20:03,ROBBERY,ARMED ROBBERY,41.78484573851896,-87.61700936701122,RESIDENCE,False,False,D-11,W-50,0.07577756524631485,0.9242,CRITICAL
CR-2025-004652,2024-01-21 20:50:19,ASSAULT,SIMPLE ASSAULT,41.96830335330317,-87.63655265171492,PARKING LOT,False,True,D-11,W-48,0.17151768407947057,0.8285,CRITICAL
CR-2025-001220,2025-03-05 22:45:50,CRIMINAL DAMAGE,TO VEHICLE,41.82263959760513,-87.59446364803274,PARKING LOT,False,False,D-02,W-01,0.16242937403991495,0.3909,MEDIUM
CR-2024-004990,2025-06-20 18:59:07,CRIMINAL DAMAGE,TO VEHICLE,41.76775511715433,-87.64159305842074,STREET,False,False,D-06,W-16,0.10585917955613348,0.4173,MEDIUM
CR-2024-000445,2024-01-28 21:44:43,BURGLARY,FORCIBLE ENTRY,41.96480964362394,-87.64515451937785,PARK,True,False,D-11,W-42,0.09765055530972751,0.6016,HIGH
CR-2025-004451,2024-03-08 12:36:05,NARCOTICS,SALE/MANUFACTURE,41.86345069526205,-87.62739596713874,APARTMENT,False,False,D-01,W-10,0.7162265025259495,0.1892,LOW
CR-2025-004460,2024-10-10 14:13:19,ROBBERY,STRONGARM ROBBERY,41.82098286439819,-87.61918079092372,STREET,False,False,D-01,W-39,0.1508797857231537,0.8491,CRITICAL
CR-2025-005258,2025-01-11 02:39:13,BATTERY,,41.861174876446015,-87.61071275003727,PARK,True,False,D-05,W-36,0.7569700086401545,0.243,LOW
CR-2023-002232,2024-11-24 17:00:20,THEFT,PETTY THEFT,41.8693997550102,-87.64714623725116,COMMERCIAL BUILDING,False,False,D-05,W-17,0.1642539817305427,0.39,MEDIUM
CR-2023-002802,2023-11-24 06:17:15,ASSAULT,AGGRAVATED ASSAULT,41.88438139940192,-87.62649124693394,PARK,True,False,D-13,W-49,0.23119099992307132,0.7688,CRITICAL
CR-2024-001669,2023-02-04 07:48:51,MOTOR VEHICLE THEFT,TRUCK,41.88564176640343,-87.6028545876561,ALLEY,False,False,D-06,W-32,0.2467489831150437,0.5022,HIGH
CR-2023-002529,2023-11-30 00:54:24,ROBBERY,ARMED ROBBERY,41.876022316330896,-87.63615835063484,PARKING LOT,False,False,D-07,W-39,0.13952078077390948,0.8605,CRITICAL
CR-2025-005909,2025-03-23 23:18:52,ROBBERY,STRONGARM ROBBERY,41.87990912821421,-87.61986539655028,ALLEY,False,False,D-12,W-43,0.13823845002779558,0.8618,CRITICAL
CR-2024-004435,2023-03-16 02:01:11,BATTERY,AGGRAVATED BATTERY,41.893969410707584,-87.62857233498205,SIDEWALK,False,True,D-01,W-29,0.7010171215132327,0.299,MEDIUM
CR-2025-005474,2023-06-02 10:00:06,ASSAULT,SIMPLE ASSAULT,41.86676808797911,-87.59630326124302,APARTMENT,False,False,D-03,W-19,0.17816552637116959,0.8218,CRITICAL
CR-2025-002522,2025-07-31 20:30:17,THEFT,RETAIL THEFT,41.890520882223406,-87.61373379249396,ALLEY,False,False,D-02,W-17,0.14743479129384793,0.3979,MEDIUM
CR-2025-003227,2025-11-20 20:25:21,BATTERY,SIMPLE BATTERY,41.918269494839215,-87.67538581126988,PARK,True,True,D-08,W-13,0.6690481406568014,0.331,MEDIUM
CR-2024-004378,2023-10-20 20:50:59,ROBBERY,ARMED ROBBERY,41.87064024280464,-87.62538876941811,SIDEWALK,False,False,D-09,W-12,0.11754860157730984,0.8825,CRITICAL
CR-2025-005123,2024-04-02 23:50:33,BATTERY,SIMPLE BATTERY,41.85811325328503,-87.62032872090592,ALLEY,False,False,D-07,W-43,0.7624637824154213,0.2375,LOW
CR-2024-000526,2023-04-16 09:23:17,ROBBERY,STRONGARM ROBBERY,41.88551045279424,-87.62588989351265,STREET,False,True,D-11,W-48,0.16047613665821034,0.8395,CRITICAL
CR-2025-001514,2024-07-24 23:40:09,ASSAULT,AGGRAVATED ASSAULT,41.76615483267023,-87.62813897470735,PARKING LOT,True,False,D-02,W-39,0.10671074098000484,0.8933,CRITICAL
CR-2025-003569,2025-06-12 01:20:45,THEFT,PETTY THEFT,41.93784011956469,-87.62823861679666,PARKING LOT,False,False,D-12,W-19,0.10424778014680273,0.418,MEDIUM
CR-2025-001421,2025-06-23 00:52:30,NARCOTICS,POSSESSION OF HEROIN,41.90025401639178,-87.64731669326902,RESIDENCE,True,False,D-02,W-35,0.6773769530075656,0.2151,LOW
CR-2025-000638,2025-11-09 02:00:37,ROBBERY,STRONGARM ROBBERY,41.91288994309973,-87.62390023240908,PARK,False,False,D-05,W-50,0.11775967984500388,0.8822,CRITICAL
CR-2023-004461,2024-07-04 01:03:36,BURGLARY,RESIDENTIAL,41.75170628311616,-87.63209730908089,ALLEY,True,False,D-04,W-46,0.19312153749126784,0.5379,HIGH
CR-2024-004747,2024-04-25 02:06:42,ASSAULT,AGGRAVATED ASSAULT,41.8639290612573,-87.74866983592126,COMMERCIAL BUILDING,False,False,D-01,W-38,0.21755536330445602,0.7824,CRITICAL
CR-2025-005732,2023-08-30 15:52:30,BATTERY,AGGRAVATED BATTERY,41.86109402968472,-87.63252874180857,PARK,True,True,D-07,W-01,0.8122576566207492,0.1877,LOW
CR-2024-005188,2024-08-01 03:25:48,BURGLARY,FORCIBLE ENTRY,41.80291533081259,-87.60921256410069,SIDEWALK,False,False,D-05,W-42,0.08581131995908475,0.6095,HIGH
CR-2025-000356,2025-12-02 20:26:43,ASSAULT,AGGRAVATED ASSAULT,41.869926213697866,-87.62381295828472,PARK,False,True,D-04,W-05,0.16057364865910528,0.8394,CRITICAL
CR-2023-002457,2024-11-27 02:24:42,CRIMINAL DAMAGE,GRAFFITI,41.74710202497218,-87.62371508581325,RESIDENCE,True,False,D-10,W-34,0.09671724504416171,0.4215,MEDIUM
CR-2023-001356,2025-05-17 17:26:31,ROBBERY,ARMED ROBBERY,41.88559796185611,-87.65078959262203,PARK,False,False,D-11,W-20,0.10377172345396773,0.8962,CRITICAL
CR-2024-002245,2025-06-27 22:25:10,THEFT,PETTY THEFT,41.88403131478083,-87.64416353432523,PARK,False,False,D-12,W-10,0.07626138741823438,0.4311,MEDIUM
CR-2025-005780,2023-08-01 17:11:37,ROBBERY,STRONGARM ROBBERY,41.78317967859364,-87.65757356365958,PARKING LOT,False,False,D-01,W-44,0.20611553920853512,0.7939,CRITICAL
CR-2025-005186,2024-07-22 20:02:27,CRIMINAL DAMAGE,GRAFFITI,41.78716533152726,-87.64313374881253,SIDEWALK,False,False,D-03,W-16,0.10640945885817729,0.417,MEDIUM
CR-2023-001395,2024-01-04 08:44:32,MOTOR VEHICLE THEFT,AUTOMOBILE,41.79377573664589,-87.64293557632772,STREET,False,False,D-07,W-27,0.2622790090130104,0.4918,MEDIUM
CR-2025-001760,2023-03-01 23:00:32,MOTOR VEHICLE THEFT,TRUCK,41.95845489614982,-87.7051654164066,SIDEWALK,False,False,D-12,W-01,0.1552849647984508,0.5631,HIGH
CR-2024-005137,2023-03-27 14:15:57,THEFT,FROM BUILDING,41.933187986711495,-87.64388118012116,COMMERCIAL BUILDING,False,False,D-10,W-39,0.10822172060131321,0.4162,MEDIUM
CR-2025-000806,2025-11-12 12:12:48,BURGLARY,COMMERCIAL,41.89134664665721,-87.6309675579552,SIDEWALK,False,False,D-08,W-02,0.113564419920864,0.591,HIGH
CR-2023-000213,2025-07-15 03:42:14,THEFT,FROM BUILDING,41.8636261480913,-87.61950922810003,SIDEWALK,False,False,D-02,W-03,0.1440550603490643,0.3994,MEDIUM
CR-2024-002788,2024-12-18 12:37:10,ROBBERY,ARMED ROBBERY,41.93503713903345,-87.65143241096152,SIDEWALK,False,False,D-05,W-32,0.16430799271562366,0.8357,CRITICAL
CR-2025-002375,2024-05-11 01:00:08,MOTOR VEHICLE THEFT,MOTORCYCLE,41.97047867093404,-87.66042561648503,STREET,False,False,D-05,W-24,0.1764390912234122,0.549,HIGH
CR-2024-003835,2023-04-22 04:01:30,BATTERY,SIMPLE BATTERY,41.79764363688596,-87.67937253081267,COMMERCIAL BUILDING,True,False,D-07,W-29,0.7575028587794439,0.2425,LOW
CR-2025-005420,2025-03-06 23:44:35,CRIMINAL DAMAGE,TO VEHICLE,41.85890528227476,-87.64666300145421,STREET,False,False,D-06,W-47,0.0926962779015776,0.4234,MEDIUM
CR-2025-003977,2025-02-14 23:55:58,THEFT,PETTY THEFT,41.898380590489616,-87.59830888719246,ALLEY,False,False,D-13,W-09,0.13584919606788137,0.4033,MEDIUM
CR-2024-002869,2025-06-19 04:37:28,ROBBERY,ARMED ROBBERY,41.76319640652077,-87.62652665532428,COMMERCIAL BUILDING,False,False,D-15,W-42,0.10517882641355797,0.8948,CRITICAL
CR-2024-003292,2023-04-05 02:12:21,MOTOR VEHICLE THEFT,MOTORCYCLE,41.98028355912408,-87.653229236921,APARTMENT,False,False,D-12,W-48,0.12995835046175871,0.58,HIGH
CR-2024-003889,2025-12-25 21:25:31,ASSAULT,,41.87468343531315,-87.64390023898186,PARK,True,False,D-05,W-42,0.10193922834158814,0.8981,CRITICAL
CR-2025-002135,2023-04-16 09:05:49,BURGLARY,COMMERCIAL,41.87611795116648,-87.63765596954157,PARKING LOT,False,False,D-12,W-01,0.1526953210455343,0.5649,HIGH
CR-2025-000083,2025-07-25 02:57:31,THEFT,GRAND THEFT,41.79945150399986,-87.58158017543366,SIDEWALK,False,False,D-04,W-37,0.18237057122717895,0.3816,MEDIUM
CR-2023-001344,2024-07-16 22:59:54,NARCOTICS,SALE/MANUFACTURE,41.88945183019981,-87.6206129680898,PARK,False,False,D-06,W-03,0.7022186360439037,0.1985,LOW
CR-2025-001301,2024-11-25 23:17:26,MOTOR VEHICLE THEFT,TRUCK,41.86916347700114,-87.74831399986363,RESIDENCE,False,False,D-06,W-45,0.14619437883779388,0.5692,HIGH
CR-2023-005214,2025-12-18 04:20:55,CRIMINAL DAMAGE,GRAFFITI,41.89469692656218,-87.64855324038842,PARK,False,False,D-06,W-15,0.13210480522794077,0.405,MEDIUM
CR-2024-004732,2025-08-18 06:53:53,ASSAULT,SIMPLE ASSAULT,41.88615211203837,-87.64854347367886,STREET,False,True,D-07,W-41,0.21972246225377629,0.7803,CRITICAL
CR-2025-005396,2024-02-01 05:07:35,BATTERY,DOMESTIC BATTERY,41.94949389730749,-87.64647160480214,APARTMENT,False,False,D-12,W-40,0.7630078714863251,0.237,LOW
CR-2025-004340,2024-04-04 16:09:16,THEFT,PETTY THEFT,41.75079695352848,-87.62643646400457,PARK,False,False,D-07,W-18,0.15527337871213465,0.3942,MEDIUM
CR-2025-001724,2025-04-21 01:11:44,CRIMINAL DAMAGE,TO PROPERTY,41.94064600167183,-87.66357231331259,RESIDENCE,False,False,D-15,W-37,0.0976948928899516,0.4211,MEDIUM
CR-2024-005029,2024-09-29 14:46:54,NARCOTICS,POSSESSION OF COCAINE,41.88527056722789,-87.65139412196199,COMMERCIAL BUILDING,True,False,D-09,W-24,0.7739179010822292,0.1507,LOW
CR-2023-002544,2024-03-02 18:25:52,BURGLARY,FORCIBLE ENTRY,41.87936777713723,-87.64050377004861,PARK,False,False,D-03,W-20,0.11803626005632326,0.588,HIGH
CR-2024-004774,2023-12-19 13:09:17,BURGLARY,FORCIBLE ENTRY,41.868686899958846,-87.66060229822985,SIDEWALK,True,False,D-15,W-32,0.138707655978167,0.5742,HIGH
CR-2024-002767,2025-12-06 05:13:09,NARCOTICS,,41.945191612360496,-87.6052819900413,SIDEWALK,True,False,D-12,W-44,0.7514929498016674,0.1657,LOW
CR-2024-005290,2025-02-18 02:53:18,PETTY THEFT,MOTORCYCLE,41.86177047735412,-87.58777940515547,PARKING LOT,False,False,D-07,W-12,0.31903354830504355,0.3178,MEDIUM
CR-2025-000602,2023-04-19 22:09:35,MOTOR VEHICLE THEFT,AUTOMOBILE,41.87883290105489,-87.62919112463194,RESIDENCE,False,False,D-15,W-01,0.13088266945861088,0.5794,HIGH
CR-2025-004445,2024-09-21 11:38:23,NARCOTICS,SALE/MANUFACTURE,41.771343265197935,-87.61572832094832,RESIDENCE,True,False,D-01,W-46,0.7776072764503146,0.1483,LOW
CR-2024-001978,2023-03-06 23:49:08,THEFT,FROM BUILDING,41.8767058369008,-87.63339252883033,SIDEWALK,False,False,D-02,W-12,0.12642436163722356,0.4077,MEDIUM
CR-2024-003220,2024-05-21 21:36:20,ASSAULT,AGGRAVATED ASSAULT,41.84960494578712,-87.63172395220727,COMMERCIAL BUILDING,False,False,D-04,W-40,0.18500565647567357,0.815,CRITICAL
CR-2024-003793,2023-08-12 08:09:52,BURGLARY,COMMERCIAL,41.86251169754014,-87.6175302768332,PARK,False,False,D-04,W-28,0.220870153472386,0.5194,HIGH
CR-2023-004707,2025-06-05 20:33:41,PETTY THEFT,SIMPLE ASSAULT,41.92391225453284,-87.67315546614552,STREET,True,False,D-07,W-15,0.3055226719843081,0.3241,MEDIUM
CR-2024-002218,2024-04-26 10:27:29,ROBBERY,STRONGARM ROBBERY,41.80823605691581,-87.63581361803405,PARK,False,False,D-12,W-09,0.1429862323394885,0.857,CRITICAL
CR-2024-002716,2023-10-10 23:30:30,THEFT,GRAND THEFT,41.950541149059845,-87.66220293762275,SIDEWALK,False,False,D-15,W-42,0.09709040078815552,0.4214,MEDIUM
CR-2023-000141,2025-05-31 03:16:14,CRIMINAL DAMAGE,TO PROPERTY,41.90189025224218,-87.6483672324824,PARK,False,False,D-09,W-10,0.10094950128957132,0.4196,MEDIUM
CR-2023-000357,2025-11-30 20:37:21,ROBBERY,STRONGARM ROBBERY,41.94764730595151,-87.63323396235967,PARK,False,False,D-15,W-20,0.1391061519553568,0.8609,CRITICAL
CR-2025-003104,2024-08-02 22:27:19,CRIMINAL DAMAGE,TO PROPERTY,41.87715089060155,-87.6396962296188,STREET,False,False,D-11,W-47,0.069295266204296,0.4343,MEDIUM
CR-2023-004014,2025-01-27 06:56:19,MOTOR VEHICLE THEFT,AUTOMOBILE,41.85372318111676,-87.62855632220243,SIDEWALK,False,False,D-15,W-30,0.16023294983847547,0.5598,HIGH
CR-2025-004214,2025-02-17 22:29:37,CRIMINAL DAMAGE,GRAFFITI,41.734414026864414,-87.64232510204566,STREET,False,False,D-11,W-02,0.16421146999057146,0.39,MEDIUM
CR-2024-001879,2024-08-03 02:05:01,ASSAULT,AGGRAVATED ASSAULT,41.95394716923929,-87.65574557958367,PARK,False,True,D-14,W-39,0.1727509016906703,0.8272,CRITICAL
CR-2024-002359,2023-05-24 22:20:39,NARCOTICS,POSSESSION OF HEROIN,41.79697067237464,-87.62620502104492,RESIDENCE,True,False,D-04,W-45,0.7111719243195918,0.1926,LOW
CR-2025-003047,2023-03-01 19:25:59,THEFT,FROM BUILDING,41.949843064736434,-87.64053525538367,APARTMENT,False,False,D-03,W-28,0.20842620185765537,0.3694,MEDIUM
CR-2023-005892,2024-04-09 21:02:15,BATTERY,DOMESTIC BATTERY,41.861054372499446,-87.62632527892583,RESIDENCE,True,False,D-06,W-19,0.6738009611368914,0.3262,MEDIUM
CR-2024-003142,2024-01-26 22:00:54,BATTERY,AGGRAVATED BATTERY,41.93651578255237,-87.66762286916098,ALLEY,True,True,D-12,W-46,0.7686549300742056,0.2313,LOW
CR-2024-003775,2025-07-20 22:39:48,BURGLARY,,41.95524212079301,-87.61695481703147,PARKING LOT,False,False,D-08,W-25,0.08592935091703809,0.6094,HIGH
CR-2023-005973,2023-02-01 23:13:46,BURGLARY,FORCIBLE ENTRY,41.88675893550802,-87.6515636939289,SIDEWALK,False,False,D-03,W-18,0.12259367180538472,0.5849,HIGH
CR-2023-000093,2024-12-12 22:34:18,BURGLARY,RESIDENTIAL,41.79073094061434,-87.63082072281642,RESIDENCE,False,False,D-02,W-13,0.08217947469299544,0.6119,HIGH
CR-2024-005863,2025-05-21 00:10:56,NARCOTICS,SALE/MANUFACTURE,41.95898599867887,-87.62817786571578,APARTMENT,True,False,D-05,W-39,0.6399993008993681,0.24,LOW
CR-2025-001292,2024-12-11 02:24:12,BURGLARY,RESIDENTIAL,41.97032938467622,-87.66781354574992,ALLEY,False,False,D-01,W-23,0.1016556488773199,0.5989,HIGH
CR-2024-000952,2023-09-27 15:23:08,CRIMINAL DAMAGE,GRAFFITI,41.94625395711992,-87.64634566148379,PARKING LOT,False,False,D-15,W-22,0.12771598357546085,0.4071,MEDIUM
CR-2024-005518,2023-10-21 01:03:20,MOTOR VEHICLE THEFT,MOTORCYCLE,41.94612350455385,-87.64664054143913,SIDEWALK,False,False,D-12,W-12,0.12859897198356496,0.5809,HIGH
CR-2024-000997,2023-05-14 16:16:38,THEFT,PETTY THEFT,41.78768620518854,-87.60224624404209,PARK,False,False,D-05,W-06,0.12490168224028805,0.4084,MEDIUM
CR-2024-003145,2023-05-15 02:08:39,ASSAULT,AGGRAVATED ASSAULT,41.77286423588188,-87.59233043607753,STREET,False,False,D-15,W-44,0.19068735389547856,0.8093,CRITICAL
CR-2023-005622,2024-07-21 22:37:08,ASSAULT,SIMPLE ASSAULT,41.81133243834814,-87.6309844035005,PARKING LOT,False,True,D-15,W-12,0.12382677865330846,0.8762,CRITICAL
CR-2025-004964,2025-03-11 00:00:36,THEFT,PETTY THEFT,41.88842389566159,-87.62158391531894,ALLEY,False,False,D-08,W-06,0.12739697787198703,0.4072,MEDIUM
CR-2024-005026,2024-09-17 17:32:58,NARCOTICS,POSSESSION OF COCAINE,41.86803477731507,-87.64623758744506,COMMERCIAL BUILDING,False,False,D-15,W-26,0.7374332530713226,0.175,LOW
CR-2023-005085,2023-07-09 23:30:23,ROBBERY,ARMED ROBBERY,41.98379826135311,-87.63710074918279,ALLEY,False,False,D-09,W-50,0.12705849661464536,0.8729,CRITICAL
CR-2023-000276,2025-04-30 23:40:36,ROBBERY,STRONGARM ROBBERY,41.80809455154149,-87.62263947891748,COMMERCIAL BUILDING,False,False,D-03,W-36,0.13092530623757714,0.8691,CRITICAL
CR-2023-000996,2024-01-31 22:01:50,NARCOTICS,POSSESSION OF COCAINE,41.80862283428687,-87.61129240381997,PARK,False,False,D-15,W-48,0.7231548159675203,0.1846,LOW
CR-2024-004651,2024-03-25 11:15:00,CRIMINAL DAMAGE,GRAFFITI,41.95908694426908,-87.69066830851276,RESIDENCE,False,False,D-02,W-13,0.11814981777833813,0.4115,MEDIUM
CR-2023-003918,2025-07-09 00:57:23,CRIMINAL DAMAGE,TO VEHICLE,41.88865238222338,-87.63096732154204,RESIDENCE,False,False,D-05,W-17,0.10202999627714543,0.4191,MEDIUM
CR-2023-003282,2023-04-18 16:35:27,NARCOTICS,POSSESSION OF COCAINE,41.77835358131394,-87.6113192156549,SIDEWALK,False,False,D-12,W-38,0.7110222505433201,0.1927,LOW
CR-2025-000908,2024-06-13 20:30:31,CRIMINAL DAMAGE,,41.845822768980064,-87.64058729978863,APARTMENT,False,False,D-05,W-16,0.07110377877490438,0.4335,MEDIUM
CR-2023-001794,2024-06-30 21:06:41,PETTY THEFT,MOTORCYCLE,41.80988960016104,-87.63890574195256,APARTMENT,False,False,D-09,W-24,0.2949358731685176,0.329,MEDIUM
CR-2023-004581,2025-03-28 03:44:55,THEFT,RETAIL THEFT,41.96182035609836,-87.63394004443882,PARK,False,False,D-04,W-02,0.2089806481554721,0.3691,MEDIUM
CR-2024-000022,2024-01-25 08:27:00,CRIMINAL DAMAGE,TO PROPERTY,41.91882956019265,-87.66969688416789,PARKING LOT,False,False,D-02,W-47,0.1232235997672495,0.4092,MEDIUM
CR-2023-004602,2023-10-28 22:52:52,BURGLARY,FORCIBLE ENTRY,41.86128654539348,-87.65537163616342,STREET,True,False,D-07,W-40,0.175594496887644,0.5496,HIGH
CR-2024-003760,2023-04-17 16:18:29,THEFT,GRAND THEFT,41.89288099567175,-87.6535876846058,COMMERCIAL BUILDING,True,True,D-09,W-33,0.14547470046383124,0.3988,MEDIUM
CR-2024-002509,2024-08-20 00:50:32,THEFT,FROM BUILDING,41.880429874988,-87.62382779102316,SIDEWALK,True,False,D-10,W-36,0.11037284791536128,0.4152,MEDIUM
CR-2025-000446,2025-04-13 08:33:29,MOTOR VEHICLE THEFT,TRUCK,41.969733493791786,-87.63191408819108,STREET,False,False,D-05,W-27,0.20306356260932495,0.5313,HIGH
CR-2025-003152,2023-05-12 07:37:05,BURGLARY,RESIDENTIAL,41.84554783546547,-87.709287759498,RESIDENCE,False,False,D-11,W-26,0.10752357054195641,0.595,HIGH
CR-2025-003131,2025-06-27 13:05:11,ROBBERY,STRONGARM ROBBERY,41.8757324373524,-87.62517561904542,PARKING LOT,False,False,D-08,W-37,0.1364242753423183,0.8636,CRITICAL
CR-2025-002393,2024-07-10 17:16:26,ROBBERY,STRONGARM ROBBERY,41.89375726157477,-87.73861187689263,PARK,False,False,D-07,W-04,0.1320911349573731,0.8679,CRITICAL
CR-2023-004962,2023-04-02 05:17:49,BURGLARY,RESIDENTIAL,41.87879956049849,-87.63761339355855,APARTMENT,False,False,D-11,W-29,0.07104287155148578,0.6193,HIGH
CR-2023-004992,2024-11-22 06:20:21,MOTOR VEHICLE THEFT,TRUCK,41.92454053257962,-87.66315452476852,PARK,False,False,D-14,W-43,0.2180991697779994,0.5213,HIGH
CR-2024-001162,2024-03-28 11:53:42,ROBBERY,ARMED ROBBERY,41.77876009952927,-87.6122814586102,PARK,False,True,D-14,W-43,0.21773764609973278,0.7823,CRITICAL
CR-2023-004056,2023-11-26 18:35:18,BURGLARY,RESIDENTIAL,41.734978282514966,-87.66072456443136,ALLEY,False,False,D-04,W-14,0.27858703414920694,0.4809,MEDIUM
CR-2024-004672,2024-11-26 02:08:36,MOTOR VEHICLE THEFT,TRUCK,41.94902126852798,-87.6585353456233,COMMERCIAL BUILDING,False,False,D-11,W-39,0.09019578638835489,0.6065,HIGH
CR-2023-002382,2023-04-03 14:19:53,BATTERY,SIMPLE BATTERY,41.928511429564,-87.65030903620803,SIDEWALK,True,True,D-06,W-35,0.7508480490991765,0.2492,LOW
CR-2023-005964,2025-07-08 01:14:39,BATTERY,SIMPLE BATTERY,41.8695986069595,-87.74188301000945,SIDEWALK,False,False,D-07,W-32,0.8185196120153296,0.1815,LOW
CR-2023-002964,2023-10-07 06:22:58,BURGLARY,RESIDENTIAL,41.89581484857959,-87.62375088155444,RESIDENCE,False,False,D-04,W-41,0.14706758613301513,0.5686,HIGH
CR-2024-002836,2024-10-12 07:32:06,ROBBERY,ARMED ROBBERY,41.93557771479551,-87.59881338817993,COMMERCIAL BUILDING,False,False,D-13,W-39,0.14252162579306443,0.8575,CRITICAL
CR-2023-000384,2025-10-26 21:39:19,ROBBERY,STRONGARM ROBBERY,41.86869549413319,-87.60261327163005,ALLEY,False,False,D-05,W-17,0.176538976355046,0.8235,CRITICAL
CR-2025-005690,2025-09-06 08:17:45,THEFT,RETAIL THEFT,41.88528271359827,-87.63020821198567,STREET,False,False,D-09,W-01,0.2019023061311462,0.3724,MEDIUM
CR-2024-005746,2025-04-18 17:34:58,MOTOR VEHICLE THEFT,TRUCK,41.88149814126397,-87.6103312524151,COMMERCIAL BUILDING,False,False,D-03,W-47,0.10374109803714009,0.5975,HIGH
CR-2023-001146,2025-02-01 19:27:20,ASSAULT,SIMPLE ASSAULT,41.78103295356413,-87.64920664304103,APARTMENT,False,True,D-08,W-06,0.18050965308408146,0.8195,CRITICAL
CR-2024-003550,2023-07-19 21:17:02,MOTOR VEHICLE THEFT,MOTORCYCLE,41.87479972958511,-87.63171110308585,APARTMENT,False,False,D-15,W-49,0.16983936224457383,0.5534,HIGH
CR-2025-002249,2023-12-16 09:30:06,MOTOR VEHICLE THEFT,AUTOMOBILE,41.84555483873412,-87.64771284101639,COMMERCIAL BUILDING,False,False,D-14,W-34,0.19297288874017832,0.538,HIGH
CR-2025-002411,2024-08-01 22:54:57,MOTOR VEHICLE THEFT,TRUCK,41.865414903432594,-87.6300114844886,COMMERCIAL BUILDING,False,False,D-08,W-10,0.09206972059814324,0.6053,HIGH
CR-2023-003732,2025-02-20 01:06:01,NARCOTICS,POSSESSION OF HEROIN,41.9097694450115,-87.64270848105721,APARTMENT,True,False,D-06,W-49,0.8262074697993494,0.1159,LOW
CR-2024-005443,2025-07-07 06:45:24,ASSAULT,SIMPLE ASSAULT,41.865532654082486,-87.64247054498055,COMMERCIAL BUILDING,False,True,D-08,W-50,0.11838792067426128,0.8816,CRITICAL
CR-2023-003876,2025-04-09 13:57:56,ASSAULT,AGGRAVATED ASSAULT,41.799150680962654,-87.64712152709501,PARK,True,True,D-01,W-01,0.23305124525490964,0.7669,CRITICAL
CR-2023-001818,2025-01-23 06:03:32,MOTOR VEHICLE THEFT,AUTOMOBILE,41.87301316581095,-87.62424908327097,RESIDENCE,False,False,D-11,W-10,0.09700441316563187,0.602,HIGH
CR-2023-005511,2023-08-20 17:50:02,ROBBERY,STRONGARM ROBBERY,41.797978557517744,-87.60593797074418,PARKING LOT,False,False,D-10,W-40,0.16877286672841021,0.8312,CRITICAL
CR-2025-002246,2025-04-08 11:33:10,ROBBERY,STRONGARM ROBBERY,41.86926001652859,-87.63667957954152,STREET,False,False,D-02,W-48,0.18619284499145838,0.8138,CRITICAL
CR-2023-002679,2023-05-10 09:40:13,BATTERY,DOMESTIC BATTERY,41.73372396512671,-87.63587113251675,ALLEY,True,False,D-13,W-46,0.8340713422838218,0.1659,LOW
CR-2024-004708,2024-09-11 16:26:37,ROBBERY,STRONGARM ROBBERY,41.98308083908845,-87.64761581556701,COMMERCIAL BUILDING,False,False,D-07,W-44,0.18887114379798542,0.8111,CRITICAL
CR-2023-001104,2025-01-20 01:52:35,BURGLARY,COMMERCIAL,41.87340412954216,-87.62981062891865,RESIDENCE,False,False,D-14,W-49,0.2252799779285844,0.5165,HIGH
CR-2024-002923,2024-06-08 10:27:21,ASSAULT,,41.9220090513871,-87.64471532598446,ALLEY,False,False,D-10,W-20,0.14965498384589718,0.8503,CRITICAL
CR-2023-002808,2025-07-25 21:18:46,ROBBERY,ARMED ROBBERY,41.87557422616291,-87.63469018743726,RESIDENCE,True,False,D-15,W-47,0.0698882419878579,0.9301,CRITICAL
CR-2023-005664,2025-03-23 12:16:16,THEFT,RETAIL THEFT,41.866148281509965,-87.6366759754482,APARTMENT,False,False,D-14,W-01,0.25599352273477965,0.3472,MEDIUM
CR-2024-003778,2025-10-05 20:21:51,MOTOR VEHICLE THEFT,AUTOMOBILE,41.89780673264858,-87.63003207461091,PARK,False,False,D-15,W-03,0.14593958031823542,0.5694,HIGH
CR-2024-005932,2024-03-11 04:19:39,ASSAULT,AGGRAVATED ASSAULT,41.77457966620266,-87.6572266105458,ALLEY,False,True,D-05,W-06,0.20731739985894088,0.7927,CRITICAL
CR-2025-005147,2024-03-27 15:04:31,BURGLARY,COMMERCIAL,41.95046235164891,-87.66072593126295,APARTMENT,False,False,D-05,W-42,0.08185800969913862,0.6121,HIGH
CR-2024-000349,2025-04-12 06:18:15,BATTERY,SIMPLE BATTERY,41.96688054038414,-87.65899804272885,SIDEWALK,True,False,D-10,W-48,0.7413903446268771,0.2586,MEDIUM
CR-2023-003129,2025-12-23 17:41:47,BATTERY,SIMPLE BATTERY,41.75381402741251,-87.6372838074772,PARK,True,False,D-14,W-07,0.8182146691721695,0.1818,LOW
CR-2024-003919,2023-05-09 01:31:33,BATTERY,DOMESTIC BATTERY,41.7720012137076,-87.63804309590233,ALLEY,True,False,D-10,W-16,0.6879714586410555,0.312,MEDIUM
CR-2025-003497,2024-03-20 04:57:13,NARCOTICS,POSSESSION OF COCAINE,41.76312886123023,-87.63644667012393,SIDEWALK,False,True,D-03,W-47,0.7109732273887557,0.1927,LOW
CR-2024-004120,2025-10-17 15:01:13,BURGLARY,COMMERCIAL,41.88129236598005,-87.62995528434863,ALLEY,False,False,D-08,W-17,0.12975093433275284,0.5802,HIGH
CR-2024-000790,2024-03-20 03:30:09,BURGLARY,COMMERCIAL,41.88110853795847,-87.61257043975857,PARK,False,False,D-14,W-36,0.14245425319500296,0.5717,HIGH
CR-2024-004504,2023-11-27 17:53:10,BATTERY,,41.88267726253813,-87.61257863700403,PARK,True,True,D-01,W-20,0.753233034127988,0.2468,LOW
CR-2023-000105,2024-07-14 09:43:34,NARCOTICS,POSSESSION OF COCAINE,41.79317226276733,-87.6006108589955,RESIDENCE,True,False,D-12,W-06,0.6703198293256208,0.2198,LOW
CR-2024-005728,2023-01-07 18:31:50,MOTOR VEHICLE THEFT,MOTORCYCLE,41.9151111834349,-87.71197622807966,COMMERCIAL BUILDING,False,False,D-10,W-45,0.17125151840010916,0.5525,HIGH
CR-2024-005677,2025-03-16 05:52:00,CRIMINAL DAMAGE,TO PROPERTY,41.96308851705619,-87.62685154089428,PARKING LOT,False,False,D-14,W-34,0.18385054203362267,0.3809,MEDIUM
CR-2023-003486,2023-06-13 07:35:56,MOTOR VEHICLE THEFT,AUTOMOBILE,41.91501609844295,-87.70594691725346,PARK,False,False,D-08,W-17,0.1849400482245835,0.5434,HIGH
CR-2025-000665,2025-02-22 11:47:00,CRIMINAL DAMAGE,TO PROPERTY,41.90106126248516,-87.61151857222454,APARTMENT,True,False,D-02,W-24,0.18897605260540437,0.3785,MEDIUM
CR-2025-005468,2024-01-20 18:43:25,NARCOTICS,POSSESSION OF COCAINE,41.8884024124318,-87.63577490519323,RESIDENCE,True,True,D-15,W-40,0.7460799600125421,0.1693,LOW
CR-2023-003696,2024-06-22 12:21:46,CRIMINAL DAMAGE,TO VEHICLE,41.922244468697045,-87.66220208193639,STREET,False,False,D-08,W-39,0.10932339847220623,0.4156,MEDIUM
CR-2024-003859,2024-05-22 01:51:40,ASSAULT,SIMPLE ASSAULT,41.87360727443679,-87.64833554533074,ALLEY,True,False,D-06,W-23,0.13015131018958065,0.8698,CRITICAL
CR-2023-004680,2024-07-24 16:34:12,BATTERY,SIMPLE BATTERY,41.81449884613853,-87.59365575879272,PARKING LOT,True,False,D-06,W-15,0.7420623599019217,0.2579,MEDIUM
CR-2025-003323,2025-06-13 05:26:58,CRIMINAL DAMAGE,TO PROPERTY,41.95945810457199,-87.67403184012487,SIDEWALK,False,False,D-04,W-20,0.1375650691114006,0.4025,MEDIUM
CR-2023-005655,2023-03-28 00:56:02,CRIMINAL DAMAGE,TO VEHICLE,41.77575451621129,-87.65582728320906,COMMERCIAL BUILDING,False,False,D-13,W-08,0.14426524947486857,0.3993,MEDIUM
CR-2025-002783,2023-02-25 02:59:07,ROBBERY,STRONGARM ROBBERY,41.89441565639237,-87.61942572137318,SIDEWALK,False,False,D-10,W-10,0.15053259149080386,0.8495,CRITICAL
CR-2024-005413,2023-01-25 21:40:58,ASSAULT,SIMPLE ASSAULT,41.87251903512004,-87.62558663310098,APARTMENT,True,True,D-11,W-06,0.12093805443490542,0.8791,CRITICAL
CR-2023-002019,2025-07-27 13:05:58,ROBBERY,STRONGARM ROBBERY,41.77834249290705,-87.64622213856438,SIDEWALK,False,False,D-05,W-24,0.1979469803182864,0.8021,CRITICAL
CR-2023-001422,2024-12-29 18:55:08,NARCOTICS,SALE/MANUFACTURE,41.95273551127525,-87.67724605055265,SIDEWALK,True,False,D-04,W-32,0.8076902452685873,0.1282,LOW
CR-2025-000437,2024-10-28 05:03:19,NARCOTICS,POSSESSION OF HEROIN,41.8776030954069,-87.60288163204724,COMMERCIAL BUILDING,False,False,D-14,W-08,0.7979787186188921,0.1347,LOW
CR-2023-005922,2024-10-13 10:44:36,THEFT,GRAND THEFT,41.87917131248872,-87.63143272937604,STREET,False,False,D-06,W-01,0.22785208122543982,0.3603,MEDIUM
CR-2024-003406,2024-08-07 04:24:46,OTHER OFFENSE,DUPLICATE ID TEST RECORD,41.86553891412027,-87.66140333671939,PARK,True,False,D-07,W-27,0.40063424718755725,0.2797,MEDIUM
CR-2024-000295,2025-02-18 23:39:47,THEFT,PETTY THEFT,41.94983132474439,-87.6648531489353,STREET,False,False,D-09,W-26,0.1599354101653271,0.392,MEDIUM
CR-2024-004486,2023-06-06 23:32:32,ROBBERY,ARMED ROBBERY,41.86821464260011,-87.60987030382684,COMMERCIAL BUILDING,False,False,D-10,W-20,0.10789601931390808,0.8921,CRITICAL
CR-2023-001101,2024-01-26 13:42:47,ASSAULT,SIMPLE ASSAULT,41.7968939485537,-87.66133182394678,APARTMENT,False,True,D-05,W-27,0.20892519687044617,0.7911,CRITICAL
CR-2024-000097,2025-09-18 14:38:09,ROBBERY,STRONGARM ROBBERY,41.78322952314628,-87.61936706550678,PARKING LOT,False,False,D-06,W-33,0.15289641446512314,0.8471,CRITICAL
CR-2024-003763,2023-07-13 01:23:48,BATTERY,SIMPLE BATTERY,41.89888687002414,-87.73416083542743,STREET,False,False,D-13,W-33,0.7636235991384412,0.2364,LOW
CR-2025-002204,2024-01-17 13:13:42,ROBBERY,STRONGARM ROBBERY,41.95921817037122,-87.63777661665617,PARKING LOT,False,False,D-12,W-01,0.2210615434993924,0.7789,CRITICAL
CR-2024-000247,2025-06-18 00:42:59,BURGLARY,RESIDENTIAL,41.90094686115905,-87.62171634934474,APARTMENT,False,False,D-06,W-16,0.0751075376740776,0.6166,HIGH
CR-2024-000460,2024-06-27 20:57:05,BURGLARY,FORCIBLE ENTRY,41.9698726349972,-87.67583030598821,ALLEY,False,False,D-02,W-08,0.09909580470108895,0.6006,HIGH
CR-2024-000151,2024-07-04 20:28:04,BATTERY,AGGRAVATED BATTERY,41.96334587210247,-87.64309259469132,SIDEWALK,True,False,D-08,W-32,0.7508615053975608,0.2491,LOW
CR-2023-004830,2023-07-06 17:19:20,ROBBERY,ARMED ROBBERY,41.77760113072748,-87.62196629131276,PARK,False,False,D-01,W-04,0.11253933635845434,0.8875,CRITICAL
CR-2025-003635,2023-01-28 12:24:22,ROBBERY,STRONGARM ROBBERY,41.85233491777456,-87.62625786385182,ALLEY,True,False,D-14,W-27,0.2797451440581308,0.7203,HIGH
CR-2024-003202,2023-07-12 20:11:01,PETTY THEFT,COMMERCIAL,41.79193623497649,-87.5955757731611,COMMERCIAL BUILDING,False,False,D-13,W-15,0.2472524414343242,0.3513,MEDIUM
CR-2025-005948,2024-01-20 23:38:04,ASSAULT,SIMPLE ASSAULT,41.77061901727804,-87.62201899746948,RESIDENCE,False,False,D-08,W-08,0.13534144796496128,0.8647,CRITICAL
CR-2025-001091,2023-03-09 00:22:20,CRIMINAL DAMAGE,TO PROPERTY,41.87539412477357,-87.60920727287986,COMMERCIAL BUILDING,False,False,D-10,W-12,0.09804031870803796,0.4209,MEDIUM
CR-2025-005717,2023-07-12 22:48:21,BATTERY,AGGRAVATED BATTERY,41.8529074581063,-87.64792455273489,SIDEWALK,True,False,D-01,W-43,0.7481786273282517,0.2518,MEDIUM
CR-2024-000829,2024-12-14 09:21:33,NARCOTICS,POSSESSION OF COCAINE,41.86300186152081,-87.61270182158307,COMMERCIAL BUILDING,True,False,D-10,W-09,0.7304777159644962,0.1797,LOW
CR-2024-004657,2023-09-29 11:44:35,BATTERY,AGGRAVATED BATTERY,41.876154904219575,-87.65284796035573,PARK,True,True,D-10,W-26,0.786749006251348,0.2133,LOW
CR-2023-002475,2025-02-10 09:18:50,ASSAULT,AGGRAVATED ASSAULT,41.8817030876592,-87.61100300762848,PARK,False,True,D-02,W-19,0.20981903630311544,0.7902,CRITICAL
CR-2023-001158,2024-12-14 16:33:47,BATTERY,DOMESTIC BATTERY,41.89068410750705,-87.63905879779821,RESIDENCE,True,False,D-08,W-47,0.6176914170582211,0.3823,MEDIUM
CR-2024-005569,2025-05-26 04:50:27,CRIMINAL DAMAGE,TO VEHICLE,41.93764112067333,-87.65895803134848,STREET,False,False,D-03,W-31,0.1477443179164152,0.3977,MEDIUM
CR-2024-004945,2024-06-17 12:12:04,ROBBERY,ARMED ROBBERY,41.8968792118177,-87.61606264327604,RESIDENCE,False,False,D-01,W-42,0.12671249284005492,0.8733,CRITICAL
CR-2023-005391,2024-10-06 20:54:52,ASSAULT,SIMPLE ASSAULT,41.86698255997048,-87.61768390666025,PARKING LOT,False,True,D-06,W-42,0.1349332775197956,0.8651,CRITICAL
CR-2024-004252,2024-03-10 14:43:11,BATTERY,DOMESTIC BATTERY,41.92095180524878,-87.66141264884813,COMMERCIAL BUILDING,False,False,D-05,W-13,0.7277811720596337,0.2722,MEDIUM
CR-2025-003017,2023-11-19 06:39:01,BATTERY,AGGRAVATED BATTERY,41.85669760134828,-87.62875994257428,COMMERCIAL BUILDING,True,False,D-15,W-25,0.6985044885521686,0.3015,MEDIUM
CR-2023-003810,2025-06-29 02:38:04,ASSAULT,AGGRAVATED ASSAULT,41.86606592249098,-87.63736950613435,ALLEY,False,True,D-13,W-39,0.12258725558841428,0.8774,CRITICAL
CR-2023-000891,2025-07-10 06:59:15,BATTERY,SIMPLE BATTERY,41.74128199064923,-87.60999860090776,APARTMENT,True,False,D-09,W-11,0.759462345727177,0.2405,LOW
CR-2025-000077,2024-11-16 02:35:43,NARCOTICS,POSSESSION OF COCAINE,41.88249608709948,-87.6405152712704,RESIDENCE,True,False,D-03,W-23,0.6868243654341375,0.2088,LOW
CR-2025-005141,2024-11-14 16:34:20,THEFT,,41.89373285865475,-87.62630072438368,STREET,False,False,D-03,W-07,0.16410548817394294,0.3901,MEDIUM
CR-2024-001633,2025-12-16 23:51:19,ASSAULT,SIMPLE ASSAULT,41.930833538456405,-87.66286015798036,APARTMENT,False,False,D-11,W-49,0.1579835253646086,0.842,CRITICAL
CR-2023-004950,2023-04-30 06:14:59,BURGLARY,FORCIBLE ENTRY,41.892119820610056,-87.62425111580494,PARKING LOT,False,True,D-02,W-50,0.10983833267218919,0.5934,HIGH
CR-2023-002055,2024-12-30 23:20:21,ASSAULT,AGGRAVATED ASSAULT,41.80755075360355,-87.64843428712115,COMMERCIAL BUILDING,False,False,D-03,W-25,0.12769810235570594,0.8723,CRITICAL
CR-2023-000819,2023-02-25 12:31:48,BATTERY,AGGRAVATED BATTERY,41.90903787378865,-87.64581299371382,ALLEY,True,False,D-12,W-41,0.7686339637591774,0.2314,LOW
CR-2024-000910,2024-09-26 08:55:02,NARCOTICS,POSSESSION OF COCAINE,41.87823737459234,-87.72551666610674,COMMERCIAL BUILDING,True,False,D-06,W-49,0.843989853394671,0.104,LOW
CR-2025-005216,2025-08-12 21:55:04,MOTOR VEHICLE THEFT,MOTORCYCLE,41.9547104588184,-87.65625717855305,APARTMENT,True,False,D-08,W-23,0.098746484562191,0.6008,HIGH
CR-2023-002259,2024-06-16 11:58:45,THEFT,FROM BUILDING,41.78760854348116,-87.65144575166065,COMMERCIAL BUILDING,False,False,D-06,W-07,0.18356524635185645,0.381,MEDIUM
CR-2025-000680,2023-07-16 12:48:59,ASSAULT,AGGRAVATED ASSAULT,41.77851725377067,-87.61451771250998,SIDEWALK,False,False,D-07,W-39,0.16030798298928758,0.8397,CRITICAL
CR-2024-000991,2024-05-24 23:39:27,THEFT,FROM BUILDING,41.9358656555082,-87.63805213055234,SIDEWALK,False,False,D-03,W-36,0.12216945966034412,0.4097,MEDIUM
CR-2023-003951,2025-08-23 20:35:38,CRIMINAL DAMAGE,GRAFFITI,41.78862047275659,-87.65834683315765,APARTMENT,False,False,D-07,W-42,0.12818773381525056,0.4068,MEDIUM
CR-2024-002290,2023-06-16 21:02:23,MOTOR VEHICLE THEFT,AUTOMOBILE,41.95258940167295,-87.67499068100963,APARTMENT,False,False,D-14,W-44,0.17331037801232224,0.5511,HIGH
CR-2024-000835,2024-12-25 07:35:37,ROBBERY,ARMED ROBBERY,41.87451601851246,-87.63530236617723,COMMERCIAL BUILDING,False,False,D-03,W-06,0.15558674804713699,0.8444,CRITICAL
CR-2024-000265,2025-02-20 00:49:45,CRIMINAL DAMAGE,TO PROPERTY,41.79486481146944,-87.67053800155674,PARK,False,False,D-04,W-30,0.169907774439366,0.3874,MEDIUM
CR-2024-003250,2023-10-27 11:26:52,MOTOR VEHICLE THEFT,TRUCK,41.97294547644162,-87.67950321005962,RESIDENCE,False,False,D-03,W-06,0.14897250017134367,0.5674,HIGH
CR-2023-004107,2024-07-23 21:46:23,THEFT,RETAIL THEFT,41.87148057299182,-87.72258229045887,APARTMENT,False,False,D-09,W-25,0.09454459898025269,0.4225,MEDIUM
CR-2023-005487,2025-09-13 20:16:08,ASSAULT,,41.92903328273493,-87.65033389048527,SIDEWALK,False,True,D-10,W-03,0.1510903631137888,0.8489,CRITICAL
CR-2024-001702,2023-10-17 17:38:07,NARCOTICS,SALE/MANUFACTURE,41.88463963084251,-87.6677836912783,ALLEY,True,False,D-07,W-40,0.8036033708600671,0.1309,LOW
CR-2023-004458,2024-02-13 09:03:05,CRIMINAL DAMAGE,TO PROPERTY,41.91233363374568,-87.7360389018447,ALLEY,False,False,D-11,W-50,0.09876144009272522,0.4206,MEDIUM
CR-2025-003224,2024-11-02 22:45:08,ASSAULT,SIMPLE ASSAULT,41.84004971889484,-87.72085257287807,ALLEY,True,False,D-05,W-33,0.18323964899680453,0.8168,CRITICAL
CR-2023-000696,2024-02-14 10:04:57,THEFT,GRAND THEFT,41.98866774495053,-87.65256929337835,PARK,False,False,D-04,W-12,0.1833476527254483,0.3811,MEDIUM
CR-2025-003146,2024-03-10 23:51:30,NARCOTICS,SALE/MANUFACTURE,41.88568336779823,-87.62325646442798,STREET,True,False,D-13,W-08,0.7258984735105406,0.1827,LOW
CR-2024-001594,2025-03-08 00:32:30,NARCOTICS,POSSESSION OF COCAINE,41.96625907740218,-87.61870759596567,PARK,True,False,D-07,W-43,0.8135069687917992,0.1243,LOW
CR-2023-002256,2023-03-18 20:38:50,BURGLARY,FORCIBLE ENTRY,41.86926331800829,-87.64383394448144,COMMERCIAL BUILDING,False,False,D-14,W-42,0.13228512536265305,0.5785,HIGH
CR-2025-002336,2025-05-01 15:19:54,BURGLARY,COMMERCIAL,41.95800521002812,-87.6764021535096,PARK,False,False,D-05,W-03,0.09190521414112884,0.6054,HIGH
CR-2024-000955,2023-05-22 06:21:30,THEFT,GRAND THEFT,41.9830502999897,-87.61067399707615,COMMERCIAL BUILDING,False,False,D-02,W-19,0.1923960214051316,0.3769,MEDIUM
CR-2024-005776,2023-12-30 20:59:52,ASSAULT,AGGRAVATED ASSAULT,41.89574016477797,-87.612778470777,RESIDENCE,False,False,D-04,W-16,0.13320743342557867,0.8668,CRITICAL
CR-2023-002853,2025-12-30 20:31:55,BURGLARY,FORCIBLE ENTRY,41.80324315577131,-87.62153005549196,SIDEWALK,False,False,D-06,W-41,0.10303562599310433,0.598,HIGH
CR-2024-003688,2024-04-20 09:06:16,MOTOR VEHICLE THEFT,TRUCK,41.88506376857185,-87.6206629672142,RESIDENCE,False,False,D-03,W-33,0.16291144530750332,0.5581,HIGH
CR-2025-003902,2025-10-31 15:00:48,BATTERY,AGGRAVATED BATTERY,41.87569160585748,-87.63812929153902,STREET,True,False,D-14,W-05,0.8094522485401618,0.1905,LOW
CR-2023-003711,2024-10-13 13:36:22,CRIMINAL DAMAGE,TO PROPERTY,41.92571657709444,-87.63471639127744,APARTMENT,False,False,D-14,W-11,0.1837430973794096,0.3809,MEDIUM
CR-2023-000759,2023-03-27 11:58:30,BATTERY,DOMESTIC BATTERY,41.86273719763506,-87.60198861150499,PARKING LOT,False,False,D-12,W-35,0.7200703257675855,0.2799,MEDIUM
CR-2023-004788,2023-08-03 16:50:22,BURGLARY,FORCIBLE ENTRY,41.85161526386175,-87.71334258090481,SIDEWALK,False,False,D-01,W-31,0.14013426913532234,0.5732,HIGH
CR-2023-000918,2023-10-13 13:52:46,ASSAULT,SIMPLE ASSAULT,41.92552547585358,-87.65312880588446,RESIDENCE,True,False,D-06,W-22,0.1639061331055845,0.8361,CRITICAL
CR-2023-004371,2023-12-17 17:57:25,THEFT,GRAND THEFT,41.78217798311688,-87.60687893542998,APARTMENT,False,False,D-14,W-50,0.13730032851674304,0.4026,MEDIUM
CR-2024-000793,2025-05-28 19:08:33,BURGLARY,COMMERCIAL,41.78331103888193,-87.63817569597708,RESIDENCE,False,False,D-02,W-02,0.09682318804075432,0.6021,HIGH
CR-2023-003369,2025-03-21 01:24:37,THEFT,FROM BUILDING,42.00710812412777,-87.67585847530022,STREET,False,False,D-02,W-37,0.18960020679448528,0.3782,MEDIUM
CR-2025-001289,2025-04-08 03:31:31,MOTOR VEHICLE THEFT,AUTOMOBILE,41.9540127280898,-87.62012759031609,ALLEY,False,False,D-01,W-15,0.20946832497635456,0.527,HIGH
CR-2025-002345,2023-07-20 17:44:24,ROBBERY,ARMED ROBBERY,41.876859274641554,-87.62615362408509,RESIDENCE,False,False,D-15,W-17,0.12497279533067081,0.875,CRITICAL
CR-2025-003191,2025-07-15 06:31:16,ROBBERY,ARMED ROBBERY,41.93809658201816,-87.65783037793908,PARK,False,False,D-03,W-47,0.11228838079944023,0.8877,CRITICAL
CR-2024-001924,2024-08-11 20:33:38,BURGLARY,FORCIBLE ENTRY,41.875850889213815,-87.65129727721788,COMMERCIAL BUILDING,False,False,D-11,W-19,0.08966629431312655,0.6069,HIGH
CR-2023-000615,2023-08-02 01:14:41,ROBBERY,STRONGARM ROBBERY,41.93725016429984,-87.68269605959158,APARTMENT,True,False,D-13,W-13,0.11480433951866817,0.8852,CRITICAL
CR-2023-003534,2025-11-04 00:20:39,BATTERY,SIMPLE BATTERY,41.909501156986174,-87.76435332945704,PARKING LOT,True,True,D-14,W-44,0.824707096685529,0.1753,LOW
CR-2024-002551,2025-12-27 23:06:41,BATTERY,AGGRAVATED BATTERY,41.88182487713774,-87.62862823397147,PARKING LOT,False,True,D-11,W-44,0.669230361376603,0.3308,MEDIUM
CR-2023-003783,2025-11-20 20:12:56,ROBBERY,STRONGARM ROBBERY,41.874148735640766,-87.74894999799588,APARTMENT,False,False,D-07,W-03,0.18581727772828197,0.8142,CRITICAL
CR-2024-001129,2025-04-14 23:21:40,BATTERY,DOMESTIC BATTERY,41.83372415058072,-87.72331893335766,COMMERCIAL BUILDING,True,False,D-04,W-28,0.855972126727745,0.144,LOW
CR-2023-003909,2024-04-24 19:06:48,NARCOTICS,SALE/MANUFACTURE,41.93942608634761,-87.65061481471086,RESIDENCE,False,False,D-09,W-50,0.558757703730164,0.2942,MEDIUM
CR-2025-000287,2025-12-14 01:03:18,CRIMINAL DAMAGE,GRAFFITI,41.96498811162367,-87.69952270618016,STREET,False,False,D-02,W-25,0.12098509512570256,0.4102,MEDIUM
CR-2025-000431,2025-04-16 03:36:18,THEFT,GRAND THEFT,41.901312578019954,-87.60286183490356,SIDEWALK,False,False,D-08,W-02,0.13604396769106292,0.4032,MEDIUM
CR-2023-003072,2024-10-16 20:27:13,BURGLARY,COMMERCIAL,41.79366860838776,-87.63450284328138,COMMERCIAL BUILDING,False,False,D-03,W-12,0.09620531115681343,0.6025,HIGH
CR-2024-000391,2025-05-16 06:11:13,BURGLARY,COMMERCIAL,41.95600395702012,-87.64308828509432,STREET,False,False,D-02,W-21,0.14338334628374624,0.5711,HIGH
CR-2023-000138,2025-03-15 11:36:12,ASSAULT,SIMPLE ASSAULT,41.88418307452032,-87.73770390378886,PARK,False,True,D-13,W-19,0.19082438466814228,0.8092,CRITICAL
CR-2025-002384,2023-09-21 06:09:51,CRIMINAL DAMAGE,TO VEHICLE,41.80463532752388,-87.60908245182324,APARTMENT,True,False,D-01,W-50,0.10989533930514458,0.4154,MEDIUM
CR-2024-005767,2023-04-11 22:57:44,ASSAULT,AGGRAVATED ASSAULT,41.80318360711354,-87.59412245233744,STREET,False,False,D-15,W-07,0.1676294660000361,0.8324,CRITICAL
CR-2024-000943,2025-06-06 23:44:16,BURGLARY,FORCIBLE ENTRY,41.86595594720118,-87.62343908433304,PARKING LOT,False,False,D-09,W-41,0.08257255666985637,0.6116,HIGH
CR-2024-005989,2023-03-10 08:45:56,BATTERY,AGGRAVATED BATTERY,41.955533352145,-87.61056057845876,SIDEWALK,True,False,D-10,W-30,0.7646182982665047,0.2354,LOW
CR-2023-002832,2024-06-06 00:01:43,BURGLARY,RESIDENTIAL,41.766709164476126,-87.66490634662321,PARK,False,False,D-12,W-34,0.0878713601939302,0.6081,HIGH
CR-2025-003566,2025-03-19 00:43:48,THEFT,FROM BUILDING,41.960246590940265,-87.65331372370098,STREET,False,False,D-11,W-38,0.13604309888076774,0.4032,MEDIUM
CR-2023-005418,2024-03-27 02:00:55,CRIMINAL DAMAGE,GRAFFITI,41.76166808442119,-87.64612490375316,SIDEWALK,False,False,D-13,W-46,0.17052219000902677,0.3871,MEDIUM
CR-2023-003012,2023-06-11 22:32:11,BURGLARY,FORCIBLE ENTRY,41.77095597764957,-87.6260855371997,ALLEY,False,False,D-04,W-02,0.14506210962482527,0.57,HIGH
CR-2023-005685,2025-09-29 04:44:47,CRIMINAL DAMAGE,TO PROPERTY,41.86662726157538,-87.65673974101877,PARK,False,False,D-08,W-13,0.11869194437796454,0.4113,MEDIUM
CR-2024-000064,2023-08-21 23:28:49,ROBBERY,ARMED ROBBERY,41.95039302730175,-87.66536951308233,APARTMENT,False,True,D-13,W-43,0.13493171576010884,0.8651,CRITICAL
CR-2025-005654,2023-01-06 08:19:39,CRIMINAL DAMAGE,GRAFFITI,41.93858387067007,-87.6779197477697,COMMERCIAL BUILDING,False,False,D-15,W-43,0.15503923911525938,0.3943,MEDIUM
CR-2023-000666,2024-07-13 01:41:30,NARCOTICS,POSSESSION OF HEROIN,41.87675802832326,-87.7000669295367,SIDEWALK,True,False,D-10,W-02,0.748859098395231,0.1674,LOW
CR-2023-005133,2024-05-26 08:06:41,NARCOTICS,POSSESSION OF HEROIN,41.872921206546856,-87.72914492684826,SIDEWALK,True,False,D-14,W-32,0.8582911566043463,0.0945,LOW
CR-2025-004862,2025-03-23 11:01:25,MOTOR VEHICLE THEFT,TRUCK,41.76013432945058,-87.63648873527998,PARKING LOT,False,False,D-12,W-22,0.17916042059603418,0.5472,HIGH
CR-2024-000883,2025-11-28 21:42:12,ASSAULT,SIMPLE ASSAULT,41.91066414076247,-87.63243828718649,APARTMENT,False,False,D-11,W-16,0.08335986098302801,0.9166,CRITICAL
CR-2024-000313,2024-05-16 05:39:57,ROBBERY,STRONGARM ROBBERY,41.86325592769612,-87.6316868038015,STREET,False,False,D-02,W-25,0.12984379533809873,0.8702,CRITICAL
CR-2023-005358,2024-01-17 10:02:49,NARCOTICS,,41.949324232073415,-87.64032127772388,ALLEY,True,False,D-06,W-18,0.7947334522324543,0.1368,LOW
CR-2024-002047,2025-05-12 20:11:45,BURGLARY,COMMERCIAL,41.89662127871068,-87.64527932863142,COMMERCIAL BUILDING,False,False,D-14,W-50,0.09443090346206504,0.6037,HIGH
CR-2025-003509,2025-02-14 21:24:25,MOTOR VEHICLE THEFT,TRUCK,41.90382829334477,-87.72590641363446,ALLEY,False,False,D-02,W-26,0.20948353147301382,0.527,HIGH
CR-2023-001575,2025-05-03 08:38:23,NARCOTICS,POSSESSION OF COCAINE,41.96523967390904,-87.66268414400895,SIDEWALK,True,False,D-08,W-36,0.7192390554684224,0.1872,LOW
CR-2024-003376,2025-10-07 05:02:15,ASSAULT,AGGRAVATED ASSAULT,41.87413181151943,-87.62431360020861,SIDEWALK,False,True,D-02,W-29,0.12400375580682868,0.876,CRITICAL
CR-2025-004814,2023-04-26 23:07:42,ASSAULT,AGGRAVATED ASSAULT,41.75732025719583,-87.57799665285008,STREET,False,False,D-03,W-08,0.19930420158902729,0.8007,CRITICAL
CR-2025-000707,2025-06-25 20:51:40,MOTOR VEHICLE THEFT,,41.86844722654431,-87.61588239807878,COMMERCIAL BUILDING,False,False,D-03,W-22,0.13286676116542745,0.5781,HIGH
CR-2025-002948,2025-08-28 07:27:57,BURGLARY,RESIDENTIAL,41.73962119122206,-87.60196214784251,ALLEY,False,False,D-08,W-33,0.1548296839186972,0.5634,HIGH
CR-2023-003102,2025-06-18 07:45:10,CRIMINAL DAMAGE,TO VEHICLE,41.85968281523539,-87.69842189847654,SIDEWALK,False,False,D-08,W-36,0.12123928479817783,0.4101,MEDIUM
CR-2025-001400,2025-06-13 09:44:59,ROBBERY,STRONGARM ROBBERY,41.95207669032645,-87.60143932672038,STREET,False,False,D-04,W-02,0.2536393833181515,0.7464,HIGH
CR-2024-004207,2023-08-28 11:26:48,CRIMINAL DAMAGE,GRAFFITI,41.936835758035606,-87.64939718041325,STREET,False,False,D-01,W-41,0.17018454072982855,0.3872,MEDIUM
CR-2023-002565,2024-08-26 22:45:27,MOTOR VEHICLE THEFT,TRUCK,41.884640086628345,-87.61714240735537,PARK,False,False,D-10,W-27,0.12525720024737758,0.5832,HIGH
CR-2025-002207,2023-10-02 16:55:29,MOTOR VEHICLE THEFT,AUTOMOBILE,41.78391149078534,-87.61377736609364,STREET,False,False,D-06,W-02,0.18949696827932952,0.5403,HIGH
CR-2023-005658,2024-05-18 19:32:13,BURGLARY,FORCIBLE ENTRY,41.89170176400013,-87.62371224599961,APARTMENT,False,False,D-02,W-04,0.0837567811918041,0.6108,HIGH
CR-2023-000537,2024-07-31 00:56:11,NARCOTICS,SALE/MANUFACTURE,41.96832533638894,-87.66517513166322,ALLEY,True,False,D-08,W-42,0.6562520540456386,0.2292,LOW
CR-2025-001046,2024-12-13 00:13:24,ROBBERY,STRONGARM ROBBERY,41.88743310716065,-87.64688249676671,COMMERCIAL BUILDING,False,False,D-09,W-17,0.17550478817713352,0.8245,CRITICAL
CR-2024-003715,2025-08-14 17:46:29,NARCOTICS,POSSESSION OF HEROIN,41.88131484879096,-87.75251178434061,COMMERCIAL BUILDING,True,False,D-09,W-21,0.7020440491600033,0.1986,LOW
CR-2024-002734,2024-07-12 21:13:25,BURGLARY,FORCIBLE ENTRY,41.87471988154484,-87.72465446220605,ALLEY,True,False,D-13,W-03,0.11368594944936457,0.5909,HIGH
CR-2025-003986,2024-12-04 20:41:57,MOTOR VEHICLE THEFT,TRUCK,41.76253075560941,-87.64176521248244,PARKING LOT,False,False,D-11,W-22,0.12560236894825794,0.5829,HIGH
CR-2025-002681,2023-06-05 16:19:29,ASSAULT,SIMPLE ASSAULT,41.87902825029331,-87.64371329996217,COMMERCIAL BUILDING,False,False,D-09,W-28,0.2077899745749462,0.7922,CRITICAL
CR-2023-000054,2025-05-18 22:54:19,CRIMINAL DAMAGE,TO PROPERTY,41.78533875976807,-87.63086114789417,ALLEY,False,False,D-10,W-19,0.11537813955288237,0.4128,MEDIUM
CR-2023-005184,2025-01-23 09:53:08,ROBBERY,,41.85755804338016,-87.60332761174313,PARKING LOT,False,False,D-03,W-44,0.21097293365349523,0.789,CRITICAL
CR-2023-003897,2025-09-05 13:44:16,BATTERY,AGGRAVATED BATTERY,41.879207951516165,-87.61189620196785,PARKING LOT,True,True,D-05,W-12,0.6855775864847902,0.3144,MEDIUM
CR-2023-005781,2025-02-18 02:24:10,NARCOTICS,POSSESSION OF HEROIN,41.92470096117548,-87.62320130996491,APARTMENT,True,False,D-08,W-26,0.7786555566046472,0.1476,LOW
CR-2023-000168,2023-06-23 18:08:40,NARCOTICS,POSSESSION OF HEROIN,41.93189005606415,-87.66172771683306,STREET,True,False,D-04,W-19,0.7805103828929933,0.1463,LOW
CR-2024-005524,2025-12-11 01:58:17,CRIMINAL DAMAGE,GRAFFITI,41.875301401204176,-87.59723210708407,PARKING LOT,False,False,D-05,W-06,0.10165201573978537,0.4192,MEDIUM
CR-2024-002710,2025-07-01 15:01:44,PETTY THEFT,AUTOMOBILE,41.949078054473645,-87.67910815471349,ALLEY,False,False,D-06,W-38,0.2975007987770106,0.3278,MEDIUM
CR-2024-000493,2023-07-25 23:38:12,ASSAULT,SIMPLE ASSAULT,41.90065097452651,-87.61663956564136,ALLEY,False,False,D-09,W-30,0.12440604081973111,0.8756,CRITICAL
CR-2025-004349,2025-09-27 08:43:21,BATTERY,AGGRAVATED BATTERY,41.776304687889926,-87.6585115121308,COMMERCIAL BUILDING,True,True,D-11,W-35,0.7383386676275945,0.2617,MEDIUM
CR-2024-005425,2023-05-02 21:57:51,BATTERY,AGGRAVATED BATTERY,41.8651335452949,-87.61940836345438,APARTMENT,True,False,D-12,W-08,0.641253830254582,0.3587,MEDIUM
CR-2024-004156,2023-01-14 09:50:08,OTHER OFFENSE,DUPLICATE ID TEST RECORD,41.88173106005432,-87.64256462621023,APARTMENT,False,False,D-06,W-31,0.45788235927335963,0.253,MEDIUM
CR-2023-002238,2024-06-02 08:50:46,NARCOTICS,POSSESSION OF HEROIN,41.87229894482338,-87.71328183585156,APARTMENT,False,False,D-06,W-31,0.7812698895344298,0.1458,LOW
CR-2023-002244,2025-05-20 07:59:30,MOTOR VEHICLE THEFT,AUTOMOBILE,41.966022934416266,-87.65527348622531,APARTMENT,False,False,D-07,W-02,0.18126596997528993,0.5458,HIGH
CR-2025-001505,2025-04-02 23:53:05,ROBBERY,ARMED ROBBERY,41.77655909528152,-87.59585508381144,RESIDENCE,False,False,D-10,W-08,0.09980155345387699,0.9002,CRITICAL
CR-2023-005313,2025-10-23 22:18:22,CRIMINAL DAMAGE,TO PROPERTY,41.89759806865296,-87.64051062615667,APARTMENT,False,False,D-12,W-21,0.08316659879886529,0.4279,MEDIUM
CR-2023-002121,2024-09-14 15:04:41,CRIMINAL DAMAGE,TO VEHICLE,41.93660215364488,-87.64132622372965,PARKING LOT,False,False,D-01,W-13,0.13120494277162176,0.4054,MEDIUM
CR-2025-004706,2023-07-29 23:08:46,CRIMINAL DAMAGE,TO PROPERTY,41.79286738207305,-87.63911596300103,COMMERCIAL BUILDING,False,False,D-03,W-26,0.1558259847033188,0.3939,MEDIUM
CR-2024-002395,2023-01-18 22:33:11,ROBBERY,ARMED ROBBERY,41.94308790879428,-87.66329756477336,RESIDENCE,False,False,D-09,W-34,0.1083154346733597,0.8917,CRITICAL
CR-2024-002059,2024-03-20 21:49:00,ASSAULT,SIMPLE ASSAULT,41.87127807923934,-87.6453970979654,STREET,False,True,D-10,W-28,0.21503707120225513,0.785,CRITICAL
CR-2025-001751,2023-01-07 22:38:27,ASSAULT,AGGRAVATED ASSAULT,41.878778340635,-87.62903203147178,ALLEY,False,False,D-05,W-25,0.13159256712688414,0.8684,CRITICAL
CR-2024-002272,2024-02-02 02:31:22,MOTOR VEHICLE THEFT,AUTOMOBILE,41.88726381401895,-87.71638234500416,COMMERCIAL BUILDING,False,False,D-14,W-39,0.19156240563301946,0.539,HIGH
CR-2024-001153,2023-05-09 10:28:44,BURGLARY,COMMERCIAL,41.88720084588704,-87.6325479492808,APARTMENT,False,False,D-08,W-33,0.11610054818873898,0.5893,HIGH
CR-2024-002656,2025-10-18 12:17:57,THEFT,FROM BUILDING,41.86602357228455,-87.62697286358473,SIDEWALK,False,False,D-15,W-26,0.15272638060190358,0.3954,MEDIUM
CR-2023-002751,2023-05-08 08:13:14,NARCOTICS,SALE/MANUFACTURE,41.880581054904496,-87.65053026353038,RESIDENCE,False,False,D-06,W-09,0.7335280699571813,0.1776,LOW
CR-2025-005582,2024-08-15 02:44:04,MOTOR VEHICLE THEFT,TRUCK,41.99377983223319,-87.65153092807141,COMMERCIAL BUILDING,False,False,D-04,W-23,0.15989548582808474,0.5601,HIGH
CR-2023-000825,2023-05-17 21:26:07,THEFT,,41.88679449759821,-87.62491305525127,SIDEWALK,True,False,D-01,W-24,0.14210807725393634,0.4003,MEDIUM
CR-2023-001116,2024-11-08 00:01:51,ASSAULT,SIMPLE ASSAULT,41.729647404557205,-87.60668506654252,COMMERCIAL BUILDING,False,False,D-02,W-40,0.26132694818940655,0.7387,HIGH
CR-2023-002430,2025-03-14 20:29:24,BURGLARY,COMMERCIAL,41.87096306833993,-87.64219167987572,COMMERCIAL BUILDING,False,False,D-04,W-47,0.0969264286746089,0.602,HIGH
CR-2024-000316,2023-03-03 02:22:30,OTHER OFFENSE,DUPLICATE ID TEST RECORD,41.87572988152132,-87.63620321604921,PARKING LOT,False,False,D-02,W-26,0.43643638127255374,0.263,MEDIUM
CR-2023-000588,2023-04-11 20:59:27,CRIMINAL DAMAGE,TO PROPERTY,41.85270564778708,-87.63127509440193,RESIDENCE,False,False,D-08,W-34,0.07728088098849774,0.4306,MEDIUM
CR-2023-005958,2025-12-27 21:43:26,NARCOTICS,POSSESSION OF HEROIN,41.96387754346885,-87.63847917446077,RESIDENCE,True,True,D-07,W-33,0.7531475957821241,0.1646,LOW
CR-2024-001969,2023-09-23 03:23:04,THEFT,PETTY THEFT,41.87285841009175,-87.64138853123134,COMMERCIAL BUILDING,True,True,D-05,W-08,0.1404621101396534,0.4011,MEDIUM
CR-2024-003004,2025-05-26 07:32:06,CRIMINAL DAMAGE,,41.89520101769743,-87.64235635200423,PARKING LOT,False,False,D-02,W-03,0.15008390186009082,0.3966,MEDIUM
CR-2023-004737,2024-05-10 14:42:40,MOTOR VEHICLE THEFT,AUTOMOBILE,41.846197497683015,-87.62932567039135,PARKING LOT,False,False,D-13,W-13,0.11715665761189543,0.5886,HIGH
CR-2025-002108,2023-01-13 00:23:10,BURGLARY,RESIDENTIAL,41.91401965385812,-87.73557178747969,COMMERCIAL BUILDING,False,False,D-05,W-32,0.15913037306809918,0.5606,HIGH
CR-2024-004888,2025-08-28 06:03:02,THEFT,RETAIL THEFT,41.88409994829416,-87.62731211459803,ALLEY,False,False,D-01,W-17,0.17569178631106097,0.3847,MEDIUM
CR-2023-005190,2024-07-20 16:37:50,BATTERY,AGGRAVATED BATTERY,41.9953821711605,-87.63630221863501,PARK,True,False,D-01,W-40,0.8077886354716661,0.1922,LOW
CR-2024-005221,2023-03-17 07:54:37,BATTERY,AGGRAVATED BATTERY,41.776724619417045,-87.64357807078311,APARTMENT,True,False,D-04,W-02,0.8470656010027225,0.1529,LOW
CR-2025-000500,2025-10-25 22:54:45,MOTOR VEHICLE THEFT,MOTORCYCLE,41.81388388591465,-87.60588415792719,PARK,False,False,D-01,W-22,0.17541717741817733,0.5497,HIGH
CR-2023-004794,2025-03-16 10:55:02,NARCOTICS,SALE/MANUFACTURE,41.72742098790769,-87.60903746655232,COMMERCIAL BUILDING,True,False,D-06,W-32,0.8611324496568682,0.0926,LOW
CR-2025-002696,2024-02-05 20:38:31,CRIMINAL DAMAGE,TO VEHICLE,41.87964287866899,-87.6275598713341,COMMERCIAL BUILDING,True,False,D-04,W-22,0.1714668642714099,0.3866,MEDIUM
CR-2023-003615,2024-02-03 23:48:51,BATTERY,SIMPLE BATTERY,41.92761777663264,-87.62154903889527,RESIDENCE,False,False,D-15,W-33,0.7307367299326184,0.2693,MEDIUM
CR-2023-003492,2023-10-06 01:29:23,BURGLARY,FORCIBLE ENTRY,41.92331678026009,-87.66640033403088,PARKING LOT,False,False,D-01,W-16,0.10329454354805888,0.5978,HIGH
CR-2024-002737,2025-10-26 16:06:04,CRIMINAL DAMAGE,TO VEHICLE,41.774653691058056,-87.58808150095425,RESIDENCE,False,False,D-04,W-34,0.13144089552985735,0.4053,MEDIUM
CR-2024-004015,2023-03-14 17:59:53,BATTERY,DOMESTIC BATTERY,41.8718762558282,-87.60727070552217,APARTMENT,True,False,D-08,W-30,0.7009368840546983,0.2991,MEDIUM
CR-2025-000635,2024-08-10 10:05:26,NARCOTICS,SALE/MANUFACTURE,41.900243582170695,-87.71593551382367,PARK,True,False,D-15,W-12,0.7133910040239554,0.1911,LOW
CR-2023-002514,2025-03-16 00:12:17,ASSAULT,AGGRAVATED ASSAULT,41.89742113587279,-87.62958236501106,APARTMENT,False,False,D-03,W-41,0.18264843095028405,0.8174,CRITICAL
CR-2023-001752,2024-12-16 13:56:04,ROBBERY,,41.93836431614377,-87.68274931095767,COMMERCIAL BUILDING,True,False,D-15,W-16,0.11095598747598898,0.889,CRITICAL
CR-2024-003949,2024-11-05 22:28:49,ROBBERY,ARMED ROBBERY,41.9215975020869,-87.6650135748915,STREET,False,False,D-02,W-03,0.18047570678416167,0.8195,CRITICAL
CR-2024-004411,2023-07-02 02:16:09,ROBBERY,STRONGARM ROBBERY,41.95370327845493,-87.66827997040946,COMMERCIAL BUILDING,False,False,D-13,W-09,0.14876198730033838,0.8512,CRITICAL
CR-2024-000172,2023-09-06 00:49:14,ASSAULT,SIMPLE ASSAULT,41.76712404235954,-87.62319875156606,PARKING LOT,False,False,D-02,W-38,0.17944062846711611,0.8206,CRITICAL
CR-2024-004786,2025-09-11 09:02:45,BURGLARY,COMMERCIAL,41.87075878648259,-87.67097949330508,SIDEWALK,False,False,D-03,W-17,0.16197059688622947,0.5587,HIGH
CR-2023-001593,2023-10-03 05:04:16,CRIMINAL DAMAGE,TO VEHICLE,41.86014817030361,-87.61639453465916,SIDEWALK,False,False,D-02,W-12,0.12865791730443918,0.4066,MEDIUM
CR-2024-001270,2025-05-07 14:24:38,ASSAULT,SIMPLE ASSAULT,41.93420840290501,-87.6804700982135,PARK,False,False,D-10,W-34,0.10198867337696589,0.898,CRITICAL
CR-2024-005968,2023-07-30 13:14:43,THEFT,GRAND THEFT,41.79869363185022,-87.64329757124526,RESIDENCE,False,False,D-13,W-40,0.14291806374332297,0.4,MEDIUM
CR-2024-000220,2024-06-06 00:45:59,ASSAULT,SIMPLE ASSAULT,41.883860981734095,-87.63029042122142,PARKING LOT,False,False,D-11,W-40,0.11719205822095666,0.8828,CRITICAL
CR-2025-003434,2025-12-02 08:13:17,MOTOR VEHICLE THEFT,TRUCK,41.87112200760354,-87.7507022538243,COMMERCIAL BUILDING,False,False,D-05,W-20,0.15047246900733688,0.5664,HIGH
CR-2024-000367,2023-02-05 08:03:09,ROBBERY,STRONGARM ROBBERY,41.80462889093314,-87.61718506293968,RESIDENCE,False,False,D-06,W-27,0.19375285273058732,0.8062,CRITICAL
CR-2023-004560,2025-07-27 08:50:55,ASSAULT,SIMPLE ASSAULT,41.724100533593,-87.66455586253768,RESIDENCE,False,True,D-14,W-27,0.29534373351962667,0.7047,HIGH
CR-2023-005589,2024-06-19 02:15:05,BURGLARY,RESIDENTIAL,41.76985707530457,-87.62453325561953,PARK,False,False,D-07,W-07,0.11968574673601412,0.5869,HIGH
CR-2024-004936,2025-04-18 23:44:42,NARCOTICS,SALE/MANUFACTURE,41.87330139082996,-87.60893749677736,ALLEY,True,False,D-07,W-17,0.7776551884119142,0.1482,LOW
CR-2024-004819,2024-04-05 22:52:25,ROBBERY,STRONGARM ROBBERY,41.868933724062856,-87.63341086455983,ALLEY,False,False,D-04,W-19,0.17749575465085862,0.8225,CRITICAL
CR-2025-002693,2023-08-31 08:15:26,THEFT,FROM BUILDING,41.97542031504974,-87.68555057930597,APARTMENT,False,False,D-02,W-08,0.14361964213956802,0.3996,MEDIUM
CR-2023-001515,2024-01-09 22:51:02,BATTERY,DOMESTIC BATTERY,41.89863345293174,-87.66846496824667,APARTMENT,True,True,D-05,W-07,0.7651077115346865,0.2349,LOW
CR-2023-001392,2024-03-28 01:06:37,ROBBERY,STRONGARM ROBBERY,41.9386559415761,-87.66233842635633,COMMERCIAL BUILDING,False,False,D-09,W-19,0.14220432669460611,0.8578,CRITICAL
CR-2024-004204,2025-06-24 02:30:14,CRIMINAL DAMAGE,GRAFFITI,41.93585814350456,-87.65611835070389,STREET,False,False,D-12,W-29,0.07134496311696642,0.4334,MEDIUM
CR-2024-004282,2023-11-06 04:10:55,BATTERY,AGGRAVATED BATTERY,41.84278275615956,-87.62952621308716,STREET,True,False,D-01,W-45,0.8087548655321531,0.1912,LOW
CR-2023-002547,2024-03-26 11:21:26,ROBBERY,ARMED ROBBERY,41.87852802550938,-87.73312654792285,STREET,False,False,D-11,W-49,0.2552347762869537,0.7448,HIGH
CR-2023-002739,2024-05-27 13:54:07,ASSAULT,AGGRAVATED ASSAULT,41.87086529643596,-87.61331524963838,PARKING LOT,False,True,D-08,W-38,0.17386557445129258,0.8261,CRITICAL
CR-2024-001087,2025-07-18 12:33:30,CRIMINAL DAMAGE,TO VEHICLE,41.86557285647555,-87.59845691917458,PARK,False,False,D-13,W-39,0.0846919412979498,0.4271,MEDIUM
CR-2023-005868,2023-08-01 18:23:44,NARCOTICS,POSSESSION OF COCAINE,41.770400406941214,-87.58017638615001,ALLEY,True,False,D-08,W-12,0.7121988980885112,0.1919,LOW
CR-2025-003350,2023-04-09 19:17:54,NARCOTICS,SALE/MANUFACTURE,41.89596636024719,-87.63200280281883,RESIDENCE,True,False,D-12,W-39,0.5856001004123396,0.2763,MEDIUM
CR-2023-005940,2024-06-10 00:43:38,ASSAULT,SIMPLE ASSAULT,41.950066907019504,-87.66196760111215,PARKING LOT,False,True,D-15,W-43,0.14616888445259063,0.8538,CRITICAL
CR-2024-003205,2025-02-01 05:22:53,ASSAULT,AGGRAVATED ASSAULT,41.78988715120021,-87.63145774618637,RESIDENCE,False,False,D-12,W-18,0.1359855680014059,0.864,CRITICAL
CR-2025-001391,2023-12-09 10:41:31,BURGLARY,RESIDENTIAL,41.860051987169165,-87.64543066618364,PARKING LOT,False,False,D-02,W-46,0.1783638654300258,0.5478,HIGH
CR-2025-003452,2023-06-23 21:41:23,MOTOR VEHICLE THEFT,TRUCK,41.76971990164471,-87.62181090237083,PARK,False,False,D-12,W-16,0.07682238767375017,0.6155,HIGH
CR-2023-003081,2025-11-04 00:29:20,THEFT,RETAIL THEFT,41.92337601726732,-87.68595036553658,APARTMENT,False,False,D-08,W-16,0.09571349889103152,0.422,MEDIUM
CR-2024-001543,2024-09-30 23:28:27,BATTERY,DOMESTIC BATTERY,41.947268230222,-87.63092058420412,COMMERCIAL BUILDING,True,False,D-05,W-47,0.6451651613281796,0.3548,MEDIUM
CR-2024-001747,2023-03-23 04:54:26,BURGLARY,RESIDENTIAL,41.885772493630434,-87.6007726893991,PARK,False,False,D-06,W-22,0.1374300708028498,0.575,HIGH
CR-2024-004699,2025-02-11 22:24:34,BURGLARY,FORCIBLE ENTRY,41.93774012561149,-87.64250194085696,ALLEY,False,False,D-15,W-07,0.1168673056591803,0.5888,HIGH
CR-2025-003035,2024-09-04 11:44:37,ASSAULT,AGGRAVATED ASSAULT,41.88674677017684,-87.6524283395232,APARTMENT,False,False,D-03,W-42,0.14708514620279323,0.8529,CRITICAL
CR-2024-003583,2023-04-21 16:07:13,ROBBERY,ARMED ROBBERY,41.82634718231647,-87.63184531346035,RESIDENCE,True,False,D-02,W-34,0.12096351281755144,0.879,CRITICAL
CR-2024-001255,2023-02-13 16:31:42,THEFT,FROM BUILDING,41.88532799092578,-87.62159102803933,COMMERCIAL BUILDING,True,False,D-07,W-04,0.1365913344508956,0.4029,MEDIUM
CR-2023-001845,2024-08-27 01:57:23,MOTOR VEHICLE THEFT,AUTOMOBILE,41.88610038867058,-87.61720797243223,RESIDENCE,False,False,D-04,W-22,0.17074251018658632,0.5528,HIGH
CR-2024-000184,2025-09-15 22:41:10,NARCOTICS,POSSESSION OF HEROIN,41.87956514147824,-87.64139514675783,PARKING LOT,True,False,D-12,W-36,0.6517079785294856,0.2322,LOW
CR-2024-004231,2024-06-28 21:15:12,ROBBERY,ARMED ROBBERY,41.88497583514936,-87.64637162010463,SIDEWALK,False,False,D-12,W-34,0.09311346342355446,0.9069,CRITICAL
CR-2025-003590,2025-05-03 06:22:43,MOTOR VEHICLE THEFT,AUTOMOBILE,41.9546888918175,-87.66247916770358,ALLEY,True,False,D-14,W-38,0.23561493150926155,0.5096,HIGH
CR-2024-001450,2023-07-16 01:45:53,ASSAULT,AGGRAVATED ASSAULT,41.87741731632048,-87.63616354500097,STREET,True,True,D-10,W-46,0.2122533560198007,0.7877,CRITICAL
CR-2024-005542,2025-10-25 08:52:30,BURGLARY,RESIDENTIAL,41.9748668184498,-87.65596136002723,APARTMENT,False,False,D-14,W-29,0.11917301574989358,0.5872,HIGH
CR-2024-002482,2024-11-16 03:33:43,ASSAULT,AGGRAVATED ASSAULT,41.76250780701346,-87.63489278112142,RESIDENCE,True,True,D-15,W-44,0.16367200484036878,0.8363,CRITICAL
CR-2024-002089,2025-12-28 13:22:37,ROBBERY,ARMED ROBBERY,41.98466815397031,-87.66215757723114,PARKING LOT,False,False,D-10,W-18,0.15080619205763648,0.8492,CRITICAL
CR-2025-005102,2024-08-05 23:12:26,ASSAULT,AGGRAVATED ASSAULT,41.94838783035355,-87.63136745758345,COMMERCIAL BUILDING,False,True,D-03,W-47,0.12462822193267643,0.8754,CRITICAL
CR-2023-000345,2025-07-17 01:03:59,ASSAULT,SIMPLE ASSAULT,41.76987584585452,-87.6000167549159,PARK,False,True,D-04,W-47,0.13379810169615042,0.8662,CRITICAL
CR-2024-003658,2024-03-12 02:01:14,NARCOTICS,POSSESSION OF COCAINE,41.864176700489786,-87.61114857582847,SIDEWALK,True,False,D-01,W-35,0.7450557546807611,0.17,LOW
CR-2025-001616,2024-11-28 07:37:40,THEFT,FROM BUILDING,41.86203721371974,-87.6011287136929,PARKING LOT,False,False,D-09,W-01,0.17790030934265297,0.3836,MEDIUM
CR-2023-001725,2024-01-12 04:28:23,ROBBERY,ARMED ROBBERY,41.93884708834792,-87.68040270743947,PARK,False,True,D-11,W-30,0.1306390724827243,0.8694,CRITICAL
CR-2023-005496,2023-04-17 12:25:29,ASSAULT,AGGRAVATED ASSAULT,41.76403317532095,-87.63956421047554,APARTMENT,False,True,D-02,W-36,0.19965437172203873,0.8003,CRITICAL
CR-2025-000125,2023-06-02 21:00:26,ASSAULT,,41.859186740684976,-87.61603207079418,RESIDENCE,True,False,D-06,W-04,0.08960073307585716,0.9104,CRITICAL
CR-2025-002165,2025-03-14 17:52:10,NARCOTICS,SALE/MANUFACTURE,41.96202724653151,-87.6783738456268,PARKING LOT,False,False,D-13,W-04,0.6220519981308471,0.252,MEDIUM
CR-2025-001970,2023-04-07 23:09:43,ASSAULT,SIMPLE ASSAULT,41.95598306237452,-87.63069555648698,PARKING LOT,False,False,D-12,W-30,0.11930623039215761,0.8807,CRITICAL
CR-2023-001209,2025-10-13 23:52:29,NARCOTICS,POSSESSION OF HEROIN,41.7886673980232,-87.66216180320778,ALLEY,False,False,D-15,W-10,0.7018047069515457,0.1988,LOW
CR-2025-000749,2024-04-11 23:44:41,CRIMINAL DAMAGE,TO PROPERTY,41.89346093788718,-87.62091209576198,STREET,False,False,D-10,W-28,0.15253387720426484,0.3955,MEDIUM
CR-2025-004433,2024-03-10 08:24:03,MOTOR VEHICLE THEFT,MOTORCYCLE,41.78584956100547,-87.65018684726414,PARK,False,False,D-04,W-27,0.26736736211977613,0.4884,MEDIUM
CR-2025-002987,2025-05-07 22:05:47,BURGLARY,COMMERCIAL,41.88480472575515,-87.63937878737718,RESIDENCE,False,False,D-11,W-14,0.07428817568485664,0.6171,HIGH
CR-2025-001328,2025-06-29 04:51:07,THEFT,PETTY THEFT,41.9265613219921,-87.63749504998327,RESIDENCE,False,False,D-03,W-01,0.17439896784243117,0.3853,MEDIUM
CR-2023-003186,2025-11-18 17:39:01,CRIMINAL DAMAGE,TO PROPERTY,41.80687236494827,-87.59713928933282,APARTMENT,False,False,D-12,W-10,0.08182662185499055,0.4285,MEDIUM
CR-2025-002954,2023-10-12 14:13:50,MOTOR VEHICLE THEFT,AUTOMOBILE,41.82068368938594,-87.65153439199743,PARKING LOT,True,False,D-03,W-42,0.14786104478155357,0.5681,HIGH
CR-2024-003196,2023-04-22 02:46:44,THEFT,PETTY THEFT,41.8542478725398,-87.63976976646254,PARKING LOT,False,False,D-07,W-30,0.15359587121395835,0.395,MEDIUM
CR-2025-001310,2023-05-07 11:16:19,BATTERY,SIMPLE BATTERY,41.88866759809738,-87.61796414968937,PARKING LOT,True,False,D-01,W-46,0.8231543116030685,0.1768,LOW
CR-2023-004878,2025-04-09 08:24:16,NARCOTICS,POSSESSION OF HEROIN,41.963871154124135,-87.6652141189315,COMMERCIAL BUILDING,True,False,D-01,W-14,0.7862804835274636,0.1425,LOW
CR-2023-001932,2025-08-19 03:09:49,THEFT,PETTY THEFT,41.94096284235442,-87.6698692324336,STREET,False,False,D-07,W-41,0.16109652564816795,0.3915,MEDIUM
CR-2023-001068,2024-07-19 04:49:45,BATTERY,AGGRAVATED BATTERY,41.87962784442893,-87.60656469772758,ALLEY,False,True,D-11,W-17,0.7403945964700074,0.2596,MEDIUM
CR-2024-000259,2025-08-27 17:49:25,BATTERY,SIMPLE BATTERY,41.87958998458144,-87.61852919314943,RESIDENCE,True,False,D-07,W-20,0.676384352557746,0.3236,MEDIUM
CR-2024-004255,2025-07-06 23:17:35,CRIMINAL DAMAGE,TO PROPERTY,41.87814590175108,-87.6210306557127,APARTMENT,False,False,D-01,W-29,0.08340582869374653,0.4277,MEDIUM
CR-2025-005726,2025-01-31 00:36:30,BURGLARY,COMMERCIAL,41.733581800873175,-87.65481333190525,COMMERCIAL BUILDING,False,False,D-08,W-08,0.17241154432939115,0.5517,HIGH
CR-2023-000363,2025-12-11 10:37:48,NARCOTICS,POSSESSION OF HEROIN,41.878376508995984,-87.62458627441958,SIDEWALK,True,False,D-12,W-37,0.6809806168766676,0.2127,LOW
CR-2024-003904,2025-06-17 16:18:36,CRIMINAL DAMAGE,TO VEHICLE,41.98118513033484,-87.69375543544125,APARTMENT,False,False,D-12,W-20,0.0816343211638684,0.4286,MEDIUM
CR-2023-002901,2024-04-28 02:17:43,THEFT,FROM BUILDING,41.94018963034541,-87.61892202935599,ALLEY,False,False,D-11,W-41,0.13313533226933513,0.4045,MEDIUM
CR-2024-004096,2025-01-29 21:44:34,ROBBERY,STRONGARM ROBBERY,41.7771290788021,-87.62672187831868,PARKING LOT,False,False,D-15,W-05,0.13629401081508802,0.8637,CRITICAL
CR-2023-000066,2025-08-29 02:05:05,NARCOTICS,POSSESSION OF HEROIN,41.752342407156846,-87.61716018923413,PARKING LOT,False,False,D-10,W-36,0.7120793352500456,0.1919,LOW
CR-2025-000770,2025-01-28 01:06:43,CRIMINAL DAMAGE,TO VEHICLE,41.87768727642425,-87.60321622604995,STREET,False,False,D-02,W-15,0.19123015944318622,0.3774,MEDIUM
CR-2024-002827,2023-11-09 18:18:54,NARCOTICS,POSSESSION OF COCAINE,41.86483483668309,-87.74140439378792,SIDEWALK,True,False,D-02,W-28,0.8331470832565586,0.1112,LOW
CR-2023-002805,2024-07-18 06:14:56,THEFT,FROM BUILDING,41.79538828673973,-87.58483720499181,PARK,False,False,D-13,W-41,0.12606709625335907,0.4078,MEDIUM
CR-2024-001942,2023-11-27 12:53:21,ROBBERY,STRONGARM ROBBERY,41.94711844471703,-87.64457418180966,RESIDENCE,True,False,D-02,W-15,0.18688678110394022,0.8131,CRITICAL
CR-2024-005332,2025-10-13 06:14:20,THEFT,GRAND THEFT,41.88826455652888,-87.62991511095527,PARK,False,False,D-10,W-45,0.1291803937273973,0.4064,MEDIUM
CR-2024-003643,2025-08-19 20:16:01,ASSAULT,SIMPLE ASSAULT,41.89422832311773,-87.61409085387162,RESIDENCE,False,True,D-15,W-38,0.12445067684916082,0.8755,CRITICAL
CR-2023-002589,2025-07-27 12:57:03,CRIMINAL DAMAGE,TO PROPERTY,41.945902262293,-87.65498604408084,STREET,False,False,D-13,W-44,0.1410439433291407,0.4008,MEDIUM
CR-2023-002766,2024-10-30 00:53:06,NARCOTICS,POSSESSION OF HEROIN,41.897832624364106,-87.62664255551618,APARTMENT,True,False,D-15,W-18,0.6823160791200249,0.2118,LOW
CR-2025-003503,2023-11-17 01:04:50,BURGLARY,RESIDENTIAL,41.81909787652798,-87.59516365880947,RESIDENCE,False,False,D-10,W-23,0.0787928607693361,0.6141,HIGH
CR-2024-003613,2023-09-06 07:24:53,BATTERY,SIMPLE BATTERY,41.947252050724266,-87.65631601577239,PARKING LOT,True,False,D-05,W-08,0.721701449866278,0.2783,MEDIUM
CR-2023-001461,2023-09-13 23:42:27,CRIMINAL DAMAGE,,41.8770954486699,-87.72805538718795,PARKING LOT,False,False,D-02,W-26,0.16176670866900028,0.3912,MEDIUM
CR-2025-002120,2023-05-12 22:41:59,ASSAULT,SIMPLE ASSAULT,41.91156204454085,-87.63745864800536,STREET,False,True,D-07,W-28,0.2533556269586542,0.7466,HIGH
CR-2023-004899,2025-11-28 19:43:22,ROBBERY,ARMED ROBBERY,41.94609623342447,-87.67896171030499,SIDEWALK,False,False,D-14,W-24,0.19855412556751212,0.8014,CRITICAL
CR-2025-001805,2025-01-09 14:19:25,ASSAULT,SIMPLE ASSAULT,41.77975068527681,-87.626215684954,STREET,False,False,D-12,W-31,0.16659089487980241,0.8334,CRITICAL
CR-2024-000205,2025-02-07 20:34:39,THEFT,PETTY THEFT,41.796690371952224,-87.65711605229595,STREET,True,False,D-08,W-25,0.12481398634598687,0.4084,MEDIUM
CR-2025-004241,2024-07-14 02:13:56,NARCOTICS,POSSESSION OF COCAINE,41.82671720335892,-87.66212114452333,RESIDENCE,True,False,D-01,W-25,0.686065699021325,0.2093,LOW
CR-2024-003307,2023-01-31 00:52:13,ROBBERY,ARMED ROBBERY,41.88961219016832,-87.62982571230503,STREET,False,False,D-11,W-06,0.15566155860873607,0.8443,CRITICAL
CR-2025-001124,2025-03-05 20:55:25,BURGLARY,FORCIBLE ENTRY,41.87526319413835,-87.61597524832113,COMMERCIAL BUILDING,False,False,D-11,W-12,0.06227650069148605,0.6251,HIGH
CR-2025-003695,2024-06-16 01:55:31,BURGLARY,FORCIBLE ENTRY,41.97405589937678,-87.65373985163042,PARK,False,False,D-14,W-15,0.1699332146224932,0.5534,HIGH
CR-2023-004356,2023-09-23 02:31:15,ASSAULT,SIMPLE ASSAULT,41.92504269385417,-87.66186750518834,APARTMENT,False,False,D-14,W-47,0.1632870613051587,0.8367,CRITICAL
CR-2023-003036,2025-09-06 21:19:28,NARCOTICS,POSSESSION OF HEROIN,41.95209941150146,-87.64624487295846,ALLEY,False,False,D-04,W-05,0.7825520751665326,0.145,LOW
CR-2025-003527,2025-02-21 00:11:35,MOTOR VEHICLE THEFT,TRUCK,41.88024485952214,-87.65569015928,PARK,False,False,D-09,W-06,0.15587246605595298,0.5628,HIGH
CR-2023-004359,2023-02-12 18:29:59,BURGLARY,RESIDENTIAL,41.79198309456822,-87.6490147585587,APARTMENT,False,False,D-02,W-43,0.1707449900476742,0.5528,HIGH
CR-2024-004084,2023-02-07 07:13:14,MOTOR VEHICLE THEFT,MOTORCYCLE,41.93333592436818,-87.65757184323404,COMMERCIAL BUILDING,True,False,D-12,W-01,0.19777740798630597,0.5348,HIGH
CR-2023-004230,2024-11-22 19:29:29,ROBBERY,ARMED ROBBERY,41.86684384808368,-87.66223048449892,SIDEWALK,False,False,D-13,W-21,0.13665069204931699,0.8633,CRITICAL
CR-2025-004532,2023-02-13 07:19:51,BATTERY,AGGRAVATED BATTERY,41.957527119462654,-87.66264149292036,STREET,True,True,D-10,W-12,0.7732296593080936,0.2268,LOW
CR-2023-005307,2023-09-30 20:58:20,BATTERY,DOMESTIC BATTERY,41.95203562465174,-87.64941162044632,PARK,True,False,D-15,W-30,0.70187851445663,0.2981,MEDIUM
CR-2023-001083,2024-10-25 04:42:04,CRIMINAL DAMAGE,TO PROPERTY,41.86593713733185,-87.64866366788372,STREET,False,False,D-07,W-15,0.19403002890198093,0.3761,MEDIUM
CR-2025-002018,2023-03-31 13:31:17,NARCOTICS,POSSESSION OF HEROIN,41.79182366289371,-87.63453783157381,APARTMENT,True,False,D-01,W-18,0.7701568530432198,0.1532,LOW
CR-2025-005783,2023-06-17 02:49:51,NARCOTICS,SALE/MANUFACTURE,41.95209537300498,-87.66025832051486,STREET,True,False,D-14,W-23,0.7709748530083337,0.1527,LOW
CR-2023-002760,2024-10-12 20:12:43,BURGLARY,RESIDENTIAL,41.86691086810287,-87.63972312163773,PARK,False,False,D-11,W-05,0.08451345667630576,0.6103,HIGH
CR-2024-004876,2023-04-15 17:49:53,CRIMINAL DAMAGE,,41.926886990328505,-87.64856833909082,STREET,True,False,D-02,W-25,0.1204735023452239,0.4104,MEDIUM
CR-2025-002270,2023-11-06 12:19:02,ASSAULT,SIMPLE ASSAULT,41.92759612560368,-87.61639609851446,ALLEY,False,True,D-07,W-31,0.23687955837862884,0.7631,CRITICAL
CR-2025-000047,2024-05-05 22:35:00,NARCOTICS,POSSESSION OF HEROIN,41.87221837770302,-87.65175272422198,ALLEY,True,False,D-14,W-10,0.7564564894808147,0.1624,LOW
CR-2024-003421,2024-04-11 15:44:27,BATTERY,AGGRAVATED BATTERY,41.98582148964616,-87.67231768178077,COMMERCIAL BUILDING,False,False,D-14,W-32,0.814015773658504,0.186,LOW
CR-2024-005956,2024-12-27 12:39:09,ASSAULT,SIMPLE ASSAULT,41.775525244300574,-87.64694097844027,ALLEY,False,True,D-01,W-15,0.2441082215105641,0.7559,CRITICAL
CR-2024-001957,2023-07-31 17:59:32,CRIMINAL DAMAGE,,41.918419680790834,-87.6571368952867,RESIDENCE,False,False,D-11,W-28,0.11611468572194486,0.4125,MEDIUM
CR-2025-004529,2023-01-13 23:37:40,ASSAULT,SIMPLE ASSAULT,41.74184421440807,-87.60020836042382,PARK,False,True,D-05,W-42,0.1784037440694937,0.8216,CRITICAL
CR-2023-005580,2024-11-02 22:02:53,THEFT,RETAIL THEFT,41.97490009309891,-87.67474670007633,SIDEWALK,False,False,D-12,W-07,0.12015518384971605,0.4106,MEDIUM
CR-2024-000754,2023-09-02 10:25:36,NARCOTICS,POSSESSION OF COCAINE,41.87942610329438,-87.60763704878417,PARK,True,False,D-02,W-20,0.7600292880668256,0.16,LOW
CR-2023-004521,2025-06-25 00:44:19,ASSAULT,SIMPLE ASSAULT,41.884149494062505,-87.65718486993497,PARKING LOT,False,True,D-12,W-48,0.11994119503558655,0.8801,CRITICAL
CR-2024-002707,2023-06-07 02:13:14,THEFT,PETTY THEFT,41.93421137685343,-87.6424080913517,COMMERCIAL BUILDING,False,False,D-07,W-42,0.12140254791911102,0.41,MEDIUM
CR-2023-004773,2025-11-29 20:12:45,ROBBERY,STRONGARM ROBBERY,41.888169052050586,-87.61860964070526,ALLEY,False,False,D-10,W-31,0.1398659126499447,0.8601,CRITICAL
CR-2025-004196,2025-08-28 19:46:27,BURGLARY,FORCIBLE ENTRY,41.90171220179049,-87.63498860921001,SIDEWALK,True,False,D-14,W-08,0.12105809628517791,0.586,HIGH
CR-2024-002137,2024-04-19 20:31:18,CRIMINAL DAMAGE,TO PROPERTY,41.72835503400095,-87.63153201796754,APARTMENT,False,False,D-01,W-36,0.16811037564717943,0.3882,MEDIUM
CR-2025-004481,2023-08-08 21:31:38,THEFT,PETTY THEFT,41.88195174885988,-87.63322708815714,APARTMENT,True,False,D-08,W-41,0.11094831769486418,0.4149,MEDIUM
CR-2025-000977,2023-01-27 16:46:42,ROBBERY,STRONGARM ROBBERY,41.86916508058936,-87.60918342860244,STREET,False,False,D-06,W-46,0.24597256497643807,0.754,CRITICAL
CR-2024-004756,2023-11-06 05:42:15,ASSAULT,AGGRAVATED ASSAULT,41.96798519488574,-87.66029311076437,STREET,False,False,D-11,W-09,0.16003958729076356,0.84,CRITICAL
CR-2023-002682,2025-07-31 19:29:34,ROBBERY,ARMED ROBBERY,41.8752463873338,-87.65226170002909,PARKING LOT,False,False,D-01,W-02,0.15188220510303244,0.8481,CRITICAL
CR-2024-002473,2025-03-12 20:09:43,BURGLARY,RESIDENTIAL,41.76040572090068,-87.66236526517277,COMMERCIAL BUILDING,False,False,D-12,W-41,0.10417843303932217,0.5972,HIGH
CR-2025-004583,2023-05-24 06:52:41,THEFT,PETTY THEFT,41.85928966021358,-87.64478404564369,ALLEY,False,False,D-05,W-01,0.175751019725125,0.3846,MEDIUM
CR-2025-001694,2025-07-21 18:53:22,MOTOR VEHICLE THEFT,MOTORCYCLE,41.89102454186747,-87.6277140940202,PARKING LOT,True,False,D-14,W-10,0.14438826538282828,0.5704,HIGH
CR-2025-001010,2024-08-24 20:47:10,MOTOR VEHICLE THEFT,,41.878998989454,-87.62563934593064,COMMERCIAL BUILDING,False,False,D-15,W-31,0.12408906385322428,0.5839,HIGH
CR-2024-002347,2024-06-03 04:59:18,CRIMINAL DAMAGE,GRAFFITI,41.77412819451117,-87.6339548919095,PARK,False,False,D-12,W-19,0.11089749146773255,0.4149,MEDIUM
CR-2024-005311,2025-11-19 01:01:12,PETTY THEFT,COMMERCIAL,41.88883004661509,-87.70255033744894,RESIDENCE,False,False,D-02,W-09,0.2783852599310054,0.3368,MEDIUM
CR-2023-001446,2025-06-25 02:03:52,ASSAULT,AGGRAVATED ASSAULT,41.88962310824948,-87.62656905241816,SIDEWALK,False,False,D-15,W-44,0.13564909057986263,0.8644,CRITICAL
CR-2023-003627,2024-06-12 08:34:51,ROBBERY,STRONGARM ROBBERY,41.88888752999534,-87.60250342319031,PARKING LOT,True,False,D-12,W-17,0.15226489597505624,0.8477,CRITICAL
CR-2025-004088,2025-06-07 19:50:15,CRIMINAL DAMAGE,,41.90210146770231,-87.60687502654771,ALLEY,True,False,D-01,W-40,0.1498427487690106,0.3967,MEDIUM
CR-2024-001399,2023-08-25 07:01:52,ROBBERY,ARMED ROBBERY,41.87270555491322,-87.62528338991213,PARK,False,False,D-11,W-34,0.10166560834206927,0.8983,CRITICAL
CR-2025-003962,2024-06-01 01:22:58,THEFT,RETAIL THEFT,41.77094603745955,-87.61398167462137,RESIDENCE,False,False,D-10,W-43,0.10706193165775599,0.4167,MEDIUM
CR-2025-000203,2024-09-18 05:02:19,BURGLARY,COMMERCIAL,41.75220948926543,-87.63255948712553,PARKING LOT,False,False,D-03,W-22,0.15632587462025826,0.5624,HIGH
CR-2025-002699,2023-05-31 22:49:25,MOTOR VEHICLE THEFT,TRUCK,41.731580945560246,-87.62121272853005,PARKING LOT,False,False,D-15,W-22,0.17715088783257585,0.5486,HIGH
CR-2024-001489,2023-06-20 23:32:31,CRIMINAL DAMAGE,,41.88625219068005,-87.62680284349422,ALLEY,False,False,D-10,W-05,0.09708837687615522,0.4214,MEDIUM
CR-2025-004124,2023-08-29 09:59:45,THEFT,RETAIL THEFT,41.86333457297707,-87.612087313089,RESIDENCE,False,False,D-13,W-13,0.09963972283187145,0.4202,MEDIUM
CR-2025-002867,2024-03-22 03:22:10,BURGLARY,COMMERCIAL,41.936918348458256,-87.66092250969776,PARK,False,False,D-02,W-48,0.12754118558676902,0.5816,HIGH
CR-2024-000610,2025-06-15 21:12:47,ASSAULT,AGGRAVATED ASSAULT,41.74921003952426,-87.62125448224432,APARTMENT,True,True,D-11,W-07,0.14038176749222298,0.8596,CRITICAL
CR-2023-003195,2024-12-24 05:42:08,MOTOR VEHICLE THEFT,TRUCK,41.90956282681241,-87.65537608267341,PARK,False,False,D-08,W-10,0.1267592869520773,0.5822,HIGH
CR-2023-003165,2025-10-08 05:55:22,ROBBERY,STRONGARM ROBBERY,41.904327547210215,-87.7513471485866,RESIDENCE,True,False,D-15,W-48,0.13521097448746053,0.8648,CRITICAL
CR-2025-005771,2023-05-31 01:39:35,ROBBERY,ARMED ROBBERY,41.78578490585358,-87.60615720869144,RESIDENCE,False,False,D-02,W-35,0.12393189033999603,0.8761,CRITICAL
CR-2024-001207,2025-10-31 12:03:12,ASSAULT,SIMPLE ASSAULT,41.898917906403184,-87.72201308440513,APARTMENT,True,False,D-14,W-38,0.2497032507340439,0.7503,CRITICAL
CR-2025-001430,2024-10-16 22:28:37,CRIMINAL DAMAGE,TO PROPERTY,41.76561964263481,-87.6169030837203,SIDEWALK,False,False,D-10,W-08,0.09574553128668403,0.422,MEDIUM
CR-2023-001842,2025-06-26 13:54:12,BURGLARY,COMMERCIAL,41.96046189369898,-87.67231070557494,COMMERCIAL BUILDING,False,False,D-13,W-23,0.06961247923690984,0.6203,HIGH
CR-2025-001973,2025-07-23 23:07:34,THEFT,RETAIL THEFT,41.8902773382531,-87.71919264753942,COMMERCIAL BUILDING,False,False,D-01,W-16,0.10021505596291755,0.4199,MEDIUM
CR-2025-000314,2023-04-21 02:11:45,MOTOR VEHICLE THEFT,MOTORCYCLE,41.878935873684334,-87.61338712722294,PARKING LOT,False,False,D-11,W-35,0.1090702738106135,0.594,HIGH
CR-2023-004281,2023-08-04 05:36:00,THEFT,PETTY THEFT,41.8021003914788,-87.62378770073562,RESIDENCE,False,False,D-05,W-07,0.12649161116060678,0.4076,MEDIUM
CR-2023-001125,2023-08-17 19:59:27,ASSAULT,SIMPLE ASSAULT,41.87618676319434,-87.60713267604629,RESIDENCE,True,False,D-01,W-19,0.13486670390253794,0.8651,CRITICAL
CR-2025-005570,2023-11-03 06:57:18,BURGLARY,COMMERCIAL,41.74976396184447,-87.59223345023369,APARTMENT,True,False,D-06,W-07,0.17036540068306594,0.5531,HIGH
CR-2023-002403,2023-06-21 00:06:27,NARCOTICS,POSSESSION OF COCAINE,41.76042428354942,-87.61269174154559,PARKING LOT,True,False,D-15,W-47,0.6136310746956322,0.2576,MEDIUM
CR-2023-004245,2025-07-03 20:15:57,BURGLARY,COMMERCIAL,41.89709991879798,-87.64436593043662,STREET,False,False,D-11,W-13,0.06934524879458102,0.6204,HIGH
CR-2025-003968,2024-05-13 16:14:13,BATTERY,SIMPLE BATTERY,41.72343575085122,-87.56853055551717,SIDEWALK,True,False,D-04,W-06,0.866184222404742,0.1338,LOW
CR-2023-004734,2023-06-19 23:52:51,BATTERY,SIMPLE BATTERY,41.76177969725653,-87.63135672676913,PARKING LOT,True,False,D-03,W-17,0.787457651614643,0.2125,LOW
CR-2025-001892,2025-08-14 21:33:50,BATTERY,AGGRAVATED BATTERY,41.88895865754384,-87.73680993477075,STREET,True,False,D-02,W-37,0.7706728490569086,0.2293,LOW
CR-2023-000111,2025-08-11 09:43:32,BURGLARY,FORCIBLE ENTRY,41.88839390285562,-87.65399073806785,SIDEWALK,False,False,D-03,W-31,0.13871966830990853,0.5742,HIGH
CR-2023-005433,2024-03-15 20:09:22,NARCOTICS,POSSESSION OF HEROIN,41.88076547068686,-87.64171988776219,APARTMENT,False,False,D-11,W-04,0.5858479152180934,0.2761,MEDIUM
CR-2024-004168,2023-04-17 20:14:38,BATTERY,DOMESTIC BATTERY,41.92899457348184,-87.68235731777928,PARKING LOT,True,True,D-13,W-26,0.7461200536954711,0.2539,MEDIUM
CR-2023-001701,2024-01-25 21:09:56,BURGLARY,RESIDENTIAL,41.88411867116796,-87.72867921362231,PARKING LOT,False,False,D-07,W-50,0.11634447095413486,0.5891,HIGH
CR-2023-001215,2025-08-24 00:28:43,ROBBERY,ARMED ROBBERY,41.95969211851787,-87.67569328677384,ALLEY,False,False,D-15,W-24,0.16873467316772728,0.8313,CRITICAL
CR-2024-004219,2023-12-12 23:17:19,ASSAULT,SIMPLE ASSAULT,41.77829677223863,-87.61623498273974,ALLEY,False,False,D-03,W-22,0.17140309005067847,0.8286,CRITICAL
CR-2023-000309,2025-06-27 16:30:57,ASSAULT,SIMPLE ASSAULT,41.88531513847605,-87.62644173963582,PARK,False,False,D-13,W-21,0.1153863161154693,0.8846,CRITICAL
CR-2025-004028,2025-07-23 03:18:45,ROBBERY,ARMED ROBBERY,41.87928571703226,-87.63412234045767,COMMERCIAL BUILDING,False,False,D-01,W-47,0.10691528309370744,0.8931,CRITICAL
CR-2025-005267,2023-04-20 14:48:55,THEFT,RETAIL THEFT,41.85375537556995,-87.6480019504023,PARK,False,True,D-03,W-18,0.1415791845746694,0.4006,MEDIUM
CR-2024-001900,2023-06-10 02:53:13,ASSAULT,SIMPLE ASSAULT,41.85727186169254,-87.65380406656756,SIDEWALK,True,False,D-04,W-44,0.2313222167573547,0.7687,CRITICAL
CR-2023-005583,2023-06-23 02:44:00,BATTERY,DOMESTIC BATTERY,41.85904267631628,-87.61535160199159,SIDEWALK,False,False,D-04,W-40,0.80627866805507,0.1937,LOW
CR-2024-002338,2025-04-19 06:21:44,BURGLARY,RESIDENTIAL,41.88849153547773,-87.61321250400559,PARKING LOT,True,False,D-06,W-14,0.15409062133096366,0.5639,HIGH
CR-2023-005811,2025-05-19 23:16:28,ROBBERY,ARMED ROBBERY,41.87560271623578,-87.64436784803708,PARKING LOT,False,False,D-09,W-09,0.13444365757539703,0.8656,CRITICAL
CR-2023-000327,2025-04-25 12:28:46,ASSAULT,SIMPLE ASSAULT,41.999867196065,-87.65411563131971,PARKING LOT,True,True,D-14,W-08,0.22110634178499328,0.7789,CRITICAL
CR-2024-004174,2024-04-20 08:51:57,BATTERY,SIMPLE BATTERY,41.88685824533427,-87.61053842957232,PARKING LOT,True,True,D-06,W-14,0.8147264291670964,0.1853,LOW
CR-2023-005532,2023-01-23 23:16:05,CRIMINAL DAMAGE,GRAFFITI,41.81067575248578,-87.6371768357716,PARKING LOT,False,False,D-07,W-08,0.17311922313838193,0.3859,MEDIUM
CR-2023-002235,2023-06-02 11:13:31,BURGLARY,RESIDENTIAL,41.95486370964916,-87.62962366280293,PARK,False,False,D-01,W-21,0.14042923176640582,0.573,HIGH
CR-2024-005662,2023-05-04 22:46:27,MOTOR VEHICLE THEFT,MOTORCYCLE,41.9575927463615,-87.63702785564864,PARK,False,False,D-14,W-46,0.22099672338846582,0.5193,HIGH
CR-2024-001975,2024-10-09 08:26:14,ROBBERY,STRONGARM ROBBERY,41.79178235804061,-87.64985704525087,STREET,True,False,D-08,W-41,0.19281185728780337,0.8072,CRITICAL
CR-2025-004610,2023-06-24 15:15:32,CRIMINAL DAMAGE,GRAFFITI,41.88239580115933,-87.63262892243722,COMMERCIAL BUILDING,False,False,D-09,W-14,0.14490363999623784,0.399,MEDIUM
CR-2023-003210,2024-03-01 05:03:46,BATTERY,DOMESTIC BATTERY,41.86104450675279,-87.64212722242632,RESIDENCE,True,False,D-05,W-42,0.671594264633241,0.3284,MEDIUM
CR-2024-003601,2024-05-27 22:34:34,NARCOTICS,POSSESSION OF HEROIN,41.89029920609097,-87.64245780816138,SIDEWALK,True,False,D-10,W-49,0.7842889395146434,0.1438,LOW
CR-2023-003192,2023-04-14 01:00:53,CRIMINAL DAMAGE,TO VEHICLE,41.95718905380916,-87.62994079025793,PARK,False,False,D-12,W-43,0.12599429882106833,0.4079,MEDIUM
CR-2023-003726,2023-08-10 03:59:40,BATTERY,AGGRAVATED BATTERY,41.927132910003394,-87.63486750471199,ALLEY,False,True,D-08,W-05,0.7414949780977427,0.2585,MEDIUM
CR-2025-005057,2023-07-03 01:08:33,THEFT,RETAIL THEFT,41.77186991011493,-87.62591452166248,RESIDENCE,False,False,D-11,W-49,0.13721082192962533,0.4026,MEDIUM
CR-2024-005572,2025-03-26 08:22:29,BURGLARY,FORCIBLE ENTRY,41.90193293456591,-87.7107305541056,COMMERCIAL BUILDING,False,False,D-12,W-19,0.10509079756360182,0.5966,HIGH
CR-2025-002660,2023-06-10 10:57:10,BATTERY,AGGRAVATED BATTERY,41.95286561826511,-87.67926784249904,STREET,False,False,D-07,W-03,0.8177703461870103,0.1822,LOW
CR-2023-003234,2023-06-18 00:13:57,ASSAULT,AGGRAVATED ASSAULT,41.88606024684516,-87.6397515423583,ALLEY,False,True,D-12,W-33,0.15931036068590507,0.8407,CRITICAL
CR-2023-000717,2023-02-17 04:26:27,NARCOTICS,POSSESSION OF COCAINE,41.77472195715534,-87.6219355012378,STREET,False,False,D-01,W-37,0.8103417634624116,0.1264,LOW
CR-2025-001211,2023-12-06 22:30:59,ASSAULT,AGGRAVATED ASSAULT,41.94381218511864,-87.65616953899628,STREET,False,False,D-10,W-49,0.206591499748342,0.7934,CRITICAL
CR-2025-002735,2023-03-11 09:50:26,ASSAULT,SIMPLE ASSAULT,41.90787800655034,-87.72002878495867,ALLEY,False,True,D-14,W-30,0.2472419718888809,0.7528,CRITICAL
CR-2024-000946,2024-05-01 11:17:56,THEFT,FROM BUILDING,41.76799035273684,-87.63174024509816,COMMERCIAL BUILDING,False,False,D-11,W-30,0.08790378564157421,0.4256,MEDIUM
CR-2025-005561,2025-08-05 04:40:18,MOTOR VEHICLE THEFT,TRUCK,41.96154642190239,-87.64901465156397,STREET,False,False,D-08,W-28,0.2360772055676709,0.5093,HIGH
CR-2024-002659,2025-08-16 19:25:48,CRIMINAL DAMAGE,TO VEHICLE,41.9445258924039,-87.64449424111929,APARTMENT,False,False,D-10,W-02,0.11294905311579725,0.414,MEDIUM
CR-2025-003011,2023-07-01 00:48:47,BURGLARY,COMMERCIAL,41.91548275997901,-87.63392682142383,STREET,False,False,D-03,W-34,0.12014272139404913,0.5866,HIGH
CR-2025-000035,2025-07-30 22:11:46,BURGLARY,FORCIBLE ENTRY,41.78793489013771,-87.59054908583836,PARK,False,False,D-10,W-18,0.07970851507953446,0.6135,HIGH
CR-2023-002421,2023-11-11 16:51:09,THEFT,PETTY THEFT,41.96211179492597,-87.65813297172019,PARKING LOT,True,False,D-10,W-21,0.1303401265446266,0.4058,MEDIUM
CR-2023-002100,2023-05-16 15:56:51,NARCOTICS,POSSESSION OF HEROIN,41.88498583002665,-87.74652375132239,APARTMENT,False,False,D-11,W-15,0.7063743227019419,0.1958,LOW
CR-2025-001337,2024-10-01 04:06:36,MOTOR VEHICLE THEFT,MOTORCYCLE,41.92822890631847,-87.69455251383344,SIDEWALK,False,False,D-10,W-24,0.16838517005334522,0.5544,HIGH
CR-2024-001603,2024-12-07 03:10:47,BATTERY,AGGRAVATED BATTERY,41.86651010832094,-87.61734712282207,ALLEY,True,False,D-04,W-06,0.798192828837994,0.2018,LOW
CR-2023-005859,2025-01-22 21:47:11,ROBBERY,ARMED ROBBERY,41.86540402541334,-87.60363845223301,COMMERCIAL BUILDING,True,False,D-14,W-25,0.15240422087852817,0.8476,CRITICAL
CR-2023-001167,2025-03-01 12:31:36,ASSAULT,AGGRAVATED ASSAULT,41.8914557474528,-87.6211719247584,ALLEY,True,True,D-07,W-44,0.22826998664104062,0.7717,CRITICAL
CR-2023-004554,2025-08-09 10:02:05,ROBBERY,STRONGARM ROBBERY,41.901085705738815,-87.62349194941145,PARKING LOT,False,True,D-02,W-18,0.17212586051584214,0.8279,CRITICAL
CR-2024-003667,2024-06-20 18:34:00,MOTOR VEHICLE THEFT,TRUCK,41.88172703107334,-87.62527889395328,RESIDENCE,True,False,D-04,W-07,0.14294690489093306,0.5714,HIGH
CR-2025-001316,2025-10-10 21:37:33,ASSAULT,SIMPLE ASSAULT,41.78383230664078,-87.62121728316393,PARK,False,True,D-02,W-22,0.16526256679217835,0.8347,CRITICAL
CR-2025-001223,2025-08-17 04:04:28,BATTERY,,41.95428448258027,-87.65998815600632,STREET,False,False,D-06,W-25,0.7258654406412961,0.2741,MEDIUM
CR-2023-001008,2025-03-01 17:35:22,ASSAULT,AGGRAVATED ASSAULT,41.87583873285641,-87.76296952255932,RESIDENCE,False,True,D-09,W-45,0.15672518654216722,0.8433,CRITICAL
CR-2024-000199,2024-11-09 11:18:29,BATTERY,AGGRAVATED BATTERY,41.876381902321214,-87.6112327553204,ALLEY,True,True,D-02,W-44,0.8091043458425191,0.1909,LOW
CR-2024-000715,2024-10-26 23:09:55,ASSAULT,AGGRAVATED ASSAULT,41.95454813395618,-87.6389852557492,ALLEY,False,True,D-09,W-49,0.262203964351949,0.7378,HIGH
CR-2023-001803,2024-11-20 22:31:46,MOTOR VEHICLE THEFT,TRUCK,41.932802941075565,-87.63366030381499,PARK,False,False,D-09,W-36,0.12308936297249652,0.5846,HIGH
CR-2024-005944,2023-09-30 16:50:00,CRIMINAL DAMAGE,GRAFFITI,41.77437981387282,-87.64686660292102,APARTMENT,False,False,D-11,W-19,0.12667869043125482,0.4075,MEDIUM
CR-2023-002955,2025-03-01 01:03:16,MOTOR VEHICLE THEFT,AUTOMOBILE,41.8856860314871,-87.63110051704223,PARKING LOT,False,False,D-13,W-43,0.15126272920077846,0.5658,HIGH
CR-2024-003679,2024-06-10 22:33:52,ASSAULT,AGGRAVATED ASSAULT,41.860221879437134,-87.60064706678317,RESIDENCE,True,False,D-03,W-44,0.13853417054158476,0.8615,CRITICAL
CR-2024-000553,2023-03-18 09:43:29,BATTERY,DOMESTIC BATTERY,41.88729160857594,-87.64560123344761,APARTMENT,False,False,D-11,W-10,0.6931596134001397,0.3068,MEDIUM
CR-2023-005322,2024-08-30 11:01:38,NARCOTICS,SALE/MANUFACTURE,41.759206939168365,-87.62334269331892,RESIDENCE,False,False,D-14,W-04,0.713324805366058,0.1911,LOW
CR-2025-002291,2023-08-21 02:10:46,BURGLARY,RESIDENTIAL,41.878010679361815,-87.61803995831035,SIDEWALK,False,False,D-07,W-29,0.09731228761958427,0.6018,HIGH
CR-2024-001462,2025-01-02 00:41:25,ASSAULT,AGGRAVATED ASSAULT,41.88225154472007,-87.72235967286431,RESIDENCE,False,True,D-07,W-28,0.273483840389185,0.7265,HIGH
CR-2023-005415,2025-07-12 11:34:09,CRIMINAL DAMAGE,GRAFFITI,41.89963784696129,-87.62553149814289,APARTMENT,True,False,D-04,W-15,0.17372033469728132,0.3856,MEDIUM
CR-2025-002828,2024-02-22 14:16:27,NARCOTICS,POSSESSION OF COCAINE,41.8041568646709,-87.6301090363878,RESIDENCE,True,False,D-08,W-25,0.6447247620845132,0.2369,LOW
CR-2024-002389,2025-08-13 11:44:59,NARCOTICS,POSSESSION OF HEROIN,41.86167094221736,-87.67745055719794,COMMERCIAL BUILDING,False,False,D-09,W-44,0.7382451965188431,0.1745,LOW
CR-2025-001370,2023-10-14 20:42:47,THEFT,PETTY THEFT,41.88432298250543,-87.62285067204823,APARTMENT,False,False,D-04,W-37,0.17148646351666483,0.3866,MEDIUM
CR-2023-001779,2023-03-22 02:54:19,THEFT,GRAND THEFT,41.94613743894968,-87.68128432726891,STREET,False,False,D-12,W-05,0.122934644400147,0.4093,MEDIUM
CR-2024-002545,2024-06-07 08:30:15,BATTERY,DOMESTIC BATTERY,41.91198479444396,-87.6694154696619,STREET,True,True,D-13,W-13,0.7284146388882576,0.2716,MEDIUM
CR-2025-001382,2025-02-23 22:29:05,PETTY THEFT,POSSESSION OF COCAINE,41.88515697428468,-87.71213380777297,STREET,True,False,D-04,W-14,0.48792382315682464,0.239,LOW
CR-2023-003828,2023-02-26 02:08:52,CRIMINAL DAMAGE,TO PROPERTY,41.81689880014786,-87.68239499621838,PARK,False,False,D-04,W-19,0.23328565466985915,0.3578,MEDIUM
CR-2023-003960,2023-06-15 22:14:49,BURGLARY,FORCIBLE ENTRY,41.89775908869221,-87.61223347042495,PARK,False,False,D-03,W-15,0.1101621434659669,0.5932,HIGH
CR-2024-001897,2024-12-30 00:51:47,BATTERY,SIMPLE BATTERY,41.94855760369389,-87.66181222104296,STREET,True,True,D-02,W-24,0.8061491097013039,0.1939,LOW
CR-2025-005735,2024-05-05 15:46:42,ASSAULT,SIMPLE ASSAULT,41.97413894572233,-87.65779096959372,PARKING LOT,False,False,D-04,W-35,0.19033464055239943,0.8097,CRITICAL
CR-2025-000404,2025-06-20 01:03:14,ASSAULT,SIMPLE ASSAULT,41.97351512251147,-87.67319214604439,RESIDENCE,False,False,D-15,W-32,0.13179107889422598,0.8682,CRITICAL
CR-2023-002778,2023-01-13 21:53:42,ROBBERY,STRONGARM ROBBERY,41.9499115274534,-87.63432271716249,PARKING LOT,False,False,D-05,W-18,0.1658234815308395,0.8342,CRITICAL
CR-2025-004697,2025-11-23 13:41:43,PETTY THEFT,MOTORCYCLE,41.95179949079498,-87.64126353918913,STREET,True,False,D-15,W-36,0.33068506494346733,0.3123,MEDIUM
CR-2025-000503,2023-04-21 22:41:10,ASSAULT,AGGRAVATED ASSAULT,41.8012798305007,-87.61312070495795,SIDEWALK,False,True,D-13,W-48,0.13952718420188864,0.8605,CRITICAL
CR-2023-000780,2023-05-22 05:19:43,NARCOTICS,POSSESSION OF HEROIN,41.87777949058478,-87.64100817518722,APARTMENT,False,False,D-12,W-06,0.6926827302019718,0.2049,LOW
CR-2024-003874,2025-11-29 20:54:13,CRIMINAL DAMAGE,TO PROPERTY,41.88904729043402,-87.60892118668481,APARTMENT,False,False,D-04,W-25,0.11370823704054678,0.4136,MEDIUM
CR-2025-004982,2023-11-08 01:26:13,CRIMINAL DAMAGE,GRAFFITI,41.81862868254091,-87.61647176809839,RESIDENCE,False,False,D-11,W-30,0.07501213031573853,0.4317,MEDIUM
CR-2025-004133,2023-03-13 14:46:19,BATTERY,SIMPLE BATTERY,41.89064726206948,-87.64581583865558,SIDEWALK,True,False,D-03,W-32,0.8198002331713966,0.1802,LOW
CR-2023-000924,2023-09-12 01:23:28,THEFT,PETTY THEFT,41.96778914401053,-87.64675611276256,ALLEY,False,False,D-03,W-02,0.1804573927614714,0.3825,MEDIUM
CR-2025-004493,2025-08-26 02:07:39,ASSAULT,AGGRAVATED ASSAULT,41.86792498055997,-87.63901215296872,SIDEWALK,True,False,D-12,W-32,0.15069202911706153,0.8493,CRITICAL
CR-2025-005405,2024-07-28 02:25:32,THEFT,RETAIL THEFT,41.86740211543451,-87.62640543688383,PARKING LOT,False,True,D-04,W-35,0.15959261026108174,0.3922,MEDIUM
CR-2023-000978,2023-05-05 14:32:02,NARCOTICS,POSSESSION OF COCAINE,41.84606488679032,-87.58273377199511,STREET,True,False,D-02,W-04,0.7246835762098365,0.1835,LOW
CR-2024-002362,2023-03-28 17:31:47,NARCOTICS,POSSESSION OF COCAINE,41.776877066558434,-87.70826064339695,SIDEWALK,True,False,D-15,W-20,0.7648702059266538,0.1568,LOW
CR-2023-005160,2025-04-14 11:39:12,CRIMINAL DAMAGE,TO VEHICLE,41.785200094030046,-87.61402289536764,PARKING LOT,False,False,D-15,W-17,0.14643393394412332,0.3983,MEDIUM
CR-2025-000575,2023-05-12 14:02:32,BURGLARY,FORCIBLE ENTRY,41.92857215301088,-87.69836780227207,PARKING LOT,False,False,D-13,W-21,0.09743383789900699,0.6017,HIGH
CR-2024-001051,2025-12-02 05:29:29,THEFT,GRAND THEFT,41.865055053780885,-87.61291847823378,PARK,True,False,D-14,W-11,0.1661581624167776,0.3891,MEDIUM
CR-2024-001123,2023-03-29 12:59:32,MOTOR VEHICLE THEFT,TRUCK,41.930424319033534,-87.68190627251478,PARK,False,False,D-06,W-50,0.12088451987409604,0.5861,HIGH
CR-2024-003691,2025-07-25 10:49:13,MOTOR VEHICLE THEFT,AUTOMOBILE,41.8734098424552,-87.64173983365013,PARKING LOT,False,False,D-13,W-22,0.15133236282952706,0.5658,HIGH
CR-2023-004869,2023-05-27 20:14:30,MOTOR VEHICLE THEFT,MOTORCYCLE,41.89721480689008,-87.71959030766072,RESIDENCE,False,False,D-11,W-05,0.10064257539454861,0.5996,HIGH
CR-2025-002582,2023-07-01 01:49:49,CRIMINAL DAMAGE,TO VEHICLE,41.89001900574418,-87.61519566625859,PARKING LOT,False,False,D-15,W-33,0.12620123393081625,0.4078,MEDIUM
CR-2025-000566,2025-04-29 21:57:58,NARCOTICS,POSSESSION OF HEROIN,41.90230566903588,-87.6229969854773,RESIDENCE,False,False,D-09,W-48,0.6453972642424517,0.2364,LOW
CR-2024-000970,2024-03-14 01:12:27,NARCOTICS,POSSESSION OF COCAINE,41.88272075809257,-87.63567472851133,STREET,True,False,D-15,W-43,0.7446020962956924,0.1703,LOW
CR-2024-004042,2025-07-05 20:44:47,ASSAULT,SIMPLE ASSAULT,41.856218624112046,-87.6262729705095,RESIDENCE,False,False,D-04,W-31,0.15025603802007625,0.8497,CRITICAL
CR-2024-004417,2023-09-23 03:21:16,ASSAULT,AGGRAVATED ASSAULT,41.88869758195321,-87.63008683269781,STREET,False,False,D-07,W-38,0.24975266829262818,0.7502,CRITICAL
CR-2025-000389,2023-03-17 06:08:01,BURGLARY,COMMERCIAL,41.7770391642725,-87.61348319756124,RESIDENCE,False,True,D-12,W-32,0.10867187890104267,0.5942,HIGH
CR-2023-001971,2023-09-25 21:24:50,BATTERY,DOMESTIC BATTERY,41.936460514265576,-87.70310608734938,PARK,True,False,D-14,W-30,0.761454525806566,0.2385,LOW
CR-2025-002081,2024-05-30 21:11:37,MOTOR VEHICLE THEFT,AUTOMOBILE,41.87407031370036,-87.65734539675655,APARTMENT,False,False,D-10,W-40,0.13142231455382616,0.5791,HIGH
CR-2023-004920,2023-08-16 21:39:41,BURGLARY,COMMERCIAL,41.92626259416932,-87.62860987733325,APARTMENT,False,True,D-05,W-06,0.08858219489652905,0.6076,HIGH
CR-2024-005581,2024-08-10 22:49:44,NARCOTICS,POSSESSION OF COCAINE,41.909548588571255,-87.60810771481799,COMMERCIAL BUILDING,True,False,D-02,W-02,0.7474171436099655,0.1684,LOW
CR-2024-005005,2024-07-08 00:19:59,THEFT,RETAIL THEFT,41.89192904567012,-87.61702885094856,STREET,True,False,D-08,W-28,0.19698071452609622,0.3747,MEDIUM
CR-2024-005272,2025-02-23 01:06:46,CRIMINAL DAMAGE,TO PROPERTY,41.7722170744208,-87.61778966876302,APARTMENT,False,False,D-05,W-42,0.10783941566631228,0.4163,MEDIUM
CR-2023-005601,2025-01-13 22:26:37,BATTERY,,41.86812948642274,-87.63161613148586,APARTMENT,False,False,D-14,W-31,0.8028723927353184,0.1971,LOW
CR-2024-001963,2024-09-21 21:43:54,ROBBERY,ARMED ROBBERY,41.89788548633307,-87.7185752947668,ALLEY,True,False,D-12,W-21,0.13544642517442138,0.8646,CRITICAL
CR-2024-001246,2024-11-10 11:06:17,CRIMINAL DAMAGE,GRAFFITI,41.766571929440005,-87.59290919991328,ALLEY,False,False,D-04,W-43,0.22389202038104314,0.3622,MEDIUM
CR-2025-002996,2023-05-26 02:08:30,CRIMINAL DAMAGE,TO VEHICLE,41.753942330617726,-87.61603017456372,RESIDENCE,False,False,D-11,W-24,0.10480538195915236,0.4178,MEDIUM
CR-2023-005130,2023-07-19 13:54:44,BURGLARY,COMMERCIAL,41.87870461548996,-87.61637604907652,SIDEWALK,False,False,D-06,W-24,0.12581738935540535,0.5828,HIGH
CR-2025-000980,2025-10-13 00:35:00,ROBBERY,ARMED ROBBERY,41.87961190798891,-87.72176002665256,APARTMENT,False,False,D-13,W-29,0.11254814723904823,0.8875,CRITICAL
CR-2025-004043,2024-10-20 00:01:07,BATTERY,AGGRAVATED BATTERY,41.84832968087832,-87.63380706228912,COMMERCIAL BUILDING,True,True,D-15,W-02,0.7597380570200362,0.2403,LOW
CR-2024-004792,2025-10-27 22:27:15,ROBBERY,ARMED ROBBERY,41.971389747280206,-87.68678683435463,STREET,False,False,D-02,W-28,0.23454178621150815,0.7655,CRITICAL
CR-2023-005679,2023-11-26 02:43:25,BURGLARY,FORCIBLE ENTRY,41.86788836650513,-87.62541601815767,ALLEY,False,False,D-09,W-40,0.14316012379352597,0.5712,HIGH
CR-2023-002493,2023-05-12 20:25:32,ROBBERY,ARMED ROBBERY,41.943979150729255,-87.65391260394684,APARTMENT,False,False,D-01,W-35,0.13292968826109777,0.8671,CRITICAL
CR-2023-005733,2023-04-12 02:06:49,ASSAULT,AGGRAVATED ASSAULT,41.87321391660227,-87.62809998304142,PARK,False,False,D-11,W-13,0.10140318533640535,0.8986,CRITICAL
CR-2023-001236,2023-08-30 12:41:03,BURGLARY,FORCIBLE ENTRY,41.75925034918413,-87.66352611507885,STREET,True,False,D-07,W-29,0.1359382265209198,0.576,HIGH
CR-2024-000112,2025-12-01 14:13:45,MOTOR VEHICLE THEFT,AUTOMOBILE,41.76710170335527,-87.60177623507582,PARK,False,False,D-09,W-27,0.15362264853359608,0.5643,HIGH
CR-2025-003332,2023-08-23 20:29:42,BATTERY,DOMESTIC BATTERY,41.86730015700167,-87.64366094211012,PARK,False,False,D-03,W-49,0.8209137228256559,0.1791,LOW
CR-2024-003988,2024-04-10 19:05:21,CRIMINAL DAMAGE,TO VEHICLE,41.92864268179721,-87.6408392412084,PARKING LOT,False,False,D-15,W-13,0.08912812344208289,0.4251,MEDIUM
CR-2023-001206,2023-08-31 22:19:39,NARCOTICS,POSSESSION OF HEROIN,41.75083637984389,-87.65193757052536,APARTMENT,True,False,D-12,W-42,0.658613610793594,0.2276,LOW
CR-2025-003392,2023-07-13 22:07:48,ROBBERY,STRONGARM ROBBERY,41.79601126194091,-87.63952997041532,APARTMENT,False,False,D-12,W-50,0.08291520195167677,0.9171,CRITICAL
CR-2024-005920,2024-10-31 21:50:24,CRIMINAL DAMAGE,TO PROPERTY,41.88707258225502,-87.64443299403422,PARKING LOT,False,False,D-10,W-47,0.0730199449164589,0.4326,MEDIUM
CR-2025-003605,2024-11-15 21:45:24,BURGLARY,COMMERCIAL,41.99574828728054,-87.66285529775044,SIDEWALK,False,False,D-15,W-13,0.09405031615184728,0.604,HIGH
CR-2025-000617,2024-05-02 07:00:14,NARCOTICS,SALE/MANUFACTURE,41.75880813580076,-87.5880220798639,STREET,False,True,D-12,W-16,0.6884581794968467,0.2077,LOW
CR-2023-000315,2023-07-10 22:29:19,MOTOR VEHICLE THEFT,TRUCK,41.85271303055429,-87.60685674520809,APARTMENT,True,False,D-05,W-24,0.14221542038691545,0.5719,HIGH
CR-2024-002068,2023-12-01 14:41:38,MOTOR VEHICLE THEFT,AUTOMOBILE,41.8795934319266,-87.72081676449183,RESIDENCE,False,False,D-02,W-45,0.16235672802798948,0.5584,HIGH
CR-2025-003824,2023-11-11 14:50:27,MOTOR VEHICLE THEFT,AUTOMOBILE,41.753969292814034,-87.65547592805031,RESIDENCE,False,False,D-07,W-32,0.24722072755837163,0.5019,HIGH
CR-2025-001142,2023-02-09 20:30:10,NARCOTICS,SALE/MANUFACTURE,41.76728989344227,-87.6174484776687,STREET,True,False,D-07,W-24,0.8025200376981357,0.1317,LOW
CR-2023-002574,2023-01-05 21:50:51,ASSAULT,SIMPLE ASSAULT,41.96333222729204,-87.64878844366426,STREET,False,True,D-02,W-39,0.17769226005058475,0.8223,CRITICAL
CR-2023-004140,2023-11-10 12:44:59,ROBBERY,STRONGARM ROBBERY,41.770983011351646,-87.59463787546431,RESIDENCE,False,False,D-03,W-43,0.17519926922058213,0.8248,CRITICAL
CR-2024-004849,2025-12-16 08:24:25,MOTOR VEHICLE THEFT,AUTOMOBILE,41.80898945136334,-87.666232106611,STREET,False,False,D-08,W-36,0.1769672161690687,0.5487,HIGH
CR-2023-001488,2023-06-23 01:54:10,MOTOR VEHICLE THEFT,TRUCK,41.897055600164826,-87.64249473966198,ALLEY,False,False,D-11,W-38,0.1386863186594358,0.5742,HIGH
CR-2024-001831,2024-02-22 22:53:54,ROBBERY,ARMED ROBBERY,41.95586697119423,-87.64905243579067,ALLEY,False,False,D-10,W-15,0.16509843860306317,0.8349,CRITICAL
CR-2023-001350,2023-12-25 09:54:47,ROBBERY,ARMED ROBBERY,41.956136170413785,-87.63348039149628,SIDEWALK,False,False,D-13,W-25,0.1411610313181036,0.8588,CRITICAL
CR-2023-002718,2025-07-04 22:13:36,NARCOTICS,SALE/MANUFACTURE,41.87724438249721,-87.61204018835205,STREET,True,False,D-10,W-19,0.687457071098398,0.2084,LOW
CR-2023-005019,2024-05-03 14:35:15,THEFT,PETTY THEFT,41.96077112713956,-87.6155864717797,STREET,False,False,D-07,W-41,0.19331397479878185,0.3765,MEDIUM
CR-2024-001687,2024-04-02 00:26:16,BATTERY,DOMESTIC BATTERY,41.91474682611754,-87.67578057181773,APARTMENT,True,True,D-15,W-41,0.7175567048862038,0.2824,MEDIUM
CR-2024-003310,2024-02-06 07:52:01,CRIMINAL DAMAGE,TO VEHICLE,41.71943920850317,-87.6241837116838,PARKING LOT,False,False,D-02,W-24,0.276812157784762,0.3375,MEDIUM
CR-2024-002239,2023-11-20 02:32:17,MOTOR VEHICLE THEFT,TRUCK,41.85718257396712,-87.61399162671556,ALLEY,False,False,D-02,W-36,0.17773335941635396,0.5482,HIGH
CR-2023-000684,2025-08-27 22:34:23,BATTERY,SIMPLE BATTERY,41.87262091947856,-87.74282644885248,COMMERCIAL BUILDING,False,True,D-01,W-22,0.7691049451275805,0.2309,LOW
CR-2024-004630,2023-05-12 10:43:34,ASSAULT,AGGRAVATED ASSAULT,41.84921648959501,-87.60739435361492,PARKING LOT,True,True,D-03,W-07,0.1949293427268528,0.8051,CRITICAL
CR-2024-003070,2023-06-28 22:30:20,NARCOTICS,POSSESSION OF COCAINE,41.87083612472104,-87.6304889324311,APARTMENT,True,False,D-04,W-13,0.6980382285109696,0.2013,LOW
CR-2025-002228,2023-11-17 02:48:34,BURGLARY,RESIDENTIAL,41.8607432507193,-87.64979692532167,PARK,True,False,D-10,W-05,0.1106893030968741,0.5929,HIGH
CR-2024-003289,2023-10-28 01:26:21,BURGLARY,COMMERCIAL,41.88190605945162,-87.6566961459687,COMMERCIAL BUILDING,False,False,D-12,W-49,0.1691512719660637,0.5539,HIGH
CR-2025-002798,2025-05-17 18:13:48,ROBBERY,ARMED ROBBERY,41.88424157795964,-87.63395007657579,SIDEWALK,False,False,D-07,W-39,0.12703168402357862,0.873,CRITICAL
CR-2024-001240,2023-05-18 01:23:57,ROBBERY,,41.76375347948103,-87.58601555234482,STREET,True,False,D-04,W-22,0.2475026870917924,0.7525,CRITICAL
CR-2023-002349,2024-11-06 11:27:28,ASSAULT,AGGRAVATED ASSAULT,41.78205785498708,-87.64072827135527,SIDEWALK,False,False,D-04,W-45,0.2232318980662867,0.7768,CRITICAL
CR-2024-004534,2025-05-30 22:32:17,CRIMINAL DAMAGE,GRAFFITI,41.97823347717603,-87.64080341253027,ALLEY,False,False,D-13,W-38,0.12511014485839647,0.4083,MEDIUM
CR-2024-000598,2025-08-02 17:50:56,NARCOTICS,,41.8778054330161,-87.62151265068374,PARK,True,False,D-11,W-46,0.6936583298655168,0.2042,LOW
CR-2023-001875,2024-11-12 00:51:52,ROBBERY,STRONGARM ROBBERY,41.93668144653365,-87.64871786442579,STREET,False,False,D-01,W-24,0.21288008038545972,0.7871,CRITICAL
CR-2024-003730,2025-11-30 06:00:29,CRIMINAL DAMAGE,GRAFFITI,41.76375800000161,-87.62980105926702,COMMERCIAL BUILDING,False,False,D-08,W-01,0.1829812066499223,0.3813,MEDIUM
CR-2023-004026,2025-02-08 00:05:09,BURGLARY,RESIDENTIAL,41.93992618566178,-87.66508312350368,SIDEWALK,False,False,D-12,W-10,0.0877419410916135,0.6082,HIGH
CR-2025-004118,2023-06-25 01:09:07,BATTERY,DOMESTIC BATTERY,41.96668154328448,-87.67504092357872,STREET,False,False,D-01,W-44,0.8076645092030982,0.1923,LOW
CR-2024-005044,2023-07-02 13:03:11,BURGLARY,FORCIBLE ENTRY,41.89446090196052,-87.69978934966605,ALLEY,False,False,D-01,W-09,0.16112249426540504,0.5593,HIGH
CR-2024-005278,2025-01-03 22:33:55,BATTERY,AGGRAVATED BATTERY,41.882210582609744,-87.63378886291109,PARK,False,False,D-04,W-05,0.7874488419342722,0.2126,LOW
CR-2023-001968,2025-09-06 00:08:01,BURGLARY,RESIDENTIAL,41.97339009801412,-87.68195554794958,PARK,False,False,D-05,W-20,0.09574680027474274,0.6028,HIGH
CR-2024-005212,2025-09-20 00:06:36,ASSAULT,SIMPLE ASSAULT,41.75503903434273,-87.6163271069966,PARK,False,False,D-12,W-14,0.17983084357360762,0.8202,CRITICAL
CR-2023-005493,2024-04-15 09:19:23,MOTOR VEHICLE THEFT,AUTOMOBILE,41.9817050446789,-87.65887413769127,ALLEY,False,False,D-11,W-45,0.1411909410143172,0.5725,HIGH
CR-2024-001861,2025-06-01 18:48:02,NARCOTICS,POSSESSION OF COCAINE,41.7379492735641,-87.67365938663387,COMMERCIAL BUILDING,True,False,D-06,W-15,0.8066565199410396,0.1289,LOW
CR-2023-004665,2024-09-11 17:48:15,CRIMINAL DAMAGE,TO PROPERTY,41.814167308010525,-87.63674277029517,ALLEY,False,False,D-07,W-10,0.1223137300144248,0.4096,MEDIUM
CR-2024-002197,2023-02-10 21:31:27,ASSAULT,SIMPLE ASSAULT,41.89069495796648,-87.65016276309763,SIDEWALK,False,True,D-05,W-44,0.17277096911451012,0.8272,CRITICAL
CR-2024-003631,2023-11-26 11:06:07,BURGLARY,COMMERCIAL,41.88389879344858,-87.60941053600953,ALLEY,False,False,D-15,W-25,0.1027642629598493,0.5982,HIGH
CR-2025-000359,2025-09-07 01:35:07,BURGLARY,RESIDENTIAL,41.94112775575572,-87.65643891247441,APARTMENT,False,False,D-01,W-39,0.09950149582576946,0.6003,HIGH
CR-2025-002882,2023-08-13 14:06:49,ROBBERY,STRONGARM ROBBERY,41.9505441592408,-87.6616769271099,APARTMENT,False,False,D-14,W-48,0.21223340134350602,0.7878,CRITICAL
CR-2024-004432,2025-11-03 20:26:46,THEFT,PETTY THEFT,41.79068478156913,-87.5972025113644,RESIDENCE,False,False,D-15,W-32,0.12076734208582544,0.4103,MEDIUM
CR-2024-003925,2024-05-05 16:16:49,MOTOR VEHICLE THEFT,AUTOMOBILE,41.90813641201468,-87.63441357125674,STREET,False,False,D-14,W-01,0.28067814109282285,0.4795,MEDIUM
CR-2024-000106,2025-09-08 06:34:17,BURGLARY,RESIDENTIAL,41.8924100264524,-87.62002913123041,APARTMENT,False,False,D-09,W-15,0.12329573223688779,0.5845,HIGH
CR-2024-003232,2024-04-09 20:37:15,ASSAULT,AGGRAVATED ASSAULT,41.748706015186414,-87.60877218023172,PARKING LOT,False,False,D-09,W-41,0.15811416941918816,0.8419,CRITICAL
CR-2023-005442,2025-11-21 00:36:16,THEFT,RETAIL THEFT,41.89108511976752,-87.61358024563347,APARTMENT,True,False,D-10,W-49,0.18251126666935574,0.3815,MEDIUM
CR-2025-005855,2024-07-06 18:58:30,BATTERY,AGGRAVATED BATTERY,41.98843844918497,-87.65441870730174,COMMERCIAL BUILDING,True,True,D-07,W-04,0.7207316308503908,0.2793,MEDIUM
CR-2025-003002,2023-08-26 02:40:28,NARCOTICS,POSSESSION OF HEROIN,41.77354624223222,-87.60807113784172,STREET,True,False,D-08,W-49,0.8394430517045434,0.107,LOW
CR-2025-003674,2023-08-27 22:12:33,THEFT,RETAIL THEFT,41.864593273079336,-87.60850816478803,PARK,False,False,D-13,W-08,0.11589229478196257,0.4126,MEDIUM
CR-2023-001137,2025-12-29 00:20:00,ASSAULT,AGGRAVATED ASSAULT,41.75171885152843,-87.65614562822213,PARKING LOT,False,True,D-15,W-03,0.19928305875817381,0.8007,CRITICAL
CR-2025-004310,2023-06-09 07:55:33,CRIMINAL DAMAGE,GRAFFITI,41.866249743547776,-87.61940777184549,PARK,True,False,D-02,W-28,0.1884387720540453,0.3787,MEDIUM
CR-2024-002440,2023-06-25 07:41:53,BATTERY,AGGRAVATED BATTERY,41.89300673321796,-87.60919128422184,ALLEY,True,False,D-10,W-02,0.7747375690742728,0.2253,LOW
CR-2023-002292,2024-02-22 14:47:30,BURGLARY,RESIDENTIAL,41.94463477329828,-87.63143774108298,STREET,False,False,D-06,W-20,0.1397466969288555,0.5735,HIGH
CR-2025-001607,2025-08-25 07:14:11,BURGLARY,FORCIBLE ENTRY,41.79729054993114,-87.58445502728073,PARK,False,False,D-08,W-17,0.14919376006155624,0.5672,HIGH
CR-2024-000841,2025-05-16 05:51:12,BATTERY,SIMPLE BATTERY,41.75630745348175,-87.62089101795696,SIDEWALK,False,True,D-02,W-50,0.7088970205828696,0.2911,MEDIUM
CR-2025-001424,2023-05-30 06:27:22,NARCOTICS,POSSESSION OF COCAINE,41.93624249478648,-87.66608245406297,RESIDENCE,False,False,D-09,W-46,0.7306118807974399,0.1796,LOW
CR-2025-002237,2025-06-22 20:22:33,MOTOR VEHICLE THEFT,TRUCK,41.96531605745126,-87.6450187489515,PARKING LOT,False,False,D-08,W-08,0.14007776391643298,0.5733,HIGH
CR-2024-001777,2023-06-28 03:19:47,CRIMINAL DAMAGE,TO PROPERTY,41.73289805638736,-87.62980701527624,PARKING LOT,False,False,D-10,W-50,0.11206244894711802,0.4144,MEDIUM
CR-2025-005477,2023-05-02 01:10:11,BURGLARY,FORCIBLE ENTRY,41.86804185257876,-87.63207096237912,PARK,False,False,D-07,W-26,0.14278123184348407,0.5715,HIGH
CR-2023-001467,2023-04-25 20:02:00,ASSAULT,AGGRAVATED ASSAULT,41.89124070188795,-87.60770993986374,RESIDENCE,False,False,D-14,W-32,0.19113905352009702,0.8089,CRITICAL
CR-2024-000010,2024-02-16 22:42:41,ROBBERY,STRONGARM ROBBERY,41.81554121922304,-87.63464440751217,PARK,True,False,D-06,W-02,0.17189073942936106,0.8281,CRITICAL
CR-2023-005346,2023-06-15 06:16:14,BURGLARY,FORCIBLE ENTRY,41.894128243376834,-87.63112856600904,ALLEY,False,False,D-07,W-08,0.13148771673249982,0.579,HIGH
CR-2025-005996,2023-06-24 21:10:10,MOTOR VEHICLE THEFT,MOTORCYCLE,41.8720077287514,-87.64400474148427,COMMERCIAL BUILDING,False,False,D-09,W-45,0.13458212473698267,0.5769,HIGH
CR-2025-000128,2023-04-25 20:10:05,MOTOR VEHICLE THEFT,TRUCK,41.97373822298373,-87.66945338931237,PARKING LOT,False,False,D-02,W-34,0.1251782948733126,0.5832,HIGH
CR-2025-001214,2025-10-22 01:41:16,BURGLARY,RESIDENTIAL,41.80700883399676,-87.6373519307745,RESIDENCE,False,False,D-03,W-11,0.10185592406717534,0.5988,HIGH
CR-2023-005817,2023-06-24 07:14:02,BURGLARY,FORCIBLE ENTRY,41.89275895055455,-87.6271045692834,APARTMENT,False,False,D-14,W-21,0.15315805301849925,0.5646,HIGH
CR-2025-000422,2025-11-23 21:01:28,ASSAULT,SIMPLE ASSAULT,41.78306130520533,-87.6166887183998,ALLEY,True,True,D-13,W-11,0.1440165770933511,0.856,CRITICAL
CR-2024-002587,2023-01-28 00:44:41,BATTERY,SIMPLE BATTERY,41.792642079657256,-87.58396424751834,COMMERCIAL BUILDING,False,True,D-03,W-19,0.8287272318580137,0.1713,LOW
CR-2025-002267,2025-06-10 22:22:12,BURGLARY,RESIDENTIAL,41.88923688370389,-87.63936381313114,PARKING LOT,False,False,D-03,W-28,0.14138914525752241,0.5724,HIGH
CR-2023-005379,2025-05-12 10:47:13,CRIMINAL DAMAGE,TO VEHICLE,41.78910240146425,-87.65158232776949,STREET,False,False,D-13,W-01,0.19519744457490104,0.3756,MEDIUM
CR-2023-003678,2023-04-17 16:40:19,BURGLARY,COMMERCIAL,41.95452269106205,-87.65992119073681,STREET,False,False,D-09,W-19,0.12719437210557014,0.5819,HIGH
CR-2024-004975,2023-07-15 23:06:46,BATTERY,SIMPLE BATTERY,41.96575610919085,-87.65075189842017,RESIDENCE,True,False,D-15,W-11,0.6767080210057607,0.3233,MEDIUM
CR-2025-001361,2024-04-23 02:23:17,NARCOTICS,SALE/MANUFACTURE,41.75242731032358,-87.59195841493845,ALLEY,True,False,D-10,W-13,0.7367326979819512,0.1755,LOW
CR-2024-003328,2023-03-01 16:22:41,BURGLARY,FORCIBLE ENTRY,41.92301417789514,-87.6245768645429,STREET,False,False,D-13,W-06,0.11495462302600112,0.59,HIGH
CR-2024-002800,2025-02-24 18:49:30,CRIMINAL DAMAGE,GRAFFITI,41.87527696341841,-87.63135380280109,SIDEWALK,False,False,D-15,W-41,0.11717257410455825,0.412,MEDIUM
CR-2024-004201,2025-07-15 07:09:11,CRIMINAL DAMAGE,GRAFFITI,41.88747977501033,-87.632339116575,STREET,True,False,D-05,W-10,0.10332086480074,0.4185,MEDIUM
CR-2025-005033,2023-07-09 04:31:59,ROBBERY,STRONGARM ROBBERY,41.87395497057434,-87.62329375471059,STREET,False,False,D-07,W-22,0.23014871474724297,0.7699,CRITICAL
CR-2025-003779,2023-04-11 06:12:12,THEFT,RETAIL THEFT,41.93104049154943,-87.6595718648441,STREET,False,False,D-03,W-06,0.16641553069866846,0.389,MEDIUM
CR-2025-000467,2024-09-27 18:45:43,MOTOR VEHICLE THEFT,TRUCK,41.8847002167508,-87.6373308133653,RESIDENCE,False,False,D-10,W-16,0.08587675461423101,0.6094,HIGH
CR-2024-000559,2023-03-20 17:30:09,CRIMINAL DAMAGE,TO PROPERTY,41.9524219809343,-87.63428691207984,COMMERCIAL BUILDING,True,False,D-13,W-28,0.18810673020598992,0.3789,MEDIUM
CR-2024-000478,2024-08-13 00:46:21,ROBBERY,ARMED ROBBERY,41.88324088019567,-87.6229487017127,STREET,False,False,D-04,W-44,0.2129705592437882,0.787,CRITICAL
CR-2024-002170,2023-05-27 15:16:54,THEFT,PETTY THEFT,41.892217727996304,-87.6269215339619,SIDEWALK,False,False,D-15,W-33,0.13611919152429866,0.4031,MEDIUM
CR-2024-001003,2024-04-13 01:59:43,NARCOTICS,POSSESSION OF HEROIN,41.77893013688406,-87.64942721577671,ALLEY,True,False,D-13,W-29,0.6875794771130793,0.2083,LOW
CR-2023-000522,2025-05-12 23:02:10,CRIMINAL DAMAGE,TO PROPERTY,41.87749270860107,-87.71099412112524,SIDEWALK,True,False,D-08,W-44,0.12724345602689355,0.4073,MEDIUM
CR-2024-002428,2025-12-17 10:28:03,ROBBERY,ARMED ROBBERY,41.80066866611471,-87.60527967258821,RESIDENCE,False,False,D-02,W-02,0.1516651581881873,0.8483,CRITICAL
CR-2023-002727,2023-03-03 23:50:46,THEFT,RETAIL THEFT,41.8033010179839,-87.5940128393257,STREET,False,False,D-06,W-22,0.1702638819156052,0.3872,MEDIUM
CR-2025-005927,2025-09-11 13:08:06,BURGLARY,RESIDENTIAL,41.86964227502211,-87.6646813023121,RESIDENCE,False,False,D-04,W-47,0.09092175170807537,0.6061,HIGH
CR-2025-002303,2025-09-17 10:00:50,CRIMINAL DAMAGE,TO PROPERTY,41.872922529418254,-87.62246118197386,ALLEY,False,False,D-09,W-37,0.12601060751647056,0.4079,MEDIUM
CR-2024-001723,2023-09-16 13:21:27,THEFT,RETAIL THEFT,41.94616982345714,-87.67139932961705,SIDEWALK,False,False,D-11,W-09,0.11845280534681243,0.4114,MEDIUM
CR-2023-002715,2024-09-11 09:18:15,MOTOR VEHICLE THEFT,MOTORCYCLE,41.9346790048593,-87.66764424493296,STREET,False,False,D-11,W-40,0.14817984018526256,0.5679,HIGH
CR-2023-004290,2025-10-19 22:11:34,CRIMINAL DAMAGE,TO PROPERTY,41.8807092081262,-87.6390726256315,STREET,True,False,D-04,W-05,0.1698489157195756,0.3874,MEDIUM
CR-2023-003126,2024-07-23 00:03:24,MOTOR VEHICLE THEFT,AUTOMOBILE,41.91766822628391,-87.62527189928919,ALLEY,False,False,D-02,W-02,0.1743758786017958,0.5504,HIGH
CR-2024-004873,2023-07-03 23:22:13,NARCOTICS,POSSESSION OF COCAINE,41.94604037810785,-87.67843992911328,APARTMENT,True,False,D-14,W-08,0.7477217962544533,0.1682,LOW
CR-2023-005463,2024-08-10 22:33:35,BURGLARY,RESIDENTIAL,41.86653095874984,-87.63734364475057,PARKING LOT,False,False,D-13,W-13,0.08500786906144402,0.61,HIGH
CR-2023-005490,2023-09-04 15:40:14,NARCOTICS,POSSESSION OF HEROIN,41.72033804155837,-87.62150820056655,APARTMENT,True,False,D-11,W-28,0.841668801452452,0.1056,LOW
CR-2025-001283,2025-04-15 05:22:24,ASSAULT,SIMPLE ASSAULT,41.86316276907815,-87.62003295637265,PARK,False,False,D-09,W-30,0.12748544234300507,0.8725,CRITICAL
CR-2023-005730,2024-01-06 11:26:07,ASSAULT,AGGRAVATED ASSAULT,41.79361090450601,-87.61806234491318,STREET,True,False,D-06,W-24,0.2679861762482462,0.732,HIGH
CR-2025-003062,2025-08-10 06:01:15,ROBBERY,ARMED ROBBERY,41.90105501846532,-87.6414714217875,SIDEWALK,False,False,D-07,W-13,0.18114400994784946,0.8189,CRITICAL
CR-2023-004425,2024-06-13 21:52:29,CRIMINAL DAMAGE,GRAFFITI,41.98578133007357,-87.67038596265213,COMMERCIAL BUILDING,False,False,D-04,W-43,0.1373937572932812,0.4025,MEDIUM
CR-2023-005682,2023-04-02 14:48:29,THEFT,PETTY THEFT,41.7732334449069,-87.61277130697324,PARKING LOT,False,False,D-13,W-37,0.1401410187425494,0.4013,MEDIUM
CR-2023-003774,2025-05-24 03:31:51,NARCOTICS,SALE/MANUFACTURE,41.89391899292483,-87.69666454712001,PARKING LOT,False,False,D-07,W-28,0.8374239154828844,0.1084,LOW
CR-2025-004259,2025-11-18 05:29:11,CRIMINAL DAMAGE,TO PROPERTY,41.93571450566365,-87.63272305024901,ALLEY,False,False,D-07,W-07,0.1776255122866226,0.3838,MEDIUM
CR-2024-004723,2023-03-31 11:06:35,ASSAULT,AGGRAVATED ASSAULT,41.758894431615005,-87.6428173238446,COMMERCIAL BUILDING,False,False,D-15,W-12,0.1646176358186143,0.8354,CRITICAL
CR-2023-002919,2025-06-29 14:10:09,NARCOTICS,POSSESSION OF COCAINE,41.7482080008886,-87.64378195023424,COMMERCIAL BUILDING,True,False,D-06,W-16,0.7246555268772442,0.1836,LOW
CR-2025-004157,2024-07-07 00:55:17,MOTOR VEHICLE THEFT,TRUCK,41.89615062389933,-87.71305555597242,PARK,False,False,D-09,W-02,0.17022525702122124,0.5532,HIGH
CR-2024-001324,2024-04-11 08:44:04,ASSAULT,AGGRAVATED ASSAULT,41.94871236667899,-87.63725445652426,RESIDENCE,True,False,D-10,W-34,0.11501417510143143,0.885,CRITICAL
CR-2025-000458,2025-08-08 05:23:33,MOTOR VEHICLE THEFT,MOTORCYCLE,41.8915421371749,-87.72354103578319,PARK,False,False,D-15,W-38,0.1732043888414072,0.5512,HIGH
CR-2024-000115,2025-03-15 16:14:53,THEFT,PETTY THEFT,41.867453400629095,-87.72300374538753,PARK,False,False,D-09,W-25,0.11837917186583248,0.4114,MEDIUM
CR-2024-005140,2024-09-19 01:14:08,ROBBERY,ARMED ROBBERY,41.95531240689303,-87.65654177396428,COMMERCIAL BUILDING,False,False,D-04,W-24,0.2086268987223094,0.7914,CRITICAL
CR-2023-003750,2025-07-23 07:52:51,BATTERY,DOMESTIC BATTERY,41.82204234482037,-87.6259538883967,ALLEY,True,False,D-15,W-10,0.6825504914542966,0.3174,MEDIUM
CR-2025-004172,2024-10-21 22:04:09,BURGLARY,FORCIBLE ENTRY,41.90860107460357,-87.64865246332961,SIDEWALK,True,True,D-10,W-19,0.10633210151129768,0.5958,HIGH
CR-2023-001635,2023-03-29 23:38:36,THEFT,PETTY THEFT,41.773508309061306,-87.65082402726135,STREET,False,False,D-07,W-05,0.19502362844028626,0.3757,MEDIUM
CR-2024-002905,2025-10-23 15:43:13,MOTOR VEHICLE THEFT,TRUCK,41.894648263580805,-87.60817086397071,PARK,False,False,D-05,W-21,0.12614787341890468,0.5826,HIGH
CR-2024-001054,2025-11-18 04:48:30,ASSAULT,SIMPLE ASSAULT,41.87317072286377,-87.62075218853377,APARTMENT,False,False,D-11,W-15,0.12881958913166336,0.8712,CRITICAL
CR-2023-001179,2023-11-25 02:34:52,NARCOTICS,SALE/MANUFACTURE,41.85145647150653,-87.6236702078278,PARK,False,False,D-08,W-10,0.7006716100859064,0.1996,LOW
CR-2024-003241,2023-02-04 02:42:38,BATTERY,AGGRAVATED BATTERY,41.8646512755544,-87.7328864288373,PARKING LOT,True,True,D-15,W-22,0.8200142473250067,0.18,LOW
CR-2025-001469,2025-05-17 04:51:36,MOTOR VEHICLE THEFT,TRUCK,41.85350773756212,-87.63568706659092,SIDEWALK,False,False,D-06,W-32,0.1845274155072101,0.5436,HIGH
CR-2023-000177,2025-10-01 01:14:38,CRIMINAL DAMAGE,TO VEHICLE,41.94801967584195,-87.67535058729275,STREET,False,False,D-13,W-09,0.11803928216429621,0.4116,MEDIUM
CR-2025-001565,2024-08-16 09:45:48,BATTERY,AGGRAVATED BATTERY,41.94661531691557,-87.65605141289959,STREET,False,True,D-08,W-09,0.7680154195774646,0.232,LOW
CR-2023-001599,2025-09-23 20:19:08,ROBBERY,ARMED ROBBERY,41.76959202367655,-87.61806717032403,PARK,False,False,D-02,W-48,0.13739122419062036,0.8626,CRITICAL
CR-2024-004693,2024-08-10 01:55:41,BATTERY,AGGRAVATED BATTERY,41.8661642350472,-87.60360264052608,STREET,True,False,D-14,W-12,0.794899161170851,0.2051,LOW
CR-2023-002262,2024-03-24 13:28:25,MOTOR VEHICLE THEFT,TRUCK,41.895801922606125,-87.6126356039716,RESIDENCE,False,False,D-10,W-23,0.11646187022921257,0.589,HIGH
CR-2024-001504,2025-09-16 00:35:35,CRIMINAL DAMAGE,TO VEHICLE,41.89434036580831,-87.63686686977726,APARTMENT,False,False,D-11,W-15,0.09901344957449054,0.4205,MEDIUM
CR-2025-002381,2024-06-27 14:29:53,CRIMINAL DAMAGE,TO VEHICLE,41.96183889215629,-87.64761595855988,RESIDENCE,False,False,D-04,W-39,0.10577974244318776,0.4173,MEDIUM
CR-2024-005218,2023-08-25 16:34:35,NARCOTICS,POSSESSION OF COCAINE,41.85330007416685,-87.73318671393626,SIDEWALK,True,False,D-02,W-17,0.8146010063722965,0.1236,LOW
CR-2024-005449,2023-10-18 04:45:15,MOTOR VEHICLE THEFT,,41.86841379881778,-87.73363902059772,PARK,False,False,D-05,W-09,0.1713152595935392,0.5525,HIGH
CR-2023-005403,2025-05-12 12:56:38,BATTERY,DOMESTIC BATTERY,41.76452033875891,-87.62929752057737,PARKING LOT,True,False,D-13,W-40,0.7473472049200502,0.2527,MEDIUM
CR-2024-004324,2024-08-06 11:54:53,MOTOR VEHICLE THEFT,AUTOMOBILE,41.88180359095125,-87.64667796741607,RESIDENCE,False,False,D-15,W-50,0.0943309605740329,0.6038,HIGH
CR-2024-001177,2025-04-28 23:36:23,CRIMINAL DAMAGE,TO PROPERTY,41.90241499173696,-87.7221974904378,STREET,True,False,D-10,W-21,0.11972835042177761,0.4108,MEDIUM
CR-2023-000060,2025-10-05 03:56:34,OTHER OFFENSE,DUPLICATE ID TEST RECORD,41.96422063894086,-87.6734877490959,COMMERCIAL BUILDING,False,False,D-15,W-27,0.3501728054901523,0.3033,MEDIUM
CR-2024-004678,2024-07-05 16:50:21,BATTERY,AGGRAVATED BATTERY,41.88800514581845,-87.6185868081132,ALLEY,False,False,D-01,W-43,0.761760442213189,0.2382,LOW
CR-2024-001114,2023-07-28 05:57:31,NARCOTICS,SALE/MANUFACTURE,41.85010190072959,-87.61468729465246,APARTMENT,True,False,D-01,W-24,0.7791245715306958,0.1473,LOW
CR-2024-002845,2024-09-16 02:51:49,NARCOTICS,POSSESSION OF HEROIN,41.78060928914919,-87.67266166813948,RESIDENCE,True,False,D-10,W-25,0.6745173950975687,0.217,LOW
CR-2023-003312,2024-03-13 02:53:39,CRIMINAL DAMAGE,GRAFFITI,41.93530932858003,-87.69629029032376,PARKING LOT,False,False,D-06,W-43,0.13428193064802563,0.404,MEDIUM
CR-2023-005151,2024-05-05 20:06:53,NARCOTICS,SALE/MANUFACTURE,41.82609062801565,-87.65313035191876,PARKING LOT,False,False,D-14,W-41,0.7843768104299171,0.1437,LOW
CR-2025-000263,2024-07-31 08:28:46,THEFT,GRAND THEFT,41.85368686343176,-87.62907872580008,STREET,False,False,D-05,W-32,0.15619711317343013,0.3938,MEDIUM
CR-2025-003923,2025-04-06 09:56:11,MOTOR VEHICLE THEFT,AUTOMOBILE,41.864726847652186,-87.62875443595857,COMMERCIAL BUILDING,False,False,D-01,W-18,0.16538818566918573,0.5564,HIGH
CR-2024-005902,2024-08-09 22:47:53,BURGLARY,FORCIBLE ENTRY,41.87918373701355,-87.63823243512903,ALLEY,False,False,D-04,W-32,0.15618609975009798,0.5625,HIGH
CR-2023-004233,2025-04-18 22:21:17,BATTERY,AGGRAVATED BATTERY,41.88715569860817,-87.60877749480171,APARTMENT,True,False,D-02,W-20,0.6986445268831522,0.3014,MEDIUM
CR-2023-004974,2025-03-06 01:43:01,ROBBERY,STRONGARM ROBBERY,41.94443852739701,-87.62928749197887,SIDEWALK,False,False,D-11,W-07,0.1399503984953321,0.86,CRITICAL
CR-2024-003547,2024-01-13 01:35:04,BATTERY,SIMPLE BATTERY,41.89275246701533,-87.75778859846959,APARTMENT,True,True,D-02,W-50,0.7766868581428498,0.2233,LOW
CR-2023-004029,2025-07-20 10:44:49,MOTOR VEHICLE THEFT,TRUCK,41.78347532320779,-87.65378817602762,RESIDENCE,False,False,D-09,W-01,0.2083956672661193,0.5277,HIGH
CR-2024-004606,2024-06-27 18:00:03,CRIMINAL DAMAGE,TO VEHICLE,41.89629768782588,-87.6218066241966,COMMERCIAL BUILDING,False,False,D-03,W-06,0.10460903238898381,0.4178,MEDIUM
CR-2025-003836,2025-10-11 22:06:20,ROBBERY,ARMED ROBBERY,41.95508654109107,-87.66109962708873,PARK,False,False,D-10,W-25,0.09943607383525674,0.9006,CRITICAL
CR-2023-000591,2025-09-03 23:58:44,CRIMINAL DAMAGE,TO VEHICLE,41.89187474909004,-87.65335750905435,ALLEY,False,False,D-08,W-10,0.0900463545658528,0.4246,MEDIUM
CR-2023-000432,2025-09-28 00:22:04,THEFT,RETAIL THEFT,41.93614422619032,-87.66305403119871,SIDEWALK,False,False,D-13,W-25,0.09781641982472848,0.421,MEDIUM
CR-2025-000914,2023-04-28 09:58:13,CRIMINAL DAMAGE,TO PROPERTY,41.87662117801574,-87.62951725565583,SIDEWALK,False,False,D-02,W-26,0.16614777762222677,0.3891,MEDIUM
CR-2025-004937,2025-02-05 02:46:09,BATTERY,AGGRAVATED BATTERY,41.882882125094426,-87.63011381556075,PARK,True,False,D-09,W-38,0.762707402563842,0.2373,LOW
CR-2024-001882,2024-05-04 23:06:55,CRIMINAL DAMAGE,GRAFFITI,41.88148642284668,-87.629535801221,APARTMENT,False,False,D-10,W-42,0.08038400121891176,0.4292,MEDIUM
CR-2025-002825,2023-06-09 17:26:12,MOTOR VEHICLE THEFT,AUTOMOBILE,41.87545831349061,-87.62855518871781,ALLEY,True,False,D-09,W-03,0.14088082866146232,0.5727,HIGH
CR-2023-000504,2025-04-07 07:15:25,MOTOR VEHICLE THEFT,TRUCK,41.80513881788298,-87.64238088028902,RESIDENCE,False,False,D-12,W-43,0.13007938055887291,0.5799,HIGH
CR-2025-005228,2023-03-05 01:07:18,ROBBERY,STRONGARM ROBBERY,41.93776136983416,-87.60265227590645,APARTMENT,False,False,D-04,W-30,0.2238027478237444,0.7762,CRITICAL
CR-2024-004141,2023-04-13 20:39:54,BATTERY,AGGRAVATED BATTERY,41.89020014603247,-87.67394712348208,RESIDENCE,True,True,D-02,W-07,0.7309738083797389,0.269,MEDIUM
CR-2025-005612,2024-08-22 02:17:59,ROBBERY,STRONGARM ROBBERY,41.96560665118833,-87.71064650845204,SIDEWALK,False,False,D-08,W-43,0.1486524918260887,0.8513,CRITICAL
CR-2023-005232,2024-10-14 09:56:09,BURGLARY,FORCIBLE ENTRY,41.77220253164604,-87.64671945506804,COMMERCIAL BUILDING,False,True,D-14,W-45,0.19936363910757068,0.5338,HIGH
CR-2023-005055,2025-03-02 22:01:52,ROBBERY,ARMED ROBBERY,41.8676530836532,-87.6018370071117,COMMERCIAL BUILDING,False,False,D-09,W-01,0.1909020188355313,0.8091,CRITICAL
CR-2025-003722,2025-06-20 07:54:00,ROBBERY,ARMED ROBBERY,41.73438435817732,-87.59143164184236,APARTMENT,False,False,D-10,W-11,0.18537392457487312,0.8146,CRITICAL
CR-2024-001933,2024-03-19 01:25:33,ASSAULT,AGGRAVATED ASSAULT,41.88289287006175,-87.60499574097261,APARTMENT,False,True,D-07,W-45,0.1886393734158608,0.8114,CRITICAL
CR-2024-002554,2025-04-03 10:49:02,THEFT,FROM BUILDING,41.86199467011624,-87.62858376185649,APARTMENT,False,False,D-01,W-17,0.1662443192824562,0.3891,MEDIUM
CR-2025-005672,2024-08-28 16:09:28,MOTOR VEHICLE THEFT,MOTORCYCLE,41.88261567478718,-87.73512058460449,APARTMENT,False,False,D-11,W-15,0.1286839262812969,0.5809,HIGH
CR-2024-001531,2023-02-04 20:26:26,CRIMINAL DAMAGE,TO PROPERTY,41.8766991971165,-87.63773998168674,STREET,True,False,D-15,W-17,0.1778321764816704,0.3837,MEDIUM
CR-2024-003085,2023-01-21 13:43:42,BATTERY,AGGRAVATED BATTERY,41.75680002858134,-87.62568757141261,APARTMENT,False,True,D-02,W-37,0.8384240541832149,0.1616,LOW
CR-2024-000121,2024-03-20 15:58:21,BURGLARY,RESIDENTIAL,41.88567480918472,-87.61681367208745,APARTMENT,False,False,D-13,W-31,0.09968821645107691,0.6002,HIGH
CR-2024-005416,2024-10-04 06:51:37,THEFT,GRAND THEFT,41.93717898295955,-87.66031667343623,RESIDENCE,False,False,D-01,W-37,0.1417853954198686,0.4005,MEDIUM
CR-2025-003245,2023-07-01 00:55:24,MOTOR VEHICLE THEFT,AUTOMOBILE,41.95056028241959,-87.67343297090308,RESIDENCE,False,False,D-13,W-42,0.09780995865681934,0.6015,HIGH
CR-2023-002634,2023-01-20 06:46:33,MOTOR VEHICLE THEFT,MOTORCYCLE,41.858062063937474,-87.61893795161029,COMMERCIAL BUILDING,False,False,D-08,W-23,0.15030916133258643,0.5665,HIGH
CR-2024-001027,2024-08-18 22:47:08,MOTOR VEHICLE THEFT,TRUCK,41.85791193614791,-87.64208886789582,RESIDENCE,False,False,D-11,W-42,0.08239530166700944,0.6117,HIGH
CR-2024-001987,2024-09-25 08:55:27,MOTOR VEHICLE THEFT,MOTORCYCLE,41.88700204107414,-87.72345160686851,APARTMENT,False,False,D-04,W-36,0.20515006832139393,0.5299,HIGH
CR-2023-005439,2025-05-22 21:22:44,BATTERY,SIMPLE BATTERY,41.92162552587729,-87.67301336368013,COMMERCIAL BUILDING,True,True,D-08,W-39,0.6083382681710677,0.3917,MEDIUM
CR-2023-000810,2023-11-23 03:13:41,CRIMINAL DAMAGE,TO PROPERTY,41.78173176026345,-87.66495694945795,PARKING LOT,True,False,D-01,W-20,0.16187736950357695,0.3911,MEDIUM
CR-2024-000769,2024-08-20 16:11:40,CRIMINAL DAMAGE,TO PROPERTY,41.74965207910724,-87.70080655533205,PARK,True,False,D-14,W-16,0.17396061365856458,0.3855,MEDIUM
CR-2024-000082,2023-01-11 02:13:53,ASSAULT,AGGRAVATED ASSAULT,41.89255064193867,-87.62360828609596,SIDEWALK,False,True,D-04,W-27,0.2456546700662053,0.7543,CRITICAL
CR-2024-005368,2024-01-08 19:01:00,BURGLARY,COMMERCIAL,41.97856621497495,-87.67530541045554,COMMERCIAL BUILDING,False,False,D-06,W-39,0.10350125978379006,0.5977,HIGH
CR-2023-002868,2023-08-28 02:07:31,CRIMINAL DAMAGE,GRAFFITI,41.88679020139635,-87.60861959682185,APARTMENT,False,False,D-14,W-37,0.17728014300032058,0.3839,MEDIUM
CR-2025-004517,2023-10-05 01:02:06,NARCOTICS,POSSESSION OF HEROIN,41.877659724468266,-87.62387039121026,COMMERCIAL BUILDING,False,False,D-08,W-24,0.7362907689141547,0.1758,LOW
CR-2023-004620,2024-08-12 19:11:09,CRIMINAL DAMAGE,TO VEHICLE,41.889829138031786,-87.63078115350393,PARK,False,False,D-04,W-10,0.12092225730296305,0.4102,MEDIUM
CR-2025-000449,2023-07-15 20:07:05,THEFT,PETTY THEFT,41.89619763449763,-87.64205403506482,ALLEY,False,False,D-13,W-29,0.08514620965386858,0.4269,MEDIUM
CR-2023-003549,2023-05-03 22:01:22,BATTERY,,41.93085031955689,-87.68344174389567,RESIDENCE,True,True,D-14,W-45,0.724407954886725,0.2756,MEDIUM
CR-2025-004799,2025-05-18 13:20:29,CRIMINAL DAMAGE,TO VEHICLE,41.7931439729926,-87.63710442152602,COMMERCIAL BUILDING,False,False,D-13,W-26,0.144993646606172,0.399,MEDIUM
CR-2024-003130,2024-06-28 09:24:29,NARCOTICS,SALE/MANUFACTURE,41.814310294792506,-87.60966900033335,STREET,True,False,D-03,W-23,0.7309512391747345,0.1794,LOW
CR-2024-002353,2024-05-23 14:59:11,NARCOTICS,POSSESSION OF COCAINE,41.97653869491784,-87.66498236989169,ALLEY,True,False,D-13,W-23,0.6459735037710499,0.236,LOW
CR-2024-000838,2025-06-24 19:09:45,BATTERY,DOMESTIC BATTERY,41.80932896302064,-87.59096709870194,COMMERCIAL BUILDING,True,False,D-04,W-21,0.7514338983657838,0.2486,LOW
CR-2023-004353,2023-05-18 17:31:57,BATTERY,AGGRAVATED BATTERY,41.95249595754564,-87.64711718154447,APARTMENT,True,False,D-06,W-16,0.6689266647435306,0.3311,MEDIUM
CR-2024-002023,2024-04-17 18:06:25,BURGLARY,COMMERCIAL,41.96241401224241,-87.59900691111055,COMMERCIAL BUILDING,False,False,D-11,W-29,0.06281860319593348,0.6248,HIGH
CR-2023-002613,2024-11-27 18:42:51,BATTERY,AGGRAVATED BATTERY,41.872880737339095,-87.71941493694685,RESIDENCE,False,False,D-03,W-36,0.7212775659135194,0.2787,MEDIUM
CR-2025-003305,2024-08-02 15:01:56,MOTOR VEHICLE THEFT,MOTORCYCLE,41.9620348681763,-87.63604994228399,PARK,False,False,D-04,W-11,0.19874343944836595,0.5342,HIGH
CR-2024-005089,2025-05-08 11:49:16,PETTY THEFT,AGGRAVATED ASSAULT,41.81662297235668,-87.60104154658018,ALLEY,True,False,D-07,W-39,0.26496708435333916,0.343,MEDIUM
CR-2025-002546,2023-05-28 23:51:40,BURGLARY,RESIDENTIAL,41.74410104047621,-87.58639744804853,ALLEY,False,False,D-07,W-27,0.18342456344152205,0.5444,HIGH
CR-2024-002569,2025-08-02 03:44:42,ASSAULT,AGGRAVATED ASSAULT,41.867714738386496,-87.63968558912333,PARK,True,False,D-06,W-01,0.21516969570022695,0.7848,CRITICAL
CR-2024-003160,2024-08-31 17:05:08,THEFT,FROM BUILDING,41.80973515190882,-87.62919222489305,APARTMENT,True,False,D-10,W-46,0.15039239948543787,0.3965,MEDIUM
CR-2024-000415,2025-03-13 01:06:40,NARCOTICS,POSSESSION OF COCAINE,41.74528873722414,-87.6519662986621,SIDEWALK,True,False,D-09,W-38,0.8020914791070527,0.1319,LOW
CR-2025-005282,2024-11-19 02:35:41,BATTERY,DOMESTIC BATTERY,41.83639922810966,-87.66503354364289,APARTMENT,False,False,D-15,W-04,0.6797593410305534,0.3202,MEDIUM
CR-2023-002316,2024-06-29 12:53:23,ROBBERY,STRONGARM ROBBERY,41.88389573980773,-87.6172335366768,PARK,False,True,D-06,W-15,0.17303959629609045,0.827,CRITICAL
CR-2025-004106,2024-12-09 09:50:23,CRIMINAL DAMAGE,TO VEHICLE,41.75922409302667,-87.65345664123166,SIDEWALK,False,True,D-02,W-27,0.19673769238315844,0.3749,MEDIUM
CR-2023-002673,2024-06-13 00:19:37,CRIMINAL DAMAGE,GRAFFITI,41.94290395390495,-87.69932486946901,PARKING LOT,False,False,D-05,W-41,0.09876745749749039,0.4206,MEDIUM
CR-2024-001258,2025-03-07 11:52:18,BATTERY,DOMESTIC BATTERY,41.8793883950944,-87.66308950559122,RESIDENCE,True,False,D-07,W-34,0.7293612974412121,0.2706,MEDIUM
CR-2025-005255,2024-07-18 14:39:11,ROBBERY,STRONGARM ROBBERY,41.92915717543619,-87.65529552104009,RESIDENCE,False,False,D-09,W-18,0.10992607608762604,0.8901,CRITICAL
CR-2025-004058,2024-12-29 04:53:44,ASSAULT,AGGRAVATED ASSAULT,41.862887536728095,-87.62471536159498,APARTMENT,True,False,D-01,W-28,0.25258980736231007,0.7474,HIGH
CR-2024-002803,2024-05-18 23:48:52,THEFT,PETTY THEFT,41.85903572418362,-87.6354786961482,RESIDENCE,False,False,D-09,W-10,0.08286200051543091,0.428,MEDIUM
CR-2023-001722,2025-05-07 10:47:25,BATTERY,SIMPLE BATTERY,41.888531037118256,-87.6469151276463,RESIDENCE,False,False,D-04,W-42,0.7112226951164641,0.2888,MEDIUM
CR-2024-001819,2023-03-10 19:35:33,NARCOTICS,POSSESSION OF COCAINE,41.77580668299751,-87.61755485975186,STREET,True,False,D-14,W-48,0.7973785764824592,0.1351,LOW
CR-2024-005971,2023-11-14 23:43:46,CRIMINAL DAMAGE,GRAFFITI,41.894770973276216,-87.7186276412104,COMMERCIAL BUILDING,False,False,D-15,W-14,0.14604474689574604,0.3985,MEDIUM
CR-2023-002097,2024-05-22 10:18:26,BATTERY,AGGRAVATED BATTERY,41.842296051947066,-87.63723817258015,COMMERCIAL BUILDING,True,True,D-01,W-33,0.7733056124363148,0.2267,LOW
CR-2023-000552,2025-09-17 01:05:19,THEFT,FROM BUILDING,41.80660457041844,-87.65499764817814,COMMERCIAL BUILDING,False,False,D-07,W-47,0.11479039414017804,0.4131,MEDIUM
CR-2024-003913,2023-12-27 01:30:31,NARCOTICS,POSSESSION OF COCAINE,41.77742917864671,-87.6345232931235,RESIDENCE,False,False,D-15,W-42,0.6322154668153828,0.2452,LOW
CR-2024-001714,2024-06-01 09:54:02,MOTOR VEHICLE THEFT,TRUCK,41.957283966545816,-87.63327354084528,RESIDENCE,False,False,D-11,W-50,0.09077929166298328,0.6061,HIGH
CR-2023-002799,2024-05-30 19:56:01,ASSAULT,AGGRAVATED ASSAULT,41.95066788783933,-87.64612011996651,STREET,True,False,D-06,W-05,0.15444505975273104,0.8456,CRITICAL
CR-2024-002776,2025-12-24 05:24:42,THEFT,RETAIL THEFT,41.77458427164273,-87.613033071503,RESIDENCE,False,False,D-15,W-25,0.07475606165120231,0.4318,MEDIUM
CR-2025-001982,2024-08-01 16:59:59,CRIMINAL DAMAGE,TO VEHICLE,41.86897660238833,-87.62435326558384,COMMERCIAL BUILDING,False,False,D-03,W-16,0.08749967477521232,0.4258,MEDIUM
CR-2025-001094,2024-09-21 22:04:50,BURGLARY,FORCIBLE ENTRY,41.87166133369552,-87.62097170095345,APARTMENT,False,False,D-12,W-17,0.10343604305088676,0.5977,HIGH
CR-2024-005470,2024-07-10 11:31:31,MOTOR VEHICLE THEFT,AUTOMOBILE,41.86134588673847,-87.64551662419208,PARK,False,False,D-02,W-23,0.131357516610748,0.5791,HIGH
CR-2025-005699,2024-08-28 13:10:01,MOTOR VEHICLE THEFT,AUTOMOBILE,41.94763730862351,-87.65951069880705,ALLEY,False,False,D-08,W-21,0.13623381844521967,0.5758,HIGH
CR-2024-004852,2025-02-06 12:01:01,MOTOR VEHICLE THEFT,MOTORCYCLE,41.88623635954298,-87.64193445839389,PARK,False,False,D-02,W-20,0.16517852629391067,0.5565,HIGH
CR-2023-000480,2024-05-16 13:15:19,BURGLARY,FORCIBLE ENTRY,41.96125445519735,-87.62871694939734,APARTMENT,False,False,D-02,W-24,0.14649880353975933,0.569,HIGH
CR-2024-001120,2024-11-26 03:46:06,CRIMINAL DAMAGE,GRAFFITI,41.950517889062304,-87.64361174039055,STREET,True,False,D-14,W-15,0.22057117687447247,0.3637,MEDIUM
CR-2025-005774,2025-04-14 08:55:56,BATTERY,AGGRAVATED BATTERY,41.906734679381664,-87.7439555533375,APARTMENT,True,False,D-08,W-03,0.7754327398352809,0.2246,LOW
CR-2023-004548,2023-11-23 01:55:13,THEFT,FROM BUILDING,41.7473283811568,-87.65973815628044,PARK,False,True,D-06,W-50,0.13978738276244265,0.4014,MEDIUM
CR-2024-002020,2025-10-19 09:10:31,ROBBERY,ARMED ROBBERY,41.95249517764803,-87.63998243441038,SIDEWALK,True,False,D-09,W-33,0.20443620430208362,0.7956,CRITICAL
CR-2023-004803,2023-07-02 02:33:47,NARCOTICS,SALE/MANUFACTURE,41.7088522107628,-87.61814340875195,ALLEY,True,False,D-13,W-12,0.8193166691867553,0.1205,LOW
CR-2023-005706,2024-05-16 11:36:07,CRIMINAL DAMAGE,GRAFFITI,41.95644395649825,-87.65032909789761,STREET,False,False,D-10,W-11,0.1270942001321501,0.4074,MEDIUM
CR-2024-002872,2025-03-28 02:57:03,MOTOR VEHICLE THEFT,MOTORCYCLE,41.734673742406514,-87.6198313398027,PARK,True,False,D-09,W-19,0.20179243187254547,0.5321,HIGH
CR-2024-003871,2025-12-27 06:53:58,BATTERY,SIMPLE BATTERY,41.8686313829564,-87.62080823970518,COMMERCIAL BUILDING,True,False,D-13,W-42,0.6801502853548701,0.3198,MEDIUM
CR-2024-004531,2023-06-08 23:59:31,THEFT,PETTY THEFT,41.8841096245751,-87.64162114380856,ALLEY,False,False,D-10,W-14,0.13737361511909182,0.4026,MEDIUM
CR-2024-004639,2023-07-22 00:21:08,BATTERY,,41.87227074033607,-87.73242687013665,RESIDENCE,True,False,D-06,W-09,0.7548201133976612,0.2452,LOW
CR-2023-000303,2024-03-05 22:03:06,BATTERY,AGGRAVATED BATTERY,41.75955527002241,-87.66011636758279,SIDEWALK,True,False,D-05,W-34,0.7263762498507432,0.2736,MEDIUM
CR-2025-005333,2024-06-20 00:06:38,NARCOTICS,POSSESSION OF COCAINE,41.89087893606187,-87.61607698302853,APARTMENT,True,False,D-11,W-13,0.5981244340822285,0.2679,MEDIUM
CR-2024-003484,2024-08-04 10:06:36,NARCOTICS,SALE/MANUFACTURE,41.777439247025065,-87.60833991706674,ALLEY,True,False,D-15,W-07,0.7662254767785727,0.1558,LOW
CR-2025-000809,2025-03-06 23:25:38,ASSAULT,AGGRAVATED ASSAULT,41.939872848075886,-87.63233108581606,SIDEWALK,False,False,D-04,W-05,0.1798019536421112,0.8202,CRITICAL
CR-2024-002452,2024-09-16 16:57:18,THEFT,RETAIL THEFT,41.79501296229113,-87.60579385771639,RESIDENCE,False,False,D-12,W-23,0.07963415210270204,0.4295,MEDIUM
CR-2025-002396,2025-10-13 00:57:05,ROBBERY,STRONGARM ROBBERY,41.94610718328987,-87.65001463456709,ALLEY,False,False,D-04,W-46,0.24932975120463685,0.7507,CRITICAL
CR-2025-005942,2024-04-05 08:00:20,MOTOR VEHICLE THEFT,AUTOMOBILE,41.94921045884634,-87.64007651921897,ALLEY,False,False,D-15,W-50,0.1267369860312432,0.5822,HIGH
CR-2023-003720,2025-03-19 00:58:55,THEFT,RETAIL THEFT,41.98369827611101,-87.5994558226418,STREET,False,False,D-14,W-24,0.26009089185313317,0.3453,MEDIUM
CR-2023-000603,2023-08-23 02:38:56,BATTERY,DOMESTIC BATTERY,41.8675701246829,-87.63974351376326,APARTMENT,True,True,D-09,W-29,0.6433122042419346,0.3567,MEDIUM
CR-2024-005941,2023-10-24 14:38:49,MOTOR VEHICLE THEFT,TRUCK,41.77061251529251,-87.62699094185093,STREET,False,False,D-02,W-28,0.25227504266514766,0.4985,MEDIUM
CR-2024-003661,2025-07-13 07:51:47,BURGLARY,COMMERCIAL,41.871267994156256,-87.62612564360242,PARK,False,False,D-09,W-09,0.11345579239662061,0.591,HIGH
CR-2024-001621,2024-07-10 02:33:31,ASSAULT,SIMPLE ASSAULT,41.85307101111683,-87.61391907205174,SIDEWALK,False,True,D-08,W-21,0.1374710759138939,0.8625,CRITICAL
CR-2024-002611,2023-03-21 20:34:59,NARCOTICS,SALE/MANUFACTURE,41.9439029388841,-87.67387584162904,RESIDENCE,True,False,D-03,W-03,0.7115567219501056,0.1923,LOW
CR-2025-004793,2024-07-02 22:01:44,BATTERY,SIMPLE BATTERY,41.78909224342093,-87.61447501150096,STREET,True,False,D-12,W-34,0.637628128310421,0.3624,MEDIUM
CR-2025-002834,2025-09-16 08:46:18,ASSAULT,SIMPLE ASSAULT,41.73564343173789,-87.59565285636249,SIDEWALK,False,False,D-13,W-31,0.21177925360476202,0.7882,CRITICAL
CR-2025-003665,2024-09-06 20:48:13,THEFT,FROM BUILDING,41.92224572502904,-87.61893263409428,COMMERCIAL BUILDING,False,False,D-15,W-41,0.11560161964753606,0.4127,MEDIUM
CR-2024-005938,2023-12-21 18:29:59,BURGLARY,RESIDENTIAL,41.87517815568076,-87.63437963730279,RESIDENCE,False,False,D-07,W-12,0.08603410199988656,0.6093,HIGH
CR-2024-005095,2024-10-08 16:35:19,CRIMINAL DAMAGE,TO PROPERTY,41.86555707723944,-87.63378742548471,PARKING LOT,False,False,D-07,W-40,0.1548607077105905,0.3944,MEDIUM
CR-2023-000801,2023-07-29 16:45:15,BATTERY,AGGRAVATED BATTERY,41.86897264477576,-87.74128545611971,PARKING LOT,True,True,D-02,W-32,0.8223407665337142,0.1777,LOW
CR-2024-000571,2023-09-09 03:16:57,ASSAULT,SIMPLE ASSAULT,41.87584916619451,-87.62791635319793,PARKING LOT,False,True,D-02,W-32,0.21332374488399675,0.7867,CRITICAL
CR-2025-002195,2025-06-07 20:59:20,NARCOTICS,SALE/MANUFACTURE,41.88582325394115,-87.61750112121048,COMMERCIAL BUILDING,True,False,D-01,W-25,0.6441319918593106,0.2372,LOW
CR-2025-005648,2024-05-17 10:33:52,NARCOTICS,POSSESSION OF COCAINE,41.8661329741039,-87.7353551363368,ALLEY,True,False,D-13,W-22,0.7729283692006029,0.1514,LOW
CR-2023-005325,2024-12-14 23:36:29,THEFT,RETAIL THEFT,41.87480881518543,-87.62627607812368,ALLEY,False,False,D-04,W-14,0.19907367600971068,0.3738,MEDIUM
CR-2025-004748,2024-12-15 15:45:49,MOTOR VEHICLE THEFT,AUTOMOBILE,41.97325653786653,-87.64075664022215,PARKING LOT,False,False,D-12,W-34,0.12464286481115933,0.5836,HIGH
CR-2023-000333,2025-03-12 18:45:49,MOTOR VEHICLE THEFT,TRUCK,41.94330045565158,-87.62522014022834,ALLEY,False,True,D-12,W-50,0.09828706604313621,0.6011,HIGH
CR-2025-003329,2025-12-04 22:14:31,BURGLARY,FORCIBLE ENTRY,41.87643021726804,-87.62531371398968,SIDEWALK,False,False,D-02,W-35,0.08879689645061632,0.6075,HIGH
CR-2023-000849,2024-07-01 04:58:12,BATTERY,DOMESTIC BATTERY,41.885808617744885,-87.62710627327091,COMMERCIAL BUILDING,True,True,D-01,W-09,0.7662847078467309,0.2337,LOW
CR-2023-001902,2025-07-05 16:41:04,CRIMINAL DAMAGE,GRAFFITI,41.86470818726762,-87.62209578303654,PARK,False,False,D-07,W-50,0.09642134104014381,0.4217,MEDIUM
CR-2023-003561,2025-08-06 01:23:14,MOTOR VEHICLE THEFT,,41.93884320298592,-87.65619213064366,COMMERCIAL BUILDING,False,False,D-14,W-24,0.1904366366891514,0.5397,HIGH
CR-2025-004757,2023-09-23 15:42:23,CRIMINAL DAMAGE,GRAFFITI,41.88121313442333,-87.65000178493173,COMMERCIAL BUILDING,True,False,D-02,W-08,0.1457976071420349,0.3986,MEDIUM
CR-2025-005822,2024-12-05 21:17:14,CRIMINAL DAMAGE,TO PROPERTY,41.88574830871882,-87.61903391940012,ALLEY,False,False,D-12,W-34,0.07384302269545959,0.4322,MEDIUM
CR-2024-003430,2023-08-31 13:38:33,MOTOR VEHICLE THEFT,TRUCK,41.75825418066905,-87.58284010198503,SIDEWALK,False,False,D-04,W-06,0.21909545435637792,0.5206,HIGH
CR-2024-005179,2025-11-15 13:59:05,ROBBERY,ARMED ROBBERY,41.87268154710629,-87.62796263611939,COMMERCIAL BUILDING,False,False,D-11,W-29,0.08305388186667045,0.9169,CRITICAL
CR-2024-002077,2025-05-02 21:10:50,ASSAULT,AGGRAVATED ASSAULT,41.8929524935844,-87.6330569661242,APARTMENT,False,False,D-15,W-01,0.15345976949163442,0.8465,CRITICAL
CR-2023-005022,2025-06-03 04:55:16,ASSAULT,AGGRAVATED ASSAULT,41.86567559359478,-87.62799702161881,STREET,False,True,D-08,W-18,0.1434048202782732,0.8566,CRITICAL
CR-2023-000765,2023-05-25 20:10:57,MOTOR VEHICLE THEFT,AUTOMOBILE,41.88021329370367,-87.65632659048345,PARKING LOT,False,False,D-11,W-46,0.127865835629096,0.5814,HIGH
CR-2024-000025,2023-12-14 21:32:42,PETTY THEFT,ARMED ROBBERY,41.78700209923487,-87.63862705701041,APARTMENT,False,False,D-04,W-10,0.28195145535296295,0.3351,MEDIUM
CR-2023-000495,2025-09-02 21:08:59,MOTOR VEHICLE THEFT,AUTOMOBILE,41.78410957019869,-87.68004337171061,PARKING LOT,False,False,D-13,W-39,0.11718213091852038,0.5885,HIGH
CR-2025-000461,2023-05-27 11:12:21,CRIMINAL DAMAGE,GRAFFITI,41.88009454511221,-87.6403018122241,SIDEWALK,False,False,D-14,W-18,0.17598859828786623,0.3845,MEDIUM
CR-2025-001865,2024-03-03 09:16:38,BATTERY,DOMESTIC BATTERY,41.89097021292954,-87.64222294409448,STREET,False,False,D-13,W-20,0.7753466480417316,0.2247,LOW
CR-2025-001772,2023-12-02 02:20:06,BATTERY,DOMESTIC BATTERY,41.9759299290004,-87.64903735719973,RESIDENCE,True,False,D-06,W-32,0.7795790772176759,0.2204,LOW
CR-2023-002904,2025-09-23 22:45:12,ASSAULT,SIMPLE ASSAULT,41.91864541346608,-87.63325992499959,RESIDENCE,False,False,D-15,W-26,0.12931918796042977,0.8707,CRITICAL
CR-2023-000867,2024-11-04 20:30:01,BATTERY,SIMPLE BATTERY,41.89499895423496,-87.75599359095186,SIDEWALK,True,True,D-05,W-27,0.7536422269168912,0.2464,LOW
CR-2024-001438,2023-05-20 01:17:15,BATTERY,AGGRAVATED BATTERY,41.929669872504206,-87.66865559112938,PARKING LOT,True,True,D-06,W-13,0.7285798627552064,0.2714,MEDIUM
CR-2025-005441,2024-04-30 04:43:48,MOTOR VEHICLE THEFT,AUTOMOBILE,41.93876565898129,-87.6504479437389,SIDEWALK,False,False,D-05,W-16,0.1112009526345653,0.5925,HIGH
CR-2025-001721,2025-08-20 12:10:06,CRIMINAL DAMAGE,GRAFFITI,41.95121965399224,-87.62352746143912,RESIDENCE,False,False,D-13,W-01,0.1377360890652973,0.4024,MEDIUM
CR-2023-002001,2023-09-09 00:08:45,ASSAULT,SIMPLE ASSAULT,41.87837025308067,-87.62271054481235,SIDEWALK,False,True,D-06,W-11,0.16962924180234062,0.8304,CRITICAL
CR-2025-004472,2025-12-19 19:08:30,BATTERY,AGGRAVATED BATTERY,41.92863994363994,-87.65824385501536,RESIDENCE,True,False,D-12,W-42,0.5742112711147292,0.4258,MEDIUM
CR-2025-004217,2024-03-09 21:25:45,NARCOTICS,SALE/MANUFACTURE,41.87377774606367,-87.6275428825184,RESIDENCE,False,False,D-07,W-13,0.6903538014868993,0.2064,LOW
CR-2024-002680,2023-09-04 13:47:43,NARCOTICS,SALE/MANUFACTURE,41.77774346956834,-87.62614746269435,COMMERCIAL BUILDING,True,False,D-03,W-48,0.7613947308769379,0.1591,LOW
CR-2025-005684,2024-07-21 03:39:36,ASSAULT,AGGRAVATED ASSAULT,41.85875485853059,-87.61099397820671,PARKING LOT,False,False,D-03,W-36,0.16986334104502135,0.8301,CRITICAL
CR-2024-005203,2025-08-26 07:43:32,NARCOTICS,SALE/MANUFACTURE,41.78191975581253,-87.64775056703915,ALLEY,True,False,D-13,W-04,0.6949032668083566,0.2034,LOW
CR-2025-005126,2023-07-14 17:04:28,MOTOR VEHICLE THEFT,TRUCK,41.88602054006822,-87.64132653275355,SIDEWALK,False,False,D-13,W-38,0.1510078660943158,0.566,HIGH
CR-2023-004863,2024-11-15 20:27:34,MOTOR VEHICLE THEFT,TRUCK,41.87813275386256,-87.6504262784975,ALLEY,False,False,D-05,W-23,0.11429753166195966,0.5905,HIGH
CR-2023-000756,2023-02-11 19:35:03,ROBBERY,ARMED ROBBERY,41.86734766519096,-87.6577980492561,STREET,True,False,D-01,W-37,0.23336903943880036,0.7666,CRITICAL
CR-2023-003888,2025-09-15 01:06:18,BATTERY,DOMESTIC BATTERY,41.89932104203428,-87.7452396592272,PARKING LOT,True,True,D-04,W-14,0.8503047008966809,0.1497,LOW
CR-2025-004997,2025-05-18 08:53:04,MOTOR VEHICLE THEFT,MOTORCYCLE,41.89601321724521,-87.61028346905464,RESIDENCE,True,False,D-08,W-24,0.15674029094230996,0.5622,HIGH
CR-2023-000525,2023-11-01 07:25:02,BURGLARY,RESIDENTIAL,41.86933987137283,-87.71977553639813,COMMERCIAL BUILDING,True,False,D-14,W-04,0.14008956703060987,0.5733,HIGH
CR-2025-001571,2023-06-25 23:30:41,ASSAULT,SIMPLE ASSAULT,41.87881630259566,-87.73775077180412,RESIDENCE,True,True,D-09,W-48,0.1474531560029467,0.8525,CRITICAL
CR-2024-004984,2025-02-24 20:35:20,MOTOR VEHICLE THEFT,TRUCK,41.87905075088957,-87.64072585469863,ALLEY,False,False,D-08,W-35,0.1474722375207838,0.5684,HIGH
CR-2025-002468,2024-11-23 03:42:08,THEFT,RETAIL THEFT,41.94846295453812,-87.63070019263122,STREET,False,False,D-14,W-10,0.20047371552821872,0.3731,MEDIUM
CR-2023-000534,2025-01-25 10:45:56,BURGLARY,FORCIBLE ENTRY,41.871084481980326,-87.62460244177404,SIDEWALK,False,False,D-14,W-01,0.24468907103351406,0.5035,HIGH
CR-2024-000979,2025-03-31 05:12:01,THEFT,RETAIL THEFT,41.89394085213599,-87.62645141628806,PARKING LOT,False,False,D-10,W-17,0.16507461328529796,0.3896,MEDIUM
CR-2025-000632,2025-02-19 20:04:59,CRIMINAL DAMAGE,GRAFFITI,41.95178721648072,-87.6835742899381,COMMERCIAL BUILDING,False,False,D-15,W-34,0.08524623522811715,0.4269,MEDIUM
CR-2025-005492,2024-07-09 16:31:04,NARCOTICS,SALE/MANUFACTURE,41.8025053710063,-87.62412094882146,ALLEY,True,False,D-02,W-25,0.6793714138844996,0.2138,LOW
CR-2023-003420,2023-11-18 19:16:45,NARCOTICS,SALE/MANUFACTURE,41.93567552574696,-87.66660120947103,ALLEY,False,False,D-02,W-47,0.6797484880925851,0.2135,LOW
CR-2024-002785,2025-11-06 02:09:58,MOTOR VEHICLE THEFT,AUTOMOBILE,41.94834427778666,-87.66596180804031,PARK,False,False,D-02,W-10,0.1247015889141675,0.5835,HIGH
CR-2023-004848,2024-09-28 23:52:16,ROBBERY,STRONGARM ROBBERY,41.88283032269738,-87.71583069782316,APARTMENT,True,False,D-07,W-04,0.1473864461377307,0.8526,CRITICAL
CR-2025-003818,2023-03-12 22:27:00,BURGLARY,COMMERCIAL,41.75145972544311,-87.63804070273432,PARK,False,True,D-03,W-19,0.1624472660996214,0.5584,HIGH
CR-2024-005317,2025-06-18 20:23:27,ROBBERY,STRONGARM ROBBERY,41.78666349094785,-87.65688043069927,SIDEWALK,False,False,D-09,W-06,0.13305456048661948,0.8669,CRITICAL
CR-2025-003359,2024-06-01 02:52:12,ASSAULT,AGGRAVATED ASSAULT,41.82251459675188,-87.60750416096332,SIDEWALK,False,True,D-01,W-17,0.22316333629072282,0.7768,CRITICAL
CR-2025-005435,2023-08-13 04:13:56,ASSAULT,AGGRAVATED ASSAULT,41.897580399364905,-87.62557122968873,APARTMENT,False,False,D-13,W-20,0.14887668432359438,0.8511,CRITICAL
CR-2025-005756,2024-12-30 12:10:43,NARCOTICS,POSSESSION OF COCAINE,41.93503283672018,-87.68319056875731,STREET,False,False,D-12,W-37,0.7310258045896654,0.1793,LOW
CR-2023-003066,2023-06-24 09:25:37,NARCOTICS,POSSESSION OF HEROIN,41.90612904828745,-87.62927788689251,PARKING LOT,False,False,D-06,W-44,0.7704836451656547,0.153,LOW
CR-2023-002313,2025-06-19 16:39:10,BATTERY,SIMPLE BATTERY,41.86859059647401,-87.74009344018422,ALLEY,True,False,D-09,W-12,0.7023199809278431,0.2977,MEDIUM
CR-2025-005462,2023-12-12 12:02:41,NARCOTICS,POSSESSION OF HEROIN,41.94910742834177,-87.6770342162277,SIDEWALK,False,False,D-09,W-24,0.7555737415803687,0.163,LOW
CR-2023-000600,2023-04-20 12:42:00,MOTOR VEHICLE THEFT,MOTORCYCLE,41.95090449005296,-87.6638881108225,STREET,True,False,D-11,W-07,0.1416587970256541,0.5722,HIGH
CR-2025-001103,2023-11-10 20:42:31,MOTOR VEHICLE THEFT,TRUCK,41.900361740428046,-87.62446579976822,SIDEWALK,False,True,D-04,W-21,0.18297670999120078,0.5447,HIGH
CR-2025-002309,2025-11-06 14:45:39,BURGLARY,RESIDENTIAL,41.87785084486512,-87.63138728136246,PARKING LOT,False,False,D-14,W-22,0.14558054389119732,0.5696,HIGH
CR-2024-004822,2025-05-25 19:28:35,MOTOR VEHICLE THEFT,MOTORCYCLE,41.874847594246674,-87.63419136878159,ALLEY,False,False,D-06,W-13,0.13090256358056482,0.5794,HIGH
CR-2024-003592,2024-12-21 05:48:37,ROBBERY,ARMED ROBBERY,41.94926061946642,-87.64156284177974,SIDEWALK,False,False,D-13,W-48,0.1724639601219929,0.8275,CRITICAL
CR-2025-002561,2025-10-03 22:48:14,ROBBERY,ARMED ROBBERY,41.87423569271734,-87.6308445017995,COMMERCIAL BUILDING,True,False,D-11,W-42,0.08145696198269972,0.9185,CRITICAL
CR-2025-005810,2024-02-20 20:22:49,CRIMINAL DAMAGE,GRAFFITI,41.94211112419405,-87.62878999560557,SIDEWALK,False,False,D-04,W-42,0.14886694617196997,0.3972,MEDIUM
CR-2023-003375,2025-10-10 03:30:31,MOTOR VEHICLE THEFT,AUTOMOBILE,41.89151349161752,-87.64129483787173,PARKING LOT,False,False,D-11,W-26,0.14083810586698797,0.5728,HIGH
CR-2025-004649,2023-07-15 18:16:40,BURGLARY,COMMERCIAL,41.78214995564504,-87.65557590682135,APARTMENT,True,False,D-04,W-37,0.17119877068643413,0.5525,HIGH
CR-2024-000961,2025-10-06 07:25:18,PETTY THEFT,TO VEHICLE,41.926945139485206,-87.65051506271777,SIDEWALK,False,False,D-13,W-32,0.33134297787066597,0.312,MEDIUM
CR-2024-003253,2024-12-20 06:29:12,BURGLARY,COMMERCIAL,41.90343449824166,-87.7180545703856,COMMERCIAL BUILDING,False,False,D-12,W-28,0.14774554886382688,0.5682,HIGH
CR-2025-005621,2025-10-06 19:01:09,MOTOR VEHICLE THEFT,AUTOMOBILE,41.77005868612796,-87.62331685232942,COMMERCIAL BUILDING,False,False,D-11,W-38,0.11534927605704277,0.5898,HIGH
CR-2025-004418,2025-01-14 19:14:02,BURGLARY,COMMERCIAL,41.765250951822125,-87.66274124175551,ALLEY,False,False,D-05,W-04,0.11652832100453688,0.589,HIGH
CR-2025-004358,2025-04-14 15:26:22,ASSAULT,AGGRAVATED ASSAULT,41.79500776250271,-87.62533810970868,STREET,False,False,D-15,W-27,0.1667081734478486,0.8333,CRITICAL
CR-2023-004182,2025-08-16 21:07:07,THEFT,RETAIL THEFT,41.96595095106903,-87.64826675290051,SIDEWALK,False,False,D-10,W-06,0.11699081898726363,0.4121,MEDIUM
CR-2023-003831,2024-12-27 13:37:03,BATTERY,DOMESTIC BATTERY,41.86800642001986,-87.61985738360468,STREET,True,True,D-15,W-28,0.8144863676386123,0.1855,LOW
CR-2023-000903,2024-08-21 08:34:52,ASSAULT,AGGRAVATED ASSAULT,41.882106899765176,-87.62216912465155,ALLEY,False,False,D-05,W-33,0.15570640029971866,0.8443,CRITICAL
CR-2024-000877,2024-07-05 23:04:06,THEFT,PETTY THEFT,41.79168006498813,-87.59465853637093,STREET,False,False,D-09,W-07,0.1396565437241772,0.4015,MEDIUM
CR-2024-003436,2024-01-23 23:10:02,THEFT,FROM BUILDING,41.8563013385185,-87.73509358028669,PARKING LOT,False,False,D-11,W-13,0.12072549969493955,0.4103,MEDIUM
CR-2023-003144,2023-04-07 04:11:08,CRIMINAL DAMAGE,TO PROPERTY,41.89983230162507,-87.63452622891863,COMMERCIAL BUILDING,False,False,D-11,W-47,0.07249537958626132,0.4328,MEDIUM
CR-2025-004946,2023-12-10 17:25:29,ASSAULT,AGGRAVATED ASSAULT,41.94113648882534,-87.65962837423277,COMMERCIAL BUILDING,False,False,D-05,W-05,0.13964843489956927,0.8604,CRITICAL
CR-2025-002516,2024-08-19 09:04:43,ASSAULT,SIMPLE ASSAULT,41.79717501566964,-87.61553912606959,SIDEWALK,False,False,D-06,W-29,0.12700438125371677,0.873,CRITICAL
CR-2023-003384,2025-09-11 16:18:30,NARCOTICS,POSSESSION OF COCAINE,41.82016432408082,-87.64473030373824,APARTMENT,True,False,D-15,W-12,0.6521082449799649,0.2319,LOW
CR-2024-005374,2025-01-21 14:59:54,ASSAULT,AGGRAVATED ASSAULT,41.7315354712382,-87.63300096683949,ALLEY,False,False,D-09,W-44,0.26867099208017403,0.7313,HIGH
CR-2025-005201,2023-08-23 07:47:04,THEFT,GRAND THEFT,41.89607552854061,-87.62958495366736,ALLEY,False,False,D-11,W-42,0.09458991697287743,0.4225,MEDIUM
CR-2025-001832,2024-03-01 04:12:17,ROBBERY,ARMED ROBBERY,41.902069232977496,-87.74954162680636,STREET,False,False,D-13,W-17,0.22450987362671185,0.7755,CRITICAL
CR-2023-002934,2025-05-03 21:31:28,CRIMINAL DAMAGE,GRAFFITI,41.86883766787695,-87.73385774908616,ALLEY,False,False,D-13,W-16,0.09469302130864218,0.4225,MEDIUM
CR-2024-001552,2023-07-28 05:20:09,MOTOR VEHICLE THEFT,AUTOMOBILE,41.86715596295289,-87.6243787402409,ALLEY,False,False,D-04,W-16,0.15398650892126384,0.564,HIGH
CR-2024-004762,2025-08-02 03:41:55,THEFT,PETTY THEFT,41.92995297341877,-87.67168773660997,SIDEWALK,False,False,D-01,W-10,0.12946494117902668,0.4062,MEDIUM
CR-2023-004851,2023-11-03 21:24:48,CRIMINAL DAMAGE,GRAFFITI,41.96014115069189,-87.65516902684391,APARTMENT,False,False,D-07,W-05,0.13558522280792726,0.4034,MEDIUM
CR-2023-001197,2023-12-21 07:27:26,THEFT,PETTY THEFT,41.87684843045315,-87.65154467829548,APARTMENT,False,False,D-01,W-06,0.1544923391601693,0.3946,MEDIUM
CR-2023-001368,2025-09-10 01:04:16,ROBBERY,ARMED ROBBERY,41.87307293328243,-87.62466493248266,COMMERCIAL BUILDING,False,False,D-14,W-48,0.175253790478134,0.8247,CRITICAL
CR-2025-001994,2023-10-14 03:54:16,THEFT,RETAIL THEFT,41.906951686922376,-87.64141922455028,PARKING LOT,False,False,D-12,W-13,0.116601117868281,0.4123,MEDIUM
CR-2025-000215,2023-08-09 13:40:53,BATTERY,AGGRAVATED BATTERY,41.92473482974668,-87.6960846435552,RESIDENCE,False,True,D-12,W-04,0.5940452307228223,0.406,MEDIUM
CR-2024-001000,2024-05-27 05:58:24,NARCOTICS,SALE/MANUFACTURE,41.76202054312565,-87.6326129667679,COMMERCIAL BUILDING,True,False,D-06,W-28,0.818157430108244,0.1212,LOW
CR-2023-001257,2025-04-20 03:59:50,BURGLARY,,41.77576364349993,-87.62080301189602,COMMERCIAL BUILDING,False,False,D-12,W-07,0.10358137206994215,0.5976,HIGH
CR-2024-000400,2025-07-27 02:08:55,ROBBERY,STRONGARM ROBBERY,41.8023570951494,-87.64190111820544,COMMERCIAL BUILDING,False,False,D-05,W-05,0.14735799634530689,0.8526,CRITICAL
CR-2024-000262,2023-05-21 05:07:40,MOTOR VEHICLE THEFT,MOTORCYCLE,41.93313481686915,-87.69139764201329,PARK,False,True,D-01,W-35,0.17409496002514802,0.5506,HIGH
CR-2023-005481,2025-10-01 13:00:52,BATTERY,SIMPLE BATTERY,41.86687863525727,-87.62542511600216,STREET,True,False,D-05,W-46,0.7708434939552073,0.2292,LOW
CR-2025-002123,2023-08-09 21:45:16,ROBBERY,,41.78300736913427,-87.57409442144619,PARK,False,False,D-08,W-07,0.15766154529583595,0.8423,CRITICAL
CR-2025-000695,2025-08-24 21:23:01,NARCOTICS,SALE/MANUFACTURE,41.95759944285878,-87.66885430739504,APARTMENT,False,False,D-06,W-47,0.6240947565487326,0.2506,MEDIUM
CR-2023-001668,2025-12-11 14:14:15,BATTERY,,41.85761263766877,-87.63203453964651,SIDEWALK,True,False,D-07,W-20,0.7360345163376673,0.264,MEDIUM
CR-2023-000090,2023-03-08 19:28:23,ROBBERY,STRONGARM ROBBERY,41.79454168369413,-87.65042893891041,RESIDENCE,False,False,D-11,W-18,0.1036428783302474,0.8964,CRITICAL
CR-2023-003624,2025-04-14 00:53:41,ASSAULT,AGGRAVATED ASSAULT,41.91005302227979,-87.68472252810747,SIDEWALK,False,False,D-06,W-43,0.17245483732636663,0.8275,CRITICAL
CR-2024-002500,2025-12-31 07:11:05,CRIMINAL DAMAGE,TO PROPERTY,41.93992480635954,-87.66436828216767,COMMERCIAL BUILDING,True,False,D-09,W-20,0.10072378145173531,0.4197,MEDIUM
CR-2025-004568,2024-09-06 15:56:56,THEFT,FROM BUILDING,41.875203768889904,-87.61404520671586,COMMERCIAL BUILDING,False,True,D-12,W-37,0.113397804047665,0.4137,MEDIUM
CR-2025-002159,2025-02-07 13:48:09,BURGLARY,COMMERCIAL,41.78276234163988,-87.63741381474696,SIDEWALK,True,False,D-09,W-41,0.13381771448124347,0.5775,HIGH
CR-2024-004789,2023-09-01 01:21:45,BURGLARY,FORCIBLE ENTRY,41.75184955537395,-87.6374667263471,PARK,False,False,D-11,W-36,0.10279694905927869,0.5981,HIGH
CR-2025-002690,2024-11-29 01:42:30,ASSAULT,SIMPLE ASSAULT,41.93667169702223,-87.66769544256508,APARTMENT,False,True,D-02,W-07,0.18059341299400597,0.8194,CRITICAL
CR-2024-001360,2024-08-13 21:35:25,MOTOR VEHICLE THEFT,AUTOMOBILE,41.90741236150626,-87.63738620056394,APARTMENT,False,False,D-13,W-16,0.092350721672034,0.6051,HIGH
CR-2023-005820,2024-08-09 23:57:32,MOTOR VEHICLE THEFT,TRUCK,41.78807999496939,-87.6297867842551,SIDEWALK,False,False,D-06,W-17,0.17130325555475417,0.5525,HIGH
CR-2023-005328,2025-10-19 02:56:31,BATTERY,AGGRAVATED BATTERY,41.81475002509326,-87.65116597923011,RESIDENCE,True,False,D-02,W-04,0.7050568234903541,0.2949,MEDIUM
CR-2025-005777,2024-07-31 07:31:04,BATTERY,SIMPLE BATTERY,41.95700285948631,-87.64512929364746,ALLEY,True,False,D-14,W-20,0.8005007236785104,0.1995,LOW
CR-2025-001697,2023-11-25 06:50:00,THEFT,FROM BUILDING,41.90768813265185,-87.65058981913599,APARTMENT,True,False,D-12,W-10,0.11139609188075444,0.4147,MEDIUM
CR-2025-001688,2025-06-08 08:15:09,CRIMINAL DAMAGE,GRAFFITI,41.77190474144057,-87.65311344487276,APARTMENT,False,False,D-03,W-35,0.16248086406052017,0.3908,MEDIUM
CR-2023-003657,2025-10-06 02:43:07,ROBBERY,STRONGARM ROBBERY,41.86133108587945,-87.60671204199738,COMMERCIAL BUILDING,True,False,D-02,W-02,0.17785124127138688,0.8221,CRITICAL
CR-2024-005335,2025-06-07 18:10:06,THEFT,GRAND THEFT,41.79839240455449,-87.63050386248513,COMMERCIAL BUILDING,False,True,D-14,W-16,0.12868418974632065,0.4066,MEDIUM
CR-2025-003161,2023-11-07 22:45:59,BURGLARY,RESIDENTIAL,41.76920310545344,-87.59634819490321,COMMERCIAL BUILDING,False,False,D-08,W-03,0.11417927852929574,0.5905,HIGH
CR-2024-005914,2023-01-01 18:35:38,ROBBERY,STRONGARM ROBBERY,41.86582996722888,-87.6279547198971,SIDEWALK,False,False,D-10,W-18,0.16320500724331705,0.8368,CRITICAL
CR-2024-001936,2025-09-15 18:19:13,BATTERY,SIMPLE BATTERY,41.751465792025726,-87.6659231231883,APARTMENT,True,True,D-06,W-16,0.7419370694047369,0.2581,MEDIUM
CR-2023-005775,2023-03-30 21:50:29,ASSAULT,SIMPLE ASSAULT,41.89689587315366,-87.63115364322161,RESIDENCE,False,False,D-01,W-25,0.10714697513739703,0.8929,CRITICAL
CR-2023-003840,2023-01-25 21:19:59,MOTOR VEHICLE THEFT,AUTOMOBILE,41.95905566418645,-87.6714105336502,SIDEWALK,False,False,D-10,W-04,0.11454652687292648,0.5903,HIGH
CR-2025-001556,2023-11-08 21:51:31,ROBBERY,STRONGARM ROBBERY,41.87358710379289,-87.64794215403128,COMMERCIAL BUILDING,False,False,D-07,W-10,0.14011225773219743,0.8599,CRITICAL
CR-2023-000984,2024-07-06 18:15:42,BATTERY,AGGRAVATED BATTERY,41.77402729299119,-87.60065574757833,STREET,True,False,D-01,W-38,0.8033301864615603,0.1967,LOW
CR-2024-002629,2023-12-01 11:55:49,NARCOTICS,POSSESSION OF COCAINE,41.91585990158266,-87.6148481953886,SIDEWALK,True,False,D-07,W-29,0.7135732630913492,0.191,LOW
CR-2023-003462,2023-06-02 22:07:07,THEFT,GRAND THEFT,41.90775292471403,-87.68173111573022,PARK,False,False,D-15,W-36,0.10403849336631538,0.4181,MEDIUM
CR-2025-005816,2025-07-19 23:44:48,BURGLARY,RESIDENTIAL,41.91449267005763,-87.62427471994239,PARK,True,False,D-14,W-17,0.16059671412452572,0.5596,HIGH
CR-2025-000944,2023-05-16 20:22:28,MOTOR VEHICLE THEFT,AUTOMOBILE,41.76705401632323,-87.62936130677195,PARK,True,False,D-04,W-35,0.15299824698670572,0.5647,HIGH
CR-2023-003480,2024-11-04 22:20:46,BURGLARY,FORCIBLE ENTRY,41.80681703187669,-87.62319763405179,SIDEWALK,False,True,D-02,W-31,0.12733184898193858,0.5818,HIGH
CR-2024-005878,2024-08-06 21:04:12,CRIMINAL DAMAGE,TO VEHICLE,41.78127569713181,-87.58579176548585,RESIDENCE,False,False,D-11,W-05,0.07580470923121901,0.4313,MEDIUM
CR-2023-005187,2024-08-18 00:11:26,MOTOR VEHICLE THEFT,MOTORCYCLE,41.88318130729928,-87.71654357895864,COMMERCIAL BUILDING,True,False,D-09,W-49,0.25508950360789356,0.4966,MEDIUM
CR-2025-000740,2023-07-21 18:48:15,ROBBERY,STRONGARM ROBBERY,41.796959533945696,-87.63832082880229,STREET,False,False,D-14,W-30,0.19041706397193264,0.8096,CRITICAL
CR-2024-004951,2024-12-24 08:32:36,CRIMINAL DAMAGE,TO VEHICLE,41.86048811383924,-87.7276468398824,APARTMENT,False,False,D-06,W-21,0.14931278063159598,0.397,MEDIUM
CR-2025-002330,2023-07-27 20:57:14,ASSAULT,SIMPLE ASSAULT,41.90032941152655,-87.63404827058419,PARK,False,True,D-06,W-20,0.12649523985834654,0.8735,CRITICAL
CR-2024-002095,2023-04-19 04:14:42,ROBBERY,STRONGARM ROBBERY,41.88403698273065,-87.62584673782068,STREET,True,False,D-02,W-22,0.19543094717508283,0.8046,CRITICAL
CR-2025-000737,2024-12-18 02:17:08,NARCOTICS,POSSESSION OF HEROIN,41.75927754217295,-87.6127929891539,RESIDENCE,True,False,D-05,W-49,0.7741359161908563,0.1506,LOW
CR-2025-001874,2023-09-23 08:23:15,MOTOR VEHICLE THEFT,TRUCK,41.8995328656172,-87.65191198198063,STREET,False,False,D-14,W-48,0.2569076979098086,0.4954,MEDIUM
CR-2024-001372,2025-04-23 21:08:13,BURGLARY,RESIDENTIAL,41.897808798446114,-87.66123214918139,SIDEWALK,False,False,D-08,W-28,0.13263594574442336,0.5782,HIGH
CR-2024-002938,2024-10-04 21:49:55,NARCOTICS,POSSESSION OF HEROIN,41.91604398772369,-87.6476844385727,PARK,True,False,D-10,W-23,0.633588995087884,0.2443,LOW
CR-2024-004501,2025-06-17 12:29:08,MOTOR VEHICLE THEFT,TRUCK,41.791367247803386,-87.67756244227405,PARK,False,False,D-11,W-48,0.13492789113557363,0.5767,HIGH
CR-2025-000857,2023-06-29 01:19:21,BATTERY,SIMPLE BATTERY,41.870964092652834,-87.72852959908147,ALLEY,False,False,D-14,W-13,0.7963876520511496,0.2036,LOW
CR-2025-002972,2024-06-02 14:39:59,NARCOTICS,SALE/MANUFACTURE,41.88549325957778,-87.61729595192745,SIDEWALK,True,False,D-06,W-23,0.6915160130308524,0.2057,LOW
CR-2023-004041,2024-07-17 10:44:45,BURGLARY,COMMERCIAL,41.87016625431343,-87.61813605907312,RESIDENCE,False,False,D-08,W-09,0.08881356348907272,0.6075,HIGH
CR-2023-002646,2024-10-28 23:08:24,NARCOTICS,POSSESSION OF HEROIN,41.74149602967088,-87.65195530416275,COMMERCIAL BUILDING,False,False,D-02,W-06,0.7860503318340214,0.1426,LOW
CR-2024-000277,2025-05-31 23:15:36,CRIMINAL DAMAGE,TO PROPERTY,41.78734006655188,-87.63929692415307,SIDEWALK,False,False,D-07,W-01,0.1849807379511082,0.3803,MEDIUM
CR-2025-003137,2023-09-18 13:21:41,BURGLARY,RESIDENTIAL,41.76881780520223,-87.62688682540539,STREET,True,False,D-14,W-36,0.16705705043631366,0.5553,HIGH
CR-2023-003570,2025-03-07 11:57:31,ASSAULT,SIMPLE ASSAULT,41.82978475466022,-87.62386601747856,ALLEY,False,False,D-06,W-10,0.15438537760462595,0.8456,CRITICAL
CR-2023-005544,2023-09-20 12:01:32,ASSAULT,AGGRAVATED ASSAULT,41.827555724052885,-87.6980147697787,STREET,True,False,D-11,W-26,0.1904069129796791,0.8096,CRITICAL
CR-2024-004537,2025-02-03 07:27:17,THEFT,GRAND THEFT,41.83026287223512,-87.59042983065576,PARK,False,False,D-15,W-04,0.12300193831024278,0.4093,MEDIUM
CR-2025-002288,2024-04-21 20:51:26,CRIMINAL DAMAGE,TO PROPERTY,41.9248607577446,-87.61888912184116,ALLEY,False,False,D-06,W-12,0.11992943107249926,0.4107,MEDIUM
CR-2024-003853,2025-07-01 23:18:05,THEFT,PETTY THEFT,41.90896576457104,-87.72776038650693,ALLEY,True,False,D-15,W-37,0.11963638232020016,0.4108,MEDIUM
CR-2024-000904,2023-01-06 21:15:24,ROBBERY,STRONGARM ROBBERY,41.85438213946952,-87.61637442528887,SIDEWALK,False,False,D-10,W-08,0.1535026971949911,0.8465,CRITICAL
CR-2024-001609,2023-08-29 03:30:36,MOTOR VEHICLE THEFT,TRUCK,41.86707044808978,-87.61897781014365,PARK,False,False,D-06,W-27,0.15483264502847766,0.5634,HIGH
CR-2025-001166,2023-05-04 22:21:34,ROBBERY,STRONGARM ROBBERY,41.85533189379979,-87.6351554380121,SIDEWALK,False,False,D-11,W-22,0.11088604411909231,0.8891,CRITICAL
CR-2025-001637,2023-12-27 20:25:39,MOTOR VEHICLE THEFT,MOTORCYCLE,41.864355888491545,-87.60946835798342,STREET,False,False,D-06,W-18,0.14169068849244115,0.5722,HIGH
CR-2024-004471,2023-02-25 13:24:36,BATTERY,DOMESTIC BATTERY,41.94549301155372,-87.6483520502713,PARKING LOT,True,False,D-01,W-27,0.8177832817475712,0.1822,LOW
CR-2023-000474,2025-04-03 20:24:13,MOTOR VEHICLE THEFT,AUTOMOBILE,41.87741620975467,-87.62614990826016,SIDEWALK,False,False,D-02,W-14,0.16287540993897878,0.5581,HIGH
CR-2025-005351,2024-11-05 13:58:35,CRIMINAL DAMAGE,TO VEHICLE,41.76836292507084,-87.59719503614376,APARTMENT,False,False,D-11,W-41,0.10526046793993579,0.4175,MEDIUM
CR-2025-004007,2023-06-04 18:40:17,ROBBERY,STRONGARM ROBBERY,41.87380704268568,-87.70269262743875,COMMERCIAL BUILDING,True,True,D-10,W-30,0.13807145920222705,0.8619,CRITICAL
CR-2025-004874,2025-09-17 01:04:16,MOTOR VEHICLE THEFT,TRUCK,41.76184813004941,-87.60019128402595,PARKING LOT,False,False,D-11,W-18,0.11184777385056668,0.5921,HIGH
CR-2024-002617,2025-09-19 13:17:57,BURGLARY,COMMERCIAL,41.78659580931285,-87.57729434896235,COMMERCIAL BUILDING,False,False,D-09,W-49,0.18476700357125495,0.5435,HIGH
CR-2025-005240,2024-07-03 07:49:54,ROBBERY,STRONGARM ROBBERY,41.89469685728442,-87.63348772476166,APARTMENT,False,False,D-04,W-24,0.20766239102020104,0.7923,CRITICAL
CR-2025-004598,2023-05-07 02:40:54,MOTOR VEHICLE THEFT,AUTOMOBILE,41.90116095096027,-87.6085883441409,RESIDENCE,False,False,D-06,W-01,0.19463420682199495,0.5369,HIGH
CR-2024-000301,2024-03-01 01:03:41,ROBBERY,ARMED ROBBERY,41.89114408880159,-87.60946543211793,STREET,False,False,D-05,W-22,0.18054971173115755,0.8195,CRITICAL
CR-2023-003975,2023-05-10 17:20:30,NARCOTICS,SALE/MANUFACTURE,41.920089518661726,-87.63574255455578,PARKING LOT,True,False,D-04,W-21,0.7504165338708048,0.1664,LOW
CR-2025-000710,2024-09-06 19:43:09,ROBBERY,ARMED ROBBERY,41.886174441185744,-87.61371238994036,COMMERCIAL BUILDING,False,False,D-10,W-43,0.13216126798916558,0.8678,CRITICAL
CR-2025-003182,2024-09-11 23:14:37,MOTOR VEHICLE THEFT,TRUCK,41.8136563831878,-87.58431633963926,STREET,False,False,D-11,W-02,0.12941875480420031,0.5804,HIGH
CR-2025-004364,2024-08-19 20:21:51,THEFT,,41.884297212139295,-87.6332981274731,STREET,False,False,D-12,W-04,0.08629836884155744,0.4264,MEDIUM
CR-2023-000651,2025-04-30 00:53:34,ASSAULT,SIMPLE ASSAULT,41.77452600608262,-87.64789362898732,COMMERCIAL BUILDING,False,False,D-05,W-21,0.15256048593371585,0.8474,CRITICAL
CR-2024-001330,2024-07-16 00:24:33,MOTOR VEHICLE THEFT,TRUCK,41.924888107887504,-87.67320139684553,COMMERCIAL BUILDING,False,False,D-05,W-44,0.13573739319472844,0.5762,HIGH
CR-2025-000854,2023-08-31 09:56:31,NARCOTICS,SALE/MANUFACTURE,41.87611049380426,-87.64441793957006,COMMERCIAL BUILDING,False,False,D-10,W-11,0.7133521234524797,0.1911,LOW
CR-2023-001440,2024-06-21 01:59:38,THEFT,GRAND THEFT,41.72294421916688,-87.68201750381589,ALLEY,False,False,D-12,W-36,0.17117731454950488,0.3868,MEDIUM
CR-2024-000397,2023-10-01 08:37:52,ROBBERY,STRONGARM ROBBERY,41.86188415189388,-87.61400270720002,COMMERCIAL BUILDING,False,False,D-07,W-37,0.21965484278360498,0.7803,CRITICAL
CR-2023-004008,2025-07-18 09:32:18,BATTERY,SIMPLE BATTERY,41.86740733131405,-87.74022418054588,SIDEWALK,False,True,D-15,W-16,0.7060707137999213,0.2939,MEDIUM
CR-2023-004059,2023-08-28 08:30:18,BURGLARY,RESIDENTIAL,41.94375452994401,-87.65508908576517,APARTMENT,True,False,D-06,W-40,0.13885055298556462,0.5741,HIGH
CR-2025-002327,2025-06-21 11:26:01,BURGLARY,FORCIBLE ENTRY,41.96246880266278,-87.61220142645233,RESIDENCE,False,False,D-03,W-21,0.12281084079310452,0.5848,HIGH
CR-2023-002346,2023-03-22 07:06:34,ASSAULT,AGGRAVATED ASSAULT,41.89772351239739,-87.71741583737402,ALLEY,False,False,D-10,W-23,0.14898882365430582,0.851,CRITICAL
CR-2025-004223,2024-07-10 04:34:54,NARCOTICS,POSSESSION OF COCAINE,41.79553336336272,-87.57375986059894,PARK,True,False,D-06,W-45,0.7398314970656599,0.1734,LOW
CR-2023-001170,2025-04-24 02:06:39,MOTOR VEHICLE THEFT,TRUCK,41.96237656840405,-87.64688054111221,APARTMENT,False,False,D-11,W-20,0.10824489662360673,0.5945,HIGH
CR-2023-004143,2025-08-06 23:02:31,CRIMINAL DAMAGE,GRAFFITI,41.78269143180363,-87.6545938986927,STREET,False,False,D-04,W-08,0.16633664808344217,0.389,MEDIUM
CR-2025-001676,2025-07-23 07:29:13,BURGLARY,COMMERCIAL,41.78960791730938,-87.62707108759456,RESIDENCE,False,False,D-12,W-10,0.06369080902331865,0.6242,HIGH
CR-2024-005170,2024-07-19 01:37:19,NARCOTICS,POSSESSION OF COCAINE,41.87133889584046,-87.65982559002589,STREET,False,False,D-05,W-21,0.7273332568726304,0.1818,LOW
CR-2023-002823,2025-08-23 11:02:01,CRIMINAL DAMAGE,TO PROPERTY,41.76371078020552,-87.58979543926182,PARKING LOT,False,False,D-10,W-50,0.10172915067292009,0.4192,MEDIUM
CR-2024-004882,2025-04-07 07:04:59,NARCOTICS,POSSESSION OF COCAINE,41.78261369758982,-87.63654332634897,PARKING LOT,True,False,D-04,W-21,0.7979235211765949,0.1347,LOW
CR-2024-004807,2023-09-06 06:00:21,ROBBERY,ARMED ROBBERY,41.76764079521858,-87.61882880912151,PARK,False,False,D-09,W-24,0.16639980797394577,0.8336,CRITICAL
CR-2023-000099,2024-09-23 15:25:32,MOTOR VEHICLE THEFT,AUTOMOBILE,41.87897313077669,-87.64694455446747,PARKING LOT,True,False,D-10,W-42,0.12421945864897399,0.5839,HIGH
CR-2024-000898,2023-08-25 22:03:14,BATTERY,DOMESTIC BATTERY,41.94201892128667,-87.67122051713606,RESIDENCE,True,False,D-15,W-15,0.6677758331374888,0.3322,MEDIUM
CR-2023-001977,2024-03-24 21:18:59,THEFT,RETAIL THEFT,41.76438379243615,-87.64428463118472,COMMERCIAL BUILDING,False,False,D-09,W-34,0.12902102352366912,0.4065,MEDIUM
CR-2025-004952,2023-06-03 08:59:28,BURGLARY,COMMERCIAL,41.89806879227304,-87.7495487633286,APARTMENT,False,False,D-08,W-12,0.11386449243224601,0.5908,HIGH
CR-2024-005398,2023-02-07 14:56:42,ASSAULT,SIMPLE ASSAULT,41.91032481188711,-87.66495755438582,PARK,False,False,D-02,W-19,0.20208685108629482,0.7979,CRITICAL
CR-2024-000523,2025-03-07 04:06:50,THEFT,GRAND THEFT,41.8878848431762,-87.65344588235477,STREET,False,False,D-11,W-22,0.14020318081835081,0.4012,MEDIUM
CR-2025-004940,2025-11-02 20:06:52,NARCOTICS,POSSESSION OF HEROIN,41.780049023401226,-87.63506457590725,STREET,True,False,D-07,W-09,0.7961134091231135,0.1359,LOW
CR-2025-004064,2025-01-06 22:57:23,ROBBERY,STRONGARM ROBBERY,41.87536759124213,-87.62558182476124,PARK,False,False,D-14,W-09,0.20962826883010713,0.7904,CRITICAL
CR-2025-005588,2024-12-24 19:27:46,BATTERY,DOMESTIC BATTERY,41.88203024861538,-87.61579865568287,RESIDENCE,False,True,D-05,W-11,0.651193094676034,0.3488,MEDIUM
CR-2025-002069,2024-04-28 04:06:05,ASSAULT,SIMPLE ASSAULT,41.80118259217174,-87.62889425352515,SIDEWALK,True,False,D-14,W-25,0.18661045714721713,0.8134,CRITICAL
CR-2024-002494,2024-02-03 01:35:42,ROBBERY,STRONGARM ROBBERY,41.95225193837462,-87.60745780729452,ALLEY,False,False,D-01,W-34,0.20658817291808648,0.7934,CRITICAL
CR-2023-003930,2025-11-07 21:02:22,CRIMINAL DAMAGE,GRAFFITI,41.8302548460314,-87.6253044815241,STREET,False,False,D-14,W-19,0.16759973690795582,0.3885,MEDIUM
CR-2024-004357,2025-02-12 22:32:30,BURGLARY,COMMERCIAL,41.89471581643974,-87.62130096777412,ALLEY,False,False,D-10,W-33,0.10783638218175993,0.5948,HIGH
CR-2023-003807,2023-04-07 00:28:14,NARCOTICS,POSSESSION OF HEROIN,41.97850124077217,-87.67690005216764,PARKING LOT,True,False,D-01,W-34,0.7141279227653541,0.1906,LOW
CR-2023-003618,2023-02-14 21:52:41,BATTERY,SIMPLE BATTERY,41.87424421386781,-87.6256367122976,APARTMENT,True,False,D-12,W-29,0.5996030676384907,0.4004,MEDIUM
CR-2024-003133,2024-06-09 20:00:53,CRIMINAL DAMAGE,TO VEHICLE,41.780733418619455,-87.60478075260797,PARKING LOT,False,False,D-01,W-26,0.1522227585371235,0.3956,MEDIUM
CR-2024-000076,2024-12-04 22:41:11,THEFT,GRAND THEFT,41.76189938196054,-87.62319365757098,PARK,False,False,D-06,W-24,0.13281019698228652,0.4047,MEDIUM
CR-2025-002789,2023-01-10 10:26:55,ROBBERY,ARMED ROBBERY,41.85787734431859,-87.62956476645293,COMMERCIAL BUILDING,False,False,D-02,W-07,0.22542214828201856,0.7746,CRITICAL
CR-2023-001566,2023-07-10 23:13:40,THEFT,FROM BUILDING,41.73561996741388,-87.59162654431367,RESIDENCE,False,False,D-01,W-36,0.16003938882051766,0.392,MEDIUM
CR-2024-005515,2023-08-04 03:21:55,THEFT,RETAIL THEFT,41.869740656722,-87.71657594093621,APARTMENT,False,False,D-08,W-32,0.17517192661534803,0.3849,MEDIUM
CR-2025-002045,2025-08-03 16:40:32,MOTOR VEHICLE THEFT,MOTORCYCLE,41.861620693622335,-87.60849243569093,PARK,True,False,D-04,W-13,0.1684845189103497,0.5543,HIGH
CR-2023-004023,2025-06-03 00:27:32,BATTERY,AGGRAVATED BATTERY,41.86866168990729,-87.6404006015256,STREET,False,False,D-13,W-24,0.7532119617689282,0.2468,LOW
CR-2024-001381,2023-08-11 14:59:37,BURGLARY,RESIDENTIAL,41.89153033146144,-87.63927366593748,SIDEWALK,False,False,D-11,W-08,0.08785229438740189,0.6081,HIGH
CR-2025-003542,2025-10-03 01:01:13,NARCOTICS,POSSESSION OF COCAINE,41.87346559978104,-87.66136874198148,COMMERCIAL BUILDING,True,False,D-07,W-41,0.7664892901033743,0.1557,LOW
CR-2023-004272,2025-06-25 19:34:03,NARCOTICS,POSSESSION OF HEROIN,41.94961570745003,-87.6167742829029,COMMERCIAL BUILDING,True,False,D-09,W-05,0.6802414888300076,0.2132,LOW
CR-2024-002377,2024-04-03 05:44:08,ROBBERY,ARMED ROBBERY,41.87007864993734,-87.62537542816438,PARKING LOT,False,False,D-06,W-11,0.1433333124246539,0.8567,CRITICAL
CR-2024-001780,2023-03-15 16:42:13,CRIMINAL DAMAGE,TO PROPERTY,41.8815918011441,-87.64115145965525,APARTMENT,True,False,D-04,W-49,0.24042141248558266,0.3545,MEDIUM
CR-2025-001013,2023-08-01 16:55:25,MOTOR VEHICLE THEFT,TRUCK,41.98441022363021,-87.6305210729412,ALLEY,False,False,D-03,W-18,0.1806037433081774,0.5463,HIGH
CR-2024-002560,2024-04-22 11:21:09,NARCOTICS,POSSESSION OF COCAINE,41.85739101941151,-87.63634233162261,PARK,True,True,D-13,W-01,0.7866398732204753,0.1422,LOW
CR-2024-001264,2025-02-27 00:15:23,NARCOTICS,POSSESSION OF COCAINE,41.90894815347245,-87.64676332652989,STREET,True,False,D-05,W-28,0.8133932545702537,0.1244,LOW
CR-2025-000023,2024-08-28 17:26:42,NARCOTICS,SALE/MANUFACTURE,41.76738403072601,-87.60257194434453,RESIDENCE,True,False,D-09,W-01,0.7266117347570251,0.1823,LOW
CR-2024-001510,2023-07-28 00:31:13,ROBBERY,STRONGARM ROBBERY,41.80890654374347,-87.64057903405214,ALLEY,False,False,D-02,W-11,0.1737573482630542,0.8262,CRITICAL
CR-2025-000419,2023-04-07 00:16:22,ASSAULT,SIMPLE ASSAULT,41.80350805996191,-87.63434972110564,STREET,False,True,D-02,W-40,0.22547917137226314,0.7745,CRITICAL
CR-2024-002185,2025-09-10 22:26:26,ROBBERY,STRONGARM ROBBERY,41.913555566147295,-87.66622083597633,PARKING LOT,False,False,D-14,W-36,0.1603782737621835,0.8396,CRITICAL
CR-2024-002929,2025-04-16 01:46:34,ROBBERY,STRONGARM ROBBERY,41.87358529531411,-87.63927155541225,ALLEY,False,False,D-01,W-39,0.13181619491309013,0.8682,CRITICAL
CR-2023-001785,2025-02-15 06:25:55,MOTOR VEHICLE THEFT,AUTOMOBILE,41.873637766986896,-87.6101202439214,SIDEWALK,False,False,D-14,W-26,0.2717761275784936,0.4855,MEDIUM
CR-2023-005712,2025-11-15 00:41:08,BURGLARY,RESIDENTIAL,41.75006293672779,-87.63825091531422,RESIDENCE,False,False,D-02,W-38,0.15240430705706542,0.5651,HIGH
CR-2024-001753,2023-05-08 14:26:21,BURGLARY,FORCIBLE ENTRY,41.882944617554266,-87.63071505957784,PARKING LOT,False,False,D-01,W-09,0.12764264796168928,0.5816,HIGH
CR-2023-005220,2025-08-09 20:31:28,ASSAULT,SIMPLE ASSAULT,41.77094247464739,-87.64254051908273,COMMERCIAL BUILDING,False,True,D-07,W-12,0.1645712203345934,0.8354,CRITICAL
CR-2024-004714,2023-01-15 03:42:29,BURGLARY,FORCIBLE ENTRY,41.9088196261302,-87.61476365767915,STREET,True,False,D-15,W-32,0.198786634179858,0.5341,HIGH
CR-2025-000734,2024-04-08 22:39:27,CRIMINAL DAMAGE,TO PROPERTY,41.86016175406947,-87.6231309599767,COMMERCIAL BUILDING,False,False,D-07,W-31,0.1294971552680004,0.4062,MEDIUM
CR-2025-003599,2024-07-08 16:34:35,ASSAULT,AGGRAVATED ASSAULT,41.9839098169848,-87.68488392036716,APARTMENT,False,False,D-05,W-28,0.19391175014400833,0.8061,CRITICAL
CR-2025-001628,2024-06-12 09:19:12,ROBBERY,STRONGARM ROBBERY,41.930778633266776,-87.66954441527298,PARK,False,False,D-14,W-25,0.14387803523280943,0.8561,CRITICAL
CR-2023-003027,2023-06-30 21:06:44,ASSAULT,AGGRAVATED ASSAULT,41.88321823763739,-87.60729588086498,RESIDENCE,False,False,D-08,W-03,0.12089591054911672,0.8791,CRITICAL
CR-2023-004401,2023-08-09 10:56:17,ASSAULT,,41.7913158653745,-87.61312249971006,STREET,False,True,D-13,W-41,0.16828729205470797,0.8317,CRITICAL
CR-2025-005429,2025-04-15 13:59:27,ASSAULT,AGGRAVATED ASSAULT,41.96829737387576,-87.6659768928763,PARKING LOT,False,False,D-04,W-04,0.14871327299215362,0.8513,CRITICAL
CR-2025-002915,2025-04-17 12:09:37,BURGLARY,RESIDENTIAL,41.94367102326528,-87.65769239248738,PARKING LOT,False,False,D-08,W-26,0.11436352542921782,0.5904,HIGH
CR-2023-001800,2023-11-03 17:13:30,ASSAULT,AGGRAVATED ASSAULT,41.7583016128257,-87.64697773628623,COMMERCIAL BUILDING,False,False,D-09,W-08,0.17128316525581053,0.8287,CRITICAL
CR-2025-005408,2025-07-26 04:23:54,ROBBERY,STRONGARM ROBBERY,41.87954013901996,-87.62676888240759,RESIDENCE,False,False,D-14,W-22,0.1802525763029065,0.8197,CRITICAL
CR-2025-001037,2024-11-18 11:25:10,CRIMINAL DAMAGE,GRAFFITI,41.86883522156849,-87.63454109284041,STREET,False,False,D-06,W-50,0.11636134845034984,0.4124,MEDIUM
CR-2024-002749,2025-10-18 18:11:40,ASSAULT,AGGRAVATED ASSAULT,41.84110111554324,-87.69810952307795,SIDEWALK,False,True,D-03,W-32,0.22411266076316794,0.7759,CRITICAL
CR-2025-000365,2025-08-07 07:00:09,BURGLARY,COMMERCIAL,41.88412521459176,-87.74451070999707,PARK,True,False,D-05,W-27,0.1169293028665789,0.5887,HIGH
CR-2023-005862,2023-08-28 22:13:12,CRIMINAL DAMAGE,TO VEHICLE,41.89960826702295,-87.6402352111625,STREET,True,False,D-11,W-24,0.11794854853644413,0.4116,MEDIUM
CR-2023-002937,2023-08-22 09:26:05,ROBBERY,STRONGARM ROBBERY,41.89716597989011,-87.64450093452761,ALLEY,True,False,D-07,W-24,0.2279218822571086,0.7721,CRITICAL
CR-2024-004795,2023-08-13 13:59:08,ASSAULT,SIMPLE ASSAULT,41.80081514699606,-87.6367946393314,PARK,False,False,D-06,W-04,0.148462235799901,0.8515,CRITICAL
CR-2023-002796,2024-07-12 05:45:19,ASSAULT,SIMPLE ASSAULT,41.76005344715772,-87.61943366121307,SIDEWALK,False,False,D-03,W-35,0.16248797544862445,0.8375,CRITICAL
CR-2025-005519,2024-10-14 02:52:31,ROBBERY,STRONGARM ROBBERY,41.880558860953904,-87.6409398874866,COMMERCIAL BUILDING,False,False,D-08,W-29,0.11164012114205761,0.8884,CRITICAL
CR-2023-003078,2023-06-09 18:49:31,ASSAULT,AGGRAVATED ASSAULT,41.87572193461376,-87.64357028592458,PARK,False,False,D-06,W-25,0.11329182286539731,0.8867,CRITICAL
CR-2023-001311,2025-01-18 06:51:20,MOTOR VEHICLE THEFT,MOTORCYCLE,41.87935739941894,-87.60864311282195,PARK,True,False,D-02,W-49,0.30795797120875223,0.4614,MEDIUM
CR-2023-001974,2024-01-30 18:34:40,ROBBERY,ARMED ROBBERY,41.77190016745314,-87.66097576840549,RESIDENCE,True,False,D-14,W-20,0.22061797453049448,0.7794,CRITICAL
CR-2025-004586,2023-09-14 03:13:40,BATTERY,DOMESTIC BATTERY,41.89196203842549,-87.74762207983512,PARKING LOT,False,False,D-06,W-42,0.7350779204910967,0.2649,MEDIUM
CR-2025-004826,2025-12-12 08:17:13,ROBBERY,ARMED ROBBERY,41.78372154607875,-87.5910394492337,ALLEY,False,False,D-14,W-50,0.17002929731726044,0.83,CRITICAL
CR-2023-002577,2023-01-15 22:00:21,CRIMINAL DAMAGE,TO PROPERTY,41.93101426026023,-87.6555173427407,COMMERCIAL BUILDING,False,False,D-11,W-11,0.11577016026462811,0.4126,MEDIUM
CR-2024-003559,2025-08-23 14:06:00,ASSAULT,AGGRAVATED ASSAULT,41.75788767536233,-87.61181903874012,APARTMENT,False,False,D-06,W-38,0.19218456341145154,0.8078,CRITICAL
CR-2023-004596,2023-09-04 22:06:45,ASSAULT,SIMPLE ASSAULT,41.88737102740895,-87.6246020947253,APARTMENT,False,False,D-13,W-43,0.13959873677430298,0.8604,CRITICAL
CR-2024-003340,2023-05-06 02:04:37,BATTERY,AGGRAVATED BATTERY,41.87337100499126,-87.62577924358615,APARTMENT,True,True,D-12,W-48,0.7003333738410801,0.2997,MEDIUM
CR-2024-003517,2023-09-05 02:55:18,NARCOTICS,SALE/MANUFACTURE,41.98050711924724,-87.63082127311525,RESIDENCE,True,False,D-04,W-31,0.7894339214107963,0.1404,LOW
CR-2024-001369,2025-11-29 04:54:08,BURGLARY,RESIDENTIAL,41.901412406310726,-87.61699036035172,PARKING LOT,False,False,D-03,W-12,0.11629893974276533,0.5891,HIGH
CR-2023-004749,2024-05-29 19:25:18,THEFT,PETTY THEFT,41.94971783217204,-87.62199715234912,ALLEY,True,False,D-10,W-02,0.12822612779474304,0.4068,MEDIUM
CR-2025-000656,2023-09-18 00:47:07,ASSAULT,SIMPLE ASSAULT,41.97620415098034,-87.64414379387296,ALLEY,True,False,D-03,W-41,0.2048102666941339,0.7952,CRITICAL
CR-2024-001732,2025-02-12 08:01:00,ROBBERY,ARMED ROBBERY,41.78328216947335,-87.6624181359719,ALLEY,False,False,D-01,W-22,0.2569747683829166,0.743,HIGH
CR-2025-003704,2025-06-23 14:41:41,ASSAULT,AGGRAVATED ASSAULT,41.91089985225056,-87.6317002294062,APARTMENT,False,False,D-09,W-07,0.15538847808087253,0.8446,CRITICAL
CR-2025-002414,2023-05-27 00:23:30,BATTERY,AGGRAVATED BATTERY,41.80198771540118,-87.6552655830457,SIDEWALK,True,False,D-06,W-25,0.7193978007171047,0.2806,MEDIUM
CR-2025-005759,2024-07-30 00:29:57,NARCOTICS,POSSESSION OF COCAINE,41.799998785012974,-87.63609215552319,COMMERCIAL BUILDING,True,False,D-07,W-35,0.7359618470443773,0.176,LOW
CR-2023-001413,2023-03-09 06:14:37,ASSAULT,SIMPLE ASSAULT,41.89680337573302,-87.6307300601405,PARKING LOT,True,True,D-07,W-07,0.21842293873270055,0.7816,CRITICAL
CR-2024-004810,2023-09-02 01:29:46,CRIMINAL DAMAGE,TO VEHICLE,41.8871240978687,-87.73607809115158,STREET,False,False,D-06,W-27,0.1809837334255808,0.3822,MEDIUM
CR-2023-004644,2023-02-04 00:27:27,MOTOR VEHICLE THEFT,TRUCK,41.88096218033245,-87.71084938954075,STREET,False,False,D-08,W-15,0.23475059081312752,0.5102,HIGH
CR-2025-002462,2024-04-12 03:24:22,MOTOR VEHICLE THEFT,TRUCK,41.88481090905604,-87.63731851161685,APARTMENT,True,False,D-02,W-09,0.16576103595018019,0.5562,HIGH
CR-2023-002757,2023-01-10 23:56:43,BURGLARY,RESIDENTIAL,41.8960329708213,-87.6525845467122,ALLEY,False,False,D-04,W-08,0.1679679092764568,0.5547,HIGH
CR-2025-001217,2024-02-09 11:52:41,BURGLARY,RESIDENTIAL,41.88147961883062,-87.6353429039325,APARTMENT,False,False,D-10,W-35,0.11022640010266663,0.5932,HIGH
CR-2025-000584,2023-05-04 06:13:29,NARCOTICS,POSSESSION OF HEROIN,41.960295086833305,-87.63823168882439,PARKING LOT,True,False,D-09,W-33,0.7571351787758129,0.1619,LOW
CR-2024-001072,2024-10-25 13:29:00,BATTERY,AGGRAVATED BATTERY,41.876582359416574,-87.70008245810516,STREET,False,False,D-06,W-10,0.763182868568332,0.2368,LOW
CR-2024-003358,2025-10-20 10:44:32,ROBBERY,ARMED ROBBERY,41.80510999719534,-87.63102667763589,SIDEWALK,False,False,D-10,W-29,0.11538893780360278,0.8846,CRITICAL
CR-2025-000599,2023-02-24 13:08:39,BURGLARY,RESIDENTIAL,41.95287828268129,-87.62801719140052,PARKING LOT,True,False,D-10,W-19,0.14305783092687446,0.5713,HIGH
CR-2024-001561,2024-06-20 00:22:54,BURGLARY,COMMERCIAL,41.88546811498119,-87.63517044069621,COMMERCIAL BUILDING,False,False,D-06,W-03,0.10606681724390388,0.596,HIGH
CR-2023-000762,2023-04-02 06:11:57,CRIMINAL DAMAGE,GRAFFITI,41.87251689835894,-87.61346877070444,APARTMENT,False,False,D-10,W-01,0.17344434633180386,0.3857,MEDIUM
CR-2024-001312,2024-09-07 22:13:27,ROBBERY,STRONGARM ROBBERY,41.78914406989899,-87.65052719775434,APARTMENT,False,False,D-10,W-32,0.17620799636351173,0.8238,CRITICAL
CR-2024-002542,2024-11-30 13:20:43,PETTY THEFT,SALE/MANUFACTURE,41.96752590004183,-87.60880653388294,APARTMENT,False,False,D-09,W-41,0.3387369128751417,0.3086,MEDIUM
CR-2025-003812,2023-11-02 08:54:08,CRIMINAL DAMAGE,TO VEHICLE,41.92959441866232,-87.71169979430272,ALLEY,True,False,D-12,W-38,0.13708852380647896,0.4027,MEDIUM
CR-2025-000251,2025-10-05 19:54:34,THEFT,RETAIL THEFT,41.85712148639272,-87.62135546144964,PARKING LOT,False,False,D-15,W-37,0.12572548858503316,0.408,MEDIUM
CR-2025-002387,2025-05-07 13:32:01,ROBBERY,ARMED ROBBERY,41.83883431923185,-87.7128126631263,PARK,False,False,D-09,W-50,0.11442592322855424,0.8856,CRITICAL
CR-2023-005370,2024-07-08 20:05:23,ASSAULT,SIMPLE ASSAULT,41.803198258586015,-87.62541427657408,PARKING LOT,False,True,D-10,W-42,0.11311533576983021,0.8869,CRITICAL
CR-2025-005111,2023-11-14 08:55:52,BURGLARY,FORCIBLE ENTRY,41.72736486439943,-87.61824093396234,PARKING LOT,False,False,D-03,W-20,0.18385722043521413,0.5441,HIGH
CR-2025-000869,2024-07-07 05:28:21,BATTERY,DOMESTIC BATTERY,41.80265768979934,-87.58623466568545,PARK,True,False,D-10,W-18,0.7431599209740797,0.2568,MEDIUM
CR-2025-004562,2024-04-17 08:35:10,THEFT,RETAIL THEFT,41.960510273022486,-87.65401184955135,COMMERCIAL BUILDING,False,False,D-04,W-44,0.18898029046646794,0.3785,MEDIUM
CR-2024-001909,2023-07-27 07:56:54,ROBBERY,ARMED ROBBERY,41.940446406127705,-87.67898061116445,SIDEWALK,False,False,D-14,W-12,0.16962806238418165,0.8304,CRITICAL
CR-2024-002950,2025-05-23 23:55:33,THEFT,FROM BUILDING,41.87704669457724,-87.66763416876232,ALLEY,False,False,D-09,W-09,0.12169057052931705,0.4099,MEDIUM
CR-2023-002394,2025-10-29 22:45:27,NARCOTICS,POSSESSION OF COCAINE,41.846745456517205,-87.63235387370194,PARK,True,False,D-11,W-02,0.6373111141811564,0.2418,LOW
CR-2024-005647,2024-04-20 18:55:45,CRIMINAL DAMAGE,GRAFFITI,41.848714394074015,-87.74903789607515,PARK,True,False,D-07,W-33,0.17997048734251092,0.3827,MEDIUM
CR-2023-002229,2025-12-13 08:40:41,ROBBERY,ARMED ROBBERY,41.74011219377353,-87.61244870413104,PARKING LOT,False,False,D-08,W-28,0.2773723161694086,0.7226,HIGH
CR-2023-001296,2025-06-14 22:55:13,CRIMINAL DAMAGE,TO PROPERTY,41.77782941546721,-87.62754943162979,RESIDENCE,False,False,D-10,W-30,0.07309292740827918,0.4326,MEDIUM
CR-2024-001657,2024-11-01 20:00:10,ASSAULT,SIMPLE ASSAULT,41.8726780584996,-87.62355330942849,APARTMENT,False,False,D-06,W-25,0.10603320617722495,0.894,CRITICAL
CR-2024-005395,2023-06-24 01:46:09,CRIMINAL DAMAGE,TO PROPERTY,41.94322471176256,-87.66524104973671,COMMERCIAL BUILDING,False,False,D-03,W-47,0.09367032151215911,0.423,MEDIUM
CR-2024-000607,2024-09-12 12:53:41,MOTOR VEHICLE THEFT,TRUCK,41.87529090579074,-87.70444064269188,RESIDENCE,False,False,D-13,W-43,0.1400418621452415,0.5733,HIGH
CR-2023-003471,2023-06-01 19:48:53,THEFT,PETTY THEFT,41.897599810583934,-87.6153954224787,RESIDENCE,True,False,D-13,W-09,0.09131969395650531,0.4241,MEDIUM
CR-2023-002856,2023-11-01 21:50:14,THEFT,PETTY THEFT,41.89095106132206,-87.62382927675236,PARK,False,False,D-10,W-05,0.10512318018217692,0.4176,MEDIUM
CR-2025-002906,2025-05-07 09:58:32,BATTERY,SIMPLE BATTERY,41.88138445873784,-87.64242732447802,RESIDENCE,True,False,D-01,W-17,0.7659586713127163,0.234,LOW
CR-2023-002217,2023-01-04 22:22:32,MOTOR VEHICLE THEFT,AUTOMOBILE,41.86980365274629,-87.6193620424136,RESIDENCE,False,False,D-11,W-19,0.10733348688936603,0.5951,HIGH
CR-2024-004075,2025-09-16 22:02:44,ASSAULT,SIMPLE ASSAULT,41.88901053987329,-87.73669733063366,STREET,False,False,D-10,W-21,0.15242786491598276,0.8476,CRITICAL
CR-2024-003034,2024-08-24 16:26:41,THEFT,RETAIL THEFT,41.96574374825656,-87.66524708742828,PARK,False,False,D-07,W-23,0.1250257770645395,0.4083,MEDIUM
CR-2025-005741,2025-03-17 14:47:11,BATTERY,AGGRAVATED BATTERY,41.87248065771011,-87.63700254376312,COMMERCIAL BUILDING,False,False,D-14,W-50,0.7449959935589439,0.255,MEDIUM
CR-2023-004248,2023-12-23 23:01:59,ASSAULT,AGGRAVATED ASSAULT,41.95910917494819,-87.63111979602198,PARK,False,False,D-09,W-25,0.12733362107412527,0.8727,CRITICAL
CR-2024-003733,2024-01-05 14:00:25,BURGLARY,COMMERCIAL,41.94193915262454,-87.66264474001598,COMMERCIAL BUILDING,False,False,D-09,W-17,0.1510083495983433,0.566,HIGH
CR-2024-004387,2023-08-07 23:50:06,THEFT,PETTY THEFT,41.9770766567732,-87.68284590978544,STREET,False,False,D-12,W-28,0.16777726216690314,0.3884,MEDIUM
CR-2023-002730,2025-06-01 10:41:25,BURGLARY,RESIDENTIAL,41.77798525064143,-87.61250875004795,SIDEWALK,False,False,D-09,W-48,0.11610045965497437,0.5893,HIGH
CR-2024-001063,2024-09-29 22:38:36,NARCOTICS,POSSESSION OF COCAINE,41.86038780777037,-87.61308517457996,PARKING LOT,False,False,D-12,W-19,0.6808862096826187,0.2127,LOW
CR-2025-005000,2025-07-19 22:38:50,BURGLARY,RESIDENTIAL,41.76193763173782,-87.63663748657635,COMMERCIAL BUILDING,False,False,D-02,W-30,0.10196464045171474,0.5987,HIGH
CR-2025-004637,2024-04-06 02:46:51,MOTOR VEHICLE THEFT,MOTORCYCLE,41.86887403410245,-87.76050061056247,PARK,False,False,D-09,W-46,0.216773972149293,0.5222,HIGH
CR-2023-004002,2025-05-20 09:56:03,ROBBERY,STRONGARM ROBBERY,41.90360141979055,-87.71663122804446,PARKING LOT,True,False,D-09,W-11,0.15058302906557294,0.8494,CRITICAL
CR-2025-002315,2024-05-19 17:28:40,BURGLARY,FORCIBLE ENTRY,41.91750125306646,-87.66608610028926,APARTMENT,False,False,D-13,W-14,0.1261424487976393,0.5826,HIGH
CR-2025-003215,2023-04-30 01:11:02,BATTERY,DOMESTIC BATTERY,41.86866994629454,-87.66907199798038,ALLEY,True,False,D-10,W-26,0.802264237263976,0.1977,LOW
CR-2024-000718,2024-11-14 20:04:36,BATTERY,DOMESTIC BATTERY,41.77268272184541,-87.58881636059951,RESIDENCE,False,False,D-02,W-37,0.7251373303014252,0.2749,MEDIUM
CR-2023-001266,2023-06-16 19:32:28,NARCOTICS,POSSESSION OF COCAINE,41.886432689695134,-87.6435802976723,PARKING LOT,True,False,D-01,W-25,0.663607470977133,0.2243,LOW
CR-2023-001089,2024-11-16 05:09:02,ASSAULT,SIMPLE ASSAULT,41.98887212438459,-87.6551640031088,PARKING LOT,False,False,D-08,W-25,0.14229639434795374,0.8577,CRITICAL
CR-2025-005858,2023-10-04 13:38:07,CRIMINAL DAMAGE,,41.95582107476431,-87.66999950202515,PARKING LOT,False,False,D-03,W-42,0.11372440270291836,0.4136,MEDIUM
CR-2023-000129,2025-08-31 08:04:43,BURGLARY,FORCIBLE ENTRY,41.95727638856293,-87.6398073189314,STREET,False,False,D-01,W-14,0.21639472937943843,0.5224,HIGH
CR-2025-004886,2023-03-05 04:14:33,NARCOTICS,,41.856728515194185,-87.6329867755407,ALLEY,True,False,D-15,W-47,0.6931456776324887,0.2046,LOW
CR-2025-001490,2023-08-22 00:36:32,MOTOR VEHICLE THEFT,TRUCK,41.88206030122001,-87.6107146974984,SIDEWALK,False,False,D-10,W-47,0.10046659626877402,0.5997,HIGH
CR-2025-005930,2025-01-26 22:05:19,NARCOTICS,SALE/MANUFACTURE,41.8844204038146,-87.64502938561375,SIDEWALK,False,False,D-06,W-33,0.7856375543251513,0.1429,LOW
CR-2024-000739,2024-12-31 02:45:51,MOTOR VEHICLE THEFT,AUTOMOBILE,41.93065015644396,-87.66404916600646,APARTMENT,False,False,D-02,W-50,0.11730705982804039,0.5885,HIGH
CR-2023-000006,2023-11-10 20:43:27,BATTERY,AGGRAVATED BATTERY,41.88172943407349,-87.65849920366988,PARK,True,False,D-14,W-01,0.8410854596315415,0.1589,LOW
CR-2023-003207,2024-07-17 13:12:44,BURGLARY,COMMERCIAL,41.8871621065924,-87.73914312257426,PARKING LOT,False,False,D-15,W-49,0.17086324537757314,0.5528,HIGH
CR-2023-002526,2025-12-16 13:57:14,PETTY THEFT,GRAFFITI,41.883224903479295,-87.63386972467103,ALLEY,False,False,D-03,W-48,0.3044644075158232,0.3246,MEDIUM
CR-2023-003597,2025-01-31 09:47:44,BATTERY,SIMPLE BATTERY,41.96334889942854,-87.64934247617953,COMMERCIAL BUILDING,False,True,D-03,W-26,0.8426617916975526,0.1573,LOW
CR-2023-001812,2024-12-27 22:49:49,CRIMINAL DAMAGE,TO PROPERTY,41.90656650525119,-87.64401839075904,APARTMENT,False,False,D-06,W-49,0.17345763164228092,0.3857,MEDIUM
CR-2025-002975,2025-06-06 01:41:48,THEFT,PETTY THEFT,41.951131947911776,-87.65479229444055,SIDEWALK,True,False,D-14,W-47,0.11921756502732228,0.411,MEDIUM
CR-2024-004903,2024-02-23 18:34:57,BATTERY,AGGRAVATED BATTERY,41.8804601985151,-87.61515240116405,SIDEWALK,False,False,D-04,W-10,0.7640371651574933,0.236,LOW
CR-2025-004295,2023-11-13 22:57:38,ROBBERY,STRONGARM ROBBERY,41.90678687113464,-87.75635525434572,PARKING LOT,False,False,D-03,W-26,0.20717120225097488,0.7928,CRITICAL
CR-2024-005482,2025-11-30 08:56:31,ROBBERY,STRONGARM ROBBERY,41.88244008358465,-87.63235335687958,ALLEY,True,False,D-10,W-31,0.16987141691372054,0.8301,CRITICAL
CR-2024-004552,2024-05-10 20:27:07,ASSAULT,AGGRAVATED ASSAULT,41.86276878197921,-87.73307744823636,RESIDENCE,False,False,D-15,W-33,0.13293843232169628,0.8671,CRITICAL
CR-2025-000020,2024-04-11 07:12:25,ROBBERY,STRONGARM ROBBERY,41.79736166449989,-87.62471579297025,SIDEWALK,False,False,D-11,W-35,0.1160847038623097,0.8839,CRITICAL
CR-2025-005531,2023-03-26 13:41:34,CRIMINAL DAMAGE,TO PROPERTY,41.85126481414248,-87.61469323264882,COMMERCIAL BUILDING,False,False,D-07,W-33,0.18390641016221018,0.3808,MEDIUM
CR-2023-002490,2024-03-16 14:02:04,CRIMINAL DAMAGE,TO VEHICLE,41.92444067141565,-87.63755840447106,SIDEWALK,False,False,D-06,W-44,0.15899134386880226,0.3925,MEDIUM
CR-2023-003120,2023-10-26 03:57:44,ROBBERY,STRONGARM ROBBERY,41.94406953604928,-87.67408483081364,ALLEY,False,False,D-07,W-21,0.1792818814238153,0.8207,CRITICAL
CR-2024-000421,2023-11-12 20:52:08,BATTERY,SIMPLE BATTERY,41.92594555956875,-87.64765180507632,COMMERCIAL BUILDING,False,True,D-14,W-31,0.8098712986970448,0.1901,LOW
CR-2024-003001,2025-06-18 04:53:37,BATTERY,SIMPLE BATTERY,41.86396909724639,-87.63801993728111,STREET,True,False,D-11,W-14,0.7384846888323883,0.2615,MEDIUM
CR-2023-005619,2024-12-26 17:34:03,MOTOR VEHICLE THEFT,MOTORCYCLE,41.880551716199264,-87.62786725567966,APARTMENT,False,False,D-05,W-10,0.09665222978948008,0.6022,HIGH
CR-2024-001480,2023-06-15 18:06:05,MOTOR VEHICLE THEFT,MOTORCYCLE,41.865758745092506,-87.73785461501832,SIDEWALK,False,False,D-13,W-44,0.15109744346935297,0.5659,HIGH
CR-2023-001227,2024-04-23 05:21:49,ROBBERY,ARMED ROBBERY,41.88833078098569,-87.60749130766996,PARKING LOT,False,False,D-14,W-39,0.16333342925832217,0.8367,CRITICAL
CR-2025-005600,2024-06-09 01:01:04,ROBBERY,ARMED ROBBERY,41.8917025121956,-87.65157752117753,SIDEWALK,False,False,D-04,W-34,0.1751006336154301,0.8249,CRITICAL
CR-2024-002311,2023-04-14 03:21:12,ROBBERY,ARMED ROBBERY,41.864790058117165,-87.61822305734147,SIDEWALK,False,False,D-09,W-50,0.11272892929822659,0.8873,CRITICAL
CR-2023-003297,2025-06-07 23:49:53,CRIMINAL DAMAGE,GRAFFITI,41.91159467230409,-87.62873667892084,SIDEWALK,False,False,D-08,W-44,0.1154045450671466,0.4128,MEDIUM
CR-2025-003767,2025-07-27 11:42:17,BURGLARY,COMMERCIAL,41.93782003171594,-87.67681473296884,ALLEY,False,False,D-13,W-43,0.11819357713609069,0.5879,HIGH
CR-2024-001081,2024-12-25 12:11:52,ROBBERY,ARMED ROBBERY,41.88557332622746,-87.61269776442218,STREET,False,False,D-15,W-41,0.15398154477822523,0.846,CRITICAL
CR-2024-004798,2024-10-10 09:51:30,BATTERY,SIMPLE BATTERY,41.75457930268543,-87.62993908773416,PARK,False,True,D-08,W-41,0.7685999253313603,0.2314,LOW
CR-2025-004823,2025-12-23 07:58:05,MOTOR VEHICLE THEFT,TRUCK,41.88562850350552,-87.63023224902383,RESIDENCE,False,False,D-05,W-16,0.09133970610955536,0.6058,HIGH
CR-2023-003609,2024-10-06 03:09:00,MOTOR VEHICLE THEFT,AUTOMOBILE,41.86138201527488,-87.6558880772826,PARKING LOT,False,False,D-11,W-04,0.11111724755534942,0.5926,HIGH
CR-2024-004690,2024-01-07 14:59:06,MOTOR VEHICLE THEFT,TRUCK,41.87806642825289,-87.64581150899441,SIDEWALK,True,False,D-04,W-45,0.257961558850616,0.4947,MEDIUM
CR-2023-002103,2025-08-07 14:26:21,MOTOR VEHICLE THEFT,TRUCK,41.88551095878464,-87.67261939994357,PARKING LOT,False,False,D-01,W-14,0.19816626298898168,0.5346,HIGH
CR-2025-002306,2023-10-13 17:52:56,ASSAULT,SIMPLE ASSAULT,41.89972917508703,-87.63748561361015,ALLEY,False,False,D-08,W-09,0.16214079120963534,0.8379,CRITICAL
CR-2024-000673,2025-06-19 08:22:37,ROBBERY,STRONGARM ROBBERY,41.71505197162745,-87.60564200221903,PARK,False,False,D-03,W-03,0.26200625399082905,0.738,HIGH
CR-2024-002398,2024-09-07 04:35:50,NARCOTICS,POSSESSION OF COCAINE,41.95812369583124,-87.69428743510645,RESIDENCE,True,False,D-08,W-11,0.6947470531060637,0.2035,LOW
CR-2023-003060,2023-05-26 14:54:00,BATTERY,AGGRAVATED BATTERY,41.94611055256402,-87.65234488185199,RESIDENCE,True,False,D-06,W-37,0.7152690618307245,0.2847,MEDIUM
CR-2023-004827,2025-03-23 16:35:23,ASSAULT,AGGRAVATED ASSAULT,41.95680537058113,-87.62920074622419,APARTMENT,False,True,D-15,W-32,0.2062938526429999,0.7937,CRITICAL
CR-2025-004961,2023-06-23 21:57:11,BATTERY,SIMPLE BATTERY,41.91402139174093,-87.63436090931144,ALLEY,True,False,D-08,W-17,0.7574420108800145,0.2426,LOW
CR-2023-003117,2025-10-14 01:05:38,BATTERY,DOMESTIC BATTERY,41.94396437192568,-87.63591261395183,STREET,True,True,D-07,W-15,0.8214801164095002,0.1785,LOW
CR-2023-005844,2025-07-08 02:38:07,ASSAULT,AGGRAVATED ASSAULT,41.77128854947129,-87.59632161442124,PARK,False,False,D-15,W-35,0.1284136634740759,0.8716,CRITICAL
CR-2023-002907,2023-06-05 04:25:19,CRIMINAL DAMAGE,GRAFFITI,41.71801719170543,-87.61189591978479,STREET,False,False,D-06,W-24,0.2617660291223873,0.3445,MEDIUM
CR-2025-005075,2023-06-09 15:35:50,THEFT,GRAND THEFT,41.77975511711345,-87.65036561604389,STREET,False,False,D-05,W-27,0.16207709927952477,0.391,MEDIUM
CR-2023-003456,2024-07-10 11:20:57,ASSAULT,AGGRAVATED ASSAULT,41.867801918702696,-87.61234935917255,PARK,True,False,D-05,W-31,0.13697816630153337,0.863,CRITICAL
CR-2023-005037,2025-06-07 01:22:08,BURGLARY,COMMERCIAL,41.80184420494488,-87.6367599034119,PARKING LOT,True,False,D-02,W-12,0.107292821767217,0.5951,HIGH
CR-2023-003054,2023-12-11 22:30:34,BATTERY,AGGRAVATED BATTERY,41.88611311793562,-87.64070112857323,PARKING LOT,True,False,D-08,W-04,0.6604324256305362,0.3396,MEDIUM
CR-2024-004372,2023-08-23 00:02:04,CRIMINAL DAMAGE,GRAFFITI,41.90886870414904,-87.64020706626853,COMMERCIAL BUILDING,True,False,D-15,W-09,0.1112906159457954,0.4147,MEDIUM
CR-2024-005506,2025-06-24 00:14:10,ROBBERY,STRONGARM ROBBERY,41.77555930675683,-87.64841735132431,PARKING LOT,False,False,D-02,W-38,0.20511844464310183,0.7949,CRITICAL
CR-2023-001119,2025-04-20 06:37:20,ROBBERY,STRONGARM ROBBERY,41.8719944553061,-87.61950522314565,APARTMENT,False,False,D-03,W-42,0.14810847655768233,0.8519,CRITICAL
CR-2025-005951,2023-04-12 22:58:31,ROBBERY,ARMED ROBBERY,41.90301845454095,-87.67484144292283,PARKING LOT,False,False,D-06,W-01,0.18405274246021333,0.8159,CRITICAL
CR-2023-001491,2023-12-30 00:41:24,CRIMINAL DAMAGE,GRAFFITI,41.9630498420556,-87.6495255267435,STREET,False,False,D-05,W-41,0.14879223995030583,0.3972,MEDIUM
CR-2025-003554,2025-10-25 08:41:46,THEFT,GRAND THEFT,41.71971305866567,-87.62015573422772,APARTMENT,True,False,D-08,W-08,0.21460540626349323,0.3665,MEDIUM
CR-2024-004198,2024-02-13 23:08:49,NARCOTICS,POSSESSION OF HEROIN,41.89197922839075,-87.62727022948584,PARK,True,False,D-06,W-30,0.6996637673978858,0.2002,LOW
CR-2024-005686,2024-10-26 07:48:47,NARCOTICS,POSSESSION OF COCAINE,41.953157503126974,-87.66039215972027,COMMERCIAL BUILDING,True,False,D-02,W-14,0.8135886813529187,0.1243,LOW
CR-2025-002276,2025-05-23 00:54:11,CRIMINAL DAMAGE,GRAFFITI,41.89119236526509,-87.64429235085056,STREET,False,True,D-03,W-27,0.14585018722717513,0.3986,MEDIUM
CR-2023-000630,2024-08-02 04:38:50,ROBBERY,STRONGARM ROBBERY,41.89064988442539,-87.72553190295457,PARKING LOT,False,False,D-10,W-02,0.16681143180182734,0.8332,CRITICAL
CR-2025-002030,2025-06-14 21:29:41,ASSAULT,AGGRAVATED ASSAULT,41.89409820430963,-87.7218731789121,COMMERCIAL BUILDING,False,False,D-10,W-40,0.15117176760153042,0.8488,CRITICAL
CR-2024-005533,2023-05-04 08:37:35,ASSAULT,SIMPLE ASSAULT,41.94244101270373,-87.64623556195434,APARTMENT,False,True,D-11,W-04,0.09671106225638837,0.9033,CRITICAL
CR-2023-005010,2024-06-15 02:40:28,THEFT,GRAND THEFT,41.90127262193628,-87.62073853860467,PARK,False,True,D-02,W-07,0.16305768991946068,0.3906,MEDIUM
CR-2025-000380,2023-11-17 16:16:31,NARCOTICS,SALE/MANUFACTURE,41.76450905434405,-87.62594975463387,SIDEWALK,True,True,D-01,W-09,0.7648905443227517,0.1567,LOW
CR-2024-001612,2025-04-15 02:08:59,NARCOTICS,SALE/MANUFACTURE,41.954075020473226,-87.67505746681802,PARK,False,False,D-08,W-39,0.6359913756574063,0.2427,LOW
CR-2025-003854,2025-06-07 15:18:49,ROBBERY,STRONGARM ROBBERY,41.8671983879325,-87.64296426035294,PARK,True,False,D-04,W-19,0.19205147856318094,0.8079,CRITICAL
CR-2025-003335,2024-04-17 15:06:18,NARCOTICS,POSSESSION OF HEROIN,41.88171315135801,-87.63978540197341,STREET,True,False,D-06,W-34,0.7019747894766202,0.1987,LOW
CR-2023-005175,2024-03-10 10:32:14,NARCOTICS,SALE/MANUFACTURE,41.95122228993411,-87.68579969880288,COMMERCIAL BUILDING,True,False,D-05,W-20,0.7257918333671971,0.1828,LOW
CR-2025-001955,2025-02-27 00:08:39,CRIMINAL DAMAGE,GRAFFITI,41.855125190545365,-87.72296638723661,PARK,False,False,D-07,W-46,0.20936030536091585,0.369,MEDIUM
CR-2024-001495,2023-11-01 00:34:42,ASSAULT,AGGRAVATED ASSAULT,41.816809851381336,-87.61394704199019,RESIDENCE,True,False,D-04,W-44,0.18695743193095923,0.813,CRITICAL
CR-2025-001265,2025-11-08 07:25:30,MOTOR VEHICLE THEFT,MOTORCYCLE,41.88520448115217,-87.64369571694972,COMMERCIAL BUILDING,False,False,D-15,W-08,0.15181591780809076,0.5655,HIGH
CR-2024-003223,2025-02-22 10:53:20,BURGLARY,FORCIBLE ENTRY,41.866609321964,-87.63671900575748,SIDEWALK,False,False,D-09,W-15,0.14872851090718267,0.5675,HIGH
CR-2024-001429,2024-11-14 03:43:03,NARCOTICS,POSSESSION OF HEROIN,41.80839313020902,-87.62414730922617,COMMERCIAL BUILDING,True,False,D-04,W-48,0.7815786407736459,0.1456,LOW
CR-2024-001501,2024-08-14 21:04:19,BURGLARY,COMMERCIAL,41.76855986166446,-87.5818078085665,RESIDENCE,False,False,D-04,W-01,0.15807187556188548,0.5613,HIGH
CR-2025-001679,2023-08-31 22:08:21,THEFT,RETAIL THEFT,41.79035420286972,-87.65349303061792,APARTMENT,False,False,D-05,W-26,0.1413221508886486,0.4007,MEDIUM
CR-2025-000650,2024-05-21 01:07:52,NARCOTICS,SALE/MANUFACTURE,41.93503819092714,-87.63545915300926,SIDEWALK,False,False,D-09,W-47,0.6345062638253303,0.2437,LOW
CR-2023-002160,2025-02-13 04:36:22,BATTERY,SIMPLE BATTERY,41.94800252729263,-87.65744529531622,SIDEWALK,True,True,D-07,W-47,0.7249745489637063,0.275,MEDIUM
CR-2023-003303,2023-11-09 09:02:20,NARCOTICS,POSSESSION OF HEROIN,41.865954127463496,-87.62698299492936,COMMERCIAL BUILDING,False,False,D-09,W-19,0.722354279117768,0.1851,LOW
CR-2024-003970,2024-02-08 10:23:04,ASSAULT,SIMPLE ASSAULT,41.845102397520414,-87.7217154893705,PARK,False,False,D-05,W-48,0.19325994933023707,0.8067,CRITICAL
CR-2024-003589,2023-08-07 08:15:53,OTHER OFFENSE,DUPLICATE ID TEST RECORD,41.76853423727965,-87.64710756335519,PARKING LOT,False,False,D-07,W-30,0.43664402154463156,0.2629,MEDIUM
CR-2024-001816,2024-01-15 09:30:24,ASSAULT,SIMPLE ASSAULT,41.87456045019184,-87.61863721434528,PARKING LOT,False,False,D-15,W-44,0.20247290942111237,0.7975,CRITICAL
CR-2025-003848,2024-12-10 13:44:18,BURGLARY,RESIDENTIAL,41.80469134436438,-87.66422297756726,RESIDENCE,False,True,D-15,W-35,0.09577425869430811,0.6028,HIGH
CR-2024-002086,2024-06-29 14:37:00,BATTERY,SIMPLE BATTERY,41.87188486887752,-87.74429243375556,PARKING LOT,True,False,D-04,W-06,0.8099549950962179,0.19,LOW
CR-2023-002697,2025-10-11 01:17:35,ROBBERY,STRONGARM ROBBERY,41.85693414753401,-87.6177526788608,ALLEY,False,False,D-04,W-11,0.20190163445148232,0.7981,CRITICAL
CR-2023-001404,2023-08-25 21:14:52,MOTOR VEHICLE THEFT,TRUCK,41.89707702496008,-87.73679172494272,APARTMENT,False,False,D-10,W-01,0.1785389490580621,0.5476,HIGH
CR-2023-003225,2023-03-10 15:50:54,BURGLARY,RESIDENTIAL,41.8740073318049,-87.61524737376149,ALLEY,False,False,D-02,W-29,0.09404863675084159,0.604,HIGH
CR-2023-002913,2024-04-11 06:13:44,MOTOR VEHICLE THEFT,TRUCK,41.87646464870056,-87.6292843703646,COMMERCIAL BUILDING,False,False,D-07,W-08,0.15796447236942596,0.5614,HIGH
CR-2024-005122,2024-06-11 00:28:29,BURGLARY,FORCIBLE ENTRY,41.90242810621678,-87.63759751218588,APARTMENT,False,False,D-10,W-45,0.09271966150217845,0.6049,HIGH
CR-2024-002530,2024-09-28 04:35:17,BURGLARY,COMMERCIAL,41.94229622309039,-87.63436176411024,COMMERCIAL BUILDING,True,False,D-12,W-43,0.11459148519117739,0.5903,HIGH
CR-2023-003705,2023-09-19 07:44:14,ASSAULT,AGGRAVATED ASSAULT,41.89388316733936,-87.62833848834555,STREET,True,False,D-09,W-41,0.18314701375137854,0.8169,CRITICAL
CR-2023-005652,2025-03-22 16:21:07,BATTERY,DOMESTIC BATTERY,41.86320696941932,-87.6380385797997,APARTMENT,False,False,D-14,W-37,0.8087240383787392,0.1913,LOW
CR-2023-004656,2023-08-17 21:09:03,MOTOR VEHICLE THEFT,TRUCK,41.90000625712431,-87.72845190776414,PARK,False,False,D-08,W-31,0.1380974859925214,0.5746,HIGH
CR-2025-002147,2025-11-27 17:54:20,ASSAULT,AGGRAVATED ASSAULT,41.8090652038716,-87.66717919641475,STREET,False,False,D-06,W-07,0.19304521298500693,0.807,CRITICAL
CR-2023-000558,2025-12-31 14:11:46,BATTERY,AGGRAVATED BATTERY,41.83898538963096,-87.63044046992584,APARTMENT,True,True,D-06,W-39,0.669568370152617,0.3304,MEDIUM
CR-2023-003585,2023-02-13 05:48:52,ASSAULT,AGGRAVATED ASSAULT,41.76680853406406,-87.63516811060286,ALLEY,False,True,D-04,W-49,0.3883359506824536,0.6117,HIGH
CR-2025-003038,2023-08-21 11:08:04,BURGLARY,RESIDENTIAL,41.74694118427994,-87.65138569902314,APARTMENT,False,False,D-10,W-33,0.15707593022877248,0.5619,HIGH
CR-2024-004957,2025-05-20 20:50:41,BURGLARY,COMMERCIAL,41.961487762681216,-87.64950177651924,APARTMENT,False,False,D-11,W-22,0.08352370626350372,0.611,HIGH
CR-2024-002209,2024-07-31 22:04:01,CRIMINAL DAMAGE,TO VEHICLE,41.87428471025862,-87.76683025968092,ALLEY,False,False,D-11,W-48,0.09868540598228645,0.4206,MEDIUM
CR-2023-002076,2024-08-09 17:08:43,MOTOR VEHICLE THEFT,AUTOMOBILE,41.95012221736518,-87.6702384657014,APARTMENT,False,False,D-13,W-44,0.12836189758236852,0.5811,HIGH
CR-2023-001143,2023-09-09 01:58:18,BURGLARY,COMMERCIAL,41.889850857639246,-87.63357308329067,STREET,False,False,D-06,W-28,0.19736760545640147,0.5351,HIGH
CR-2025-001226,2024-09-06 01:27:16,ASSAULT,SIMPLE ASSAULT,41.94705643419901,-87.66961519978221,COMMERCIAL BUILDING,False,True,D-02,W-46,0.19744010616831068,0.8026,CRITICAL
CR-2024-004885,2024-08-29 14:41:20,BATTERY,AGGRAVATED BATTERY,41.81926399622573,-87.62554317958244,RESIDENCE,False,False,D-05,W-36,0.6630755310832736,0.3369,MEDIUM
CR-2025-001181,2024-08-23 04:09:05,NARCOTICS,POSSESSION OF HEROIN,41.85526461220673,-87.61310967437515,RESIDENCE,True,False,D-13,W-06,0.6562339053242365,0.2292,LOW
CR-2024-000511,2024-07-05 20:12:45,ROBBERY,ARMED ROBBERY,41.94791290815478,-87.61245459282776,RESIDENCE,False,False,D-07,W-02,0.15882928243225672,0.8412,CRITICAL
CR-2023-005592,2023-08-19 01:11:22,BATTERY,AGGRAVATED BATTERY,41.871106589124246,-87.64542179427663,SIDEWALK,True,False,D-02,W-15,0.798513520821497,0.2015,LOW
CR-2025-001670,2025-03-23 07:53:02,BATTERY,SIMPLE BATTERY,41.893309420448674,-87.73126826298262,COMMERCIAL BUILDING,True,True,D-13,W-07,0.797930638496549,0.2021,LOW
CR-2025-003218,2024-06-21 01:25:34,BURGLARY,FORCIBLE ENTRY,41.85791996768877,-87.63401746063697,APARTMENT,False,False,D-15,W-07,0.10245723373803717,0.5984,HIGH
CR-2025-000593,2025-06-01 11:05:12,NARCOTICS,SALE/MANUFACTURE,41.86336268909693,-87.63316949724995,SIDEWALK,False,False,D-15,W-29,0.6277926006835552,0.2481,LOW
CR-2024-000169,2023-10-06 18:06:10,MOTOR VEHICLE THEFT,TRUCK,41.88429397181414,-87.63825586829206,ALLEY,False,False,D-04,W-29,0.13996935180757775,0.5734,HIGH
CR-2024-002932,2024-05-24 18:38:19,MOTOR VEHICLE THEFT,TRUCK,41.86959942337918,-87.63879732090876,RESIDENCE,False,False,D-01,W-46,0.1575161304702566,0.5617,HIGH
CR-2023-005637,2025-06-04 16:52:35,BATTERY,DOMESTIC BATTERY,41.88872399329487,-87.61816487050577,PARK,True,False,D-08,W-25,0.611828436569126,0.3882,MEDIUM
CR-2024-001147,2024-12-13 06:44:53,THEFT,PETTY THEFT,41.75813888983608,-87.61593714736836,COMMERCIAL BUILDING,True,False,D-02,W-05,0.15420239547852008,0.3947,MEDIUM
CR-2025-001403,2024-04-02 00:48:22,MOTOR VEHICLE THEFT,MOTORCYCLE,41.946788005014064,-87.67196112114001,STREET,False,False,D-09,W-38,0.17248273421552568,0.5517,HIGH
CR-2023-003051,2023-04-05 06:46:27,THEFT,RETAIL THEFT,41.86109868472561,-87.62455114427127,PARK,False,False,D-03,W-28,0.20100895348500533,0.3729,MEDIUM
CR-2024-000784,2025-02-03 02:51:15,BATTERY,SIMPLE BATTERY,41.8546618121467,-87.63773579016019,STREET,True,True,D-15,W-40,0.8039940259021283,0.196,LOW
CR-2024-000613,2025-03-28 19:44:57,BATTERY,DOMESTIC BATTERY,41.94927622943958,-87.65824004003257,SIDEWALK,True,True,D-07,W-17,0.8000970011026619,0.1999,LOW
CR-2025-003404,2024-11-10 06:16:20,ROBBERY,STRONGARM ROBBERY,41.76950915848207,-87.66162042226082,COMMERCIAL BUILDING,False,False,D-10,W-12,0.1796932785313402,0.8203,CRITICAL
CR-2024-002410,2023-02-11 21:08:38,MOTOR VEHICLE THEFT,TRUCK,41.77494236304976,-87.63359634732899,SIDEWALK,False,False,D-04,W-50,0.16803684324699375,0.5546,HIGH
CR-2024-001951,2024-01-18 19:42:24,MOTOR VEHICLE THEFT,MOTORCYCLE,41.9031360428874,-87.64393837008689,ALLEY,False,False,D-05,W-45,0.15402791103732685,0.564,HIGH
CR-2024-000046,2025-10-17 20:03:13,BURGLARY,FORCIBLE ENTRY,41.86756920359184,-87.63471493219897,SIDEWALK,False,False,D-02,W-02,0.11518535508837496,0.5899,HIGH
CR-2023-001776,2023-05-06 22:59:52,MOTOR VEHICLE THEFT,MOTORCYCLE,41.88684077959689,-87.68169198207148,ALLEY,True,False,D-04,W-10,0.16797464964000647,0.5547,HIGH
CR-2025-004046,2024-01-17 00:46:22,ROBBERY,STRONGARM ROBBERY,41.8765480581523,-87.63714355970546,ALLEY,False,False,D-09,W-38,0.20307608940231753,0.7969,CRITICAL
CR-2024-002206,2025-06-11 22:15:26,CRIMINAL DAMAGE,TO VEHICLE,41.75243898415896,-87.69145152543733,PARK,False,False,D-02,W-35,0.13668601810265044,0.4029,MEDIUM
CR-2024-000343,2024-04-27 06:33:06,ROBBERY,ARMED ROBBERY,41.94359349203684,-87.66279641615098,APARTMENT,False,False,D-13,W-10,0.1224226511424371,0.8776,CRITICAL
CR-2023-004959,2024-08-03 09:04:06,BURGLARY,RESIDENTIAL,41.8752941372529,-87.62836806937963,STREET,False,False,D-09,W-33,0.13607007267054788,0.576,HIGH
CR-2024-001141,2024-12-29 20:58:22,NARCOTICS,POSSESSION OF COCAINE,41.89601164104572,-87.6445174829671,SIDEWALK,False,False,D-08,W-35,0.7013069116686004,0.1991,LOW
CR-2023-002733,2024-02-04 05:46:00,NARCOTICS,SALE/MANUFACTURE,41.88250306294953,-87.62605873468473,COMMERCIAL BUILDING,False,False,D-11,W-08,0.7113606779635061,0.1924,LOW
CR-2024-000499,2025-08-01 10:18:53,CRIMINAL DAMAGE,TO PROPERTY,41.76462052525543,-87.6146854304661,RESIDENCE,False,False,D-11,W-45,0.08133838172984569,0.4287,MEDIUM
CR-2025-002342,2025-08-14 21:08:17,MOTOR VEHICLE THEFT,AUTOMOBILE,41.9276586785286,-87.64199262129934,SIDEWALK,False,False,D-02,W-25,0.10414783674008156,0.5972,HIGH
CR-2025-001826,2023-06-17 13:11:07,ROBBERY,ARMED ROBBERY,41.88860592854097,-87.74176176629044,APARTMENT,False,False,D-07,W-45,0.20390116558120336,0.7961,CRITICAL
CR-2025-001643,2023-04-18 08:57:41,BURGLARY,COMMERCIAL,41.873148198590506,-87.63297500472898,ALLEY,True,False,D-06,W-24,0.14586734906100798,0.5694,HIGH
CR-2023-001995,2025-06-10 01:27:03,CRIMINAL DAMAGE,TO VEHICLE,41.73667042405082,-87.64078159351757,SIDEWALK,False,False,D-03,W-26,0.19555191532831367,0.3754,MEDIUM
CR-2024-002122,2023-04-11 22:42:38,BURGLARY,RESIDENTIAL,41.7795302716885,-87.66757795569858,PARK,False,False,D-12,W-13,0.09454998765460473,0.6036,HIGH
CR-2024-004210,2025-08-07 01:57:54,BATTERY,,41.882409087710414,-87.61564426741366,STREET,False,False,D-02,W-46,0.7950631090244354,0.2049,LOW
CR-2025-002282,2025-10-06 11:55:47,MOTOR VEHICLE THEFT,MOTORCYCLE,41.96423718620776,-87.666712808604,STREET,False,False,D-04,W-08,0.21809741788244716,0.5213,HIGH
CR-2025-004208,2024-04-01 01:22:14,ROBBERY,STRONGARM ROBBERY,41.87712841610304,-87.62840596520977,PARKING LOT,False,False,D-01,W-50,0.12356455678148948,0.8764,CRITICAL
CR-2025-000122,2025-10-15 14:46:30,ROBBERY,ARMED ROBBERY,41.86009555389417,-87.63481751853762,COMMERCIAL BUILDING,True,False,D-12,W-10,0.09824883231224686,0.9018,CRITICAL
CR-2023-005919,2023-05-08 22:42:09,BATTERY,,41.90622838082725,-87.62823228945886,RESIDENCE,False,True,D-01,W-42,0.6752176518614866,0.3248,MEDIUM
CR-2025-000677,2023-04-21 02:49:09,ROBBERY,STRONGARM ROBBERY,41.8694523439891,-87.66866563438218,PARK,True,False,D-15,W-12,0.13383560353210988,0.8662,CRITICAL
CR-2024-001720,2024-05-12 22:23:22,MOTOR VEHICLE THEFT,AUTOMOBILE,41.88321938155983,-87.73795420617014,RESIDENCE,True,False,D-08,W-17,0.1623563706223657,0.5584,HIGH
CR-2023-003792,2025-04-18 21:25:21,NARCOTICS,POSSESSION OF HEROIN,41.88803804050098,-87.64214283852277,COMMERCIAL BUILDING,True,False,D-10,W-23,0.6133429602809153,0.2578,MEDIUM
CR-2025-002105,2023-02-28 14:24:16,THEFT,,41.874254889824414,-87.63787071637735,COMMERCIAL BUILDING,True,False,D-12,W-07,0.14273245336111018,0.4001,MEDIUM
CR-2025-004556,2025-11-06 09:38:29,NARCOTICS,,41.89403251171383,-87.63465272420177,RESIDENCE,True,False,D-12,W-14,0.7033380738077504,0.1978,LOW
CR-2023-005856,2024-10-17 20:13:17,ASSAULT,SIMPLE ASSAULT,41.8952117870068,-87.62540486789112,COMMERCIAL BUILDING,False,True,D-08,W-14,0.1650066676506612,0.835,CRITICAL
CR-2025-004115,2024-07-29 17:08:03,ROBBERY,ARMED ROBBERY,41.77905953852408,-87.67520646325197,PARK,False,False,D-11,W-26,0.1639557967903446,0.836,CRITICAL
CR-2025-000956,2023-08-05 23:53:04,ASSAULT,SIMPLE ASSAULT,41.96116102202881,-87.64528311050111,STREET,False,False,D-01,W-25,0.15991072876796636,0.8401,CRITICAL
CR-2025-005852,2025-10-22 13:58:52,ROBBERY,STRONGARM ROBBERY,41.79174023236038,-87.61025754946388,PARKING LOT,False,False,D-04,W-19,0.19265814421172084,0.8073,CRITICAL
CR-2023-005469,2024-11-22 22:32:54,CRIMINAL DAMAGE,GRAFFITI,41.83573698627151,-87.71502270698211,ALLEY,False,False,D-11,W-22,0.11988621372519413,0.4107,MEDIUM
CR-2024-001216,2023-10-18 02:47:07,NARCOTICS,POSSESSION OF COCAINE,41.77831119622815,-87.63335885644757,COMMERCIAL BUILDING,True,False,D-01,W-14,0.804569512097474,0.1303,LOW
CR-2023-003378,2025-10-24 21:15:13,ASSAULT,SIMPLE ASSAULT,41.955322346575954,-87.64545971438866,ALLEY,False,False,D-04,W-06,0.1922763876087322,0.8077,CRITICAL
CR-2023-003996,2023-07-19 09:42:55,THEFT,GRAND THEFT,41.902684407914,-87.61617966006196,STREET,True,False,D-10,W-49,0.2163042226261252,0.3657,MEDIUM
CR-2025-004079,2023-10-05 14:00:28,MOTOR VEHICLE THEFT,MOTORCYCLE,41.78979869074288,-87.64804853095339,ALLEY,False,False,D-07,W-19,0.21247906568189287,0.525,HIGH
CR-2024-000427,2023-10-14 22:47:15,BATTERY,AGGRAVATED BATTERY,41.976810084959794,-87.66671492587498,APARTMENT,False,False,D-02,W-10,0.7187073092421482,0.2813,MEDIUM
CR-2025-005984,2023-01-25 23:00:30,BATTERY,AGGRAVATED BATTERY,41.88387582751907,-87.67041348540508,APARTMENT,True,True,D-13,W-27,0.7545053967274132,0.2455,LOW
CR-2023-001917,2024-08-30 06:06:45,CRIMINAL DAMAGE,TO VEHICLE,41.86354813609431,-87.63576336648238,RESIDENCE,False,False,D-12,W-34,0.07498348112510984,0.4317,MEDIUM
CR-2024-005383,2023-04-16 08:17:08,THEFT,RETAIL THEFT,41.83282164844149,-87.60611582360923,PARK,False,False,D-04,W-01,0.26443865035470443,0.3433,MEDIUM
CR-2025-004151,2023-05-21 23:08:30,ROBBERY,STRONGARM ROBBERY,41.9339686183532,-87.65252287935138,APARTMENT,False,False,D-01,W-02,0.1705584361849154,0.8294,CRITICAL
CR-2025-005447,2024-08-30 03:23:02,CRIMINAL DAMAGE,TO VEHICLE,41.94167866606988,-87.64992390131121,ALLEY,False,False,D-08,W-42,0.10420706905528329,0.418,MEDIUM
CR-2023-002385,2023-10-25 10:46:45,ASSAULT,AGGRAVATED ASSAULT,41.87832774413811,-87.64442209863884,STREET,True,True,D-13,W-35,0.16748376299014905,0.8325,CRITICAL
CR-2024-001348,2024-09-11 20:27:32,BURGLARY,COMMERCIAL,41.97003533455346,-87.68154438386863,PARK,False,False,D-15,W-49,0.13848754612421846,0.5743,HIGH
CR-2025-004607,2024-09-03 05:47:25,THEFT,PETTY THEFT,41.86884071439682,-87.61176626494958,ALLEY,False,False,D-14,W-05,0.184017328956835,0.3808,MEDIUM
CR-2025-000227,2023-10-17 03:36:38,NARCOTICS,SALE/MANUFACTURE,41.93779484763255,-87.67115745664525,ALLEY,True,False,D-15,W-47,0.6505291428337974,0.233,LOW
CR-2023-002916,2025-12-07 10:29:08,BURGLARY,RESIDENTIAL,41.92633631237534,-87.63888892994224,PARKING LOT,False,False,D-01,W-02,0.15252461152649627,0.565,HIGH
CR-2024-001219,2023-06-02 00:14:02,ASSAULT,SIMPLE ASSAULT,41.87154853644143,-87.65389865651109,ALLEY,False,False,D-13,W-46,0.18417203493081397,0.8158,CRITICAL
CR-2025-005180,2025-08-10 02:35:16,ROBBERY,STRONGARM ROBBERY,41.9501471485052,-87.66991626251217,PARKING LOT,False,False,D-14,W-11,0.1949484811002932,0.8051,CRITICAL
CR-2024-000226,2024-09-09 19:48:59,MOTOR VEHICLE THEFT,TRUCK,41.86331410930497,-87.62223930226723,STREET,False,False,D-03,W-48,0.16786852501394087,0.5548,HIGH
CR-2024-003556,2023-08-19 03:29:00,BURGLARY,COMMERCIAL,41.81175187453812,-87.6527187173817,SIDEWALK,False,False,D-04,W-50,0.13017388196718566,0.5799,HIGH
CR-2025-005465,2023-01-16 01:08:47,ASSAULT,SIMPLE ASSAULT,41.8719947616229,-87.60203828286346,RESIDENCE,False,False,D-07,W-46,0.2448844119325595,0.7551,CRITICAL
CR-2025-002837,2024-06-19 11:54:57,CRIMINAL DAMAGE,GRAFFITI,41.85685856703056,-87.72653808359635,RESIDENCE,False,False,D-02,W-42,0.10812462569436651,0.4162,MEDIUM
CR-2025-004181,2023-08-04 00:00:59,BATTERY,AGGRAVATED BATTERY,41.85824525643737,-87.63633852203635,STREET,True,True,D-10,W-45,0.7447457302198518,0.2553,MEDIUM
CR-2025-000662,2023-06-09 01:51:28,NARCOTICS,SALE/MANUFACTURE,41.9496894882962,-87.69480933132708,SIDEWALK,True,False,D-09,W-26,0.7439027016634648,0.1707,LOW
CR-2023-002586,2023-12-23 13:58:49,NARCOTICS,POSSESSION OF COCAINE,41.7685343274857,-87.65387934899749,STREET,False,False,D-03,W-02,0.8375609072753546,0.1083,LOW
CR-2023-004122,2024-10-11 05:56:26,CRIMINAL DAMAGE,TO PROPERTY,41.93429778959668,-87.68229210511423,RESIDENCE,False,False,D-05,W-50,0.07583678547815564,0.4313,MEDIUM
CR-2025-000281,2025-02-22 01:02:20,ASSAULT,AGGRAVATED ASSAULT,41.96582249406863,-87.66182047064335,APARTMENT,False,False,D-07,W-29,0.1454937644690159,0.8545,CRITICAL
CR-2025-002963,2023-11-07 23:06:22,MOTOR VEHICLE THEFT,TRUCK,41.96184778675223,-87.6519668836528,ALLEY,True,True,D-15,W-05,0.14439999463241002,0.5704,HIGH
CR-2023-002880,2024-02-16 02:54:39,MOTOR VEHICLE THEFT,TRUCK,41.94898861183355,-87.64496711108127,ALLEY,False,False,D-13,W-48,0.17766343044141594,0.5482,HIGH
CR-2024-001441,2025-06-11 02:33:59,NARCOTICS,POSSESSION OF COCAINE,41.86967642679857,-87.71866164145104,COMMERCIAL BUILDING,True,False,D-08,W-25,0.6484201721076822,0.2344,LOW
CR-2024-003877,2024-08-05 01:59:58,ASSAULT,SIMPLE ASSAULT,41.878910774942696,-87.62791677120023,RESIDENCE,False,False,D-10,W-40,0.1340487489730691,0.866,CRITICAL
CR-2023-004170,2025-09-24 14:13:57,ASSAULT,SIMPLE ASSAULT,41.9501478285784,-87.65562108078497,ALLEY,True,True,D-13,W-28,0.2005831335086638,0.7994,CRITICAL
CR-2024-000412,2023-01-12 12:10:41,MOTOR VEHICLE THEFT,TRUCK,41.76776243696498,-87.59266538807206,PARK,False,False,D-10,W-24,0.20948740259973617,0.527,HIGH
CR-2025-001397,2023-10-31 05:09:18,THEFT,FROM BUILDING,41.94777121659251,-87.67226857268382,RESIDENCE,False,False,D-10,W-38,0.12968513032795564,0.4061,MEDIUM
CR-2023-004695,2024-06-04 15:08:54,BURGLARY,COMMERCIAL,41.87630511646291,-87.6070857889642,PARKING LOT,False,False,D-10,W-34,0.07786454620857076,0.6148,HIGH
CR-2025-000698,2025-12-29 22:30:52,THEFT,FROM BUILDING,41.74522184276176,-87.65329035096278,STREET,False,False,D-09,W-41,0.17031185720103392,0.3872,MEDIUM
CR-2024-001903,2025-04-25 09:01:16,MOTOR VEHICLE THEFT,MOTORCYCLE,41.94909427497505,-87.69467008426876,RESIDENCE,False,False,D-07,W-27,0.15502284664512872,0.5633,HIGH
CR-2023-002388,2025-12-12 04:56:54,THEFT,RETAIL THEFT,41.87773650749196,-87.61176323128025,RESIDENCE,False,False,D-11,W-44,0.09443216437778673,0.4226,MEDIUM
CR-2025-000347,2025-01-04 08:08:02,THEFT,FROM BUILDING,41.88699651886953,-87.63444319658971,PARK,False,False,D-06,W-15,0.19318543370624305,0.3765,MEDIUM
CR-2024-004804,2023-09-28 02:44:57,ROBBERY,STRONGARM ROBBERY,41.919867015783794,-87.64531778986402,ALLEY,False,False,D-01,W-05,0.17597120374336506,0.824,CRITICAL
CR-2025-002531,2024-07-30 02:04:34,BURGLARY,RESIDENTIAL,41.94169511836264,-87.68212129426603,PARK,False,False,D-11,W-27,0.08165697646479039,0.6122,HIGH
CR-2023-004806,2024-01-25 02:15:16,CRIMINAL DAMAGE,GRAFFITI,41.93841504771011,-87.69276480223638,PARK,False,False,D-10,W-24,0.14852894768998898,0.3974,MEDIUM
CR-2024-004585,2023-05-04 05:38:22,NARCOTICS,POSSESSION OF HEROIN,41.75143301566414,-87.62788575972777,SIDEWALK,False,False,D-12,W-42,0.6756089098568553,0.2163,LOW
CR-2024-003958,2023-02-18 15:21:44,MOTOR VEHICLE THEFT,,41.87398034375951,-87.6366582780898,ALLEY,False,True,D-06,W-21,0.19380487817029035,0.5375,HIGH
CR-2023-004410,2023-07-04 09:08:46,THEFT,FROM BUILDING,41.88381239627518,-87.60965917207973,APARTMENT,False,False,D-13,W-07,0.13711961225094565,0.4027,MEDIUM
CR-2023-005847,2023-10-12 19:07:46,THEFT,GRAND THEFT,41.76632091202384,-87.65434014605887,COMMERCIAL BUILDING,False,True,D-10,W-35,0.13055648417054716,0.4057,MEDIUM
CR-2024-004420,2025-12-08 21:04:55,BURGLARY,FORCIBLE ENTRY,41.86749996343891,-87.61900600753563,APARTMENT,False,False,D-12,W-46,0.09698536941207458,0.602,HIGH
CR-2023-001848,2025-04-27 00:53:39,CRIMINAL DAMAGE,TO PROPERTY,41.7646063489511,-87.6206848122419,APARTMENT,True,False,D-12,W-08,0.10005795552795327,0.42,MEDIUM
CR-2025-004883,2023-04-14 02:13:33,THEFT,PETTY THEFT,41.89209599908582,-87.62884687143159,PARKING LOT,False,False,D-04,W-01,0.223850574633545,0.3622,MEDIUM
CR-2024-004003,2025-12-10 23:09:20,ROBBERY,STRONGARM ROBBERY,41.87962584812708,-87.60732982344544,PARKING LOT,False,False,D-04,W-14,0.19642899223471724,0.8036,CRITICAL
CR-2025-003752,2024-04-11 04:39:14,MOTOR VEHICLE THEFT,TRUCK,41.93505333237567,-87.70013831869018,STREET,False,False,D-10,W-12,0.12960267168053627,0.5803,HIGH
CR-2024-005548,2023-07-07 20:17:35,MOTOR VEHICLE THEFT,MOTORCYCLE,41.85849352483402,-87.62700897351294,SIDEWALK,False,False,D-07,W-01,0.19997661298760513,0.5333,HIGH
CR-2023-003441,2023-10-02 03:35:11,BATTERY,SIMPLE BATTERY,41.867165611249504,-87.63263521446524,PARKING LOT,True,True,D-02,W-40,0.79926670345678,0.2007,LOW
CR-2024-002863,2025-08-29 08:50:37,BURGLARY,COMMERCIAL,41.72369298059429,-87.6347646599631,RESIDENCE,False,False,D-08,W-11,0.14023380697514018,0.5732,HIGH
CR-2025-003719,2025-08-02 21:41:54,ASSAULT,SIMPLE ASSAULT,41.85539254248133,-87.62033686594606,STREET,False,False,D-08,W-10,0.12469191063641967,0.8753,CRITICAL
CR-2025-001997,2025-11-07 16:17:09,MOTOR VEHICLE THEFT,MOTORCYCLE,41.90709833907487,-87.65473084837633,RESIDENCE,False,False,D-02,W-32,0.1591668131905866,0.5606,HIGH
CR-2023-000258,2025-07-11 13:54:01,ASSAULT,SIMPLE ASSAULT,41.79142292969061,-87.65343888111997,ALLEY,False,False,D-02,W-05,0.1850897996610513,0.8149,CRITICAL
CR-2025-001241,2024-04-17 03:50:17,BURGLARY,RESIDENTIAL,41.90798773029753,-87.64129984881676,STREET,False,False,D-10,W-26,0.13313557953279653,0.5779,HIGH
CR-2024-003901,2025-10-13 01:51:45,ROBBERY,ARMED ROBBERY,41.75900074065374,-87.62420276137446,ALLEY,False,False,D-15,W-23,0.1313474944521187,0.8687,CRITICAL
CR-2025-000371,2025-06-02 01:02:50,THEFT,RETAIL THEFT,41.868727721334565,-87.62940863424684,SIDEWALK,True,False,D-01,W-49,0.20884338304579317,0.3692,MEDIUM
CR-2025-003959,2025-09-02 04:04:16,NARCOTICS,SALE/MANUFACTURE,41.867763323034175,-87.62278464844212,RESIDENCE,True,True,D-08,W-26,0.7149016451375996,0.1901,LOW
CR-2024-004171,2023-08-19 00:03:08,ASSAULT,AGGRAVATED ASSAULT,41.9168536049025,-87.64975339383463,PARK,False,True,D-02,W-21,0.17763859250453576,0.8224,CRITICAL
CR-2024-003121,2024-07-24 07:50:28,BURGLARY,RESIDENTIAL,41.90458592641797,-87.71017922375643,STREET,False,False,D-01,W-08,0.14103314250729912,0.5726,HIGH
CR-2023-000864,2025-07-23 01:01:26,BATTERY,AGGRAVATED BATTERY,41.78808218283503,-87.58304540808012,COMMERCIAL BUILDING,False,False,D-10,W-37,0.7152617303253627,0.2847,MEDIUM
CR-2023-001920,2025-01-24 22:29:44,THEFT,PETTY THEFT,41.93611353711808,-87.66949577984467,SIDEWALK,True,False,D-05,W-15,0.13870209341337297,0.4019,MEDIUM
CR-2023-005526,2024-05-05 06:35:00,ASSAULT,AGGRAVATED ASSAULT,41.88390722474092,-87.62979160011491,PARK,False,False,D-08,W-27,0.16361747509089575,0.8364,CRITICAL
CR-2023-000114,2023-05-22 15:26:11,ASSAULT,AGGRAVATED ASSAULT,41.86737044436111,-87.61960603376598,COMMERCIAL BUILDING,False,False,D-07,W-25,0.1338246163726076,0.8662,CRITICAL
CR-2025-004958,2024-01-16 02:22:29,ROBBERY,STRONGARM ROBBERY,41.81180018549296,-87.64246962094619,PARK,False,False,D-13,W-50,0.13431141771814034,0.8657,CRITICAL
CR-2025-003440,2025-07-31 09:14:11,ASSAULT,AGGRAVATED ASSAULT,41.88090485314587,-87.63046409979768,APARTMENT,False,True,D-07,W-43,0.17373726503751827,0.8263,CRITICAL
CR-2024-000166,2024-05-17 04:26:01,CRIMINAL DAMAGE,GRAFFITI,41.87923706837291,-87.63995742567269,STREET,False,True,D-11,W-25,0.08462652454624409,0.4272,MEDIUM
CR-2024-002782,2023-12-31 22:24:25,ASSAULT,SIMPLE ASSAULT,41.88116684812072,-87.71447867382594,PARKING LOT,False,False,D-12,W-12,0.12827246620705937,0.8717,CRITICAL
CR-2024-003754,2024-02-06 02:58:24,ROBBERY,ARMED ROBBERY,41.866094968907525,-87.6372848088397,COMMERCIAL BUILDING,False,False,D-12,W-48,0.14466334632551225,0.8553,CRITICAL
CR-2024-003238,2025-09-25 23:29:35,CRIMINAL DAMAGE,TO VEHICLE,41.89926926530168,-87.74328876066357,APARTMENT,False,False,D-14,W-44,0.1590805718555696,0.3924,MEDIUM
CR-2025-002780,2023-10-22 01:30:40,ROBBERY,ARMED ROBBERY,41.86241705771489,-87.63019391189906,STREET,False,False,D-01,W-42,0.1772921644850556,0.8227,CRITICAL
CR-2023-002373,2024-07-19 11:35:58,THEFT,RETAIL THEFT,41.9511729036742,-87.67702252598363,STREET,False,False,D-15,W-30,0.11831580899357226,0.4115,MEDIUM
CR-2024-000322,2025-05-21 19:32:27,MOTOR VEHICLE THEFT,TRUCK,41.87441385403872,-87.63389085354622,RESIDENCE,False,True,D-08,W-47,0.070673685771315,0.6196,HIGH
CR-2025-004490,2025-12-20 10:20:52,BURGLARY,RESIDENTIAL,41.87349130661508,-87.60926358125856,STREET,True,False,D-10,W-17,0.15164841129576226,0.5656,HIGH
CR-2024-002626,2024-06-25 20:07:47,THEFT,FROM BUILDING,41.871098617820735,-87.65204476647973,COMMERCIAL BUILDING,False,False,D-02,W-10,0.10687362342957159,0.4168,MEDIUM
CR-2023-001185,2023-07-01 18:02:31,BURGLARY,FORCIBLE ENTRY,41.77500254555159,-87.64270718241227,RESIDENCE,True,False,D-01,W-26,0.14198274682812193,0.572,HIGH
CR-2024-001939,2024-06-09 06:06:26,NARCOTICS,POSSESSION OF COCAINE,41.85301138992198,-87.73043305172499,PARKING LOT,True,False,D-13,W-18,0.7513451583726493,0.1658,LOW
CR-2023-004674,2025-07-30 00:37:19,MOTOR VEHICLE THEFT,AUTOMOBILE,41.891566298956015,-87.7328735675128,PARKING LOT,False,False,D-02,W-47,0.11530681772198079,0.5898,HIGH
CR-2025-001196,2023-08-08 17:26:04,ASSAULT,AGGRAVATED ASSAULT,41.85565206117365,-87.63955035901611,STREET,False,False,D-07,W-08,0.18845950448780613,0.8115,CRITICAL
CR-2024-001891,2024-08-31 16:28:13,ROBBERY,STRONGARM ROBBERY,41.75283555763323,-87.65830584383592,PARK,False,False,D-10,W-34,0.15139804393574818,0.8486,CRITICAL
CR-2023-005871,2023-06-16 05:39:51,ASSAULT,SIMPLE ASSAULT,41.77618458362655,-87.63190177025302,PARKING LOT,False,True,D-06,W-40,0.18869587591465667,0.8113,CRITICAL
CR-2025-005597,2025-11-27 20:37:19,BATTERY,SIMPLE BATTERY,41.8729084359233,-87.6170553282594,STREET,False,False,D-04,W-08,0.7682181634405624,0.2318,LOW
CR-2024-004600,2024-07-05 09:41:34,BURGLARY,COMMERCIAL,41.8205048013696,-87.64090156394445,APARTMENT,True,False,D-07,W-01,0.18124630543810258,0.5458,HIGH
CR-2023-004761,2024-03-13 05:04:39,BURGLARY,COMMERCIAL,41.89240640383717,-87.59722295998905,ALLEY,False,False,D-15,W-16,0.09379938366746535,0.6041,HIGH
CR-2025-004631,2025-09-19 04:38:33,ASSAULT,SIMPLE ASSAULT,41.794176772627765,-87.6481616607755,PARK,True,True,D-09,W-10,0.1440422330372029,0.856,CRITICAL
CR-2025-000293,2023-08-07 04:48:39,BURGLARY,FORCIBLE ENTRY,41.93921278200919,-87.6722968873893,APARTMENT,False,False,D-01,W-23,0.10544011183629559,0.5964,HIGH
CR-2023-004623,2025-01-22 21:05:15,CRIMINAL DAMAGE,TO VEHICLE,41.956069100297086,-87.67512182270663,PARKING LOT,False,False,D-04,W-02,0.1633553592461042,0.3904,MEDIUM
CR-2024-004492,2025-06-12 19:06:14,ROBBERY,STRONGARM ROBBERY,41.87471972772434,-87.6048000511116,SIDEWALK,False,False,D-12,W-07,0.11160120080163807,0.8884,CRITICAL
CR-2024-003208,2025-10-29 15:44:18,NARCOTICS,POSSESSION OF HEROIN,41.92271225927855,-87.62578241698992,ALLEY,False,False,D-04,W-25,0.7250275540124794,0.1833,LOW
CR-2025-000425,2024-08-04 06:35:19,ROBBERY,ARMED ROBBERY,41.86875289210363,-87.6381321567874,SIDEWALK,False,False,D-12,W-28,0.2088734151788346,0.7911,CRITICAL
CR-2024-005734,2023-09-27 23:27:40,CRIMINAL DAMAGE,TO PROPERTY,41.87445907116034,-87.62795906638442,RESIDENCE,False,False,D-09,W-18,0.08131635077289873,0.4287,MEDIUM
CR-2025-000620,2024-08-22 20:57:17,ROBBERY,ARMED ROBBERY,41.87241308388519,-87.63285370540154,COMMERCIAL BUILDING,False,False,D-05,W-06,0.10733499284452325,0.8927,CRITICAL
CR-2025-004712,2025-11-10 10:02:33,CRIMINAL DAMAGE,GRAFFITI,41.96577596676611,-87.65483791307999,SIDEWALK,False,False,D-12,W-04,0.09142728335053048,0.424,MEDIUM
CR-2024-004900,2023-07-27 17:39:46,CRIMINAL DAMAGE,TO PROPERTY,41.89740858766936,-87.71784181707842,RESIDENCE,False,False,D-15,W-34,0.0784916450708083,0.43,MEDIUM
CR-2024-001771,2024-08-09 02:39:22,ASSAULT,AGGRAVATED ASSAULT,41.89129125561706,-87.64596064115477,PARKING LOT,True,False,D-08,W-43,0.158870724250068,0.8411,CRITICAL
CR-2025-003356,2024-08-16 14:42:37,THEFT,RETAIL THEFT,41.97708619338704,-87.64960490813229,ALLEY,False,False,D-13,W-31,0.13740694885697544,0.4025,MEDIUM
CR-2025-003557,2023-01-23 00:32:34,MOTOR VEHICLE THEFT,MOTORCYCLE,41.96962512517024,-87.66396779133372,ALLEY,False,False,D-08,W-11,0.18833678731969572,0.5411,HIGH
CR-2025-001157,2024-11-28 05:05:34,NARCOTICS,SALE/MANUFACTURE,41.96171848504109,-87.64686826778771,SIDEWALK,True,False,D-05,W-48,0.7415499009852243,0.1723,LOW
CR-2024-000256,2024-06-11 11:07:22,CRIMINAL DAMAGE,GRAFFITI,41.94362103906267,-87.67345127324083,RESIDENCE,False,False,D-06,W-44,0.11109071000069434,0.4148,MEDIUM
CR-2023-001923,2025-01-13 18:24:38,CRIMINAL DAMAGE,TO VEHICLE,41.806171541765096,-87.64057348780064,ALLEY,False,False,D-15,W-25,0.11210426262646746,0.4144,MEDIUM
CR-2025-000965,2023-03-24 06:19:15,NARCOTICS,SALE/MANUFACTURE,41.85965675608322,-87.62234951165145,PARKING LOT,True,False,D-14,W-11,0.7993025452262225,0.1338,LOW
CR-2024-003529,2025-03-08 00:09:55,NARCOTICS,POSSESSION OF HEROIN,41.98746214396545,-87.64156086735802,RESIDENCE,True,False,D-03,W-38,0.7803911686207577,0.1464,LOW
CR-2023-001608,2023-08-28 17:22:24,THEFT,FROM BUILDING,41.737484419808055,-87.64211120340657,RESIDENCE,False,False,D-13,W-38,0.16325324938954297,0.3905,MEDIUM
CR-2023-001128,2023-12-11 22:00:22,CRIMINAL DAMAGE,GRAFFITI,41.891403310851466,-87.63611142690522,PARKING LOT,False,False,D-14,W-07,0.16826079864975269,0.3881,MEDIUM
CR-2024-004165,2025-10-16 21:56:39,ROBBERY,STRONGARM ROBBERY,41.87487205514661,-87.61264902839277,PARK,False,False,D-04,W-20,0.14824519588590596,0.8518,CRITICAL
CR-2024-001018,2025-06-07 12:58:01,MOTOR VEHICLE THEFT,MOTORCYCLE,41.883986239507685,-87.63743445438561,STREET,False,False,D-04,W-24,0.2382119161144633,0.5079,HIGH
CR-2024-005590,2023-04-23 17:29:56,MOTOR VEHICLE THEFT,AUTOMOBILE,41.82746631349734,-87.63654475290764,SIDEWALK,False,False,D-06,W-13,0.15390668972635588,0.5641,HIGH
CR-2023-002454,2025-08-25 00:55:51,ROBBERY,ARMED ROBBERY,41.953756872757324,-87.67177069941252,ALLEY,False,False,D-11,W-50,0.08727400740722847,0.9127,CRITICAL
CR-2024-005128,2023-05-24 09:22:55,THEFT,RETAIL THEFT,41.88838835684657,-87.63373350354074,PARK,True,False,D-03,W-41,0.1431799817248133,0.3998,MEDIUM
CR-2025-001898,2024-10-19 05:45:37,MOTOR VEHICLE THEFT,MOTORCYCLE,41.87563497191172,-87.62661859970389,COMMERCIAL BUILDING,False,False,D-13,W-40,0.16446118927547237,0.557,HIGH
CR-2024-005401,2023-11-15 09:35:42,THEFT,RETAIL THEFT,41.88245131849453,-87.62914149200316,COMMERCIAL BUILDING,False,False,D-07,W-06,0.15305954686445167,0.3952,MEDIUM
CR-2024-000502,2025-12-17 23:44:59,CRIMINAL DAMAGE,GRAFFITI,41.79635558284034,-87.61916286536446,COMMERCIAL BUILDING,True,False,D-13,W-38,0.10670035802944297,0.4169,MEDIUM
CR-2025-001817,2025-06-23 09:43:26,CRIMINAL DAMAGE,GRAFFITI,41.95683092167073,-87.64996363207409,PARKING LOT,False,False,D-04,W-36,0.16310716142501194,0.3905,MEDIUM
CR-2024-004453,2023-08-15 20:21:59,THEFT,PETTY THEFT,41.79725265839518,-87.66744269521325,SIDEWALK,True,False,D-13,W-28,0.18634051496990042,0.3797,MEDIUM
CR-2024-004030,2024-09-15 16:37:12,THEFT,PETTY THEFT,41.87967917935865,-87.62754096260733,COMMERCIAL BUILDING,False,False,D-03,W-28,0.20286147827900414,0.372,MEDIUM
CR-2023-003396,2023-08-05 15:23:41,NARCOTICS,POSSESSION OF COCAINE,41.96620115464951,-87.66744522828172,SIDEWALK,True,False,D-09,W-19,0.7351340802931225,0.1766,LOW
CR-2025-001526,2024-11-06 10:17:13,ROBBERY,ARMED ROBBERY,41.942629026082486,-87.67097507042249,PARKING LOT,False,False,D-09,W-41,0.14583521327543514,0.8542,CRITICAL
CR-2024-005611,2025-03-16 18:25:21,ASSAULT,SIMPLE ASSAULT,41.94687443696521,-87.68853161978356,STREET,False,False,D-11,W-05,0.1342013579785901,0.8658,CRITICAL
CR-2025-005171,2024-07-06 13:52:29,THEFT,GRAND THEFT,41.86833068802525,-87.64432192896778,SIDEWALK,False,False,D-06,W-13,0.13462969971363634,0.4038,MEDIUM
CR-2025-003308,2025-11-06 16:32:25,PETTY THEFT,FROM BUILDING,41.89444304874616,-87.59431888342,ALLEY,False,False,D-05,W-15,0.2832689630271448,0.3345,MEDIUM
CR-2024-003673,2025-07-02 02:04:07,BURGLARY,FORCIBLE ENTRY,41.86580101907959,-87.75007689510575,PARK,False,False,D-07,W-13,0.12330683163104847,0.5845,HIGH
CR-2023-003633,2024-08-08 02:24:46,MOTOR VEHICLE THEFT,AUTOMOBILE,41.89120984626511,-87.62862341130875,RESIDENCE,False,False,D-11,W-40,0.10526047253590398,0.5965,HIGH
CR-2024-000712,2025-03-16 13:25:03,NARCOTICS,POSSESSION OF COCAINE,41.92750381611958,-87.69462713178751,RESIDENCE,False,False,D-01,W-46,0.7898828997837356,0.1401,LOW
CR-2025-002600,2023-07-12 20:33:05,CRIMINAL DAMAGE,TO VEHICLE,41.941784502079535,-87.665503216273,APARTMENT,False,False,D-13,W-34,0.07387426258394782,0.4322,MEDIUM
CR-2023-005256,2023-10-19 13:57:10,THEFT,FROM BUILDING,41.8766731268367,-87.65098113409474,SIDEWALK,False,False,D-01,W-02,0.17483394868625754,0.3851,MEDIUM
CR-2025-000155,2023-07-06 22:13:30,BATTERY,SIMPLE BATTERY,41.94404637593546,-87.63332446296025,PARK,True,False,D-14,W-08,0.7663944627995809,0.2336,LOW
CR-2025-001445,2025-10-23 09:08:44,MOTOR VEHICLE THEFT,MOTORCYCLE,41.95122514280175,-87.69791132959614,COMMERCIAL BUILDING,False,False,D-01,W-01,0.21220986927643004,0.5252,HIGH
CR-2023-003327,2024-08-22 00:22:21,ROBBERY,ARMED ROBBERY,41.86992369155007,-87.60254866555637,STREET,False,False,D-04,W-08,0.1931550170277401,0.8068,CRITICAL
CR-2024-004402,2023-08-02 10:40:43,NARCOTICS,POSSESSION OF COCAINE,41.88410254407801,-87.66001094911357,APARTMENT,False,False,D-04,W-01,0.8384783176212546,0.1077,LOW
CR-2025-000719,2023-11-08 20:11:41,ROBBERY,STRONGARM ROBBERY,41.958219499032765,-87.640602444279,COMMERCIAL BUILDING,False,False,D-05,W-01,0.18507934728760989,0.8149,CRITICAL
CR-2023-003141,2024-03-04 22:08:10,BATTERY,AGGRAVATED BATTERY,41.80189678789886,-87.60352691899776,STREET,True,True,D-03,W-06,0.77698817480789,0.223,LOW
CR-2023-000171,2024-06-16 05:25:54,MOTOR VEHICLE THEFT,MOTORCYCLE,41.78502416427772,-87.64167357938429,APARTMENT,True,False,D-13,W-09,0.16571996916834095,0.5562,HIGH
CR-2025-000368,2024-12-30 01:33:40,BATTERY,DOMESTIC BATTERY,41.88194044601471,-87.61505963524083,RESIDENCE,False,False,D-03,W-35,0.705692182292212,0.2943,MEDIUM
CR-2023-003429,2025-11-13 17:28:50,NARCOTICS,SALE/MANUFACTURE,41.86882759326975,-87.61632232443174,APARTMENT,True,False,D-02,W-46,0.753385555283905,0.1644,LOW
CR-2023-003105,2024-05-20 20:19:53,BURGLARY,FORCIBLE ENTRY,41.968077046872125,-87.65278226938847,APARTMENT,False,False,D-10,W-38,0.10804357992150583,0.5946,HIGH
CR-2024-001213,2023-09-05 17:21:53,CRIMINAL DAMAGE,TO VEHICLE,41.95984114883428,-87.65654382033998,COMMERCIAL BUILDING,False,False,D-15,W-01,0.1494917584547753,0.3969,MEDIUM
CR-2024-002986,2024-05-20 02:24:40,ROBBERY,ARMED ROBBERY,41.79604644546521,-87.6828432643448,COMMERCIAL BUILDING,False,False,D-07,W-20,0.19325537502711412,0.8067,CRITICAL
CR-2023-004395,2024-10-20 17:15:45,BATTERY,AGGRAVATED BATTERY,41.8463795960139,-87.63615851608499,PARKING LOT,False,True,D-12,W-13,0.692997943721811,0.307,MEDIUM
CR-2025-002198,2025-02-10 02:44:51,NARCOTICS,POSSESSION OF COCAINE,41.86458992926232,-87.64426300107135,RESIDENCE,True,False,D-05,W-50,0.641420074126743,0.2391,LOW
CR-2025-005288,2024-01-01 06:45:47,NARCOTICS,POSSESSION OF HEROIN,41.774239089604464,-87.6409838485664,ALLEY,True,False,D-11,W-34,0.7371705032177723,0.1752,LOW
CR-2025-001781,2025-06-01 20:03:19,BATTERY,AGGRAVATED BATTERY,41.84525117442533,-87.6118811166923,APARTMENT,True,False,D-02,W-40,0.757631948593519,0.2424,LOW
CR-2024-001345,2024-11-27 20:54:49,ROBBERY,STRONGARM ROBBERY,41.75348292178559,-87.63510201184187,STREET,False,False,D-09,W-31,0.17113771221150922,0.8289,CRITICAL
CR-2024-005872,2025-01-10 00:35:05,THEFT,RETAIL THEFT,41.8007266516583,-87.6137753888377,SIDEWALK,False,False,D-08,W-45,0.15355206387444195,0.395,MEDIUM
CR-2025-000836,2024-07-06 15:15:54,NARCOTICS,POSSESSION OF HEROIN,41.87222362776435,-87.64363615276748,RESIDENCE,False,False,D-05,W-07,0.6993447001501476,0.2004,LOW
CR-2025-005327,2025-03-28 13:06:35,THEFT,PETTY THEFT,41.86528982298894,-87.70071830770402,PARK,False,False,D-15,W-35,0.132195293933267,0.405,MEDIUM
CR-2025-004676,2024-10-25 15:07:06,ROBBERY,ARMED ROBBERY,41.8629920751871,-87.62727654188225,SIDEWALK,True,False,D-14,W-26,0.22270392347740567,0.7773,CRITICAL
CR-2024-002791,2025-08-09 10:51:40,ASSAULT,SIMPLE ASSAULT,41.98127083018241,-87.64747744246134,RESIDENCE,False,True,D-03,W-50,0.12948310612563377,0.8705,CRITICAL
CR-2023-004392,2024-01-19 12:45:12,NARCOTICS,POSSESSION OF HEROIN,41.86004129526551,-87.62642114977025,SIDEWALK,True,False,D-08,W-43,0.7762338838402607,0.1492,LOW
CR-2024-001837,2024-08-05 21:27:35,BATTERY,SIMPLE BATTERY,41.77728278487419,-87.62717814754961,COMMERCIAL BUILDING,True,False,D-07,W-36,0.7367168290370374,0.2633,MEDIUM
CR-2025-005384,2024-02-09 01:43:09,THEFT,FROM BUILDING,41.7987689630618,-87.57883978405718,PARKING LOT,False,False,D-02,W-11,0.17563299119043477,0.3847,MEDIUM
CR-2024-003826,2023-07-20 23:22:38,CRIMINAL DAMAGE,TO VEHICLE,41.77731525369913,-87.61693024689849,ALLEY,False,False,D-11,W-38,0.09462901109830656,0.4225,MEDIUM
CR-2023-005451,2025-10-13 21:27:28,ROBBERY,ARMED ROBBERY,41.85538378906403,-87.62156949285408,PARK,False,False,D-05,W-16,0.09854360638348848,0.9015,CRITICAL
CR-2025-003890,2025-01-02 02:31:19,ROBBERY,STRONGARM ROBBERY,41.87230830835871,-87.61457168662278,STREET,False,False,D-10,W-11,0.1693488294797438,0.8307,CRITICAL
CR-2023-002973,2025-06-17 15:02:59,CRIMINAL DAMAGE,GRAFFITI,41.86908310170997,-87.61231125219618,RESIDENCE,False,False,D-01,W-36,0.09913787772020961,0.4204,MEDIUM
CR-2023-005505,2023-06-25 18:46:09,NARCOTICS,POSSESSION OF HEROIN,41.88120016442809,-87.63173946185553,APARTMENT,False,False,D-11,W-11,0.6437438793149247,0.2375,LOW
CR-2025-002921,2025-08-21 22:36:15,THEFT,FROM BUILDING,41.85569735332621,-87.6616592137405,PARKING LOT,False,False,D-11,W-39,0.0687542282217355,0.4346,MEDIUM
CR-2023-005814,2023-12-31 06:34:34,THEFT,GRAND THEFT,41.91572459409585,-87.6026971167378,PARK,True,False,D-03,W-08,0.1788296884063119,0.3832,MEDIUM
CR-2023-001569,2025-08-30 10:14:22,CRIMINAL DAMAGE,TO VEHICLE,41.88912249418264,-87.73171753963618,PARKING LOT,False,False,D-12,W-22,0.13622368446984054,0.4031,MEDIUM
CR-2024-001663,2023-09-14 23:24:42,ASSAULT,AGGRAVATED ASSAULT,41.77883990397703,-87.64373179129474,COMMERCIAL BUILDING,False,False,D-04,W-19,0.20201817475345274,0.798,CRITICAL
CR-2024-002062,2025-07-15 00:09:34,ASSAULT,SIMPLE ASSAULT,41.78659191633503,-87.65638798472115,STREET,True,True,D-12,W-47,0.11592416912862136,0.8841,CRITICAL
CR-2025-003758,2025-01-25 06:46:24,BURGLARY,FORCIBLE ENTRY,41.823472640001626,-87.63518350967563,APARTMENT,False,False,D-01,W-45,0.16716798633507807,0.5552,HIGH
CR-2025-000005,2024-06-22 23:57:37,NARCOTICS,POSSESSION OF COCAINE,41.87114873460781,-87.63678594630356,RESIDENCE,True,False,D-01,W-08,0.6822071519973482,0.2119,LOW
CR-2023-002700,2023-06-19 04:35:50,NARCOTICS,SALE/MANUFACTURE,41.92464469520165,-87.66324646505102,SIDEWALK,True,False,D-01,W-30,0.7381143937043968,0.1746,LOW
CR-2024-004111,2024-09-23 20:01:29,THEFT,RETAIL THEFT,41.95929249148999,-87.64631132968105,PARKING LOT,False,False,D-06,W-09,0.14553882469733045,0.3987,MEDIUM
CR-2025-002747,2024-11-18 07:03:11,ASSAULT,AGGRAVATED ASSAULT,41.88835552354227,-87.74986228787992,STREET,False,False,D-11,W-02,0.18652124920813337,0.8135,CRITICAL
CR-2025-001352,2023-08-24 13:00:21,THEFT,GRAND THEFT,41.78513271489104,-87.60287278814789,ALLEY,False,False,D-10,W-36,0.12379876600582075,0.4089,MEDIUM
CR-2024-001303,2025-07-07 00:24:33,NARCOTICS,POSSESSION OF HEROIN,41.86902883003193,-87.66288349085649,STREET,True,True,D-07,W-16,0.7386157118238095,0.1743,LOW
CR-2024-001042,2023-08-31 00:08:02,CRIMINAL DAMAGE,TO PROPERTY,41.869841947257626,-87.64811068638872,SIDEWALK,True,False,D-11,W-40,0.11125449763525358,0.4147,MEDIUM
CR-2024-002518,2025-06-24 22:43:23,BATTERY,SIMPLE BATTERY,41.91087642342554,-87.64010073014505,APARTMENT,True,False,D-07,W-32,0.76099890806792,0.239,LOW
CR-2024-005881,2025-12-05 04:28:47,THEFT,RETAIL THEFT,41.85203470702632,-87.6285198406672,APARTMENT,False,False,D-08,W-44,0.13377499894327669,0.4042,MEDIUM
CR-2025-001793,2024-07-12 20:17:21,ROBBERY,STRONGARM ROBBERY,41.76150762807007,-87.65195317458542,STREET,True,False,D-14,W-06,0.221284312251554,0.7787,CRITICAL
CR-2023-005586,2023-01-31 20:44:40,NARCOTICS,SALE/MANUFACTURE,41.86031277633478,-87.63467112902623,SIDEWALK,True,False,D-02,W-46,0.8104217501151181,0.1264,LOW
CR-2023-004572,2023-08-19 00:35:39,MOTOR VEHICLE THEFT,MOTORCYCLE,41.87166444127861,-87.65537178858685,STREET,False,False,D-05,W-29,0.12221920923754856,0.5852,HIGH
CR-2023-004188,2023-10-04 21:00:14,NARCOTICS,POSSESSION OF COCAINE,41.92111058292765,-87.67386531677312,STREET,True,False,D-11,W-23,0.616657488497403,0.2556,MEDIUM
CR-2025-002048,2025-04-21 23:07:29,ROBBERY,STRONGARM ROBBERY,41.88703236346459,-87.63864842134694,ALLEY,False,False,D-02,W-47,0.11451146292043902,0.8855,CRITICAL
CR-2023-003393,2024-04-13 01:41:09,NARCOTICS,POSSESSION OF COCAINE,41.96792862754396,-87.67794298281432,SIDEWALK,False,False,D-07,W-47,0.6998514125577104,0.2001,LOW
CR-2024-002383,2023-08-29 11:34:37,ROBBERY,,41.85930498867478,-87.73144973859173,COMMERCIAL BUILDING,False,False,D-15,W-07,0.18642508980535416,0.8136,CRITICAL
CR-2023-001032,2024-07-27 00:31:33,ASSAULT,SIMPLE ASSAULT,41.78553405873499,-87.6435689664403,PARK,False,True,D-07,W-05,0.1980887112255621,0.8019,CRITICAL
CR-2023-000237,2024-03-07 18:53:26,THEFT,GRAND THEFT,41.902774515702525,-87.63353554059334,RESIDENCE,True,False,D-15,W-37,0.1043819673142738,0.418,MEDIUM
CR-2025-005972,2024-05-11 19:46:57,ASSAULT,AGGRAVATED ASSAULT,41.91691996463715,-87.72610965056622,ALLEY,False,True,D-02,W-15,0.18957675804791438,0.8104,CRITICAL
CR-2025-003041,2023-06-09 23:24:57,ROBBERY,STRONGARM ROBBERY,41.89641942418528,-87.6277906242913,PARKING LOT,False,False,D-13,W-13,0.10776103834311641,0.8922,CRITICAL
CR-2024-003580,2024-06-05 23:09:45,ASSAULT,AGGRAVATED ASSAULT,41.88218355087992,-87.63065905616233,SIDEWALK,False,False,D-06,W-05,0.12208674433724027,0.8779,CRITICAL
CR-2024-001828,2024-10-08 23:55:01,ASSAULT,AGGRAVATED ASSAULT,41.7790794616727,-87.68116194145928,PARK,False,False,D-02,W-02,0.20538355521019036,0.7946,CRITICAL
CR-2025-005087,2024-07-14 08:18:00,MOTOR VEHICLE THEFT,AUTOMOBILE,41.76237157219523,-87.63401427951639,ALLEY,False,False,D-03,W-21,0.19773523551789107,0.5348,HIGH
CR-2023-000321,2023-09-15 04:41:01,ASSAULT,AGGRAVATED ASSAULT,41.77241021621591,-87.66657857382796,RESIDENCE,True,False,D-07,W-30,0.18950201811840084,0.8105,CRITICAL
CR-2023-001893,2024-08-17 01:21:01,MOTOR VEHICLE THEFT,TRUCK,41.95472716643072,-87.67300497372248,PARKING LOT,False,False,D-12,W-50,0.09260566231070974,0.6049,HIGH
CR-2025-000326,2024-06-19 22:11:51,THEFT,FROM BUILDING,41.875760003570015,-87.74681746635736,RESIDENCE,False,False,D-14,W-32,0.1659181084454037,0.3892,MEDIUM
CR-2025-002153,2024-04-05 00:58:10,ASSAULT,AGGRAVATED ASSAULT,41.93579950040933,-87.6406608899498,PARKING LOT,False,False,D-01,W-20,0.15698942467185165,0.843,CRITICAL
CR-2025-002864,2024-07-26 04:00:07,BURGLARY,FORCIBLE ENTRY,41.95111718848163,-87.65635010137078,COMMERCIAL BUILDING,True,False,D-14,W-31,0.1456584183056829,0.5696,HIGH
CR-2023-005238,2024-07-02 19:15:07,BURGLARY,COMMERCIAL,41.92852158141649,-87.6322417348759,SIDEWALK,False,False,D-13,W-35,0.08465130945572517,0.6102,HIGH
CR-2023-002628,2024-03-01 15:09:56,BURGLARY,RESIDENTIAL,41.7685880247028,-87.64746743745825,STREET,False,False,D-14,W-27,0.20726779173092055,0.5285,HIGH
CR-2025-005045,2023-12-21 22:13:02,BATTERY,SIMPLE BATTERY,41.93962300019044,-87.67808123015233,COMMERCIAL BUILDING,True,False,D-14,W-20,0.7382494061807156,0.2618,MEDIUM
CR-2023-003159,2025-02-27 23:34:16,ROBBERY,STRONGARM ROBBERY,41.89245957233891,-87.63139135953013,STREET,True,False,D-03,W-05,0.16660404675590257,0.8334,CRITICAL
CR-2024-005206,2023-04-15 09:49:55,BATTERY,SIMPLE BATTERY,41.862039974428754,-87.63771480664268,COMMERCIAL BUILDING,True,False,D-03,W-50,0.7220668758488309,0.2779,MEDIUM
CR-2024-000862,2025-05-14 21:58:48,ASSAULT,SIMPLE ASSAULT,41.755514032448886,-87.60185044709563,RESIDENCE,False,False,D-08,W-22,0.12646992841371504,0.8735,CRITICAL
CR-2024-000805,2025-10-03 00:05:37,ROBBERY,ARMED ROBBERY,41.87372283096627,-87.65324786213046,RESIDENCE,False,False,D-12,W-40,0.12746701092252785,0.8725,CRITICAL
CR-2024-001075,2025-11-27 12:46:01,ASSAULT,AGGRAVATED ASSAULT,41.7745036398892,-87.58746324585681,PARKING LOT,True,False,D-10,W-23,0.12579147500231455,0.8742,CRITICAL
CR-2023-004191,2023-01-10 00:52:23,THEFT,GRAND THEFT,41.88226729658308,-87.70452847386855,RESIDENCE,False,True,D-01,W-38,0.20466256796056814,0.3712,MEDIUM
CR-2023-004779,2024-06-29 06:25:38,ROBBERY,ARMED ROBBERY,41.93690796283633,-87.6620155723548,COMMERCIAL BUILDING,False,False,D-11,W-10,0.1005082346507249,0.8995,CRITICAL
CR-2023-000639,2024-04-19 21:06:13,ASSAULT,SIMPLE ASSAULT,41.9522409823298,-87.66148232928404,STREET,False,False,D-13,W-13,0.12473699130878112,0.8753,CRITICAL
CR-2023-005595,2023-07-22 15:25:05,BURGLARY,RESIDENTIAL,41.87771189922122,-87.7319419981395,STREET,False,False,D-03,W-32,0.1880903942130691,0.5413,HIGH
CR-2023-001839,2023-07-29 08:49:35,CRIMINAL DAMAGE,TO PROPERTY,41.97223414994214,-87.65697435919698,PARKING LOT,False,False,D-06,W-02,0.15256564789372043,0.3955,MEDIUM
CR-2024-005359,2024-09-20 22:20:58,MOTOR VEHICLE THEFT,AUTOMOBILE,41.81625354743167,-87.62396513603213,ALLEY,False,False,D-15,W-06,0.1291791858878172,0.5805,HIGH
CR-2025-003014,2023-05-25 15:44:59,BATTERY,AGGRAVATED BATTERY,41.72976110271309,-87.64367788176551,COMMERCIAL BUILDING,True,True,D-07,W-20,0.8127135043664776,0.1873,LOW
CR-2024-000016,2024-09-05 21:56:08,BURGLARY,RESIDENTIAL,41.77856256938155,-87.6554427732239,RESIDENCE,False,False,D-12,W-22,0.09280369331092758,0.6048,HIGH
CR-2023-003801,2023-06-19 13:08:51,MOTOR VEHICLE THEFT,TRUCK,41.8853803986133,-87.64253657276485,PARKING LOT,False,False,D-02,W-45,0.16929784982985793,0.5538,HIGH
CR-2025-004238,2025-06-05 23:11:03,ASSAULT,AGGRAVATED ASSAULT,41.95145051765795,-87.68633074841937,PARK,False,True,D-06,W-43,0.12833733568281303,0.8717,CRITICAL
CR-2023-005745,2025-07-19 22:21:22,THEFT,GRAND THEFT,41.93212372716142,-87.65169063716337,COMMERCIAL BUILDING,False,False,D-02,W-05,0.12150334777088585,0.41,MEDIUM
CR-2024-001132,2025-06-29 13:58:32,BATTERY,AGGRAVATED BATTERY,41.89284388989811,-87.7054348647754,COMMERCIAL BUILDING,True,False,D-04,W-35,0.7901027124591127,0.2099,LOW
CR-2025-002579,2025-01-20 08:54:44,BATTERY,DOMESTIC BATTERY,41.877285375317705,-87.74724321713073,STREET,True,False,D-11,W-09,0.8030559316719557,0.1969,LOW
CR-2023-005013,2025-01-30 20:39:42,ASSAULT,SIMPLE ASSAULT,41.95330997363589,-87.66040374343028,PARK,False,True,D-10,W-16,0.11438385301424528,0.8856,CRITICAL
CR-2025-003470,2024-04-17 14:22:26,ROBBERY,STRONGARM ROBBERY,41.87166528923942,-87.61532845158547,APARTMENT,False,False,D-04,W-20,0.16270574452184466,0.8373,CRITICAL
CR-2024-002533,2025-07-20 21:16:19,THEFT,PETTY THEFT,41.77968489663832,-87.58881054234001,RESIDENCE,False,False,D-10,W-08,0.10002825507640617,0.42,MEDIUM
CR-2024-004840,2025-10-10 06:32:04,BURGLARY,COMMERCIAL,41.76896128258635,-87.66361295048563,RESIDENCE,True,False,D-01,W-38,0.1667394166298454,0.5555,HIGH
CR-2023-000120,2025-07-10 11:46:53,CRIMINAL DAMAGE,TO VEHICLE,41.86621218892351,-87.63152104662201,STREET,False,False,D-13,W-38,0.12719706232432268,0.4073,MEDIUM
CR-2023-003336,2024-02-27 00:49:48,NARCOTICS,POSSESSION OF HEROIN,41.88363524656738,-87.62793571457723,ALLEY,True,False,D-12,W-21,0.7041735787462433,0.1972,LOW
CR-2023-003693,2025-02-22 00:53:49,ROBBERY,STRONGARM ROBBERY,41.87335875558316,-87.62508491975304,SIDEWALK,True,False,D-04,W-30,0.19108960431906163,0.8089,CRITICAL
CR-2023-000018,2023-11-02 17:23:37,ASSAULT,AGGRAVATED ASSAULT,41.88123295392508,-87.6591950518582,SIDEWALK,False,False,D-14,W-03,0.21907175695883818,0.7809,CRITICAL
CR-2023-001692,2023-07-20 22:45:46,BURGLARY,,41.90050620763844,-87.73705105478506,PARK,False,False,D-15,W-47,0.06771566527474733,0.6215,HIGH
CR-2023-000285,2025-06-24 19:02:59,CRIMINAL DAMAGE,TO VEHICLE,41.77936045947974,-87.58708906719312,RESIDENCE,False,False,D-02,W-48,0.10475398334328528,0.4178,MEDIUM
CR-2023-000117,2024-05-07 06:38:02,MOTOR VEHICLE THEFT,MOTORCYCLE,41.83249860223313,-87.61315202444206,STREET,False,True,D-08,W-15,0.18152670378943564,0.5456,HIGH
CR-2023-003213,2023-06-03 01:57:24,ASSAULT,SIMPLE ASSAULT,41.75854004531384,-87.59147892424299,ALLEY,False,True,D-07,W-09,0.23253959435968113,0.7675,CRITICAL
CR-2025-000059,2024-11-02 19:04:40,MOTOR VEHICLE THEFT,MOTORCYCLE,41.89524234221773,-87.6185210045097,COMMERCIAL BUILDING,True,True,D-01,W-20,0.152942248966236,0.5647,HIGH
CR-2025-001553,2023-04-21 02:02:12,THEFT,FROM BUILDING,41.85870287684362,-87.62121414533237,PARK,False,False,D-12,W-07,0.12071816995346872,0.4103,MEDIUM
CR-2023-001248,2025-09-16 15:31:40,NARCOTICS,SALE/MANUFACTURE,41.87391555604503,-87.63399640252744,APARTMENT,False,False,D-10,W-38,0.7176908782465761,0.1882,LOW
CR-2025-004901,2025-07-07 07:42:58,MOTOR VEHICLE THEFT,MOTORCYCLE,41.99451273674735,-87.67561162759301,ALLEY,True,False,D-02,W-16,0.1464805755687355,0.569,HIGH
CR-2023-001329,2023-07-22 13:57:20,MOTOR VEHICLE THEFT,MOTORCYCLE,41.95183678679587,-87.6442349756003,SIDEWALK,False,False,D-09,W-26,0.19888383706764642,0.5341,HIGH
CR-2025-004466,2023-03-18 07:49:56,BATTERY,AGGRAVATED BATTERY,41.8784352583245,-87.64459988541587,PARK,True,True,D-11,W-20,0.7237593986383324,0.2762,MEDIUM
CR-2023-002601,2024-09-20 03:15:48,BURGLARY,COMMERCIAL,41.95138912179326,-87.63988499580762,RESIDENCE,False,False,D-12,W-34,0.07571989742543689,0.6162,HIGH
CR-2025-004949,2025-03-20 11:18:19,ROBBERY,STRONGARM ROBBERY,41.90963163067273,-87.70986087045006,COMMERCIAL BUILDING,False,False,D-10,W-32,0.17371146383348754,0.8263,CRITICAL
CR-2023-002280,2025-12-20 19:14:10,MOTOR VEHICLE THEFT,AUTOMOBILE,41.926996168742114,-87.62091918774316,PARKING LOT,False,False,D-13,W-14,0.16710617878417425,0.5553,HIGH
CR-2025-003668,2024-07-26 02:46:31,BATTERY,AGGRAVATED BATTERY,41.87755129940185,-87.6558670692377,PARK,False,False,D-13,W-20,0.698425651947651,0.3016,MEDIUM
CR-2023-001728,2023-10-28 03:21:14,THEFT,RETAIL THEFT,41.89443154481325,-87.63544451087388,RESIDENCE,False,False,D-01,W-36,0.14208671284040342,0.4004,MEDIUM
CR-2025-005174,2025-06-04 15:06:23,BURGLARY,RESIDENTIAL,41.96402350672575,-87.6596077657772,SIDEWALK,False,False,D-07,W-36,0.1093789033308317,0.5937,HIGH
CR-2023-004632,2025-06-18 03:09:46,CRIMINAL DAMAGE,TO VEHICLE,41.86410321366971,-87.61969790805763,PARKING LOT,False,True,D-01,W-31,0.12352723705135102,0.409,MEDIUM
CR-2023-002538,2023-02-03 22:43:01,THEFT,GRAND THEFT,41.779932186389686,-87.60307102753355,APARTMENT,True,False,D-15,W-04,0.09931804583179962,0.4203,MEDIUM
CR-2025-001778,2025-06-04 22:29:27,NARCOTICS,POSSESSION OF HEROIN,41.88770814402613,-87.62795382697516,APARTMENT,True,False,D-13,W-08,0.6200284157094567,0.2533,MEDIUM
CR-2025-005321,2024-04-05 06:47:47,CRIMINAL DAMAGE,TO PROPERTY,41.96978567412791,-87.6594641051598,PARK,False,False,D-02,W-06,0.13413980496233827,0.4041,MEDIUM
CR-2023-004350,2025-07-28 22:16:07,NARCOTICS,SALE/MANUFACTURE,41.818700622464405,-87.643693449233,APARTMENT,True,False,D-05,W-08,0.6698954975194796,0.2201,LOW
CR-2024-001804,2023-09-05 20:15:11,ROBBERY,ARMED ROBBERY,41.85785635682673,-87.63602820651859,STREET,False,False,D-03,W-26,0.19929235694311825,0.8007,CRITICAL
CR-2024-004564,2024-06-16 07:32:02,BATTERY,DOMESTIC BATTERY,41.8866572912912,-87.61488378207689,STREET,True,False,D-08,W-30,0.7477973596722819,0.2522,MEDIUM
CR-2024-004060,2025-04-27 07:47:37,MOTOR VEHICLE THEFT,TRUCK,41.80740626381678,-87.65850579335502,RESIDENCE,False,False,D-04,W-39,0.16190576252148006,0.5587,HIGH
CR-2025-004013,2025-08-21 05:29:22,BATTERY,AGGRAVATED BATTERY,41.860970872712585,-87.62890142114806,COMMERCIAL BUILDING,True,True,D-06,W-35,0.7024199972476015,0.2976,MEDIUM
CR-2023-002598,2025-12-08 21:18:12,BATTERY,DOMESTIC BATTERY,41.96898881111854,-87.6620379025357,PARKING LOT,True,True,D-12,W-29,0.5758448117600524,0.4242,MEDIUM
CR-2025-000050,2025-04-21 01:30:45,NARCOTICS,POSSESSION OF COCAINE,41.855123326643096,-87.73447161580978,RESIDENCE,True,False,D-09,W-38,0.7514452142626019,0.1657,LOW
CR-2025-001889,2024-03-02 05:09:55,ROBBERY,ARMED ROBBERY,41.84696617986383,-87.63109104539187,PARKING LOT,True,False,D-04,W-06,0.21460479293843154,0.7854,CRITICAL
CR-2025-000278,2024-09-10 00:14:13,ROBBERY,ARMED ROBBERY,41.766709844398186,-87.6398139546955,SIDEWALK,False,False,D-10,W-37,0.1646356478379834,0.8354,CRITICAL
CR-2025-002756,2023-05-06 23:12:24,BURGLARY,COMMERCIAL,41.96115211624463,-87.65012460389512,PARKING LOT,False,False,D-04,W-29,0.10102683177724296,0.5993,HIGH
CR-2025-004877,2024-07-05 01:36:09,ASSAULT,SIMPLE ASSAULT,41.871234731574816,-87.61409930929337,COMMERCIAL BUILDING,False,False,D-07,W-02,0.17486938314128567,0.8251,CRITICAL
CR-2023-004821,2024-04-23 23:50:12,BATTERY,AGGRAVATED BATTERY,41.95368963369903,-87.65402595280469,STREET,True,False,D-08,W-16,0.6749643846489208,0.325,MEDIUM
CR-2023-003501,2025-09-21 09:23:52,BURGLARY,RESIDENTIAL,41.893465421698,-87.73110703304133,COMMERCIAL BUILDING,False,False,D-03,W-18,0.14581428826324733,0.5695,HIGH
CR-2025-004205,2023-11-17 15:58:59,CRIMINAL DAMAGE,TO VEHICLE,41.94547038658544,-87.63517177919947,SIDEWALK,False,False,D-13,W-18,0.12273149157275365,0.4094,MEDIUM
CR-2024-005305,2024-08-04 05:25:38,THEFT,GRAND THEFT,41.94433363429165,-87.63285593333413,COMMERCIAL BUILDING,False,False,D-04,W-15,0.2170332059168821,0.3654,MEDIUM
CR-2024-003454,2025-06-29 14:31:32,ROBBERY,ARMED ROBBERY,41.75740966215304,-87.65126422026478,PARKING LOT,False,False,D-09,W-21,0.1765283327318115,0.8235,CRITICAL
CR-2023-001065,2025-02-04 23:55:29,NARCOTICS,SALE/MANUFACTURE,41.9571695147762,-87.65490766684611,SIDEWALK,True,False,D-07,W-38,0.7939987344280709,0.1373,LOW
CR-2023-000264,2023-03-06 10:48:09,THEFT,FROM BUILDING,41.78539306254304,-87.65160791562762,ALLEY,False,False,D-15,W-17,0.21950478634250578,0.3642,MEDIUM
CR-2024-005350,2023-10-29 16:05:30,CRIMINAL DAMAGE,GRAFFITI,41.86972654606404,-87.62060762017497,STREET,False,False,D-13,W-06,0.13203376386952137,0.4051,MEDIUM
CR-2024-002884,2025-05-26 22:45:16,ASSAULT,SIMPLE ASSAULT,41.95250150678469,-87.68776765059881,PARK,False,False,D-11,W-12,0.08603912792252055,0.914,CRITICAL
CR-2023-000672,2023-09-29 09:45:18,ASSAULT,AGGRAVATED ASSAULT,41.89234331203162,-87.65207346952675,PARKING LOT,False,False,D-05,W-13,0.14764157385523752,0.8524,CRITICAL
CR-2024-000352,2025-01-15 01:23:29,THEFT,FROM BUILDING,41.85475056239714,-87.62070985072982,ALLEY,False,False,D-03,W-22,0.18214601436450598,0.3817,MEDIUM
CR-2023-002532,2025-01-24 04:40:27,ROBBERY,STRONGARM ROBBERY,41.88925477663311,-87.63287314995797,ALLEY,True,False,D-01,W-15,0.2276681549807348,0.7723,CRITICAL
CR-2023-005607,2025-09-12 12:36:39,NARCOTICS,POSSESSION OF HEROIN,41.88971857809055,-87.70688483950451,SIDEWALK,True,False,D-02,W-45,0.7678130369497864,0.1548,LOW
CR-2024-000163,2023-01-26 07:23:24,ASSAULT,SIMPLE ASSAULT,41.901445995723,-87.71265007150866,STREET,False,False,D-12,W-42,0.16818554824231216,0.8318,CRITICAL
CR-2024-001888,2025-04-03 12:01:38,ASSAULT,SIMPLE ASSAULT,41.85063282682493,-87.648226657469,COMMERCIAL BUILDING,False,False,D-04,W-02,0.2010097608073885,0.799,CRITICAL
CR-2024-004567,2023-01-10 00:26:26,THEFT,FROM BUILDING,41.74082068839565,-87.64228528502846,RESIDENCE,False,False,D-02,W-09,0.20729902132014102,0.3699,MEDIUM
CR-2024-000787,2023-05-06 14:00:05,ASSAULT,SIMPLE ASSAULT,41.88509644973651,-87.63033462223447,APARTMENT,False,False,D-02,W-13,0.15143380810196908,0.8486,CRITICAL
CR-2024-004360,2023-01-21 22:42:43,CRIMINAL DAMAGE,TO VEHICLE,41.873457351711096,-87.62691993644547,RESIDENCE,False,False,D-14,W-29,0.11227477336649967,0.4143,MEDIUM
CR-2025-002624,2024-12-08 15:11:47,CRIMINAL DAMAGE,TO VEHICLE,41.8903905990221,-87.62344165776334,STREET,False,False,D-02,W-36,0.15217072922699276,0.3957,MEDIUM
CR-2024-004135,2024-02-04 14:41:59,THEFT,FROM BUILDING,41.855950141647234,-87.61393298488687,APARTMENT,False,False,D-14,W-06,0.20171637367605427,0.3725,MEDIUM
CR-2023-001737,2023-02-27 23:23:03,ASSAULT,AGGRAVATED ASSAULT,41.7609745962718,-87.6611146066425,PARK,False,False,D-11,W-15,0.18338059286390576,0.8166,CRITICAL
CR-2025-002051,2023-04-03 08:09:59,NARCOTICS,POSSESSION OF COCAINE,41.8983660933862,-87.61650713217124,RESIDENCE,True,False,D-09,W-05,0.7092094796082267,0.1939,LOW
CR-2024-004717,2025-10-21 21:29:36,THEFT,RETAIL THEFT,41.97925094422748,-87.68369754328542,PARKING LOT,False,False,D-09,W-24,0.13150216674023602,0.4053,MEDIUM
CR-2023-002874,2023-07-18 12:48:11,ROBBERY,ARMED ROBBERY,41.77845262557479,-87.6534100012166,APARTMENT,False,False,D-06,W-30,0.16837618360012674,0.8316,CRITICAL
CR-2025-005861,2024-02-19 05:12:04,CRIMINAL DAMAGE,TO VEHICLE,41.87271302557837,-87.64930675343383,APARTMENT,False,False,D-12,W-15,0.14397281094371348,0.3995,MEDIUM
CR-2024-003400,2024-08-02 08:03:09,BATTERY,SIMPLE BATTERY,41.92942094344463,-87.67343805749444,COMMERCIAL BUILDING,False,False,D-07,W-40,0.7970801932306169,0.2029,LOW
CR-2024-002830,2025-07-10 17:17:14,MOTOR VEHICLE THEFT,AUTOMOBILE,41.94730443279322,-87.67374825969688,COMMERCIAL BUILDING,True,False,D-05,W-49,0.16794110333442352,0.5547,HIGH
CR-2025-000722,2023-09-10 12:55:47,CRIMINAL DAMAGE,TO PROPERTY,41.88409531927629,-87.63957035340688,PARK,False,False,D-07,W-38,0.19828913915525984,0.3741,MEDIUM
CR-2025-005513,2023-03-05 00:23:11,ROBBERY,ARMED ROBBERY,41.95273439284246,-87.68363647055898,SIDEWALK,False,False,D-08,W-39,0.1348558875174089,0.8651,CRITICAL
CR-2024-000871,2025-04-04 06:39:40,MOTOR VEHICLE THEFT,MOTORCYCLE,41.78065130407783,-87.5999530424348,ALLEY,False,False,D-14,W-43,0.22115633614756539,0.5192,HIGH
CR-2023-000843,2023-12-25 22:15:10,THEFT,PETTY THEFT,41.87223688864863,-87.72327912619429,RESIDENCE,True,False,D-13,W-32,0.13655456206830818,0.4029,MEDIUM
CR-2023-004881,2023-05-06 01:52:55,NARCOTICS,POSSESSION OF HEROIN,41.881073259915816,-87.62492110752656,STREET,False,True,D-09,W-47,0.6721048477303704,0.2186,LOW
CR-2024-005338,2024-05-04 19:49:54,ROBBERY,ARMED ROBBERY,41.89464038069112,-87.62713255300442,SIDEWALK,False,False,D-06,W-39,0.11393072053333551,0.8861,CRITICAL
CR-2025-003500,2023-12-16 06:34:25,BURGLARY,RESIDENTIAL,41.79852962705776,-87.67344202405926,STREET,False,False,D-08,W-06,0.15791065921147554,0.5614,HIGH
CR-2025-001709,2024-10-27 21:24:00,ROBBERY,STRONGARM ROBBERY,41.85733274375126,-87.7364790341363,STREET,False,False,D-06,W-43,0.21614899221953063,0.7839,CRITICAL
CR-2023-004242,2024-06-28 14:45:21,ROBBERY,ARMED ROBBERY,41.90785556203218,-87.61844234768347,PARKING LOT,True,False,D-12,W-27,0.12598210303502783,0.874,CRITICAL
CR-2023-000468,2023-03-22 23:41:56,MOTOR VEHICLE THEFT,TRUCK,41.753369179571735,-87.61129108881752,SIDEWALK,False,False,D-14,W-12,0.18057239630006783,0.5463,HIGH
CR-2023-004119,2024-10-15 02:56:36,NARCOTICS,POSSESSION OF HEROIN,41.98071744980245,-87.67459786600372,RESIDENCE,False,False,D-07,W-19,0.7438618094946113,0.1708,LOW
CR-2024-004081,2023-06-13 21:03:02,ROBBERY,ARMED ROBBERY,41.88996138968349,-87.63013045108775,COMMERCIAL BUILDING,True,True,D-03,W-49,0.2158927426948686,0.7841,CRITICAL
CR-2025-000473,2023-12-10 23:26:32,BATTERY,AGGRAVATED BATTERY,41.85521712243613,-87.64017862104822,APARTMENT,True,False,D-07,W-28,0.8368593085494322,0.1631,LOW
CR-2025-000491,2023-07-25 00:44:25,ASSAULT,SIMPLE ASSAULT,41.92906047713741,-87.65625422712283,SIDEWALK,False,False,D-04,W-24,0.21949873123612826,0.7805,CRITICAL
CR-2024-005347,2023-12-05 09:43:57,ASSAULT,SIMPLE ASSAULT,41.962094297081,-87.67683909081755,PARKING LOT,False,True,D-14,W-18,0.2071962111776594,0.7928,CRITICAL
CR-2024-000070,2023-04-23 00:13:49,ASSAULT,AGGRAVATED ASSAULT,41.88151189901907,-87.61019285868576,ALLEY,True,False,D-03,W-09,0.19873049504358947,0.8013,CRITICAL
CR-2025-003596,2023-11-08 12:10:13,BATTERY,SIMPLE BATTERY,41.94676211240855,-87.63547617774147,PARKING LOT,True,False,D-09,W-19,0.7640012363766104,0.236,LOW
CR-2024-003694,2024-03-15 14:57:25,ROBBERY,ARMED ROBBERY,41.95718300267401,-87.63863641137459,SIDEWALK,False,False,D-08,W-47,0.12947608119402154,0.8705,CRITICAL
CR-2024-000049,2024-08-02 23:37:37,MOTOR VEHICLE THEFT,AUTOMOBILE,41.948502269132845,-87.6599917426675,PARK,False,False,D-09,W-25,0.09260820543247146,0.6049,HIGH
CR-2025-005549,2023-08-30 01:23:31,ROBBERY,ARMED ROBBERY,41.88652360205857,-87.63278003700735,SIDEWALK,False,False,D-11,W-06,0.10974001420192919,0.8903,CRITICAL
CR-2025-004751,2023-12-01 03:22:08,ROBBERY,STRONGARM ROBBERY,41.88073361127389,-87.64517126125115,STREET,False,False,D-10,W-33,0.17948033933734783,0.8205,CRITICAL
CR-2025-004412,2025-04-04 23:09:23,BATTERY,SIMPLE BATTERY,41.96607213571989,-87.68262396675337,RESIDENCE,True,False,D-10,W-01,0.709017734635407,0.291,MEDIUM
CR-2024-002071,2023-07-01 14:25:17,ROBBERY,STRONGARM ROBBERY,41.9560261922453,-87.6490669428799,COMMERCIAL BUILDING,False,False,D-02,W-11,0.17716072551558704,0.8228,CRITICAL
CR-2023-000108,2025-03-24 15:47:55,BURGLARY,RESIDENTIAL,41.86650762178194,-87.6333522791011,ALLEY,False,False,D-08,W-42,0.09527435417091525,0.6032,HIGH
CR-2023-005082,2024-09-20 23:44:54,CRIMINAL DAMAGE,GRAFFITI,41.898864158662455,-87.64527819981382,COMMERCIAL BUILDING,False,False,D-07,W-31,0.13299169513926312,0.4046,MEDIUM
CR-2025-005411,2023-07-17 02:53:06,ASSAULT,SIMPLE ASSAULT,41.85449556466825,-87.62421877781999,APARTMENT,False,True,D-05,W-41,0.14604860292348965,0.854,CRITICAL
CR-2024-005641,2024-08-31 07:21:03,NARCOTICS,SALE/MANUFACTURE,41.87347676107759,-87.63500124836513,STREET,True,False,D-06,W-23,0.7305167706993465,0.1797,LOW
CR-2024-004930,2025-02-14 17:10:58,NARCOTICS,POSSESSION OF HEROIN,41.88718106757145,-87.62271040355515,ALLEY,False,False,D-02,W-47,0.6834162086790171,0.2111,LOW
CR-2024-003082,2025-07-08 01:41:52,ROBBERY,STRONGARM ROBBERY,41.81838594729237,-87.64429399098762,STREET,False,False,D-03,W-06,0.1702632922730005,0.8297,CRITICAL
CR-2024-004735,2025-12-16 23:15:03,NARCOTICS,POSSESSION OF COCAINE,41.78920889922715,-87.58959568680648,ALLEY,True,False,D-03,W-16,0.6751752148683302,0.2165,LOW
CR-2024-000724,2025-03-09 15:17:46,ROBBERY,ARMED ROBBERY,41.89667424607151,-87.62948092634896,APARTMENT,False,True,D-09,W-10,0.13699629683491163,0.863,CRITICAL
CR-2024-005035,2025-05-31 19:41:13,NARCOTICS,POSSESSION OF HEROIN,41.87148646717084,-87.64654676282777,COMMERCIAL BUILDING,True,False,D-02,W-38,0.7557142168263131,0.1629,LOW
CR-2023-004203,2023-03-19 23:45:33,BURGLARY,COMMERCIAL,41.98944146622844,-87.68941918189782,PARK,True,False,D-08,W-13,0.10754727177163587,0.595,HIGH
CR-2023-004692,2025-12-24 06:14:34,MOTOR VEHICLE THEFT,MOTORCYCLE,41.86758296810108,-87.72030108755375,PARKING LOT,True,False,D-05,W-03,0.1655764643502908,0.5563,HIGH
CR-2025-005015,2024-12-19 02:08:59,CRIMINAL DAMAGE,TO PROPERTY,41.79948557961406,-87.60535916431081,SIDEWALK,False,False,D-02,W-13,0.12073495236812667,0.4103,MEDIUM
CR-2024-003067,2024-07-29 08:34:59,ROBBERY,ARMED ROBBERY,41.86606700887948,-87.64700739266517,APARTMENT,False,False,D-09,W-24,0.18169001933120987,0.8183,CRITICAL
CR-2023-004536,2025-07-27 17:34:35,ROBBERY,STRONGARM ROBBERY,41.91644760541663,-87.625497249558,APARTMENT,False,False,D-07,W-12,0.14941447815330017,0.8506,CRITICAL
CR-2025-003896,2023-08-13 12:07:46,BURGLARY,RESIDENTIAL,41.92989830759043,-87.66430403783332,PARKING LOT,False,False,D-14,W-02,0.17787485880023562,0.5481,HIGH
CR-2024-001795,2024-02-01 08:45:38,BATTERY,AGGRAVATED BATTERY,41.80560948334235,-87.61389697776029,PARKING LOT,True,True,D-04,W-27,0.8281387617320958,0.1719,LOW
CR-2024-002434,2024-11-10 18:07:07,MOTOR VEHICLE THEFT,MOTORCYCLE,41.78257338245967,-87.6420532892505,PARK,False,False,D-04,W-07,0.23430966770446057,0.5105,HIGH
CR-2024-005509,2024-08-27 20:47:48,ASSAULT,SIMPLE ASSAULT,41.85812130334413,-87.61018053711176,COMMERCIAL BUILDING,False,False,D-08,W-07,0.13961338786393673,0.8604,CRITICAL
CR-2023-005226,2025-01-19 06:15:12,NARCOTICS,POSSESSION OF COCAINE,41.89183480706388,-87.61200376614224,STREET,True,False,D-07,W-06,0.8337308473879429,0.1108,LOW
CR-2024-001378,2023-06-08 13:55:14,BATTERY,SIMPLE BATTERY,41.881025374760426,-87.64117423103332,APARTMENT,True,True,D-04,W-02,0.7947539515937228,0.2052,LOW
CR-2024-000463,2023-03-07 04:21:36,NARCOTICS,POSSESSION OF COCAINE,41.86971617229093,-87.62414182187403,COMMERCIAL BUILDING,True,False,D-08,W-07,0.7480520540831189,0.168,LOW
CR-2024-001420,2025-09-03 17:42:04,THEFT,GRAND THEFT,41.88253436733121,-87.65254963824131,ALLEY,False,False,D-11,W-36,0.09588408737758886,0.4219,MEDIUM
CR-2025-001076,2024-03-12 07:09:40,MOTOR VEHICLE THEFT,AUTOMOBILE,41.7794221622074,-87.62323247735704,APARTMENT,False,False,D-03,W-01,0.22674790091344127,0.5155,HIGH
CR-2023-002472,2024-08-11 20:06:32,BATTERY,DOMESTIC BATTERY,41.91206646724417,-87.70817888724176,STREET,True,True,D-02,W-25,0.7311410330991687,0.2689,MEDIUM
CR-2025-002957,2023-07-02 22:23:26,BURGLARY,FORCIBLE ENTRY,41.87457613592719,-87.6432027263878,RESIDENCE,False,False,D-15,W-12,0.07675915728336107,0.6155,HIGH
CR-2023-004227,2023-10-15 18:12:13,ASSAULT,SIMPLE ASSAULT,41.926374270203205,-87.6406569754789,STREET,False,False,D-03,W-08,0.19926092544522378,0.8007,CRITICAL
CR-2023-004137,2025-08-28 22:11:10,CRIMINAL DAMAGE,TO VEHICLE,41.92592243189749,-87.64773907479145,APARTMENT,False,False,D-13,W-14,0.113846286148087,0.4135,MEDIUM
CR-2023-004539,2024-11-17 08:50:14,BATTERY,AGGRAVATED BATTERY,41.92708634604361,-87.68897465135228,RESIDENCE,True,False,D-03,W-07,0.7807140574077458,0.2193,LOW
CR-2024-003769,2023-11-08 21:23:34,BURGLARY,FORCIBLE ENTRY,41.867059045197976,-87.63446406274527,APARTMENT,False,False,D-01,W-07,0.11854999870384572,0.5876,HIGH
CR-2025-002219,2025-09-14 10:42:04,THEFT,FROM BUILDING,41.770385032327255,-87.61649642417215,PARK,False,False,D-08,W-31,0.14224356892201925,0.4003,MEDIUM
CR-2025-001106,2024-02-23 00:14:12,BURGLARY,COMMERCIAL,41.96604666124647,-87.66434180665667,ALLEY,False,False,D-15,W-28,0.1710876111424087,0.5526,HIGH
CR-2024-000823,2023-12-03 04:38:36,THEFT,RETAIL THEFT,41.94465711469991,-87.6355854000864,COMMERCIAL BUILDING,True,False,D-12,W-24,0.15705304311373738,0.3934,MEDIUM
CR-2024-002593,2024-11-16 20:04:33,BATTERY,DOMESTIC BATTERY,41.87256590841453,-87.62659286809088,ALLEY,True,False,D-14,W-24,0.8146706247766152,0.1853,LOW
CR-2023-005472,2023-02-08 22:52:50,NARCOTICS,SALE/MANUFACTURE,41.80184430376379,-87.59874584761587,STREET,True,False,D-15,W-33,0.7561292038237005,0.1626,LOW
CR-2024-002761,2023-06-24 22:16:55,CRIMINAL DAMAGE,TO VEHICLE,41.89416155034304,-87.73796169810645,RESIDENCE,False,False,D-13,W-27,0.10306753804785863,0.4186,MEDIUM
CR-2023-002190,2024-07-12 15:26:03,BURGLARY,COMMERCIAL,41.78282819797477,-87.62459525443744,RESIDENCE,False,True,D-04,W-28,0.1671867900594971,0.5552,HIGH
CR-2023-001887,2025-01-31 13:45:52,ROBBERY,,41.91297862893824,-87.64586915239163,STREET,True,False,D-04,W-42,0.21830190253456047,0.7817,CRITICAL
CR-2024-003511,2023-07-14 00:36:32,CRIMINAL DAMAGE,TO PROPERTY,41.87057798208882,-87.72631250093957,STREET,False,False,D-09,W-07,0.16314003967937588,0.3905,MEDIUM
CR-2023-002151,2023-12-26 22:32:48,THEFT,RETAIL THEFT,41.86348817230676,-87.6192485812482,APARTMENT,False,False,D-12,W-07,0.10490995555312055,0.4177,MEDIUM
CR-2023-002451,2024-10-29 13:00:31,CRIMINAL DAMAGE,TO VEHICLE,41.86268894672711,-87.63539902368912,STREET,False,False,D-12,W-21,0.11593817394643069,0.4126,MEDIUM
CR-2025-001286,2025-08-13 12:39:46,BATTERY,AGGRAVATED BATTERY,41.77140808379984,-87.63025511542605,APARTMENT,False,False,D-12,W-37,0.6861036376164358,0.3139,MEDIUM
CR-2023-003813,2023-03-16 03:53:56,CRIMINAL DAMAGE,GRAFFITI,41.8946260679268,-87.62242009769746,SIDEWALK,False,False,D-10,W-04,0.09476464821340878,0.4224,MEDIUM
CR-2023-003894,2023-06-13 02:01:54,ASSAULT,SIMPLE ASSAULT,41.87723245081434,-87.61288317959333,STREET,False,False,D-13,W-19,0.15671379087899154,0.8433,CRITICAL
CR-2023-005748,2023-03-03 03:37:37,BURGLARY,FORCIBLE ENTRY,41.93889030517621,-87.66857666205651,PARKING LOT,False,False,D-08,W-26,0.13531151897279578,0.5765,HIGH
CR-2025-001442,2023-11-24 13:55:02,ROBBERY,ARMED ROBBERY,41.83688742735912,-87.63729595264228,APARTMENT,False,False,D-11,W-35,0.11924421564898251,0.8808,CRITICAL
CR-2023-003903,2023-05-15 21:07:03,PETTY THEFT,RETAIL THEFT,41.789599065663815,-87.58592313205885,STREET,False,False,D-10,W-50,0.22227683536774107,0.3629,MEDIUM
CR-2024-000073,2023-10-30 07:16:12,ASSAULT,SIMPLE ASSAULT,41.74797623222805,-87.66201141532711,ALLEY,False,False,D-08,W-30,0.21772236601051584,0.7823,CRITICAL
CR-2025-001943,2024-11-30 22:24:39,ASSAULT,SIMPLE ASSAULT,41.7239968044725,-87.633053099387,SIDEWALK,True,False,D-02,W-49,0.35165604132844624,0.6483,HIGH
CR-2025-002372,2025-03-23 23:54:03,ASSAULT,AGGRAVATED ASSAULT,41.90216508662464,-87.63407641385564,COMMERCIAL BUILDING,False,True,D-03,W-04,0.13372920825834905,0.8663,CRITICAL
CR-2025-004655,2024-07-31 06:29:59,ASSAULT,AGGRAVATED ASSAULT,41.91522324277686,-87.74405472834057,PARK,False,True,D-14,W-29,0.15145835891774748,0.8485,CRITICAL
CR-2023-004212,2024-11-17 12:08:24,PETTY THEFT,MOTORCYCLE,41.88730190248508,-87.63028755839586,ALLEY,False,False,D-07,W-15,0.38972032811790164,0.2848,MEDIUM
CR-2025-004670,2023-07-08 18:02:53,BURGLARY,COMMERCIAL,41.92970812210203,-87.65374829221027,SIDEWALK,False,False,D-06,W-06,0.10946347796653189,0.5937,HIGH
CR-2025-002969,2023-01-18 01:05:23,ROBBERY,ARMED ROBBERY,41.97329130320711,-87.61067002177944,PARKING LOT,False,False,D-04,W-29,0.19543630159129272,0.8046,CRITICAL
CR-2024-001300,2023-11-22 04:14:38,MOTOR VEHICLE THEFT,MOTORCYCLE,41.849951709409375,-87.62050432831052,PARK,False,False,D-05,W-19,0.14558395151018727,0.5696,HIGH
CR-2025-004190,2025-10-19 22:14:10,BATTERY,SIMPLE BATTERY,41.879626825005616,-87.62520478699102,COMMERCIAL BUILDING,True,True,D-05,W-17,0.7503302242972473,0.2497,LOW
CR-2025-002039,2025-04-12 13:57:43,CRIMINAL DAMAGE,GRAFFITI,41.872274795925485,-87.63438428666603,RESIDENCE,False,False,D-12,W-04,0.06891011081251044,0.4345,MEDIUM
CR-2025-002636,2025-07-26 15:09:04,ROBBERY,ARMED ROBBERY,41.92440549469819,-87.64132160629838,ALLEY,True,False,D-02,W-06,0.16254891833489,0.8375,CRITICAL
CR-2023-004104,2023-02-04 11:06:34,BURGLARY,COMMERCIAL,41.86193418881313,-87.62465262168705,STREET,True,False,D-06,W-21,0.15697964800424438,0.562,HIGH
CR-2024-003616,2023-12-19 04:17:50,BATTERY,AGGRAVATED BATTERY,41.78502785710931,-87.61083014883997,STREET,True,True,D-14,W-38,0.8489630470694112,0.151,LOW
CR-2024-004054,2025-08-08 00:38:19,THEFT,PETTY THEFT,41.97053549037248,-87.64700431075842,PARK,False,False,D-02,W-01,0.19028068836922665,0.3779,MEDIUM
CR-2024-000568,2025-03-10 23:57:20,ASSAULT,AGGRAVATED ASSAULT,41.89594205733388,-87.64821411722706,RESIDENCE,False,False,D-13,W-26,0.13973773229001193,0.8603,CRITICAL
CR-2024-000157,2023-10-20 02:00:39,ASSAULT,AGGRAVATED ASSAULT,41.89768218210732,-87.62948494237551,APARTMENT,False,True,D-07,W-40,0.21573647147684077,0.7843,CRITICAL
CR-2025-000623,2024-03-19 00:53:39,NARCOTICS,POSSESSION OF COCAINE,41.77975208670648,-87.64824933077647,STREET,False,False,D-12,W-44,0.7718499944076167,0.1521,LOW
CR-2023-003906,2023-11-06 22:25:37,NARCOTICS,POSSESSION OF HEROIN,41.880427330142986,-87.63577424550314,ALLEY,True,False,D-10,W-27,0.7181207578347626,0.1879,LOW
CR-2025-003428,2024-10-27 07:38:53,NARCOTICS,POSSESSION OF COCAINE,41.78268518476562,-87.63631713647439,COMMERCIAL BUILDING,True,False,D-08,W-44,0.7846404433194072,0.1436,LOW
CR-2025-004754,2025-07-06 01:09:44,MOTOR VEHICLE THEFT,TRUCK,41.87204444849004,-87.61736276447411,ALLEY,True,False,D-13,W-28,0.1988449050760862,0.5341,HIGH
CR-2023-005754,2025-08-31 02:10:22,BURGLARY,COMMERCIAL,41.808525174589576,-87.6024622710706,APARTMENT,False,False,D-08,W-42,0.09673977436574176,0.6022,HIGH
CR-2025-001475,2024-02-06 18:29:28,CRIMINAL DAMAGE,,41.972519890330936,-87.63975185294471,RESIDENCE,False,False,D-05,W-41,0.11497904516453704,0.413,MEDIUM
CR-2023-004347,2025-06-01 21:18:34,NARCOTICS,SALE/MANUFACTURE,41.77803589400391,-87.60635705998757,APARTMENT,True,False,D-04,W-37,0.7606442653281152,0.1596,LOW
CR-2023-001686,2023-05-24 19:04:49,ASSAULT,SIMPLE ASSAULT,41.8998639132242,-87.60269205034544,APARTMENT,False,False,D-07,W-19,0.16353417488460378,0.8365,CRITICAL
CR-2023-003201,2023-10-10 22:37:08,MOTOR VEHICLE THEFT,MOTORCYCLE,41.87261484376205,-87.62223593877943,RESIDENCE,False,False,D-13,W-45,0.10572454098912881,0.5962,HIGH
CR-2023-005631,2024-10-28 07:12:42,NARCOTICS,POSSESSION OF HEROIN,41.87973625569269,-87.75151187630313,PARK,True,False,D-12,W-39,0.6904776214591962,0.2063,LOW
CR-2023-004455,2024-04-10 20:58:32,THEFT,GRAND THEFT,41.864905344866735,-87.64210492691699,STREET,False,False,D-11,W-47,0.07404620192527948,0.4321,MEDIUM
CR-2025-002222,2023-04-14 06:48:12,NARCOTICS,SALE/MANUFACTURE,41.84904870946247,-87.64122032904714,RESIDENCE,False,False,D-08,W-47,0.6243076923284592,0.2505,MEDIUM
CR-2025-005633,2024-06-09 21:33:12,MOTOR VEHICLE THEFT,TRUCK,41.88231392745422,-87.61766517086157,RESIDENCE,False,False,D-14,W-49,0.23294305323443038,0.5114,HIGH
CR-2025-005906,2025-06-13 22:21:24,BATTERY,AGGRAVATED BATTERY,41.77179530294613,-87.58980521225511,RESIDENCE,True,True,D-04,W-36,0.7263880705332172,0.2736,MEDIUM
CR-2023-005430,2024-08-23 01:47:51,BURGLARY,FORCIBLE ENTRY,41.87790655300347,-87.75096560324653,PARK,True,False,D-12,W-01,0.1396655839321281,0.5736,HIGH
CR-2025-003827,2024-06-28 05:04:05,ASSAULT,AGGRAVATED ASSAULT,41.894353746546656,-87.63480191039773,STREET,False,True,D-03,W-34,0.1588503132102376,0.8411,CRITICAL
CR-2024-004276,2025-08-02 05:48:13,NARCOTICS,SALE/MANUFACTURE,41.88600472087046,-87.6296865972941,ALLEY,True,True,D-04,W-33,0.8072366308805378,0.1285,LOW
CR-2023-004722,2025-06-17 23:08:21,MOTOR VEHICLE THEFT,MOTORCYCLE,41.977083540730405,-87.69008850488464,COMMERCIAL BUILDING,False,False,D-13,W-03,0.11763080070225904,0.5882,HIGH
CR-2024-004249,2023-11-02 04:12:51,BURGLARY,FORCIBLE ENTRY,41.85140187337688,-87.61383743946489,STREET,False,False,D-06,W-30,0.11813295444815897,0.5879,HIGH
CR-2025-005402,2023-04-14 22:16:39,BATTERY,SIMPLE BATTERY,41.80216333298311,-87.64552102991883,PARKING LOT,True,True,D-02,W-23,0.7131620686038006,0.2868,MEDIUM
CR-2025-001640,2025-05-16 09:11:09,BURGLARY,COMMERCIAL,41.86508934473539,-87.72635943337505,STREET,False,False,D-04,W-46,0.22002211886533032,0.52,HIGH
CR-2025-005159,2024-04-12 22:03:18,MOTOR VEHICLE THEFT,MOTORCYCLE,41.89509389580952,-87.59889365952333,ALLEY,False,False,D-03,W-15,0.16981483490777746,0.5535,HIGH
CR-2024-002242,2025-04-12 10:23:56,CRIMINAL DAMAGE,GRAFFITI,41.87759112161108,-87.65372133937245,PARK,False,False,D-10,W-43,0.13661131093351975,0.4029,MEDIUM
CR-2024-004915,2025-08-30 07:22:47,NARCOTICS,POSSESSION OF HEROIN,41.86281792203614,-87.64202028479856,APARTMENT,True,False,D-02,W-23,0.7171847199093935,0.1885,LOW
CR-2024-000676,2025-06-09 23:53:15,BURGLARY,FORCIBLE ENTRY,41.88622194092307,-87.61841267259547,PARKING LOT,False,False,D-01,W-15,0.11287607368660796,0.5914,HIGH
CR-2025-003476,2025-01-07 23:03:18,MOTOR VEHICLE THEFT,MOTORCYCLE,41.742275631347376,-87.64571137277133,SIDEWALK,False,False,D-14,W-25,0.21024175357791072,0.5265,HIGH
CR-2025-003491,2024-01-23 01:07:57,BURGLARY,FORCIBLE ENTRY,41.94286221288462,-87.66873441578515,STREET,False,False,D-14,W-45,0.1868301312395976,0.5421,HIGH
CR-2025-005303,2024-05-12 13:19:23,NARCOTICS,SALE/MANUFACTURE,41.79045385240149,-87.63172982736252,RESIDENCE,True,False,D-15,W-39,0.6380125885132645,0.2413,LOW
CR-2023-004287,2024-09-07 23:12:20,THEFT,FROM BUILDING,41.87592699867281,-87.6237126386999,ALLEY,True,False,D-15,W-33,0.12849537817497744,0.4067,MEDIUM
CR-2024-003499,2024-09-21 11:55:50,ASSAULT,AGGRAVATED ASSAULT,41.94829786735946,-87.6473247247115,COMMERCIAL BUILDING,False,False,D-02,W-39,0.15525853499219372,0.8447,CRITICAL
CR-2025-000008,2025-09-27 00:23:56,BURGLARY,RESIDENTIAL,41.862907533194985,-87.62508629001107,ALLEY,True,False,D-02,W-49,0.19374745031213875,0.5375,HIGH
CR-2025-001349,2024-03-02 22:36:53,BATTERY,AGGRAVATED BATTERY,41.96084139980612,-87.62872133360929,SIDEWALK,True,False,D-04,W-15,0.8309505518522834,0.169,LOW
CR-2023-004998,2024-07-30 12:03:38,MOTOR VEHICLE THEFT,TRUCK,41.8446297905914,-87.73959570103048,ALLEY,False,False,D-14,W-31,0.24191991752072725,0.5054,HIGH
CR-2024-003064,2024-03-04 23:21:02,BATTERY,AGGRAVATED BATTERY,41.86585767516458,-87.65162581907636,PARK,True,False,D-09,W-27,0.7421151168413499,0.2579,MEDIUM
CR-2024-002227,2023-03-17 15:11:44,NARCOTICS,SALE/MANUFACTURE,41.8105912877797,-87.62178179992476,ALLEY,True,False,D-03,W-31,0.7783480255394095,0.1478,LOW
CR-2025-001109,2023-09-29 09:23:03,MOTOR VEHICLE THEFT,MOTORCYCLE,41.99039443578333,-87.66024051401492,SIDEWALK,False,False,D-12,W-50,0.1139234029245126,0.5907,HIGH
CR-2024-001873,2025-10-13 01:12:09,MOTOR VEHICLE THEFT,TRUCK,41.724473373838926,-87.62453808340287,COMMERCIAL BUILDING,False,False,D-06,W-39,0.18188301247116584,0.5454,HIGH
CR-2025-003944,2024-06-01 02:36:52,THEFT,RETAIL THEFT,41.96009048103675,-87.66066278278483,SIDEWALK,False,False,D-10,W-32,0.14864906747095927,0.3973,MEDIUM
CR-2023-003825,2024-12-14 20:01:26,BATTERY,SIMPLE BATTERY,41.80649300034307,-87.63861222802605,PARK,False,False,D-02,W-18,0.7445268968934747,0.2555,MEDIUM
CR-2023-000501,2023-11-09 22:46:59,CRIMINAL DAMAGE,GRAFFITI,41.78039075924801,-87.64517341944264,RESIDENCE,False,False,D-05,W-43,0.10861950435997499,0.416,MEDIUM
CR-2025-004784,2025-05-25 22:02:25,MOTOR VEHICLE THEFT,TRUCK,41.910445244475945,-87.63551041935693,SIDEWALK,False,False,D-02,W-07,0.1660400315232294,0.556,HIGH
CR-2023-003579,2024-08-30 20:35:37,BURGLARY,COMMERCIAL,41.86528259805893,-87.63584598802055,PARK,True,False,D-10,W-18,0.08368220448779087,0.6109,HIGH
CR-2024-001726,2023-02-18 23:21:43,BATTERY,SIMPLE BATTERY,41.87618517977723,-87.63820911455271,APARTMENT,True,True,D-05,W-40,0.7753819236621212,0.2246,LOW
CR-2025-000272,2024-01-01 01:31:12,BATTERY,SIMPLE BATTERY,41.89896710999746,-87.67123790510941,COMMERCIAL BUILDING,True,False,D-12,W-38,0.7825934895135952,0.2174,LOW
CR-2025-003623,2025-11-30 21:43:03,BATTERY,,41.77595862670994,-87.62862430624283,RESIDENCE,True,False,D-05,W-34,0.6304208751481084,0.3696,MEDIUM
CR-2023-003738,2025-09-22 02:37:37,BURGLARY,COMMERCIAL,41.844416211536526,-87.62686895168075,APARTMENT,False,False,D-14,W-12,0.12901225821503481,0.5807,HIGH
CR-2024-005047,2023-02-07 21:13:32,ASSAULT,SIMPLE ASSAULT,41.77605857893752,-87.58902191897909,SIDEWALK,False,True,D-06,W-09,0.19019007949815575,0.8098,CRITICAL
CR-2025-003206,2024-03-29 09:24:24,CRIMINAL DAMAGE,GRAFFITI,41.85104374273862,-87.62482793655504,PARK,False,False,D-10,W-29,0.0878706651553771,0.4257,MEDIUM
CR-2023-001836,2024-03-29 06:20:22,MOTOR VEHICLE THEFT,MOTORCYCLE,41.75032451719816,-87.60849604533112,RESIDENCE,True,False,D-04,W-08,0.20513311683678748,0.5299,HIGH
CR-2024-000208,2023-01-27 21:07:53,MOTOR VEHICLE THEFT,AUTOMOBILE,41.90852073555941,-87.72481785658273,ALLEY,False,False,D-05,W-42,0.14723352230986025,0.5685,HIGH
CR-2024-001201,2024-07-06 19:29:53,BATTERY,DOMESTIC BATTERY,41.8698997987312,-87.63387482665489,STREET,True,False,D-01,W-27,0.7685716085526625,0.2314,LOW
CR-2025-000218,2024-10-02 17:47:16,CRIMINAL DAMAGE,GRAFFITI,41.819615388639285,-87.66350253645538,PARK,False,False,D-12,W-46,0.12772957341738309,0.4071,MEDIUM
CR-2024-002065,2025-08-17 23:47:08,THEFT,GRAND THEFT,41.87445408201679,-87.62976568095785,PARKING LOT,False,False,D-05,W-49,0.1693523960126132,0.3876,MEDIUM
CR-2024-000601,2024-11-13 19:18:36,MOTOR VEHICLE THEFT,MOTORCYCLE,41.879934462545485,-87.62165052956446,STREET,True,False,D-09,W-48,0.14043344432246987,0.573,HIGH
CR-2025-002486,2023-08-27 09:29:51,NARCOTICS,POSSESSION OF COCAINE,41.8629732690118,-87.661088468166,SIDEWALK,True,False,D-15,W-41,0.7649810536828879,0.1567,LOW
CR-2024-001276,2024-06-25 08:20:51,NARCOTICS,SALE/MANUFACTURE,41.825674129384296,-87.61925964556573,SIDEWALK,True,False,D-14,W-32,0.8212350482940726,0.1192,LOW
CR-2025-003443,2023-01-21 01:00:17,MOTOR VEHICLE THEFT,AUTOMOBILE,41.855956061839976,-87.6027163835097,COMMERCIAL BUILDING,False,False,D-05,W-42,0.1531943293998854,0.5645,HIGH
CR-2023-001659,2024-11-20 02:27:02,BATTERY,SIMPLE BATTERY,41.89492786784346,-87.59499938916974,RESIDENCE,True,False,D-13,W-18,0.6780055915181069,0.322,MEDIUM
CR-2025-005744,2025-08-11 16:37:54,BURGLARY,FORCIBLE ENTRY,41.76322372886381,-87.59881242012621,PARK,False,False,D-14,W-04,0.11687534382432033,0.5887,HIGH
CR-2023-005028,2023-08-08 06:14:15,NARCOTICS,POSSESSION OF HEROIN,41.9439485014555,-87.68893937567971,RESIDENCE,False,False,D-07,W-48,0.737776220918061,0.1748,LOW
CR-2023-004917,2025-02-18 10:36:13,ROBBERY,ARMED ROBBERY,41.9105828217831,-87.61398069057269,PARK,False,False,D-01,W-18,0.19210790264809308,0.8079,CRITICAL
CR-2024-001351,2025-08-22 22:11:46,BATTERY,AGGRAVATED BATTERY,41.82920676114252,-87.60340726134733,PARKING LOT,True,False,D-15,W-41,0.68578526388501,0.3142,MEDIUM
CR-2024-003037,2024-08-29 12:52:04,NARCOTICS,POSSESSION OF HEROIN,41.90370994714339,-87.64136228204093,COMMERCIAL BUILDING,True,False,D-07,W-21,0.7461782978820942,0.1692,LOW
CR-2025-001052,2023-01-13 05:44:10,BATTERY,DOMESTIC BATTERY,41.74916470267832,-87.5879331761686,RESIDENCE,True,False,D-09,W-08,0.8000851876622088,0.1999,LOW
CR-2025-004502,2025-09-28 07:26:01,ROBBERY,STRONGARM ROBBERY,41.775014439186805,-87.65789268937293,STREET,False,False,D-12,W-06,0.1937980811694046,0.8062,CRITICAL
CR-2023-000135,2024-10-26 12:26:24,BATTERY,DOMESTIC BATTERY,41.90654291920319,-87.75274551872123,APARTMENT,True,True,D-07,W-11,0.8108801988363974,0.1891,LOW
CR-2025-005969,2025-04-10 15:16:22,ASSAULT,AGGRAVATED ASSAULT,41.86905999022525,-87.6970403454998,RESIDENCE,False,False,D-02,W-40,0.16429766520522265,0.8357,CRITICAL
CR-2024-002902,2025-11-05 13:49:59,CRIMINAL DAMAGE,TO PROPERTY,41.97194369926368,-87.65256506705201,PARK,False,False,D-08,W-08,0.11575243542059187,0.4126,MEDIUM
CR-2023-002250,2025-01-31 16:26:35,BURGLARY,FORCIBLE ENTRY,41.86334198778864,-87.75124515640994,APARTMENT,False,False,D-15,W-49,0.21137484780932278,0.5258,HIGH
CR-2023-005280,2025-08-25 02:25:09,THEFT,RETAIL THEFT,41.939631452655696,-87.643067968769,ALLEY,False,False,D-15,W-36,0.12516857722002,0.4083,MEDIUM
CR-2025-005918,2025-09-20 01:24:41,ROBBERY,STRONGARM ROBBERY,41.87776537191632,-87.6246466813444,RESIDENCE,False,False,D-04,W-18,0.15697023876119684,0.843,CRITICAL
CR-2023-003009,2024-04-11 02:52:24,NARCOTICS,POSSESSION OF HEROIN,41.87588989660068,-87.61534111865417,ALLEY,True,False,D-08,W-34,0.6689384407084712,0.2207,LOW
CR-2025-005096,2025-09-15 20:49:14,THEFT,GRAND THEFT,41.96994587346031,-87.65565724309775,ALLEY,True,False,D-05,W-22,0.13189832826296002,0.4051,MEDIUM
CR-2025-003488,2023-06-20 21:01:25,ROBBERY,ARMED ROBBERY,41.88291496345529,-87.61476645749946,ALLEY,True,False,D-13,W-32,0.14692254230372,0.8531,CRITICAL
CR-2023-000516,2023-06-07 23:05:10,THEFT,PETTY THEFT,41.78888057806513,-87.61282010150744,PARK,False,True,D-07,W-44,0.14253647365987113,0.4001,MEDIUM
CR-2023-001548,2025-09-08 09:05:13,ROBBERY,ARMED ROBBERY,41.96923449328118,-87.64362911393975,APARTMENT,True,False,D-06,W-13,0.1642569625828267,0.8357,CRITICAL
CR-2024-004225,2023-11-29 04:26:55,ASSAULT,,41.84900089940332,-87.71872970587006,APARTMENT,False,True,D-01,W-46,0.2511403686176316,0.7489,HIGH
CR-2024-001294,2023-01-06 01:37:15,THEFT,FROM BUILDING,41.86609942153404,-87.63075286861924,SIDEWALK,True,False,D-01,W-49,0.26550371285416535,0.3428,MEDIUM
CR-2023-005115,2025-06-01 02:44:12,BATTERY,DOMESTIC BATTERY,41.9675077714236,-87.6792506462253,ALLEY,False,False,D-11,W-45,0.6877665197998825,0.3122,MEDIUM
CR-2024-003910,2025-12-29 08:15:50,BURGLARY,RESIDENTIAL,41.88708494512527,-87.6169997653399,STREET,False,False,D-09,W-23,0.10400903624200465,0.5973,HIGH
CR-2024-003211,2024-08-19 11:44:22,BURGLARY,COMMERCIAL,41.90404662714215,-87.72442208506438,RESIDENCE,False,False,D-12,W-39,0.07219043954338779,0.6185,HIGH
CR-2023-000228,2025-11-15 04:14:39,BURGLARY,RESIDENTIAL,41.87649454460068,-87.64532863483629,STREET,False,False,D-09,W-30,0.12193483396889379,0.5854,HIGH
CR-2023-001926,2024-10-18 13:46:11,MOTOR VEHICLE THEFT,AUTOMOBILE,41.97432126123563,-87.67744313633605,RESIDENCE,False,False,D-15,W-41,0.12474816146105291,0.5835,HIGH
CR-2023-004398,2025-01-09 10:03:55,THEFT,GRAND THEFT,41.870388667934485,-87.61633516342526,ALLEY,False,False,D-01,W-21,0.17706290372754813,0.384,MEDIUM
CR-2025-002819,2023-02-28 15:08:05,ASSAULT,AGGRAVATED ASSAULT,41.94160481984705,-87.65066785051664,COMMERCIAL BUILDING,False,False,D-01,W-10,0.16338200502267536,0.8366,CRITICAL
CR-2024-001354,2024-12-13 23:46:41,NARCOTICS,SALE/MANUFACTURE,41.77011464410716,-87.5899146660292,ALLEY,True,False,D-07,W-29,0.6844815017784256,0.2103,LOW
CR-2024-004333,2023-01-18 21:58:54,ROBBERY,ARMED ROBBERY,41.86336970754184,-87.64010098593351,RESIDENCE,False,False,D-03,W-49,0.23789181087318578,0.7621,CRITICAL
CR-2023-004062,2024-09-25 07:19:01,BATTERY,SIMPLE BATTERY,41.9417302743806,-87.63759487358267,PARK,True,True,D-10,W-24,0.7673638021221508,0.2326,LOW
CR-2025-003515,2023-08-30 17:41:30,THEFT,GRAND THEFT,41.857638410092726,-87.63777816625435,STREET,False,False,D-06,W-13,0.12569174565846247,0.408,MEDIUM
CR-2023-005373,2023-06-26 20:33:51,THEFT,FROM BUILDING,41.87537399693576,-87.6439207222921,PARKING LOT,False,False,D-07,W-18,0.1411445237782777,0.4008,MEDIUM
CR-2025-002489,2023-06-27 18:50:00,ASSAULT,AGGRAVATED ASSAULT,41.883944067861385,-87.66310631513403,APARTMENT,False,True,D-05,W-47,0.0987008773875064,0.9013,CRITICAL
CR-2024-000994,2023-05-10 02:13:53,BATTERY,DOMESTIC BATTERY,41.76286296011943,-87.61820193638316,APARTMENT,True,False,D-10,W-41,0.702222264726513,0.2978,MEDIUM
CR-2024-003706,2023-12-07 02:40:12,NARCOTICS,POSSESSION OF COCAINE,41.87651503560952,-87.71969999989895,ALLEY,True,True,D-13,W-41,0.7488309726282629,0.1674,LOW
CR-2023-000885,2023-08-15 09:17:11,NARCOTICS,POSSESSION OF HEROIN,41.94927204892745,-87.62139897919138,ALLEY,True,False,D-11,W-15,0.7440535215956499,0.1706,LOW
CR-2023-002091,2024-04-15 18:15:21,NARCOTICS,SALE/MANUFACTURE,41.8654046042017,-87.63857361480127,RESIDENCE,True,False,D-11,W-27,0.6283978771226603,0.2477,LOW
CR-2025-004127,2025-04-20 13:01:15,ROBBERY,ARMED ROBBERY,41.95069883543518,-87.62675342696811,STREET,False,False,D-04,W-07,0.27250124224273164,0.7275,HIGH
CR-2023-005109,2025-02-25 04:49:02,ASSAULT,AGGRAVATED ASSAULT,41.97214854303364,-87.6448754001871,APARTMENT,False,False,D-11,W-09,0.15175591536688257,0.8482,CRITICAL
CR-2023-003990,2024-05-20 21:03:24,MOTOR VEHICLE THEFT,MOTORCYCLE,41.92982147035079,-87.66538257347302,APARTMENT,False,False,D-01,W-25,0.11055417918328338,0.593,HIGH
CR-2024-005440,2023-02-06 21:40:23,NARCOTICS,POSSESSION OF HEROIN,41.93138434502744,-87.66987580392754,STREET,True,False,D-03,W-30,0.7568491077336593,0.1621,LOW
CR-2025-004769,2024-07-29 00:02:47,ASSAULT,AGGRAVATED ASSAULT,41.92260999860552,-87.66133159615582,RESIDENCE,False,True,D-15,W-32,0.14661990427679145,0.8534,CRITICAL
CR-2024-004765,2025-03-07 13:25:46,ASSAULT,SIMPLE ASSAULT,41.89023887942185,-87.61131507092178,SIDEWALK,True,False,D-01,W-43,0.19361353946404852,0.8064,CRITICAL
CR-2024-002896,2025-06-28 12:44:48,MOTOR VEHICLE THEFT,TRUCK,41.95434924106235,-87.65251004407705,RESIDENCE,True,False,D-14,W-13,0.15887841939345182,0.5607,HIGH
CR-2025-002075,2025-08-29 07:32:31,ASSAULT,AGGRAVATED ASSAULT,41.87951273287446,-87.70659995548858,APARTMENT,False,False,D-12,W-31,0.1470342202037228,0.853,CRITICAL
CR-2023-000828,2025-06-05 19:04:35,BATTERY,DOMESTIC BATTERY,41.78311152440674,-87.5960600616098,RESIDENCE,False,True,D-05,W-26,0.6798036236574728,0.3202,MEDIUM
CR-2025-001394,2023-03-29 02:41:58,BURGLARY,RESIDENTIAL,41.76749697931314,-87.62446433449716,STREET,False,False,D-11,W-27,0.1000307884200188,0.6,HIGH
CR-2023-005298,2025-08-08 03:47:40,CRIMINAL DAMAGE,GRAFFITI,41.95839117816498,-87.63761115125236,PARKING LOT,False,False,D-13,W-17,0.1503808436726875,0.3965,MEDIUM
CR-2023-005361,2023-11-16 23:45:45,ROBBERY,STRONGARM ROBBERY,41.87849277723779,-87.62873069109176,APARTMENT,False,True,D-12,W-26,0.12774214916279006,0.8723,CRITICAL
CR-2024-002011,2025-04-01 04:56:24,BURGLARY,FORCIBLE ENTRY,41.85032235902639,-87.61804615502803,SIDEWALK,False,False,D-10,W-19,0.10529588413328277,0.5965,HIGH
CR-2023-005988,2024-12-20 21:43:46,THEFT,GRAND THEFT,41.95246964006905,-87.68351604570182,STREET,False,False,D-09,W-39,0.09649029729921071,0.4216,MEDIUM
CR-2025-004505,2023-02-20 00:13:19,BURGLARY,COMMERCIAL,41.88322630881071,-87.64927488909504,RESIDENCE,False,False,D-12,W-39,0.07832587062570809,0.6144,HIGH
CR-2024-001486,2023-10-24 17:46:15,BATTERY,SIMPLE BATTERY,41.85757527441751,-87.59999086001154,PARK,True,False,D-07,W-30,0.7464408470742179,0.2536,MEDIUM
CR-2024-001045,2025-02-06 07:25:31,MOTOR VEHICLE THEFT,TRUCK,41.78706861911506,-87.62148814100973,RESIDENCE,False,True,D-03,W-41,0.16039661922980003,0.5597,HIGH
CR-2023-002367,2023-09-26 22:46:10,ASSAULT,SIMPLE ASSAULT,41.882464210465095,-87.61543240553338,ALLEY,False,True,D-11,W-38,0.13719307451004165,0.8628,CRITICAL
CR-2025-001139,2024-03-29 00:34:36,CRIMINAL DAMAGE,GRAFFITI,41.79555781252273,-87.61743521767866,PARKING LOT,False,False,D-09,W-36,0.12043600264329168,0.4105,MEDIUM
CR-2025-000962,2025-06-17 00:11:28,BATTERY,SIMPLE BATTERY,41.909211240046254,-87.64359076887379,APARTMENT,True,False,D-13,W-34,0.6442322071779146,0.3558,MEDIUM
CR-2023-004626,2023-09-05 18:05:50,ASSAULT,AGGRAVATED ASSAULT,41.93969722504076,-87.68159757328809,STREET,False,True,D-03,W-31,0.18166325941062483,0.8183,CRITICAL
CR-2025-000242,2023-07-20 13:30:49,CRIMINAL DAMAGE,TO VEHICLE,41.86675473882074,-87.65113380564397,COMMERCIAL BUILDING,False,True,D-12,W-01,0.13905009982621366,0.4018,MEDIUM
CR-2024-002110,2023-04-02 23:32:44,THEFT,PETTY THEFT,41.719101094892174,-87.60788064060546,SIDEWALK,False,False,D-15,W-46,0.2423064604630201,0.3536,MEDIUM
CR-2025-005444,2025-06-10 20:15:48,ROBBERY,ARMED ROBBERY,41.97471643680032,-87.64236512129162,APARTMENT,False,False,D-04,W-27,0.17561082652913484,0.8244,CRITICAL
CR-2024-002584,2025-04-18 02:37:38,THEFT,FROM BUILDING,41.86660818754084,-87.64672093832212,PARK,False,False,D-03,W-42,0.12198910967131252,0.4097,MEDIUM
CR-2023-003048,2024-05-11 02:33:43,BURGLARY,RESIDENTIAL,41.75031652522291,-87.626813156158,STREET,False,False,D-05,W-38,0.15847784225894426,0.561,HIGH
CR-2025-005627,2025-05-15 04:27:33,CRIMINAL DAMAGE,,41.77128330415611,-87.61348747752253,PARKING LOT,False,False,D-05,W-02,0.10613735469934299,0.4171,MEDIUM
CR-2024-005578,2024-05-08 09:26:59,MOTOR VEHICLE THEFT,AUTOMOBILE,41.87205749857288,-87.63233993285672,PARK,True,False,D-09,W-12,0.11614775696594996,0.5892,HIGH
CR-2025-000275,2023-05-25 09:13:33,BATTERY,SIMPLE BATTERY,41.78106474468682,-87.63289193088481,COMMERCIAL BUILDING,True,False,D-04,W-37,0.8030843167147402,0.1969,LOW
CR-2024-003595,2025-08-20 23:43:31,BURGLARY,FORCIBLE ENTRY,41.88344569017438,-87.72629801757648,APARTMENT,True,False,D-06,W-16,0.08022138267471134,0.6132,HIGH
CR-2023-004518,2023-03-03 11:54:50,ROBBERY,STRONGARM ROBBERY,41.8785953496079,-87.60959588133417,PARK,False,False,D-10,W-11,0.15437386081512994,0.8456,CRITICAL
CR-2023-004818,2024-09-23 20:13:10,ASSAULT,AGGRAVATED ASSAULT,41.77699402456699,-87.59157799315373,APARTMENT,True,False,D-07,W-29,0.1275428428330003,0.8725,CRITICAL
CR-2023-005541,2025-05-21 21:22:58,MOTOR VEHICLE THEFT,MOTORCYCLE,41.88619926351133,-87.63624987112922,SIDEWALK,False,False,D-02,W-07,0.14226731081362437,0.5718,HIGH
CR-2025-003263,2025-09-30 03:42:33,BURGLARY,RESIDENTIAL,41.87301033219293,-87.63042005807215,PARKING LOT,False,False,D-04,W-30,0.11968560740721434,0.5869,HIGH
CR-2025-000233,2025-11-11 02:32:00,CRIMINAL DAMAGE,GRAFFITI,41.79425416750109,-87.61006230724882,RESIDENCE,False,False,D-10,W-43,0.10439331056618424,0.4179,MEDIUM
CR-2024-005803,2025-11-28 00:52:02,MOTOR VEHICLE THEFT,TRUCK,41.75879096245593,-87.62335529914786,PARKING LOT,True,False,D-08,W-11,0.14414673698313396,0.5706,HIGH
CR-2024-001105,2023-11-23 06:33:09,CRIMINAL DAMAGE,,41.859343883990455,-87.62073227010467,RESIDENCE,False,False,D-02,W-14,0.15096222137683,0.3962,MEDIUM
CR-2024-000538,2023-01-25 19:24:01,BATTERY,SIMPLE BATTERY,41.7399854525335,-87.63970287902416,STREET,True,False,D-05,W-10,0.7876385482427137,0.2124,LOW
CR-2024-001930,2023-12-24 11:31:22,BATTERY,AGGRAVATED BATTERY,41.93936101256176,-87.67108677011439,SIDEWALK,False,False,D-07,W-41,0.8013989053421461,0.1986,LOW
CR-2023-003639,2025-10-08 12:33:42,ROBBERY,STRONGARM ROBBERY,41.87911333364368,-87.71304056283597,SIDEWALK,False,False,D-04,W-25,0.16949016150520033,0.8305,CRITICAL
CR-2024-000865,2024-06-04 12:33:14,THEFT,GRAND THEFT,41.876577612317305,-87.73318770233013,PARK,False,True,D-01,W-05,0.16517351457086796,0.3896,MEDIUM
CR-2023-003411,2025-10-25 22:35:29,ASSAULT,AGGRAVATED ASSAULT,41.75720193843122,-87.61507155953991,STREET,False,True,D-02,W-47,0.1428835545175111,0.8571,CRITICAL
CR-2025-000779,2023-11-24 04:07:34,NARCOTICS,POSSESSION OF HEROIN,41.97825377137919,-87.66072247202085,PARK,True,False,D-14,W-16,0.7563286536943674,0.1624,LOW
CR-2025-004838,2024-08-26 11:58:05,BATTERY,SIMPLE BATTERY,41.86270469566416,-87.60595838074657,APARTMENT,True,True,D-14,W-31,0.8110059225437988,0.189,LOW
CR-2025-002858,2023-05-12 12:38:28,ROBBERY,,41.884857435856674,-87.63372637435332,PARK,False,False,D-13,W-49,0.2125709883444028,0.7874,CRITICAL
CR-2024-002392,2024-03-20 03:03:33,CRIMINAL DAMAGE,TO PROPERTY,42.0035043548744,-87.66141221228307,STREET,False,False,D-06,W-47,0.11942214263188698,0.4109,MEDIUM
CR-2025-000377,2025-10-17 21:11:24,ROBBERY,ARMED ROBBERY,41.863859016667526,-87.59031426902744,ALLEY,False,False,D-09,W-50,0.10601069860097513,0.894,CRITICAL
CR-2023-001869,2024-04-03 21:23:32,NARCOTICS,SALE/MANUFACTURE,41.94098834475199,-87.6822609422388,RESIDENCE,False,False,D-10,W-31,0.6216424914768143,0.2522,MEDIUM
CR-2023-005832,2023-06-08 23:31:52,BATTERY,SIMPLE BATTERY,41.9504284592848,-87.67037415289724,COMMERCIAL BUILDING,True,True,D-13,W-33,0.679426064477259,0.3206,MEDIUM
CR-2024-002029,2023-07-02 21:22:25,NARCOTICS,SALE/MANUFACTURE,41.96763974378143,-87.66004023940025,APARTMENT,True,False,D-14,W-35,0.755134498882571,0.1632,LOW
CR-2024-004555,2024-07-15 08:58:09,CRIMINAL DAMAGE,TO VEHICLE,41.90582163656158,-87.62169973297415,STREET,True,False,D-02,W-03,0.17476340880026978,0.3851,MEDIUM
CR-2024-004093,2025-05-20 06:21:27,NARCOTICS,POSSESSION OF COCAINE,41.95954817113702,-87.64265567371936,APARTMENT,True,False,D-11,W-02,0.6970485499404228,0.202,LOW
CR-2025-003875,2023-10-21 00:33:35,ROBBERY,ARMED ROBBERY,41.9488377764233,-87.64896095986032,APARTMENT,False,False,D-02,W-27,0.1917194379747577,0.8083,CRITICAL
CR-2023-005292,2024-07-14 22:27:42,BURGLARY,COMMERCIAL,41.75784753275696,-87.66068191720932,COMMERCIAL BUILDING,False,False,D-11,W-28,0.14912545798471666,0.5672,HIGH
CR-2024-004285,2024-11-11 05:38:59,BURGLARY,FORCIBLE ENTRY,41.9339908985865,-87.64707284737696,PARK,False,False,D-02,W-25,0.10374317421603052,0.5975,HIGH
CR-2024-000964,2023-04-22 17:02:56,THEFT,FROM BUILDING,41.80642399087496,-87.58004131364449,PARK,False,False,D-15,W-30,0.12197311667014978,0.4097,MEDIUM
CR-2025-000257,2025-07-04 02:18:29,ASSAULT,SIMPLE ASSAULT,41.93686457338863,-87.64019217548348,PARKING LOT,False,False,D-07,W-05,0.16500953447322325,0.835,CRITICAL
CR-2025-004535,2023-12-23 19:51:05,MOTOR VEHICLE THEFT,TRUCK,41.96685955130281,-87.66571261213124,ALLEY,False,False,D-14,W-08,0.1939330584811688,0.5374,HIGH
CR-2025-001682,2023-04-23 10:59:11,NARCOTICS,POSSESSION OF HEROIN,41.86746468563555,-87.60050111293711,ALLEY,False,False,D-02,W-43,0.8048085835975782,0.1301,LOW
CR-2025-002417,2025-10-31 18:29:40,MOTOR VEHICLE THEFT,AUTOMOBILE,41.91017366216675,-87.65344041506941,PARKING LOT,False,False,D-10,W-24,0.14601558899936154,0.5693,HIGH
CR-2023-005616,2024-10-24 15:48:44,MOTOR VEHICLE THEFT,MOTORCYCLE,41.88406714465657,-87.72949199959864,SIDEWALK,False,True,D-03,W-46,0.22130130190629774,0.5191,HIGH
CR-2025-004247,2024-05-08 16:48:35,THEFT,RETAIL THEFT,41.75421192593932,-87.6104670045773,PARKING LOT,False,False,D-05,W-07,0.1314757142927472,0.4053,MEDIUM
CR-2025-002633,2025-04-28 09:16:05,ASSAULT,SIMPLE ASSAULT,41.89448160175974,-87.63801857956311,STREET,False,True,D-04,W-05,0.2306820478542703,0.7693,CRITICAL
CR-2023-002763,2025-09-17 00:48:58,ROBBERY,ARMED ROBBERY,41.806865808353855,-87.62867391564058,RESIDENCE,True,False,D-14,W-50,0.12287713136715371,0.8771,CRITICAL
CR-2024-004846,2024-05-26 22:22:35,NARCOTICS,SALE/MANUFACTURE,41.91605554502963,-87.6332183883815,APARTMENT,True,False,D-14,W-24,0.7971976426776651,0.1352,LOW
CR-2024-004009,2024-03-28 05:29:25,MOTOR VEHICLE THEFT,AUTOMOBILE,41.831924839146126,-87.60455381088364,STREET,False,False,D-02,W-33,0.2069554039730016,0.5287,HIGH
CR-2023-000000,2024-05-16 07:06:43,BATTERY,DOMESTIC BATTERY,41.95833428306023,-87.65806528602342,STREET,True,True,D-10,W-02,0.7582955301953477,0.2417,LOW
CR-2023-002079,2024-08-17 04:06:29,ROBBERY,STRONGARM ROBBERY,41.76265432786256,-87.62689579424536,SIDEWALK,False,False,D-08,W-42,0.13765424143511065,0.8623,CRITICAL
CR-2025-000896,2024-06-29 22:35:56,ROBBERY,STRONGARM ROBBERY,41.87569800806651,-87.61972989885325,APARTMENT,False,False,D-10,W-29,0.08303748588183003,0.917,CRITICAL
CR-2023-000438,2024-07-05 01:35:26,BATTERY,AGGRAVATED BATTERY,41.87033583051446,-87.62644318072542,APARTMENT,False,True,D-09,W-38,0.737867341651601,0.2621,MEDIUM
CR-2024-000949,2024-08-11 08:12:19,BATTERY,DOMESTIC BATTERY,41.79292298619853,-87.63638700795073,ALLEY,False,True,D-08,W-39,0.738477410879675,0.2615,MEDIUM
CR-2024-001927,2023-05-20 18:36:00,BATTERY,DOMESTIC BATTERY,41.9410898812603,-87.65832598440464,STREET,False,False,D-08,W-45,0.7346210656235446,0.2654,MEDIUM
CR-2025-001991,2024-11-13 20:33:01,ROBBERY,ARMED ROBBERY,41.93733702122122,-87.74712289259831,PARK,False,False,D-12,W-43,0.12324535463876157,0.8768,CRITICAL
CR-2023-000063,2023-02-22 04:50:50,CRIMINAL DAMAGE,GRAFFITI,41.86324195512304,-87.63829446594404,RESIDENCE,False,False,D-07,W-34,0.12336590832835936,0.4091,MEDIUM
CR-2025-005279,2023-10-21 18:02:16,MOTOR VEHICLE THEFT,AUTOMOBILE,41.87656027139825,-87.609345890572,PARK,False,False,D-11,W-28,0.17064586869852724,0.5529,HIGH
CR-2025-003341,2025-09-08 23:49:17,ROBBERY,ARMED ROBBERY,41.7967793597532,-87.63027796732538,PARK,False,False,D-13,W-30,0.1158383912214253,0.8842,CRITICAL
CR-2024-000625,2024-07-04 21:41:51,THEFT,,41.88306320348322,-87.61729706557587,PARKING LOT,False,False,D-08,W-30,0.08958565276798267,0.4249,MEDIUM
CR-2023-002016,2024-12-15 18:14:09,BURGLARY,RESIDENTIAL,41.86083269395171,-87.67238617989229,COMMERCIAL BUILDING,False,True,D-09,W-47,0.08565122888579756,0.6096,HIGH
CR-2023-002499,2025-08-30 20:44:10,MOTOR VEHICLE THEFT,MOTORCYCLE,41.79910090473505,-87.65020163995077,ALLEY,False,False,D-15,W-14,0.18163115816267053,0.5456,HIGH
CR-2025-004541,2025-06-09 13:14:39,NARCOTICS,POSSESSION OF COCAINE,41.87597506052192,-87.62526515649478,APARTMENT,False,False,D-10,W-22,0.7052568625571272,0.1965,LOW
CR-2023-000219,2024-08-25 14:43:04,ASSAULT,SIMPLE ASSAULT,41.73631543901613,-87.63038869247242,ALLEY,False,False,D-09,W-17,0.2668072098864908,0.7332,HIGH
CR-2023-004923,2024-05-19 02:54:26,MOTOR VEHICLE THEFT,TRUCK,41.78561033184236,-87.62272622448221,PARK,False,False,D-08,W-37,0.15886856089017037,0.5608,HIGH
CR-2023-002274,2023-07-28 20:42:56,BATTERY,DOMESTIC BATTERY,41.88425825127992,-87.63326604216186,COMMERCIAL BUILDING,True,False,D-01,W-11,0.7210824937230603,0.2789,MEDIUM
CR-2025-005786,2025-06-20 23:50:35,BURGLARY,,41.87180229506254,-87.62947430472273,SIDEWALK,False,False,D-15,W-31,0.08228119984335011,0.6118,HIGH
CR-2025-000794,2024-11-09 22:08:20,CRIMINAL DAMAGE,GRAFFITI,41.93184819558702,-87.65357712233907,APARTMENT,False,False,D-10,W-31,0.11089465975370813,0.4149,MEDIUM
CR-2023-003654,2023-09-21 02:34:27,THEFT,RETAIL THEFT,41.92739626925277,-87.6747459648947,PARK,False,False,D-11,W-33,0.10939720425026296,0.4156,MEDIUM
CR-2023-000399,2024-08-02 23:26:11,NARCOTICS,POSSESSION OF HEROIN,41.87852477564197,-87.62935365790757,SIDEWALK,True,False,D-04,W-24,0.7696172518218563,0.1536,LOW
CR-2025-005183,2025-08-29 21:56:15,THEFT,FROM BUILDING,41.753508419228005,-87.6155447098627,STREET,False,False,D-05,W-03,0.1402762246524057,0.4012,MEDIUM
CR-2025-005915,2025-07-31 23:50:32,THEFT,GRAND THEFT,41.86984199047699,-87.63905095164935,SIDEWALK,False,False,D-10,W-39,0.07723163210677597,0.4306,MEDIUM
CR-2024-005800,2024-06-27 12:04:13,ASSAULT,SIMPLE ASSAULT,41.85026100069218,-87.6225056904289,RESIDENCE,False,False,D-09,W-06,0.11455402091619407,0.8854,CRITICAL
CR-2023-002322,2024-06-22 08:20:45,MOTOR VEHICLE THEFT,MOTORCYCLE,41.79483311707558,-87.58859249893196,ALLEY,False,False,D-05,W-12,0.143416344564353,0.5711,HIGH
CR-2025-003611,2023-02-04 01:19:00,NARCOTICS,POSSESSION OF COCAINE,41.87692566416029,-87.67078173967425,RESIDENCE,True,False,D-14,W-24,0.8313477075307989,0.1124,LOW
CR-2023-002667,2024-12-29 21:45:51,THEFT,RETAIL THEFT,41.93296518370806,-87.66525923693635,PARK,False,False,D-01,W-03,0.15240149569396527,0.3955,MEDIUM
CR-2024-001825,2025-02-20 13:19:37,THEFT,GRAND THEFT,41.956561056936735,-87.64428404855452,SIDEWALK,False,False,D-12,W-38,0.15440466756710866,0.3946,MEDIUM
CR-2024-003286,2024-07-26 16:51:50,ROBBERY,STRONGARM ROBBERY,41.83247517636463,-87.64074411160843,ALLEY,False,False,D-06,W-36,0.14774623131054207,0.8523,CRITICAL
CR-2023-004146,2024-10-09 03:21:56,ASSAULT,AGGRAVATED ASSAULT,41.79902333476831,-87.57423957497029,COMMERCIAL BUILDING,False,False,D-04,W-07,0.23280183812534821,0.7672,CRITICAL
CR-2024-004738,2024-08-19 15:23:53,CRIMINAL DAMAGE,TO PROPERTY,41.885490304521,-87.69826567664091,STREET,False,False,D-13,W-30,0.1229474965913241,0.4093,MEDIUM
CR-2024-001453,2025-04-26 20:18:43,CRIMINAL DAMAGE,TO VEHICLE,41.87185708392673,-87.6467510400856,APARTMENT,True,False,D-08,W-45,0.11107067492929255,0.4148,MEDIUM
CR-2025-000743,2023-07-27 23:25:20,MOTOR VEHICLE THEFT,MOTORCYCLE,41.85682451400601,-87.65621213217972,COMMERCIAL BUILDING,False,False,D-08,W-23,0.10199843069612312,0.5987,HIGH
CR-2025-003737,2025-06-10 17:10:29,NARCOTICS,POSSESSION OF HEROIN,41.87666988363205,-87.60384517277714,RESIDENCE,False,False,D-08,W-08,0.6330453676115889,0.2446,LOW
CR-2023-000396,2023-10-06 00:40:19,ROBBERY,ARMED ROBBERY,41.882173682557934,-87.6489512286373,APARTMENT,False,False,D-14,W-42,0.17833368378379066,0.8217,CRITICAL
CR-2023-002220,2024-01-09 16:50:26,BATTERY,DOMESTIC BATTERY,41.85617515974541,-87.72288324501454,STREET,True,True,D-07,W-26,0.871503617563594,0.1285,LOW
CR-2023-003135,2023-07-30 18:09:29,BATTERY,AGGRAVATED BATTERY,41.941153048849074,-87.64046355411219,APARTMENT,False,False,D-04,W-23,0.751065879886073,0.2489,LOW
CR-2023-005355,2025-04-30 06:58:04,CRIMINAL DAMAGE,TO PROPERTY,41.8957214270035,-87.59805981914754,ALLEY,False,True,D-02,W-28,0.20594365838586304,0.3706,MEDIUM
CR-2024-004906,2023-01-20 21:17:13,ROBBERY,STRONGARM ROBBERY,41.788530316306485,-87.60098285733945,APARTMENT,False,False,D-01,W-35,0.17640746473181323,0.8236,CRITICAL
CR-2023-001449,2024-05-13 13:07:21,MOTOR VEHICLE THEFT,MOTORCYCLE,41.94265104961199,-87.64955342191193,ALLEY,False,False,D-12,W-45,0.13149136863548985,0.579,HIGH
CR-2023-001218,2024-03-30 18:34:54,BURGLARY,FORCIBLE ENTRY,41.87612791106493,-87.61740929242838,STREET,True,False,D-12,W-28,0.15132302902377318,0.5658,HIGH
CR-2025-003755,2025-06-26 01:06:52,MOTOR VEHICLE THEFT,AUTOMOBILE,41.90427292109936,-87.59372743686619,ALLEY,False,False,D-04,W-15,0.1998365537699731,0.5334,HIGH
CR-2023-004377,2024-08-16 10:17:03,BATTERY,DOMESTIC BATTERY,41.86825854145992,-87.61076116492153,SIDEWALK,False,True,D-15,W-35,0.7155223760195589,0.2845,MEDIUM
CR-2024-005755,2024-03-11 02:50:21,NARCOTICS,SALE/MANUFACTURE,41.80411039924857,-87.62664825397022,COMMERCIAL BUILDING,True,False,D-07,W-39,0.7336857699713027,0.1775,LOW
CR-2024-004246,2024-07-29 02:30:17,ASSAULT,SIMPLE ASSAULT,41.87856314709979,-87.73689491558424,ALLEY,False,False,D-10,W-19,0.1767197165536458,0.8233,CRITICAL
CR-2024-002422,2024-11-09 23:13:04,MOTOR VEHICLE THEFT,MOTORCYCLE,41.901594669822046,-87.71734243808464,APARTMENT,True,False,D-11,W-20,0.11108647394772783,0.5926,HIGH
CR-2024-002173,2025-06-22 11:58:27,NARCOTICS,SALE/MANUFACTURE,41.87738943946184,-87.65353265145019,STREET,True,False,D-07,W-13,0.7832695227678717,0.1445,LOW
CR-2025-003587,2025-10-10 18:17:18,NARCOTICS,,41.89871916901365,-87.6244047872847,APARTMENT,True,False,D-09,W-47,0.6103456599937577,0.2598,MEDIUM
CR-2024-001567,2025-12-31 21:56:10,ASSAULT,SIMPLE ASSAULT,41.77993314080677,-87.61792494673882,ALLEY,False,True,D-06,W-14,0.17075461224913924,0.8292,CRITICAL
CR-2023-002127,2025-04-18 12:56:15,NARCOTICS,POSSESSION OF COCAINE,41.953076960515794,-87.63459113167166,STREET,False,False,D-15,W-03,0.7725453713187402,0.1516,LOW
CR-2024-003646,2025-02-28 01:25:44,ASSAULT,AGGRAVATED ASSAULT,41.86933351168168,-87.74450858888508,PARKING LOT,False,False,D-02,W-03,0.22695612695159384,0.773,CRITICAL
CR-2025-003947,2025-08-04 10:08:15,NARCOTICS,POSSESSION OF HEROIN,41.73051425100716,-87.6427289735441,PARK,True,False,D-12,W-19,0.7794568737138249,0.147,LOW
CR-2024-001990,2024-09-28 01:12:08,CRIMINAL DAMAGE,TO PROPERTY,41.975651257054245,-87.62248770873023,APARTMENT,False,False,D-12,W-14,0.1593963859047257,0.3923,MEDIUM
CR-2025-003080,2025-10-25 20:50:24,ROBBERY,STRONGARM ROBBERY,41.88318167820344,-87.71121256105042,SIDEWALK,False,False,D-06,W-39,0.13279957029472547,0.8672,CRITICAL
CR-2025-003593,2023-01-25 20:32:37,MOTOR VEHICLE THEFT,AUTOMOBILE,41.90709394449919,-87.61286737385339,STREET,False,False,D-10,W-45,0.17024408361622428,0.5532,HIGH
CR-2025-002252,2025-10-25 17:40:34,ROBBERY,STRONGARM ROBBERY,41.94411864604544,-87.6477118920479,RESIDENCE,False,False,D-05,W-49,0.18967864274965165,0.8103,CRITICAL
CR-2024-003091,2024-06-09 02:53:22,ROBBERY,STRONGARM ROBBERY,41.85216225665745,-87.60050623926266,RESIDENCE,False,False,D-15,W-22,0.140898926584814,0.8591,CRITICAL
CR-2024-002224,2024-02-24 21:59:15,BATTERY,DOMESTIC BATTERY,41.885311168696525,-87.60734934388832,PARK,True,False,D-05,W-15,0.7544542807661853,0.2455,LOW
CR-2025-003782,2023-05-13 09:09:15,MOTOR VEHICLE THEFT,TRUCK,41.88713407712651,-87.75787939537729,PARK,False,False,D-01,W-37,0.21884890459019218,0.5208,HIGH
CR-2025-000110,2025-03-31 21:08:30,ROBBERY,ARMED ROBBERY,41.91281987850011,-87.65780897788888,COMMERCIAL BUILDING,False,False,D-06,W-20,0.13577993500912783,0.8642,CRITICAL
CR-2023-003543,2024-06-12 00:48:04,NARCOTICS,POSSESSION OF COCAINE,41.95116156816835,-87.69302257407902,RESIDENCE,True,False,D-08,W-25,0.5703272350384577,0.2864,MEDIUM
CR-2025-004169,2025-03-19 01:31:35,BURGLARY,FORCIBLE ENTRY,41.78261951587018,-87.63328140762063,APARTMENT,False,False,D-07,W-07,0.14379396477411832,0.5708,HIGH
CR-2024-004051,2023-04-04 06:25:55,BATTERY,SIMPLE BATTERY,41.87089138380197,-87.65792338096071,PARK,True,True,D-07,W-02,0.8115996277757231,0.1884,LOW
CR-2023-003834,2024-08-03 01:44:33,CRIMINAL DAMAGE,TO PROPERTY,41.77879817907196,-87.63003149131626,SIDEWALK,False,False,D-14,W-45,0.17136912257520717,0.3867,MEDIUM
CR-2024-000919,2025-05-06 02:59:02,BURGLARY,RESIDENTIAL,41.94773540018711,-87.65946233714544,COMMERCIAL BUILDING,False,True,D-06,W-41,0.10267587351153101,0.5982,HIGH
CR-2023-004218,2025-04-23 16:11:45,NARCOTICS,POSSESSION OF COCAINE,41.95155269116882,-87.65140089815175,APARTMENT,False,True,D-05,W-29,0.592483194498461,0.2717,MEDIUM
CR-2025-004496,2025-06-05 17:19:02,ROBBERY,ARMED ROBBERY,41.775033757335976,-87.67433233680043,COMMERCIAL BUILDING,False,True,D-15,W-25,0.11374106608721855,0.8863,CRITICAL
CR-2025-004226,2023-06-13 13:15:54,ASSAULT,AGGRAVATED ASSAULT,41.93068572400401,-87.66779669236868,RESIDENCE,False,True,D-15,W-02,0.13079628516496503,0.8692,CRITICAL
CR-2023-004125,2025-08-18 23:26:00,THEFT,PETTY THEFT,41.87195989137172,-87.64564167353781,RESIDENCE,False,False,D-03,W-49,0.17900842470426098,0.3831,MEDIUM
CR-2025-005702,2025-03-15 20:19:17,NARCOTICS,POSSESSION OF HEROIN,41.88744121393033,-87.71662015268535,PARK,True,False,D-02,W-50,0.6950671449189385,0.2033,LOW
CR-2024-002425,2025-09-01 10:04:47,ROBBERY,ARMED ROBBERY,41.71327957359065,-87.56527475728207,APARTMENT,False,False,D-11,W-02,0.24798547855730504,0.752,CRITICAL
CR-2023-003423,2023-09-08 18:51:53,BURGLARY,RESIDENTIAL,41.7812013784328,-87.61709399116532,APARTMENT,False,False,D-12,W-34,0.07124357351853876,0.6192,HIGH
CR-2024-005656,2024-09-11 23:54:57,ROBBERY,ARMED ROBBERY,41.93142190687259,-87.68147368261978,ALLEY,False,False,D-05,W-44,0.13461238457498972,0.8654,CRITICAL
CR-2025-001016,2025-10-20 00:52:10,CRIMINAL DAMAGE,TO VEHICLE,41.957927155387125,-87.64519059681666,STREET,False,False,D-04,W-11,0.1923558596119264,0.3769,MEDIUM
CR-2023-003426,2025-07-24 23:56:29,ROBBERY,ARMED ROBBERY,41.87858214720447,-87.65568656687219,ALLEY,False,False,D-14,W-20,0.1599583485362357,0.84,CRITICAL
CR-2025-005276,2023-05-27 03:10:17,MOTOR VEHICLE THEFT,MOTORCYCLE,41.74645679060797,-87.66555276137989,ALLEY,False,False,D-04,W-48,0.2799939004553743,0.48,MEDIUM
CR-2023-002064,2023-12-02 02:06:27,MOTOR VEHICLE THEFT,,41.86707198447856,-87.60495687621915,SIDEWALK,False,False,D-12,W-14,0.17360304913384367,0.5509,HIGH
CR-2023-004524,2023-10-06 15:45:24,BATTERY,SIMPLE BATTERY,41.87519988575481,-87.6163480400195,RESIDENCE,False,False,D-15,W-26,0.7269907625938095,0.273,MEDIUM
CR-2023-003366,2023-11-20 03:44:52,ROBBERY,ARMED ROBBERY,41.88030947000584,-87.64000741071646,ALLEY,False,False,D-08,W-46,0.21244023526178238,0.7876,CRITICAL
CR-2025-004484,2023-08-27 02:44:04,THEFT,RETAIL THEFT,41.88610542872009,-87.6074057106587,PARKING LOT,False,False,D-03,W-49,0.24634506006032994,0.3517,MEDIUM
CR-2025-001235,2024-05-09 17:14:36,THEFT,RETAIL THEFT,41.80572445119415,-87.56990318763452,PARKING LOT,False,False,D-06,W-40,0.14987718279091625,0.3967,MEDIUM
CR-2025-001073,2025-06-18 17:59:59,ROBBERY,STRONGARM ROBBERY,41.91638192043047,-87.6718699404956,STREET,True,False,D-08,W-44,0.1459722778186097,0.854,CRITICAL
CR-2024-001456,2025-02-11 00:37:01,ROBBERY,STRONGARM ROBBERY,41.867135655864274,-87.61843117225115,RESIDENCE,False,False,D-11,W-13,0.09571734238379648,0.9043,CRITICAL
CR-2024-002704,2025-01-09 13:17:06,ASSAULT,AGGRAVATED ASSAULT,41.87502073970756,-87.61302175083617,STREET,False,False,D-02,W-22,0.2285847931360156,0.7714,CRITICAL
CR-2023-004200,2025-02-26 22:33:46,CRIMINAL DAMAGE,TO VEHICLE,41.78474662752523,-87.59987522793591,RESIDENCE,False,False,D-12,W-07,0.09254354992231784,0.4235,MEDIUM
CR-2024-004573,2024-03-29 22:11:48,ROBBERY,STRONGARM ROBBERY,41.94344091585344,-87.66489936292297,PARK,True,False,D-05,W-37,0.1307788539322562,0.8692,CRITICAL
CR-2025-004787,2023-01-29 15:42:13,NARCOTICS,SALE/MANUFACTURE,41.88417553078784,-87.64248328264532,ALLEY,True,False,D-01,W-28,0.875871524118545,0.0828,LOW
CR-2025-002744,2025-11-07 10:22:38,ASSAULT,AGGRAVATED ASSAULT,41.867428067088746,-87.63556685318466,ALLEY,False,True,D-03,W-49,0.27740246131615726,0.7226,HIGH
CR-2025-002114,2025-04-30 06:16:58,ROBBERY,ARMED ROBBERY,41.95393163011182,-87.65512887838351,PARKING LOT,False,False,D-10,W-09,0.14207219823670966,0.8579,CRITICAL
CR-2023-004053,2024-05-08 00:42:41,ASSAULT,AGGRAVATED ASSAULT,41.77794190410757,-87.60853085072878,STREET,False,False,D-03,W-09,0.17112111540082467,0.8289,CRITICAL
CR-2023-000024,2024-09-14 09:50:37,ROBBERY,STRONGARM ROBBERY,41.955272365791366,-87.69056080310725,APARTMENT,False,False,D-13,W-48,0.15390180556267405,0.8461,CRITICAL
CR-2024-000709,2025-10-12 05:48:27,BURGLARY,RESIDENTIAL,41.90811243167543,-87.71775895638679,PARK,False,False,D-14,W-12,0.1545549428602958,0.5636,HIGH
CR-2025-000797,2023-10-23 09:41:41,NARCOTICS,POSSESSION OF HEROIN,41.84265601346688,-87.64494596057065,RESIDENCE,True,False,D-03,W-39,0.7001144623318545,0.1999,LOW
CR-2024-004726,2023-07-10 12:30:59,THEFT,PETTY THEFT,41.93588453912536,-87.65070151309163,ALLEY,True,False,D-04,W-23,0.15460244649434365,0.3945,MEDIUM
CR-2023-000039,2024-06-01 15:04:25,MOTOR VEHICLE THEFT,AUTOMOBILE,41.95023521553071,-87.69505137829202,STREET,False,False,D-05,W-06,0.14200538842591112,0.572,HIGH
CR-2023-003288,2025-07-09 23:43:13,MOTOR VEHICLE THEFT,AUTOMOBILE,41.93623012192538,-87.67545735826444,COMMERCIAL BUILDING,False,False,D-01,W-30,0.1107106927393517,0.5929,HIGH
CR-2024-005605,2024-03-11 10:09:52,THEFT,FROM BUILDING,41.803788167291856,-87.63103639969445,RESIDENCE,False,False,D-05,W-13,0.1166093641783991,0.4122,MEDIUM
CR-2025-002684,2023-08-28 06:54:25,BURGLARY,COMMERCIAL,41.87076670821435,-87.60596589507334,APARTMENT,False,False,D-03,W-23,0.10859982394125357,0.5943,HIGH
CR-2023-002865,2024-07-26 11:47:53,THEFT,FROM BUILDING,41.94550242876104,-87.65443918258299,COMMERCIAL BUILDING,False,False,D-12,W-28,0.15268246422525755,0.3954,MEDIUM
CR-2023-003729,2024-07-16 01:33:33,ROBBERY,STRONGARM ROBBERY,41.9360644927696,-87.68225991568734,ALLEY,True,False,D-02,W-32,0.18659366750122572,0.8134,CRITICAL
CR-2025-004703,2023-09-28 10:26:05,NARCOTICS,POSSESSION OF HEROIN,41.92444084075319,-87.66383142505661,APARTMENT,True,False,D-15,W-18,0.7041723160191892,0.1972,LOW
CR-2023-000876,2023-07-25 11:16:49,ROBBERY,STRONGARM ROBBERY,41.762548107921816,-87.67476582242142,RESIDENCE,False,False,D-02,W-15,0.20901884551248287,0.791,CRITICAL
CR-2024-000373,2024-04-11 13:20:07,MOTOR VEHICLE THEFT,AUTOMOBILE,41.95213533528954,-87.67040765864706,PARK,False,False,D-09,W-47,0.0970245564822644,0.602,HIGH
CR-2024-005323,2023-05-14 02:34:58,ASSAULT,AGGRAVATED ASSAULT,41.90755329250316,-87.62477259150198,PARKING LOT,True,False,D-15,W-42,0.1349060951637226,0.8651,CRITICAL
CR-2025-005987,2025-05-11 20:36:47,BATTERY,,41.93513323352976,-87.6828029878408,COMMERCIAL BUILDING,True,False,D-03,W-35,0.7070453760534525,0.293,MEDIUM
CR-2024-005521,2023-02-16 05:10:04,PETTY THEFT,GRAND THEFT,41.9439064019674,-87.63379957570977,APARTMENT,False,False,D-07,W-13,0.3471852383687543,0.3046,MEDIUM
CR-2023-000162,2024-07-11 16:45:36,BATTERY,AGGRAVATED BATTERY,41.92827965237001,-87.67958377225575,PARKING LOT,True,False,D-03,W-24,0.7517999901468476,0.2482,LOW
CR-2024-005086,2023-12-01 05:16:08,BATTERY,SIMPLE BATTERY,41.89212047913092,-87.72048457349638,RESIDENCE,False,True,D-05,W-01,0.7892045918034959,0.2108,LOW
CR-2024-001711,2023-08-05 23:15:46,MOTOR VEHICLE THEFT,MOTORCYCLE,41.78954609146575,-87.6185448561028,RESIDENCE,False,False,D-15,W-22,0.12635652928239158,0.5824,HIGH
CR-2024-001156,2023-03-01 22:03:34,ROBBERY,STRONGARM ROBBERY,41.881551061387874,-87.62233385366363,STREET,False,False,D-15,W-44,0.1523694389063713,0.8476,CRITICAL
CR-2023-005703,2024-12-19 15:57:07,THEFT,PETTY THEFT,41.86654073074812,-87.60699039855974,APARTMENT,False,False,D-07,W-27,0.14588505434791363,0.3986,MEDIUM
CR-2023-003663,2025-09-08 20:06:03,BURGLARY,RESIDENTIAL,41.8083563211887,-87.61879660218055,STREET,False,False,D-13,W-30,0.09516335778574979,0.6032,HIGH
CR-2025-003113,2024-08-24 12:32:57,ROBBERY,ARMED ROBBERY,41.85493167389184,-87.71981028207304,STREET,False,False,D-06,W-06,0.20635779993371217,0.7936,CRITICAL
CR-2023-003294,2024-07-01 22:35:56,ROBBERY,ARMED ROBBERY,41.86475978432957,-87.72205474343541,PARK,False,False,D-02,W-06,0.16115095207515345,0.8388,CRITICAL
CR-2023-005802,2023-09-20 23:34:17,BURGLARY,RESIDENTIAL,41.93751451134151,-87.6768548786986,PARKING LOT,False,False,D-05,W-07,0.09666041098893807,0.6022,HIGH
CR-2023-004563,2024-01-03 04:57:41,ASSAULT,AGGRAVATED ASSAULT,41.89087702250287,-87.74155925077788,PARK,False,False,D-08,W-14,0.24496688412511114,0.755,CRITICAL
CR-2024-005245,2023-12-31 16:36:20,MOTOR VEHICLE THEFT,AUTOMOBILE,41.92823786986479,-87.65360054074728,COMMERCIAL BUILDING,False,False,D-08,W-50,0.11624087601542482,0.5892,HIGH
CR-2024-005905,2023-03-15 16:13:40,ROBBERY,ARMED ROBBERY,41.86595396798916,-87.64856841873066,RESIDENCE,False,False,D-14,W-01,0.23269649552313396,0.7673,CRITICAL
CR-2023-000987,2023-10-13 00:03:32,MOTOR VEHICLE THEFT,MOTORCYCLE,41.77843228108885,-87.63871296132723,ALLEY,True,False,D-03,W-43,0.2040552179199561,0.5306,HIGH
CR-2025-004322,2025-07-23 09:53:32,ROBBERY,STRONGARM ROBBERY,41.95344389708468,-87.69470617162702,RESIDENCE,False,False,D-15,W-17,0.13632990974955866,0.8637,CRITICAL
CR-2025-003851,2025-11-15 12:44:45,MOTOR VEHICLE THEFT,TRUCK,41.76247411907457,-87.60413604410647,PARKING LOT,False,False,D-06,W-22,0.19145939048786123,0.539,HIGH
CR-2025-001868,2025-03-03 14:02:37,NARCOTICS,POSSESSION OF HEROIN,41.87123227420727,-87.6321904334822,RESIDENCE,False,False,D-07,W-20,0.7144812223556527,0.1903,LOW
CR-2023-003084,2024-03-22 01:34:13,MOTOR VEHICLE THEFT,MOTORCYCLE,41.87567067774588,-87.62322380950755,ALLEY,False,False,D-13,W-47,0.10656514790032595,0.5956,HIGH
CR-2025-000824,2025-05-14 02:16:56,ROBBERY,STRONGARM ROBBERY,41.97214772103129,-87.60350872715962,APARTMENT,False,False,D-02,W-02,0.18594365271445099,0.8141,CRITICAL
CR-2025-002456,2025-03-02 03:03:28,BATTERY,DOMESTIC BATTERY,41.79957788571414,-87.62505064219371,COMMERCIAL BUILDING,True,False,D-10,W-38,0.7817295559866175,0.2183,LOW
CR-2023-002712,2023-05-03 21:57:09,BATTERY,DOMESTIC BATTERY,41.87740327209434,-87.71509394151983,RESIDENCE,True,False,D-11,W-42,0.5828675391746291,0.4171,MEDIUM
CR-2024-001660,2023-01-31 04:16:44,ASSAULT,AGGRAVATED ASSAULT,41.95232262918048,-87.67338136579471,COMMERCIAL BUILDING,False,True,D-14,W-30,0.2224215884234243,0.7776,CRITICAL
CR-2024-004813,2023-11-23 15:02:42,CRIMINAL DAMAGE,TO PROPERTY,41.95209925174685,-87.60726832677939,PARK,False,False,D-15,W-36,0.1258227869935622,0.4079,MEDIUM
CR-2023-004740,2024-08-16 03:14:07,ASSAULT,SIMPLE ASSAULT,41.79349592703848,-87.63988120492513,SIDEWALK,False,False,D-15,W-47,0.11532077290070443,0.8847,CRITICAL
CR-2025-004685,2023-05-25 04:42:06,BATTERY,SIMPLE BATTERY,41.74125418986674,-87.63024775582603,RESIDENCE,False,True,D-12,W-04,0.6562540635822169,0.3437,MEDIUM
CR-2025-000080,2023-10-11 08:30:55,ROBBERY,ARMED ROBBERY,41.75453295824432,-87.60932288490645,ALLEY,False,False,D-05,W-29,0.12652619855873232,0.8735,CRITICAL
CR-2025-003899,2025-08-09 00:13:47,MOTOR VEHICLE THEFT,MOTORCYCLE,41.78250775048588,-87.67484264419075,APARTMENT,False,False,D-04,W-11,0.22189419911168162,0.5187,HIGH
CR-2025-004700,2024-02-01 02:45:49,CRIMINAL DAMAGE,TO PROPERTY,41.88882854875837,-87.63570026687235,APARTMENT,False,False,D-15,W-20,0.11290560805832978,0.414,MEDIUM
CR-2023-000960,2023-06-04 20:35:35,ASSAULT,SIMPLE ASSAULT,41.7294175047406,-87.61030224359706,PARKING LOT,False,False,D-04,W-37,0.2741029364207192,0.7259,HIGH
CR-2023-001479,2024-04-02 16:45:43,ROBBERY,STRONGARM ROBBERY,41.89513430220775,-87.64639440268618,ALLEY,False,False,D-01,W-39,0.13606107071284412,0.8639,CRITICAL
CR-2023-005145,2024-06-15 21:31:39,NARCOTICS,POSSESSION OF HEROIN,41.92842859227035,-87.68313966573594,STREET,True,False,D-14,W-06,0.7726648449413358,0.1516,LOW
CR-2024-003898,2023-06-18 00:07:07,BURGLARY,RESIDENTIAL,41.8564712044554,-87.732656873002,COMMERCIAL BUILDING,False,False,D-09,W-12,0.11462962596582771,0.5902,HIGH
CR-2025-002126,2024-11-02 21:59:36,THEFT,GRAND THEFT,41.952590684605255,-87.67713250344318,SIDEWALK,False,False,D-11,W-48,0.10048653991833141,0.4198,MEDIUM
CR-2025-002840,2023-05-26 02:53:12,THEFT,GRAND THEFT,41.86347868133302,-87.73305279276443,PARK,True,False,D-09,W-17,0.179713079883531,0.3828,MEDIUM
CR-2023-003156,2024-03-07 23:28:15,BURGLARY,FORCIBLE ENTRY,41.9236082397495,-87.6431431932253,PARKING LOT,False,False,D-07,W-33,0.1281553787985887,0.5812,HIGH
CR-2023-003516,2024-02-14 12:18:17,BATTERY,AGGRAVATED BATTERY,41.95841834658172,-87.67494648544553,ALLEY,True,True,D-05,W-35,0.7382308399595147,0.2618,MEDIUM
CR-2024-003349,2025-10-16 01:13:34,CRIMINAL DAMAGE,TO VEHICLE,41.75065375356954,-87.64959592174104,RESIDENCE,False,False,D-12,W-34,0.08866764955695627,0.4253,MEDIUM
CR-2023-005985,2023-09-29 01:35:28,THEFT,GRAND THEFT,41.95365283975743,-87.68430032712335,COMMERCIAL BUILDING,False,False,D-07,W-27,0.15823742467373947,0.3928,MEDIUM
CR-2025-004514,2023-03-03 01:32:42,NARCOTICS,SALE/MANUFACTURE,41.88252837137518,-87.63999167477377,STREET,False,False,D-14,W-32,0.8476322632861012,0.1016,LOW
CR-2025-000929,2025-06-08 10:51:54,ASSAULT,AGGRAVATED ASSAULT,41.9541738725856,-87.65009356322457,PARKING LOT,False,True,D-11,W-18,0.1335550166342933,0.8664,CRITICAL
CR-2024-004465,2024-06-17 09:04:45,PETTY THEFT,SIMPLE BATTERY,41.94107316645725,-87.651764757935,STREET,True,False,D-06,W-14,0.38052557068733345,0.2891,MEDIUM
CR-2024-002890,2023-08-21 15:46:58,ASSAULT,SIMPLE ASSAULT,41.859611895331696,-87.64006737595919,STREET,False,False,D-15,W-28,0.23385081851257108,0.7661,CRITICAL
CR-2024-005977,2023-12-29 19:30:06,NARCOTICS,POSSESSION OF HEROIN,41.75811780261295,-87.6412737237433,ALLEY,True,False,D-05,W-07,0.7566385701544036,0.1622,LOW
CR-2023-003564,2024-12-17 23:19:26,ASSAULT,AGGRAVATED ASSAULT,41.88100172862488,-87.6101520224585,SIDEWALK,False,False,D-11,W-19,0.11151613840376325,0.8885,CRITICAL
CR-2025-003032,2023-11-13 05:07:28,ROBBERY,ARMED ROBBERY,41.7834017759424,-87.63582333300565,APARTMENT,False,True,D-04,W-30,0.2092375022173216,0.7908,CRITICAL
CR-2025-005450,2025-02-18 03:15:37,BATTERY,DOMESTIC BATTERY,41.86420230117831,-87.63780315438736,PARKING LOT,True,False,D-12,W-19,0.7300582399586173,0.2699,MEDIUM
CR-2025-000533,2023-09-01 05:34:15,BURGLARY,RESIDENTIAL,41.92250637048558,-87.63208346425243,SIDEWALK,False,False,D-13,W-04,0.09032440688282839,0.6065,HIGH
CR-2023-004179,2024-04-10 07:33:27,CRIMINAL DAMAGE,GRAFFITI,41.87044278265106,-87.73756865081323,SIDEWALK,False,False,D-06,W-45,0.1502650973135754,0.3965,MEDIUM
CR-2024-005845,2023-07-21 18:47:35,PETTY THEFT,SIMPLE BATTERY,41.76460660443127,-87.58493817087826,APARTMENT,True,False,D-02,W-12,0.27488470009559235,0.3384,MEDIUM
CR-2023-002208,2023-10-01 23:48:36,BURGLARY,COMMERCIAL,41.95364133618173,-87.69429123435508,PARKING LOT,False,False,D-15,W-42,0.08828649121295916,0.6078,HIGH
CR-2023-005289,2024-06-10 17:20:51,NARCOTICS,POSSESSION OF COCAINE,41.8839297086905,-87.63382932435907,SIDEWALK,False,False,D-07,W-40,0.768402078750495,0.1544,LOW
CR-2024-002275,2024-05-26 13:03:55,BATTERY,DOMESTIC BATTERY,41.89899771886903,-87.61720976328652,PARKING LOT,False,True,D-06,W-18,0.7535208643970209,0.2465,LOW
CR-2025-001601,2025-11-19 00:53:59,CRIMINAL DAMAGE,TO VEHICLE,41.78445724639502,-87.59702835466717,PARKING LOT,False,False,D-14,W-20,0.14443574093405767,0.3993,MEDIUM
CR-2024-005935,2023-03-14 16:59:23,CRIMINAL DAMAGE,TO PROPERTY,41.91076145328922,-87.7303919062662,APARTMENT,True,False,D-08,W-11,0.12815519804174444,0.4069,MEDIUM
CR-2025-003578,2024-11-02 22:09:05,CRIMINAL DAMAGE,TO VEHICLE,41.97175483851056,-87.67080089926033,APARTMENT,True,False,D-01,W-16,0.10240805650741443,0.4189,MEDIUM
CR-2025-002459,2024-09-06 02:20:10,THEFT,RETAIL THEFT,41.81267785224967,-87.59668136776205,ALLEY,True,False,D-08,W-07,0.1563104869199423,0.3937,MEDIUM
CR-2025-003530,2024-09-28 16:40:11,NARCOTICS,POSSESSION OF COCAINE,41.90114091772565,-87.62083693441159,SIDEWALK,True,False,D-03,W-30,0.7294341209291172,0.1804,LOW
CR-2024-001180,2024-01-16 03:52:16,ROBBERY,STRONGARM ROBBERY,41.75316571229545,-87.66281675714609,ALLEY,False,False,D-03,W-36,0.26017263869536156,0.7398,HIGH
CR-2023-004758,2025-12-06 01:48:39,CRIMINAL DAMAGE,GRAFFITI,41.82509667489255,-87.59923675890707,PARK,False,False,D-05,W-08,0.116003041605907,0.4125,MEDIUM
CR-2024-002167,2024-07-30 09:58:59,CRIMINAL DAMAGE,TO PROPERTY,41.9578607656432,-87.6682114414407,PARKING LOT,False,False,D-10,W-18,0.10690180675003577,0.4168,MEDIUM
CR-2023-005634,2024-06-29 09:26:32,CRIMINAL DAMAGE,TO VEHICLE,41.89451843681921,-87.61125265731724,COMMERCIAL BUILDING,False,False,D-04,W-34,0.14072361022228974,0.401,MEDIUM
CR-2025-001085,2023-05-18 11:46:17,BATTERY,SIMPLE BATTERY,41.96814669033178,-87.65681902047285,PARKING LOT,True,True,D-10,W-43,0.7341935119423086,0.2658,MEDIUM
CR-2024-002719,2025-10-19 10:49:22,ASSAULT,SIMPLE ASSAULT,41.88322737820933,-87.63070056312533,ALLEY,True,False,D-14,W-31,0.2389622458030093,0.761,CRITICAL
CR-2023-003723,2024-10-12 01:05:15,MOTOR VEHICLE THEFT,MOTORCYCLE,41.88974342757086,-87.63705900167427,SIDEWALK,False,False,D-06,W-25,0.13043298795934719,0.5797,HIGH
CR-2023-004092,2025-10-30 15:54:00,BURGLARY,FORCIBLE ENTRY,41.8789084602055,-87.64969393242924,PARK,True,False,D-07,W-46,0.15580752623689248,0.5628,HIGH
CR-2023-001299,2023-04-07 10:25:15,ASSAULT,SIMPLE ASSAULT,41.896101184346406,-87.6371785367126,COMMERCIAL BUILDING,True,False,D-13,W-44,0.16434123191496616,0.8357,CRITICAL
CR-2024-005680,2024-05-10 22:34:05,ROBBERY,STRONGARM ROBBERY,41.89804301365956,-87.63864135117231,PARK,False,False,D-02,W-46,0.1715116572667243,0.8285,CRITICAL
CR-2025-000488,2024-02-10 15:07:28,CRIMINAL DAMAGE,TO VEHICLE,41.87131540521127,-87.66615818989943,RESIDENCE,False,False,D-15,W-27,0.1287615621536488,0.4066,MEDIUM
CR-2025-002024,2024-12-01 20:27:19,ROBBERY,STRONGARM ROBBERY,41.87872182972624,-87.7198204730999,ALLEY,False,False,D-10,W-40,0.18581671064690172,0.8142,CRITICAL
CR-2025-001517,2023-12-27 22:30:40,CRIMINAL DAMAGE,TO PROPERTY,41.78037460553974,-87.61782818747994,ALLEY,False,False,D-02,W-14,0.15192422147661822,0.3958,MEDIUM
CR-2025-004325,2023-11-28 13:23:05,ROBBERY,STRONGARM ROBBERY,41.861769598842855,-87.62137791055261,RESIDENCE,False,False,D-11,W-33,0.11360268922040315,0.8864,CRITICAL
CR-2024-001192,2024-10-25 07:26:01,MOTOR VEHICLE THEFT,TRUCK,41.87859195493117,-87.6411774300205,SIDEWALK,False,False,D-05,W-26,0.1842042514217101,0.5439,HIGH
CR-2025-001160,2025-03-12 16:11:46,CRIMINAL DAMAGE,GRAFFITI,41.8846925184593,-87.61811595244733,PARKING LOT,False,False,D-02,W-50,0.09142426969619914,0.424,MEDIUM
CR-2024-003427,2023-05-20 07:45:29,BURGLARY,COMMERCIAL,41.94884678478637,-87.62142905733172,PARKING LOT,False,False,D-10,W-23,0.10547272028106552,0.5964,HIGH
CR-2025-003068,2024-10-23 14:30:55,MOTOR VEHICLE THEFT,AUTOMOBILE,41.89444857438637,-87.63836775961127,PARK,False,False,D-07,W-24,0.19432419452604888,0.5371,HIGH
CR-2023-002775,2024-08-26 02:07:27,THEFT,RETAIL THEFT,41.754580887081,-87.61883444914444,SIDEWALK,False,False,D-13,W-38,0.16168310928777532,0.3912,MEDIUM
CR-2023-001230,2023-12-26 20:06:06,BATTERY,AGGRAVATED BATTERY,41.78079888169791,-87.61043293954101,PARK,True,True,D-08,W-07,0.7305337029739634,0.2695,MEDIUM
CR-2024-005764,2024-08-30 13:11:04,ASSAULT,SIMPLE ASSAULT,41.79380203735331,-87.65275261422865,APARTMENT,False,False,D-01,W-46,0.23094094905226004,0.7691,CRITICAL
CR-2023-002850,2025-07-08 13:24:02,ASSAULT,AGGRAVATED ASSAULT,41.88014110568547,-87.73080885852846,SIDEWALK,False,False,D-15,W-41,0.15757966586180872,0.8424,CRITICAL
CR-2023-002922,2025-11-22 02:56:02,MOTOR VEHICLE THEFT,TRUCK,41.79692492382264,-87.64262965611816,STREET,True,False,D-13,W-40,0.19604842037309753,0.536,HIGH
CR-2024-000448,2024-11-15 08:30:15,ROBBERY,ARMED ROBBERY,41.77472204799208,-87.62533215783917,APARTMENT,False,False,D-10,W-29,0.10189158275248927,0.8981,CRITICAL
CR-2024-002941,2024-08-15 15:19:29,CRIMINAL DAMAGE,TO PROPERTY,41.88818440112061,-87.65230714823745,RESIDENCE,False,False,D-13,W-48,0.09274970276737539,0.4234,MEDIUM
CR-2024-000856,2023-11-08 01:11:02,ASSAULT,,41.84149194817175,-87.7116464098113,PARKING LOT,False,False,D-12,W-23,0.12416604397272132,0.8758,CRITICAL
CR-2025-000305,2025-04-27 01:35:51,CRIMINAL DAMAGE,TO VEHICLE,41.96148731312708,-87.6564116934182,SIDEWALK,False,False,D-05,W-33,0.13415368230340477,0.4041,MEDIUM
CR-2023-002943,2025-10-11 09:28:19,MOTOR VEHICLE THEFT,TRUCK,41.867039301447534,-87.64231277273099,PARK,False,False,D-10,W-41,0.15939927299306933,0.5604,HIGH
CR-2023-000660,2023-07-30 23:11:16,BATTERY,SIMPLE BATTERY,41.780316248122425,-87.61575768114109,COMMERCIAL BUILDING,True,False,D-10,W-39,0.641388272070167,0.3586,MEDIUM
CR-2025-003485,2024-07-13 05:56:29,NARCOTICS,SALE/MANUFACTURE,41.86210951742559,-87.63057313312912,STREET,False,False,D-10,W-35,0.7162782398505246,0.1891,LOW
CR-2023-003483,2023-07-10 14:35:24,BURGLARY,RESIDENTIAL,41.86942310406686,-87.6309624144984,APARTMENT,False,False,D-08,W-06,0.09937923503327234,0.6004,HIGH
CR-2023-002754,2023-07-11 16:58:57,ASSAULT,SIMPLE ASSAULT,41.94385787984438,-87.65813515108054,APARTMENT,False,True,D-12,W-06,0.11159256130900105,0.8884,CRITICAL
CR-2025-002003,2023-09-30 22:13:38,NARCOTICS,SALE/MANUFACTURE,41.89431216736794,-87.66789769104727,ALLEY,False,False,D-01,W-01,0.8199226789437302,0.1201,LOW
CR-2025-002657,2025-12-07 20:50:26,ROBBERY,STRONGARM ROBBERY,41.93526621308745,-87.66050618082542,ALLEY,False,False,D-07,W-35,0.1600158949774372,0.84,CRITICAL
CR-2024-000940,2024-04-19 17:07:54,ASSAULT,AGGRAVATED ASSAULT,41.967697032661945,-87.62298834352903,PARKING LOT,False,False,D-12,W-02,0.1495700223301666,0.8504,CRITICAL
CR-2023-004551,2024-06-26 19:40:35,ASSAULT,AGGRAVATED ASSAULT,41.79722948293556,-87.59454643298757,SIDEWALK,False,False,D-05,W-50,0.09305049369862428,0.9069,CRITICAL
CR-2025-002672,2025-06-02 10:14:58,NARCOTICS,POSSESSION OF COCAINE,41.87315766049673,-87.60467710490629,RESIDENCE,True,False,D-06,W-44,0.7155193213118,0.1897,LOW
CR-2023-005955,2025-11-07 02:34:04,MOTOR VEHICLE THEFT,AUTOMOBILE,41.78524208885745,-87.66186872150776,ALLEY,False,False,D-14,W-05,0.2342392781705772,0.5105,HIGH
CR-2023-005304,2023-11-27 08:42:28,BATTERY,DOMESTIC BATTERY,41.89511959549732,-87.63987875965698,APARTMENT,True,False,D-08,W-24,0.7904420562478967,0.2096,LOW
CR-2025-004187,2023-12-07 23:28:06,CRIMINAL DAMAGE,GRAFFITI,41.87533566497251,-87.63288759789883,PARKING LOT,False,False,D-11,W-29,0.05517647617430826,0.4409,MEDIUM
CR-2025-005834,2023-08-27 21:58:42,CRIMINAL DAMAGE,TO VEHICLE,41.77646015274614,-87.67108455332608,SIDEWALK,False,False,D-05,W-25,0.11352786666738159,0.4137,MEDIUM
CR-2024-000409,2023-04-08 17:02:32,BATTERY,DOMESTIC BATTERY,41.95004567978551,-87.63399039249869,ALLEY,True,False,D-14,W-17,0.8566333106635251,0.1434,LOW
CR-2025-001790,2025-06-01 23:45:17,BATTERY,AGGRAVATED BATTERY,41.90997157104526,-87.60982991407018,ALLEY,True,False,D-02,W-30,0.726918726263391,0.2731,MEDIUM
CR-2025-002111,2023-03-29 21:26:06,CRIMINAL DAMAGE,GRAFFITI,41.87801659559528,-87.61212230965303,PARK,False,False,D-11,W-48,0.08857449630410424,0.4253,MEDIUM
CR-2025-005297,2025-11-15 14:49:25,THEFT,RETAIL THEFT,41.88314113118759,-87.6222983075557,PARK,False,True,D-10,W-29,0.08839134414849568,0.4254,MEDIUM
CR-2024-003922,2025-10-28 02:33:34,THEFT,FROM BUILDING,41.909273353728494,-87.70052621093734,PARKING LOT,True,False,D-08,W-18,0.12670957625883536,0.4075,MEDIUM
CR-2024-004012,2023-11-07 00:10:53,BATTERY,SIMPLE BATTERY,41.824106736007785,-87.7293658123985,PARK,True,False,D-13,W-30,0.7436742024491442,0.2563,MEDIUM
CR-2023-003363,2023-09-11 14:13:17,THEFT,RETAIL THEFT,41.93224817319803,-87.65976945010473,PARK,False,False,D-04,W-50,0.1361425051852987,0.4031,MEDIUM
CR-2023-001326,2025-02-26 22:46:12,BURGLARY,FORCIBLE ENTRY,41.95861584177055,-87.63468838828751,COMMERCIAL BUILDING,False,False,D-10,W-39,0.08378053975942451,0.6108,HIGH
CR-2025-001232,2024-01-02 05:11:47,NARCOTICS,SALE/MANUFACTURE,41.80062890160973,-87.60681772906834,STREET,True,False,D-05,W-12,0.7597270176393645,0.1602,LOW
CR-2023-003558,2024-07-25 18:18:34,BATTERY,DOMESTIC BATTERY,41.90439792203099,-87.63527728919797,PARK,True,False,D-14,W-46,0.8002307422219268,0.1998,LOW
CR-2024-005062,2023-06-10 19:00:47,BATTERY,SIMPLE BATTERY,41.87390580920143,-87.63170799075974,SIDEWALK,False,False,D-14,W-47,0.7077570473726871,0.2922,MEDIUM
CR-2023-005265,2023-06-08 02:44:10,BURGLARY,FORCIBLE ENTRY,41.90121128564776,-87.63769723532192,ALLEY,False,False,D-07,W-31,0.13330598610146677,0.5778,HIGH
CR-2025-002549,2023-10-15 06:19:24,BURGLARY,COMMERCIAL,41.93306271923991,-87.65393855461502,STREET,False,False,D-01,W-28,0.2392867467735651,0.5071,HIGH
CR-2025-000905,2024-04-27 13:17:32,CRIMINAL DAMAGE,TO PROPERTY,41.87085408422475,-87.62759810482022,STREET,False,False,D-13,W-37,0.13578922933242105,0.4033,MEDIUM
CR-2025-005897,2025-02-17 03:48:55,THEFT,FROM BUILDING,41.90441267088604,-87.73683015248484,SIDEWALK,True,False,D-05,W-14,0.19848297688345087,0.374,MEDIUM
CR-2025-004616,2024-09-14 01:32:08,MOTOR VEHICLE THEFT,AUTOMOBILE,41.87913359199682,-87.6317890611736,PARKING LOT,False,False,D-09,W-25,0.1132005100557325,0.5912,HIGH
CR-2025-003869,2023-11-06 10:30:30,BURGLARY,RESIDENTIAL,41.88125012462034,-87.62057254023583,COMMERCIAL BUILDING,False,False,D-05,W-36,0.11060105769768372,0.5929,HIGH
CR-2024-000913,2025-10-22 16:17:21,ASSAULT,AGGRAVATED ASSAULT,41.926592018451146,-87.62708135240507,STREET,False,True,D-05,W-44,0.16745106036181354,0.8325,CRITICAL
CR-2025-000647,2024-02-27 20:39:39,ROBBERY,ARMED ROBBERY,41.95003658717095,-87.65727779306383,STREET,False,True,D-07,W-06,0.1950162507913945,0.805,CRITICAL
CR-2023-000642,2024-03-26 21:30:09,MOTOR VEHICLE THEFT,AUTOMOBILE,41.7592502634873,-87.66228082383896,SIDEWALK,True,False,D-02,W-34,0.16869338873240933,0.5542,HIGH
CR-2023-005349,2024-07-02 15:58:51,NARCOTICS,SALE/MANUFACTURE,41.958824315823776,-87.69698663242686,SIDEWALK,False,False,D-09,W-08,0.6924039454096845,0.2051,LOW
CR-2024-002056,2024-07-07 14:49:43,CRIMINAL DAMAGE,TO PROPERTY,41.97957578368994,-87.68590922819486,COMMERCIAL BUILDING,False,False,D-06,W-07,0.14440060593843762,0.3993,MEDIUM
CR-2023-001353,2024-08-10 03:48:19,BURGLARY,FORCIBLE ENTRY,41.95129775666194,-87.6548219391343,STREET,False,False,D-09,W-14,0.16273343138098684,0.5582,HIGH
CR-2024-001492,2024-12-10 01:20:32,NARCOTICS,POSSESSION OF COCAINE,41.73752781409429,-87.653001157382,STREET,True,False,D-05,W-01,0.8458012321312685,0.1028,LOW
CR-2024-002698,2024-08-15 03:40:36,CRIMINAL DAMAGE,TO PROPERTY,41.88169441277359,-87.61880418577802,ALLEY,False,False,D-11,W-50,0.06909992563828753,0.4344,MEDIUM
CR-2023-004986,2025-12-29 23:00:29,ROBBERY,ARMED ROBBERY,41.89077909945564,-87.6207432779567,APARTMENT,False,False,D-12,W-37,0.11504130069234111,0.885,CRITICAL
CR-2024-002992,2025-09-07 21:30:40,ASSAULT,AGGRAVATED ASSAULT,41.98020807137147,-87.66668296397344,COMMERCIAL BUILDING,False,True,D-13,W-06,0.13527379953128876,0.8647,CRITICAL
CR-2024-001822,2023-03-03 21:27:22,BATTERY,DOMESTIC BATTERY,41.86593498704557,-87.64651069675243,SIDEWALK,True,False,D-10,W-34,0.6850365515420915,0.315,MEDIUM
CR-2023-002859,2025-01-29 02:38:35,BATTERY,SIMPLE BATTERY,41.88643912177469,-87.65837416681016,SIDEWALK,True,True,D-03,W-30,0.7743602866863133,0.2256,LOW
CR-2025-002876,2025-01-09 22:05:03,NARCOTICS,SALE/MANUFACTURE,41.97621944716003,-87.6824194068972,PARKING LOT,True,False,D-04,W-09,0.7838059364694661,0.1441,LOW
CR-2025-003299,2025-11-26 22:00:30,ASSAULT,SIMPLE ASSAULT,41.85161918619456,-87.60368587770105,RESIDENCE,False,False,D-11,W-32,0.10511841405158127,0.8949,CRITICAL
CR-2024-001783,2025-08-30 12:52:45,MOTOR VEHICLE THEFT,TRUCK,41.88153612032309,-87.61368522980926,RESIDENCE,False,False,D-08,W-10,0.10760971886547961,0.5949,HIGH
CR-2024-003742,2024-09-26 16:26:52,BURGLARY,FORCIBLE ENTRY,41.87451932830456,-87.73819357321968,ALLEY,True,False,D-01,W-15,0.15389534277761452,0.5641,HIGH
CR-2023-001470,2025-10-12 08:24:34,MOTOR VEHICLE THEFT,AUTOMOBILE,41.893048557658695,-87.63679743068843,SIDEWALK,False,False,D-05,W-22,0.17982113106592235,0.5468,HIGH
CR-2025-002363,2024-07-25 23:59:16,ASSAULT,AGGRAVATED ASSAULT,41.95261201678595,-87.6650695216022,STREET,False,True,D-06,W-03,0.1547886316652611,0.8452,CRITICAL
CR-2025-000182,2024-11-18 14:13:15,BATTERY,AGGRAVATED BATTERY,41.88845215987567,-87.6358183070783,ALLEY,True,True,D-08,W-47,0.6866009293105323,0.3134,MEDIUM
CR-2024-000811,2023-03-04 15:07:05,CRIMINAL DAMAGE,TO PROPERTY,41.80188072336438,-87.64570360213848,SIDEWALK,False,False,D-08,W-05,0.1460501527468012,0.3985,MEDIUM
CR-2025-000386,2025-06-05 21:12:26,NARCOTICS,POSSESSION OF COCAINE,41.96104815478111,-87.63584891100746,PARK,True,False,D-15,W-02,0.6890912604718695,0.2073,LOW
CR-2023-001536,2024-05-15 07:04:43,ASSAULT,SIMPLE ASSAULT,41.88113493194635,-87.60532214651367,PARK,False,True,D-12,W-48,0.12983571565102642,0.8702,CRITICAL
CR-2024-005923,2025-05-29 01:34:42,MOTOR VEHICLE THEFT,TRUCK,41.89359461352372,-87.64944964831562,COMMERCIAL BUILDING,False,False,D-10,W-47,0.08741717499098121,0.6084,HIGH
CR-2025-001082,2025-09-07 07:41:07,THEFT,FROM BUILDING,41.90180811029853,-87.64502641287743,PARK,False,False,D-01,W-32,0.20036770165697135,0.3732,MEDIUM
CR-2025-003980,2025-06-14 22:24:41,CRIMINAL DAMAGE,GRAFFITI,41.86864312318722,-87.60524376388011,RESIDENCE,False,False,D-12,W-16,0.05784079249398879,0.4397,MEDIUM
CR-2024-004843,2025-09-12 14:21:56,CRIMINAL DAMAGE,GRAFFITI,41.84670629795991,-87.75432476059203,APARTMENT,False,False,D-12,W-38,0.13968145326286974,0.4015,MEDIUM
CR-2024-002806,2023-07-06 15:15:58,ROBBERY,ARMED ROBBERY,41.89367909103814,-87.62840262493451,RESIDENCE,False,True,D-11,W-22,0.10449845515623807,0.8955,CRITICAL
CR-2024-003442,2025-12-02 02:55:40,NARCOTICS,SALE/MANUFACTURE,41.88080442320756,-87.64202302223364,PARKING LOT,True,False,D-15,W-14,0.7550862515418427,0.1633,LOW
CR-2024-002386,2024-09-12 14:31:41,ASSAULT,AGGRAVATED ASSAULT,41.88778381568262,-87.62950928143454,RESIDENCE,False,False,D-09,W-39,0.09502352768976964,0.905,CRITICAL
CR-2023-005205,2023-09-09 18:41:21,BURGLARY,RESIDENTIAL,41.77897314916699,-87.62455229021471,COMMERCIAL BUILDING,False,False,D-09,W-49,0.16732131117268803,0.5551,HIGH
CR-2024-003163,2024-12-17 18:07:09,BATTERY,SIMPLE BATTERY,41.8703472967524,-87.62051450580117,APARTMENT,True,True,D-04,W-17,0.8029972923265988,0.197,LOW
CR-2023-000540,2025-11-13 13:58:14,THEFT,GRAND THEFT,41.94142695731184,-87.66228515408636,RESIDENCE,False,False,D-15,W-44,0.10534187221207296,0.4175,MEDIUM
CR-2024-000457,2023-05-14 03:59:08,CRIMINAL DAMAGE,TO VEHICLE,41.94649408935226,-87.64971956948459,PARKING LOT,False,False,D-11,W-16,0.08486099862604171,0.4271,MEDIUM
CR-2024-002104,2024-05-27 16:21:51,BURGLARY,RESIDENTIAL,41.865247222023086,-87.64669080941367,ALLEY,True,False,D-07,W-40,0.15536546147314287,0.5631,HIGH
CR-2025-005189,2025-08-18 21:26:45,BURGLARY,FORCIBLE ENTRY,41.875522843042965,-87.63199947661066,SIDEWALK,False,False,D-14,W-02,0.13434739210634836,0.5771,HIGH
CR-2025-004985,2025-03-28 02:12:46,NARCOTICS,POSSESSION OF HEROIN,41.75608529504556,-87.61146525265477,PARK,True,False,D-04,W-37,0.8068404286114407,0.1288,LOW
CR-2023-002781,2023-07-03 00:45:30,CRIMINAL DAMAGE,TO VEHICLE,41.86873234317368,-87.61859528739843,RESIDENCE,False,False,D-06,W-14,0.13385615904517154,0.4042,MEDIUM
CR-2023-001647,2025-05-05 23:03:46,CRIMINAL DAMAGE,GRAFFITI,41.85999467528215,-87.64592968589574,ALLEY,False,False,D-05,W-26,0.12559716773930543,0.4081,MEDIUM
CR-2023-002958,2025-05-26 01:08:34,ASSAULT,SIMPLE ASSAULT,41.890067760520736,-87.65790161955933,SIDEWALK,False,False,D-10,W-40,0.16277485351263765,0.8372,CRITICAL
CR-2024-002350,2025-08-02 22:56:15,BURGLARY,FORCIBLE ENTRY,41.86320700998372,-87.65147807896619,RESIDENCE,False,False,D-08,W-11,0.08481977030841334,0.6101,HIGH
CR-2024-001099,2025-08-23 00:27:51,BATTERY,DOMESTIC BATTERY,41.93557026181912,-87.64554255430258,ALLEY,True,False,D-05,W-13,0.703654648856343,0.2963,MEDIUM
CR-2023-005502,2024-06-10 11:19:01,BATTERY,AGGRAVATED BATTERY,41.97008955049714,-87.65953779062396,COMMERCIAL BUILDING,False,False,D-03,W-03,0.7733400537405318,0.2267,LOW
CR-2023-005193,2025-08-27 09:20:28,CRIMINAL DAMAGE,TO PROPERTY,41.85965757263438,-87.63597884851579,STREET,False,False,D-06,W-24,0.15578774283459926,0.394,MEDIUM
CR-2025-002351,2023-06-20 01:28:24,ASSAULT,AGGRAVATED ASSAULT,41.795556741801086,-87.61455053690902,COMMERCIAL BUILDING,False,False,D-05,W-07,0.15069228966956585,0.8493,CRITICAL
CR-2025-003317,2023-04-07 01:36:12,MOTOR VEHICLE THEFT,MOTORCYCLE,41.86669454538176,-87.6357041737305,ALLEY,False,False,D-11,W-03,0.13341647821552807,0.5777,HIGH
CR-2023-004209,2024-10-26 13:40:26,BURGLARY,RESIDENTIAL,41.86985112751304,-87.63745095925144,RESIDENCE,False,False,D-10,W-32,0.11734898535611969,0.5884,HIGH
CR-2023-004782,2023-05-29 00:11:29,BATTERY,DOMESTIC BATTERY,41.8851502049187,-87.62824927005683,STREET,True,True,D-07,W-48,0.7950757195931429,0.2049,LOW
CR-2023-005253,2023-02-28 07:59:58,THEFT,FROM BUILDING,41.7691082347624,-87.67606301878669,PARKING LOT,False,False,D-15,W-24,0.22460711488535792,0.3619,MEDIUM
CR-2024-002266,2025-08-06 17:38:32,MOTOR VEHICLE THEFT,TRUCK,41.885612473865066,-87.64297710702013,APARTMENT,False,False,D-08,W-16,0.0962193978455415,0.6025,HIGH
CR-2024-000763,2023-04-03 12:44:07,BURGLARY,RESIDENTIAL,41.91452255350682,-87.6991216164911,PARKING LOT,False,False,D-14,W-15,0.18112515630488266,0.5459,HIGH
CR-2024-000931,2024-09-28 16:57:02,THEFT,GRAND THEFT,41.96426977441104,-87.69027063946476,APARTMENT,True,False,D-09,W-28,0.1807986931960938,0.3823,MEDIUM
CR-2023-002469,2024-08-23 00:05:40,CRIMINAL DAMAGE,TO PROPERTY,41.9680536628554,-87.68330141446366,COMMERCIAL BUILDING,False,False,D-10,W-04,0.08129531965064435,0.4287,MEDIUM
CR-2024-003451,2024-07-07 05:09:47,BATTERY,AGGRAVATED BATTERY,41.884436524593525,-87.6367928291792,RESIDENCE,True,True,D-05,W-12,0.6769806636200952,0.323,MEDIUM
CR-2024-000376,2023-10-29 14:16:31,MOTOR VEHICLE THEFT,AUTOMOBILE,41.928882534940456,-87.63422716406784,RESIDENCE,True,False,D-14,W-05,0.1959155952515629,0.5361,HIGH
CR-2024-003634,2025-08-29 14:06:42,NARCOTICS,POSSESSION OF HEROIN,41.78347486124113,-87.64985678357671,COMMERCIAL BUILDING,False,False,D-11,W-26,0.725831550985727,0.1828,LOW
CR-2024-003355,2024-08-10 22:00:25,BATTERY,AGGRAVATED BATTERY,41.8941881269936,-87.60836859756945,RESIDENCE,True,False,D-09,W-37,0.691375594162758,0.3086,MEDIUM
CR-2024-000346,2024-10-29 07:47:26,CRIMINAL DAMAGE,TO PROPERTY,41.75187341681,-87.6136016098264,ALLEY,False,False,D-15,W-28,0.20977395156176135,0.3688,MEDIUM
CR-2023-003498,2023-10-29 15:37:32,CRIMINAL DAMAGE,TO VEHICLE,41.798125791386056,-87.64218472654099,ALLEY,False,False,D-13,W-18,0.1407448252802989,0.401,MEDIUM
CR-2025-003626,2024-03-04 03:45:11,THEFT,FROM BUILDING,41.80531812278201,-87.60482982239374,STREET,False,False,D-06,W-40,0.19689957114611142,0.3748,MEDIUM
CR-2023-002496,2025-06-04 02:16:44,NARCOTICS,POSSESSION OF HEROIN,41.87853355952234,-87.71669810892868,PARK,True,False,D-14,W-13,0.760081841798381,0.1599,LOW
CR-2025-003368,2024-10-26 20:28:39,NARCOTICS,POSSESSION OF COCAINE,41.79919263929033,-87.62070203880731,PARKING LOT,True,False,D-13,W-33,0.7205943599496164,0.1863,LOW
CR-2023-005751,2023-04-13 05:33:34,BATTERY,DOMESTIC BATTERY,41.88697701786718,-87.61091074432846,APARTMENT,True,False,D-10,W-35,0.7005446770577247,0.2995,MEDIUM
CR-2025-005705,2023-04-10 00:00:37,MOTOR VEHICLE THEFT,MOTORCYCLE,41.76284682065421,-87.679664444415,COMMERCIAL BUILDING,False,False,D-09,W-01,0.2542463711029387,0.4972,MEDIUM
CR-2025-005270,2024-03-12 13:05:28,BATTERY,SIMPLE BATTERY,41.74405455880314,-87.6243970150418,SIDEWALK,True,False,D-15,W-48,0.7873689747441069,0.2126,LOW
CR-2023-001071,2025-10-17 01:12:41,ASSAULT,SIMPLE ASSAULT,41.78323354160926,-87.62290117005229,COMMERCIAL BUILDING,False,False,D-14,W-10,0.16614935339656914,0.8339,CRITICAL
CR-2024-005926,2025-04-05 05:56:11,BURGLARY,COMMERCIAL,41.902779676273454,-87.71902729186476,STREET,False,False,D-09,W-17,0.1695717573251357,0.5536,HIGH
CR-2023-003345,2025-07-16 13:24:24,CRIMINAL DAMAGE,TO PROPERTY,41.88519718179902,-87.64034367157059,APARTMENT,False,True,D-13,W-29,0.07168123081670372,0.4332,MEDIUM
CR-2023-002511,2023-11-01 17:00:43,MOTOR VEHICLE THEFT,MOTORCYCLE,41.77425188797629,-87.66898486905487,STREET,False,False,D-14,W-22,0.2757407946698582,0.4828,MEDIUM
CR-2023-003684,2023-12-29 03:03:53,THEFT,FROM BUILDING,41.857454447688966,-87.735998815598,ALLEY,False,False,D-01,W-28,0.26317461023230443,0.3439,MEDIUM
CR-2024-005599,2023-07-09 05:37:46,ASSAULT,SIMPLE ASSAULT,41.79099602812566,-87.63005829739151,ALLEY,False,True,D-06,W-19,0.2037020131290685,0.7963,CRITICAL
CR-2024-001108,2023-09-27 01:18:29,BATTERY,DOMESTIC BATTERY,41.76798200659898,-87.63065331536565,STREET,True,False,D-03,W-43,0.789091626445784,0.2109,LOW
CR-2025-000407,2025-01-05 21:23:32,CRIMINAL DAMAGE,TO PROPERTY,41.969036890789376,-87.68501120746073,COMMERCIAL BUILDING,False,False,D-07,W-06,0.1569591911052651,0.3934,MEDIUM
CR-2024-003937,2025-08-10 00:33:18,ROBBERY,ARMED ROBBERY,41.93143596767512,-87.73327571499316,APARTMENT,False,False,D-06,W-02,0.17239868328344435,0.8276,CRITICAL
CR-2023-004479,2025-07-12 02:12:48,BURGLARY,COMMERCIAL,41.96746018996428,-87.66129754948993,PARK,False,False,D-02,W-39,0.09232651950710906,0.6051,HIGH
CR-2025-001568,2025-10-11 16:25:17,ROBBERY,ARMED ROBBERY,41.96743099541148,-87.6757232491512,SIDEWALK,False,False,D-14,W-37,0.20849917535754806,0.7915,CRITICAL
CR-2024-004270,2023-04-29 01:19:40,ROBBERY,ARMED ROBBERY,41.7708804034537,-87.66305108427137,APARTMENT,True,False,D-12,W-09,0.17544268044341343,0.8246,CRITICAL
CR-2025-003116,2025-05-23 20:21:19,ASSAULT,AGGRAVATED ASSAULT,41.77429919002002,-87.69119555143907,PARKING LOT,False,True,D-10,W-20,0.1471952512657137,0.8528,CRITICAL
CR-2025-003533,2023-12-29 06:37:50,NARCOTICS,POSSESSION OF HEROIN,41.94071225246814,-87.65941533987355,RESIDENCE,True,False,D-03,W-44,0.7350545315951392,0.1766,LOW
CR-2023-003510,2024-07-24 00:19:49,ASSAULT,SIMPLE ASSAULT,41.90883062386549,-87.654182384053,SIDEWALK,False,True,D-03,W-44,0.171465602439837,0.8285,CRITICAL
CR-2024-003022,2023-01-21 08:09:10,MOTOR VEHICLE THEFT,MOTORCYCLE,41.87974357370117,-87.63604657649873,RESIDENCE,False,False,D-12,W-01,0.20044629861979568,0.533,HIGH
CR-2025-004178,2024-11-05 15:08:03,CRIMINAL DAMAGE,TO PROPERTY,41.87724817106171,-87.64315653629414,STREET,False,False,D-02,W-08,0.15214065453829798,0.3957,MEDIUM
CR-2024-001423,2023-06-21 02:09:38,BURGLARY,RESIDENTIAL,41.86926699759892,-87.64235893646575,STREET,False,False,D-14,W-22,0.17401635008595534,0.5507,HIGH
CR-2024-004993,2023-03-30 09:51:02,ASSAULT,AGGRAVATED ASSAULT,41.87252806968369,-87.65643973370443,PARKING LOT,False,False,D-03,W-46,0.23627764780130936,0.7637,CRITICAL
CR-2023-005913,2024-11-02 19:55:13,BATTERY,AGGRAVATED BATTERY,41.820919142834704,-87.62905615504393,ALLEY,True,False,D-15,W-35,0.7173975226782874,0.2826,MEDIUM
CR-2024-003229,2025-05-22 11:29:03,BATTERY,DOMESTIC BATTERY,41.867626072268735,-87.62793736472884,COMMERCIAL BUILDING,True,False,D-13,W-40,0.7097147926566731,0.2903,MEDIUM
CR-2025-001025,2024-04-29 04:05:08,NARCOTICS,SALE/MANUFACTURE,41.79952745661669,-87.65067825539278,PARKING LOT,True,False,D-09,W-37,0.7641105108767434,0.1573,LOW
CR-2023-002997,2023-10-29 06:13:15,ROBBERY,ARMED ROBBERY,41.89105292363783,-87.62722796023614,PARKING LOT,True,False,D-04,W-41,0.22984228084965544,0.7702,CRITICAL
CR-2024-005632,2023-05-14 21:54:39,NARCOTICS,SALE/MANUFACTURE,41.8828441067039,-87.60930677822192,RESIDENCE,False,False,D-04,W-38,0.7695063753317725,0.1537,LOW
CR-2023-001029,2025-11-15 18:03:51,BURGLARY,FORCIBLE ENTRY,41.78546403322505,-87.62416025221582,SIDEWALK,False,False,D-09,W-23,0.08737651553012682,0.6084,HIGH
CR-2025-002669,2025-05-01 22:17:32,ASSAULT,AGGRAVATED ASSAULT,41.77022033762219,-87.6097299445003,COMMERCIAL BUILDING,False,True,D-08,W-34,0.09694102156776847,0.9031,CRITICAL
CR-2025-004682,2025-01-04 21:53:09,ASSAULT,AGGRAVATED ASSAULT,41.970618222894686,-87.68531604030524,SIDEWALK,False,False,D-03,W-15,0.2039452626919359,0.7961,CRITICAL
CR-2025-001415,2024-07-29 22:32:47,ROBBERY,STRONGARM ROBBERY,41.84993031143712,-87.74354038778634,SIDEWALK,True,False,D-10,W-10,0.12803287551855633,0.872,CRITICAL
CR-2024-004351,2023-05-01 00:25:31,THEFT,RETAIL THEFT,41.854622385711856,-87.71541263402072,RESIDENCE,False,False,D-03,W-36,0.13978218981203014,0.4014,MEDIUM
CR-2023-002352,2025-11-18 01:18:01,BURGLARY,RESIDENTIAL,41.79333408812767,-87.63221648615881,STREET,False,False,D-02,W-09,0.14440623949983494,0.5704,HIGH
CR-2025-003197,2025-01-24 03:26:29,BURGLARY,,41.86455786609556,-87.61766102952637,STREET,False,False,D-02,W-45,0.1573320534040294,0.5618,HIGH
CR-2025-003053,2025-05-09 17:17:13,BATTERY,SIMPLE BATTERY,41.83734569363471,-87.65051892004254,ALLEY,True,False,D-06,W-33,0.7465152759747496,0.2535,MEDIUM
CR-2025-001559,2025-10-07 23:51:12,MOTOR VEHICLE THEFT,AUTOMOBILE,41.89383060689625,-87.60496889330368,PARKING LOT,True,False,D-15,W-46,0.1535833068520872,0.5643,HIGH
CR-2025-002543,2025-07-14 10:37:35,THEFT,GRAND THEFT,41.87784490888274,-87.6222246836759,PARKING LOT,False,False,D-03,W-03,0.15361804979125274,0.395,MEDIUM
CR-2023-002481,2023-04-08 17:22:03,BATTERY,DOMESTIC BATTERY,41.775816398398845,-87.62127381392419,SIDEWALK,True,False,D-10,W-38,0.7506938917884163,0.2493,LOW
CR-2025-000596,2023-04-13 08:56:18,ASSAULT,SIMPLE ASSAULT,41.76386580890122,-87.62100545164644,RESIDENCE,False,True,D-10,W-06,0.12487070318614656,0.8751,CRITICAL
CR-2025-002084,2023-04-08 20:17:40,NARCOTICS,POSSESSION OF HEROIN,41.96812753011812,-87.66953946454518,COMMERCIAL BUILDING,True,True,D-13,W-39,0.6349991508673194,0.2433,LOW
CR-2025-003173,2024-07-31 21:44:30,NARCOTICS,,41.8716155723134,-87.61070927899043,STREET,False,False,D-15,W-38,0.7148479800694426,0.1901,LOW
CR-2024-004072,2024-01-07 23:45:10,ROBBERY,ARMED ROBBERY,41.80601251325727,-87.62962971708824,COMMERCIAL BUILDING,False,False,D-03,W-14,0.24495235737219162,0.755,CRITICAL
CR-2023-002556,2023-07-03 13:08:21,BATTERY,SIMPLE BATTERY,41.947602112324965,-87.68338479132522,RESIDENCE,False,False,D-01,W-13,0.7075205180655642,0.2925,MEDIUM
CR-2023-005757,2023-12-15 23:14:46,THEFT,PETTY THEFT,41.947599255849575,-87.62463974915501,APARTMENT,False,False,D-15,W-22,0.1355346395709178,0.4034,MEDIUM
CR-2023-003780,2023-09-10 01:04:38,ROBBERY,STRONGARM ROBBERY,41.85510974043615,-87.64672886009646,STREET,False,False,D-12,W-25,0.12938954304795786,0.8706,CRITICAL
CR-2024-003928,2023-01-19 07:08:04,BATTERY,SIMPLE BATTERY,41.7487494407148,-87.65114926834745,COMMERCIAL BUILDING,True,False,D-02,W-36,0.838440448803906,0.1616,LOW
CR-2025-002189,2025-06-16 01:22:19,CRIMINAL DAMAGE,TO VEHICLE,41.882529199109314,-87.6414474871074,APARTMENT,False,False,D-05,W-27,0.11127062257912877,0.4147,MEDIUM
CR-2025-004373,2024-01-23 14:59:38,MOTOR VEHICLE THEFT,AUTOMOBILE,41.87881234191975,-87.73180368421676,APARTMENT,False,False,D-15,W-15,0.20377946509017192,0.5308,HIGH
CR-2024-001414,2023-06-23 19:03:41,THEFT,GRAND THEFT,41.80268623192645,-87.63816267550921,PARKING LOT,False,False,D-03,W-22,0.14847290852888753,0.3974,MEDIUM
CR-2024-000130,2023-06-07 09:15:36,NARCOTICS,SALE/MANUFACTURE,41.75572673821055,-87.63048813390155,PARKING LOT,True,False,D-13,W-45,0.725521845309481,0.183,LOW
CR-2025-000290,2025-03-15 21:46:24,CRIMINAL DAMAGE,TO PROPERTY,41.88317744611242,-87.63602931870851,RESIDENCE,False,False,D-10,W-22,0.10313960745320014,0.4185,MEDIUM
CR-2023-002949,2025-09-13 20:19:57,ROBBERY,ARMED ROBBERY,41.8786631276223,-87.61342291991389,PARKING LOT,True,False,D-12,W-42,0.09737987409437282,0.9026,CRITICAL
CR-2023-004839,2024-09-06 04:38:34,NARCOTICS,POSSESSION OF COCAINE,41.88235866588105,-87.62990594356826,SIDEWALK,True,False,D-08,W-03,0.7378419090742784,0.1748,LOW
CR-2024-003745,2023-08-24 09:30:31,THEFT,PETTY THEFT,41.77229110416992,-87.64835509545883,PARKING LOT,False,False,D-09,W-32,0.18975600752172742,0.3781,MEDIUM
CR-2023-000243,2025-02-07 20:51:20,NARCOTICS,POSSESSION OF COCAINE,41.86840140673637,-87.64602322005422,COMMERCIAL BUILDING,True,False,D-14,W-35,0.7696341316783659,0.1536,LOW
CR-2023-004488,2025-06-22 01:05:13,NARCOTICS,POSSESSION OF COCAINE,41.88270558855878,-87.63056853753298,RESIDENCE,True,False,D-06,W-29,0.5931372550140172,0.2712,MEDIUM
CR-2023-003603,2025-04-14 22:43:36,NARCOTICS,SALE/MANUFACTURE,41.954024609844375,-87.62550801181105,COMMERCIAL BUILDING,True,False,D-14,W-38,0.8087672528968474,0.1275,LOW
CR-2025-000158,2025-06-25 06:06:08,BATTERY,DOMESTIC BATTERY,41.79594882428238,-87.63675666891484,PARKING LOT,False,True,D-03,W-16,0.70012900875248,0.2999,MEDIUM
CR-2025-005345,2023-07-16 21:53:49,CRIMINAL DAMAGE,TO PROPERTY,41.76613290154511,-87.6072068893954,PARKING LOT,True,False,D-04,W-02,0.1650992077615746,0.3896,MEDIUM
CR-2023-005766,2023-01-27 18:43:04,THEFT,PETTY THEFT,41.76314419815884,-87.66826187613421,ALLEY,False,False,D-04,W-05,0.2543266124699655,0.348,MEDIUM
CR-2023-003042,2024-05-03 04:52:11,ASSAULT,AGGRAVATED ASSAULT,41.77652220880748,-87.63732594047634,ALLEY,False,True,D-01,W-04,0.15496528912616506,0.845,CRITICAL
CR-2025-005963,2025-04-08 20:22:40,MOTOR VEHICLE THEFT,AUTOMOBILE,41.99719748933971,-87.64927515039817,COMMERCIAL BUILDING,True,False,D-07,W-46,0.20192904668620823,0.532,HIGH
CR-2025-002771,2024-08-02 00:52:51,CRIMINAL DAMAGE,TO PROPERTY,41.90263107755663,-87.73045716842033,COMMERCIAL BUILDING,True,False,D-05,W-08,0.11443762322294806,0.4133,MEDIUM
CR-2023-001671,2023-02-13 01:18:33,NARCOTICS,POSSESSION OF COCAINE,41.92787261584668,-87.63069998854562,COMMERCIAL BUILDING,False,False,D-14,W-34,0.7903495254513897,0.1398,LOW
CR-2023-005397,2024-08-04 00:55:28,ASSAULT,,41.890895227823655,-87.6339717979655,RESIDENCE,False,True,D-13,W-21,0.1287049503483242,0.8713,CRITICAL
CR-2023-000897,2024-07-25 10:13:59,THEFT,GRAND THEFT,41.952663932564754,-87.67033938663478,COMMERCIAL BUILDING,False,False,D-02,W-38,0.15352307378231983,0.395,MEDIUM
CR-2024-004582,2025-01-29 22:05:29,BATTERY,SIMPLE BATTERY,41.967179389374095,-87.65657755665663,RESIDENCE,True,False,D-02,W-29,0.6392161178913327,0.3608,MEDIUM
CR-2025-000515,2024-06-14 00:45:09,ASSAULT,SIMPLE ASSAULT,41.874239351938655,-87.65482876110816,SIDEWALK,True,False,D-06,W-46,0.19229607062594864,0.8077,CRITICAL
CR-2025-001028,2023-10-24 08:45:37,NARCOTICS,POSSESSION OF HEROIN,41.93887558252911,-87.63781221638574,RESIDENCE,True,False,D-08,W-22,0.738257757716427,0.1745,LOW
CR-2023-002889,2023-08-18 16:45:03,THEFT,GRAND THEFT,41.77962976259839,-87.61155064924675,SIDEWALK,True,False,D-06,W-48,0.1340380700481639,0.4041,MEDIUM
CR-2024-005788,2025-08-24 01:32:35,BATTERY,SIMPLE BATTERY,41.87092747339236,-87.71846657514926,PARKING LOT,True,True,D-02,W-35,0.7798211926613958,0.2202,LOW
CR-2023-001194,2024-08-14 00:57:25,ASSAULT,SIMPLE ASSAULT,41.966203968222494,-87.63459501330553,ALLEY,False,False,D-15,W-09,0.16268327118105996,0.8373,CRITICAL
CR-2025-001355,2023-06-09 00:20:47,NARCOTICS,POSSESSION OF HEROIN,41.86582357001088,-87.60681448412983,STREET,True,False,D-03,W-09,0.7621448496344801,0.1586,LOW
CR-2024-002746,2024-08-01 01:46:52,CRIMINAL DAMAGE,TO PROPERTY,41.94082480326794,-87.6136467935578,COMMERCIAL BUILDING,False,False,D-14,W-41,0.16488810659488515,0.3897,MEDIUM
CR-2025-005708,2025-04-20 10:02:16,NARCOTICS,SALE/MANUFACTURE,41.778035694362856,-87.64178148644675,RESIDENCE,True,False,D-12,W-35,0.6852995049054705,0.2098,LOW
CR-2023-001896,2023-04-12 01:23:21,CRIMINAL DAMAGE,TO PROPERTY,41.88195798455534,-87.63340997761796,PARKING LOT,False,False,D-07,W-12,0.11936977489092604,0.411,MEDIUM
CR-2024-004654,2025-02-15 01:15:11,THEFT,RETAIL THEFT,41.88140283971308,-87.61431415902811,ALLEY,False,False,D-08,W-47,0.11281992251719244,0.414,MEDIUM
CR-2024-003061,2024-01-28 18:25:26,ROBBERY,ARMED ROBBERY,41.75985438320853,-87.62374082216148,PARKING LOT,False,False,D-01,W-12,0.18864629257051602,0.8114,CRITICAL
CR-2023-004977,2024-08-30 21:47:08,THEFT,GRAND THEFT,41.78525319217679,-87.61157372552901,COMMERCIAL BUILDING,False,False,D-07,W-49,0.20592515070458817,0.3706,MEDIUM
CR-2024-005266,2023-01-11 03:43:31,MOTOR VEHICLE THEFT,TRUCK,41.8727736955193,-87.71221930359727,PARKING LOT,False,False,D-10,W-46,0.22951221696494883,0.5137,HIGH
CR-2023-004254,2023-09-12 17:37:36,THEFT,PETTY THEFT,41.8690949201149,-87.6208969085156,ALLEY,True,False,D-14,W-38,0.19696474449035128,0.3747,MEDIUM
CR-2024-002443,2025-05-23 23:06:30,MOTOR VEHICLE THEFT,MOTORCYCLE,41.86652342063911,-87.60565719001336,SIDEWALK,False,True,D-15,W-31,0.1203730892195048,0.5864,HIGH
CR-2025-003794,2023-02-14 20:46:24,CRIMINAL DAMAGE,TO PROPERTY,41.78880917391169,-87.62475630580074,STREET,False,False,D-11,W-09,0.11951380036622387,0.4109,MEDIUM
CR-2025-002933,2024-07-11 15:48:49,BURGLARY,RESIDENTIAL,41.86824297556584,-87.64026578355848,APARTMENT,False,False,D-14,W-41,0.132603317091934,0.5783,HIGH
CR-2023-003318,2025-09-26 22:16:55,ASSAULT,SIMPLE ASSAULT,41.8838364997354,-87.64948244801793,STREET,False,True,D-07,W-20,0.17243184375442636,0.8276,CRITICAL
CR-2025-004910,2025-04-23 18:26:05,ASSAULT,SIMPLE ASSAULT,41.88591351662686,-87.71979213317995,PARK,False,False,D-04,W-03,0.19934492193387993,0.8007,CRITICAL
CR-2025-000479,2023-05-24 06:09:13,ASSAULT,SIMPLE ASSAULT,41.88664650920349,-87.62308437159975,APARTMENT,False,True,D-12,W-30,0.11164068938417593,0.8884,CRITICAL
CR-2023-004767,2023-03-25 08:16:40,NARCOTICS,POSSESSION OF HEROIN,41.79940358985308,-87.64069346709647,SIDEWALK,True,False,D-14,W-46,0.8669680375424911,0.0887,LOW
CR-2025-003524,2025-11-11 23:27:35,NARCOTICS,POSSESSION OF HEROIN,41.85902677218662,-87.6470962649761,PARKING LOT,False,False,D-01,W-22,0.7500331569584936,0.1666,LOW
CR-2024-005050,2025-09-20 07:45:12,BATTERY,DOMESTIC BATTERY,41.89918471396263,-87.62678892188863,PARK,True,True,D-09,W-15,0.7724499273984883,0.2276,LOW
CR-2025-001112,2023-06-06 05:05:05,THEFT,PETTY THEFT,41.93541253923357,-87.62887391935453,STREET,False,False,D-12,W-36,0.1275366638151124,0.4071,MEDIUM
CR-2024-004996,2024-10-30 03:04:40,BATTERY,DOMESTIC BATTERY,41.892519037571056,-87.75387543894868,SIDEWALK,False,True,D-11,W-12,0.6863479812666551,0.3137,MEDIUM
CR-2023-005784,2023-04-15 09:02:45,ASSAULT,SIMPLE ASSAULT,41.89085777476763,-87.73906897859789,PARK,False,False,D-07,W-16,0.18480852003152098,0.8152,CRITICAL
CR-2024-004879,2025-07-25 16:28:24,MOTOR VEHICLE THEFT,TRUCK,41.77573339931631,-87.64277790600102,APARTMENT,False,False,D-11,W-41,0.11739810161198772,0.5884,HIGH
CR-2023-004785,2025-02-14 18:05:07,THEFT,GRAND THEFT,41.7695004105162,-87.64302722827453,PARK,False,False,D-06,W-10,0.134021233387013,0.4041,MEDIUM
CR-2024-000202,2025-12-23 06:00:40,CRIMINAL DAMAGE,TO VEHICLE,41.76764836321302,-87.61342875169132,PARKING LOT,False,False,D-09,W-38,0.13578916827727205,0.4033,MEDIUM
CR-2023-003204,2024-11-15 14:47:06,THEFT,RETAIL THEFT,41.871533940163935,-87.62707015176066,SIDEWALK,False,False,D-03,W-11,0.14035032332752487,0.4012,MEDIUM
CR-2024-002470,2024-10-17 16:00:01,BURGLARY,RESIDENTIAL,41.88690893620197,-87.63288441780465,COMMERCIAL BUILDING,False,True,D-12,W-20,0.078824511756596,0.6141,HIGH
CR-2025-000554,2025-03-04 07:39:38,BATTERY,SIMPLE BATTERY,41.93592462078608,-87.61701937292266,PARK,True,True,D-13,W-20,0.7398005947387685,0.2602,MEDIUM
CR-2025-004073,2025-09-12 22:45:33,BATTERY,DOMESTIC BATTERY,41.79459201044686,-87.58738395445084,STREET,False,True,D-08,W-41,0.743253348068232,0.2567,MEDIUM
CR-2024-005107,2025-02-19 20:03:05,NARCOTICS,SALE/MANUFACTURE,41.849399894979165,-87.64427568370864,STREET,True,False,D-13,W-11,0.7185501552370039,0.1876,LOW
CR-2023-001383,2023-03-11 02:14:17,BURGLARY,RESIDENTIAL,41.94772774870592,-87.64620518175717,COMMERCIAL BUILDING,False,False,D-04,W-44,0.1853528802584504,0.5431,HIGH
CR-2024-003235,2025-04-27 11:55:46,BURGLARY,RESIDENTIAL,41.878663622890045,-87.63452036243183,ALLEY,False,False,D-10,W-08,0.115337488331621,0.5898,HIGH
CR-2025-003929,2024-10-21 15:16:05,NARCOTICS,SALE/MANUFACTURE,41.83534954836025,-87.62163126398809,SIDEWALK,True,False,D-12,W-25,0.6348360004598426,0.2434,LOW
CR-2023-004326,2025-07-13 01:04:55,CRIMINAL DAMAGE,TO PROPERTY,41.79297136201143,-87.6324435265097,ALLEY,False,False,D-13,W-11,0.12347736106766476,0.409,MEDIUM
CR-2024-000325,2023-09-17 16:50:17,BURGLARY,RESIDENTIAL,41.98537912189891,-87.63276869940904,SIDEWALK,False,True,D-02,W-39,0.1275152335474179,0.5817,HIGH
CR-2025-004577,2023-10-20 23:02:01,THEFT,FROM BUILDING,41.77152359525486,-87.64057140714286,COMMERCIAL BUILDING,False,False,D-01,W-32,0.1829848356618277,0.3813,MEDIUM
CR-2025-002843,2023-09-29 23:44:25,CRIMINAL DAMAGE,GRAFFITI,41.89692718682563,-87.63726508785143,ALLEY,False,True,D-15,W-05,0.11184888169265017,0.4145,MEDIUM
CR-2023-005058,2025-03-03 09:24:15,NARCOTICS,POSSESSION OF HEROIN,41.957291839901465,-87.64662329519822,COMMERCIAL BUILDING,False,False,D-12,W-24,0.7588409660618881,0.1608,LOW
CR-2025-004595,2025-12-06 14:13:28,BURGLARY,COMMERCIAL,41.8640065224912,-87.6569244299275,COMMERCIAL BUILDING,False,False,D-07,W-44,0.15062160735892147,0.5663,HIGH
CR-2024-005116,2025-10-23 23:47:44,THEFT,FROM BUILDING,41.756554589235456,-87.65660064083681,PARK,True,False,D-09,W-29,0.09693130299415545,0.4214,MEDIUM
CR-2025-000947,2025-03-18 06:52:52,BURGLARY,RESIDENTIAL,41.94663274081589,-87.66270022059764,RESIDENCE,False,False,D-14,W-18,0.12466128731894524,0.5836,HIGH
CR-2023-001314,2024-01-18 08:30:58,CRIMINAL DAMAGE,GRAFFITI,41.87262520761969,-87.73553087341318,RESIDENCE,False,False,D-06,W-42,0.13327221545275433,0.4045,MEDIUM
CR-2023-000570,2024-03-30 09:53:15,NARCOTICS,POSSESSION OF COCAINE,41.771460912416,-87.59460732966721,SIDEWALK,True,False,D-01,W-41,0.8027763001299746,0.1315,LOW
CR-2023-005874,2024-04-22 15:12:11,MOTOR VEHICLE THEFT,MOTORCYCLE,41.88259692311245,-87.65463459040255,APARTMENT,False,False,D-03,W-22,0.18352649562858903,0.5443,HIGH
CR-2023-002484,2024-08-15 00:27:40,MOTOR VEHICLE THEFT,TRUCK,41.7715386060603,-87.59268111137185,RESIDENCE,False,False,D-10,W-42,0.0982481787052207,0.6012,HIGH
CR-2023-005181,2024-03-21 23:02:41,BURGLARY,COMMERCIAL,41.953305834852735,-87.68015001673838,ALLEY,False,False,D-10,W-21,0.09093483490013053,0.606,HIGH
CR-2023-000861,2023-03-11 11:12:22,BATTERY,SIMPLE BATTERY,41.88918215721331,-87.6205694877398,SIDEWALK,True,False,D-08,W-43,0.7839041323735824,0.2161,LOW
CR-2025-004331,2024-10-28 10:28:20,BATTERY,DOMESTIC BATTERY,41.89004645549964,-87.60484020580289,SIDEWALK,True,True,D-03,W-41,0.7934509215086031,0.2065,LOW
CR-2024-004426,2024-05-21 23:08:37,ROBBERY,STRONGARM ROBBERY,41.91509749407392,-87.69533480334952,STREET,False,False,D-04,W-02,0.1975763637464466,0.8024,CRITICAL
CR-2025-001307,2023-10-08 01:47:35,BURGLARY,FORCIBLE ENTRY,41.88708191584343,-87.61977489266923,PARKING LOT,False,False,D-09,W-02,0.1308760174852086,0.5794,HIGH
CR-2025-004142,2025-09-30 01:18:45,MOTOR VEHICLE THEFT,MOTORCYCLE,41.75379800917612,-87.60539036942912,PARK,False,False,D-01,W-24,0.2055691996951473,0.5296,HIGH
CR-2023-005763,2023-01-15 04:07:20,ROBBERY,ARMED ROBBERY,41.78615094507635,-87.61915023569563,ALLEY,False,False,D-12,W-27,0.1952295217085412,0.8048,CRITICAL
CR-2023-004731,2024-05-22 17:24:38,MOTOR VEHICLE THEFT,AUTOMOBILE,41.946475754759184,-87.65012139143548,PARKING LOT,False,False,D-04,W-06,0.15899559767408414,0.5607,HIGH
CR-2025-003983,2025-07-11 07:17:58,THEFT,FROM BUILDING,41.96900499387939,-87.66290073692578,APARTMENT,False,False,D-03,W-16,0.10825868374234975,0.4161,MEDIUM
CR-2023-005400,2023-09-22 13:31:50,BATTERY,DOMESTIC BATTERY,41.86958288236724,-87.62211184557401,PARKING LOT,True,False,D-10,W-39,0.6643512226819821,0.3356,MEDIUM
CR-2025-002984,2023-08-24 10:14:01,THEFT,GRAND THEFT,41.88668319997461,-87.73756033520664,RESIDENCE,False,False,D-15,W-27,0.12806328483088555,0.4069,MEDIUM
CR-2025-001130,2024-09-16 03:04:12,ASSAULT,SIMPLE ASSAULT,41.88465107827601,-87.62373557867558,APARTMENT,False,True,D-11,W-35,0.11671832197398548,0.8833,CRITICAL
CR-2024-005869,2025-08-05 22:33:46,THEFT,GRAND THEFT,41.74826163194463,-87.62562996441775,PARKING LOT,False,False,D-15,W-07,0.13478393694348134,0.4038,MEDIUM
CR-2025-003251,2025-05-19 12:57:22,ASSAULT,SIMPLE ASSAULT,41.95717158581842,-87.68270053254729,ALLEY,False,False,D-08,W-05,0.1485291305632984,0.8515,CRITICAL
CR-2025-002090,2025-06-08 00:46:40,BATTERY,SIMPLE BATTERY,41.88227522951967,-87.637438200439,APARTMENT,True,False,D-09,W-07,0.743431282943786,0.2566,MEDIUM
CR-2023-002652,2024-06-23 19:08:53,BATTERY,AGGRAVATED BATTERY,41.94325399998765,-87.63365775374014,ALLEY,False,False,D-07,W-29,0.7078380844859169,0.2922,MEDIUM
CR-2023-005829,2023-09-02 03:42:10,MOTOR VEHICLE THEFT,MOTORCYCLE,41.95884890421853,-87.66427193746217,ALLEY,False,False,D-08,W-10,0.14280978887428733,0.5715,HIGH
CR-2023-004116,2023-05-02 14:03:53,CRIMINAL DAMAGE,TO VEHICLE,41.90750741992397,-87.6668796843988,APARTMENT,False,True,D-01,W-27,0.14345352915955828,0.3997,MEDIUM
CR-2023-003033,2025-09-06 22:47:01,MOTOR VEHICLE THEFT,AUTOMOBILE,41.86556466492471,-87.6133416971259,APARTMENT,False,False,D-09,W-39,0.1002976615872582,0.5998,HIGH
CR-2025-001574,2024-11-12 23:59:44,BURGLARY,FORCIBLE ENTRY,41.94618669262885,-87.6732328445463,ALLEY,False,False,D-09,W-23,0.08001269036918109,0.6133,HIGH
CR-2025-001463,2024-10-27 05:58:41,THEFT,RETAIL THEFT,41.87635656435317,-87.62657930225245,APARTMENT,False,False,D-02,W-09,0.16504426994803023,0.3896,MEDIUM
CR-2025-001373,2025-07-18 20:40:57,CRIMINAL DAMAGE,TO PROPERTY,41.78493304837292,-87.6577753520905,PARKING LOT,False,False,D-04,W-23,0.12790015701343305,0.407,MEDIUM
CR-2025-005165,2023-02-12 11:27:23,NARCOTICS,SALE/MANUFACTURE,41.932903956437286,-87.66595213513347,COMMERCIAL BUILDING,False,False,D-08,W-16,0.7230526394725558,0.1846,LOW
CR-2025-004328,2025-05-08 13:28:59,NARCOTICS,POSSESSION OF COCAINE,41.8727609762437,-87.60508183591325,RESIDENCE,False,False,D-01,W-32,0.729888330155704,0.1801,LOW
CR-2023-003672,2025-11-09 00:45:15,ASSAULT,AGGRAVATED ASSAULT,41.76761742839141,-87.65444778726193,RESIDENCE,True,True,D-15,W-49,0.2549877294541692,0.745,HIGH
CR-2023-005412,2023-08-13 07:01:46,CRIMINAL DAMAGE,TO PROPERTY,41.86137130195435,-87.63397465383815,RESIDENCE,True,False,D-01,W-26,0.1629744301629473,0.3906,MEDIUM
CR-2023-004500,2023-11-29 22:41:32,THEFT,GRAND THEFT,41.798035053900335,-87.60216468243975,APARTMENT,False,False,D-08,W-18,0.11134100654506698,0.4147,MEDIUM
CR-2023-004866,2023-03-13 23:25:32,BATTERY,DOMESTIC BATTERY,41.897144198939,-87.6484772586394,ALLEY,True,False,D-11,W-30,0.6710413465688669,0.329,MEDIUM
CR-2023-000084,2025-11-05 17:55:30,THEFT,RETAIL THEFT,41.87618301391195,-87.74046725095843,SIDEWALK,False,False,D-02,W-23,0.12510624830448608,0.4083,MEDIUM
CR-2023-002703,2024-01-29 21:59:06,THEFT,FROM BUILDING,41.74061161711891,-87.60024331510255,RESIDENCE,False,False,D-12,W-37,0.15079096650286095,0.3963,MEDIUM
CR-2025-003512,2023-03-09 01:34:13,BURGLARY,RESIDENTIAL,41.89516071646444,-87.62380795941097,STREET,False,True,D-15,W-38,0.14100447900391702,0.5727,HIGH
CR-2025-004406,2023-07-28 03:02:21,MOTOR VEHICLE THEFT,AUTOMOBILE,41.8821275782505,-87.71455885126407,ALLEY,False,False,D-05,W-10,0.1387237915607258,0.5742,HIGH
CR-2023-001623,2024-01-22 06:23:32,MOTOR VEHICLE THEFT,,41.88854352873059,-87.74009681154799,APARTMENT,False,False,D-01,W-28,0.32490380079197356,0.4501,MEDIUM
CR-2024-005722,2024-06-15 10:07:57,BURGLARY,COMMERCIAL,41.85731959222333,-87.62090418924576,ALLEY,False,False,D-10,W-31,0.1147755942966283,0.5901,HIGH
CR-2023-005229,2023-10-16 21:08:13,ASSAULT,AGGRAVATED ASSAULT,41.87286179810626,-87.6967027420412,ALLEY,False,False,D-02,W-33,0.20522416515723457,0.7948,CRITICAL
CR-2024-003739,2024-07-11 15:00:19,ASSAULT,,41.915134914009776,-87.73325875443788,SIDEWALK,False,False,D-02,W-11,0.15974854801766458,0.8403,CRITICAL
CR-2023-002253,2023-04-06 16:18:07,THEFT,FROM BUILDING,41.88845709029182,-87.62581574510241,STREET,False,False,D-15,W-49,0.19603161217340653,0.3752,MEDIUM
CR-2025-000788,2024-12-07 23:00:41,BURGLARY,COMMERCIAL,41.73852170460236,-87.59988151613858,ALLEY,True,False,D-15,W-47,0.10074394646852518,0.5995,HIGH
CR-2024-002944,2023-04-24 12:57:15,BURGLARY,COMMERCIAL,41.84410921858776,-87.63506167308402,ALLEY,True,True,D-06,W-17,0.16871761062611884,0.5542,HIGH
CR-2024-000028,2025-08-30 14:15:53,BURGLARY,FORCIBLE ENTRY,41.93161564953554,-87.66148424751702,APARTMENT,False,False,D-05,W-16,0.07812654473194565,0.6146,HIGH
CR-2023-004800,2024-10-29 10:49:06,CRIMINAL DAMAGE,TO VEHICLE,41.84513748492108,-87.61076929158135,PARKING LOT,False,False,D-04,W-30,0.15307612626468248,0.3952,MEDIUM
CR-2023-004593,2025-07-26 22:06:36,CRIMINAL DAMAGE,TO VEHICLE,41.736169340019934,-87.61920754959975,RESIDENCE,False,False,D-08,W-29,0.08371989684397195,0.4276,MEDIUM
CR-2025-000212,2024-04-26 02:51:36,MOTOR VEHICLE THEFT,AUTOMOBILE,41.79503439873963,-87.5947842110617,PARK,False,False,D-12,W-42,0.10829961067484993,0.5945,HIGH
CR-2024-005761,2023-02-14 21:13:39,BURGLARY,RESIDENTIAL,41.85975874581893,-87.64353448444538,APARTMENT,False,False,D-15,W-06,0.1051196883997678,0.5966,HIGH
CR-2025-005723,2023-04-24 19:17:57,THEFT,,41.87227239399322,-87.61741664387696,PARKING LOT,True,False,D-11,W-40,0.11142795436503672,0.4147,MEDIUM
CR-2023-002124,2024-05-26 01:32:29,THEFT,RETAIL THEFT,41.79122466146286,-87.63043794382514,RESIDENCE,False,False,D-06,W-10,0.10778693233575704,0.4164,MEDIUM
CR-2025-001358,2025-06-08 09:51:24,THEFT,PETTY THEFT,41.96091016033662,-87.63759537034022,APARTMENT,False,False,D-04,W-05,0.19572015110269556,0.3753,MEDIUM
CR-2024-004309,2023-06-26 20:55:29,THEFT,PETTY THEFT,41.888505591688045,-87.60603258437264,STREET,False,False,D-04,W-42,0.1483322579277331,0.3974,MEDIUM
CR-2024-004303,2025-03-06 16:45:46,BATTERY,AGGRAVATED BATTERY,41.91997300109363,-87.62025416181756,COMMERCIAL BUILDING,True,False,D-07,W-32,0.7958622729703726,0.2041,LOW
CR-2024-002602,2023-04-25 23:22:20,MOTOR VEHICLE THEFT,AUTOMOBILE,41.92347084357119,-87.71200975006217,COMMERCIAL BUILDING,False,False,D-08,W-18,0.1256216304824073,0.5829,HIGH
CR-2025-000785,2023-08-05 19:45:08,CRIMINAL DAMAGE,GRAFFITI,41.8948967642332,-87.74947720961704,RESIDENCE,True,False,D-01,W-28,0.1859131458810518,0.3799,MEDIUM
CR-2023-005697,2024-09-07 23:48:45,BATTERY,SIMPLE BATTERY,41.75804154533543,-87.64627635943485,ALLEY,True,True,D-14,W-39,0.7893121547323074,0.2107,LOW
CR-2024-003655,2025-07-08 01:16:23,NARCOTICS,POSSESSION OF COCAINE,41.76764366530554,-87.64790010048642,PARKING LOT,False,False,D-02,W-44,0.779226569014333,0.1472,LOW
CR-2025-004397,2023-08-23 00:42:21,ASSAULT,AGGRAVATED ASSAULT,41.86072095104511,-87.65703473463819,COMMERCIAL BUILDING,True,False,D-13,W-48,0.14246465259083904,0.8575,CRITICAL
CR-2025-000731,2025-11-29 08:23:27,THEFT,GRAND THEFT,41.87496465114072,-87.64255780681314,PARK,False,False,D-12,W-19,0.13276875524736978,0.4047,MEDIUM
CR-2024-000439,2024-07-30 01:34:36,BATTERY,AGGRAVATED BATTERY,41.87785365655891,-87.61197410089828,ALLEY,False,False,D-05,W-28,0.7905092599980799,0.2095,LOW
CR-2024-005215,2025-07-04 23:15:14,BATTERY,AGGRAVATED BATTERY,41.76833760261419,-87.60330703128052,RESIDENCE,True,False,D-11,W-17,0.6498920576939061,0.3501,MEDIUM
CR-2023-001035,2024-10-04 21:30:16,PETTY THEFT,DOMESTIC BATTERY,41.96770794969182,-87.63057738556387,SIDEWALK,True,True,D-05,W-15,0.3034315055287361,0.3251,MEDIUM
CR-2024-005497,2023-10-02 00:54:38,THEFT,FROM BUILDING,41.856975203573946,-87.72255463590534,SIDEWALK,False,False,D-09,W-45,0.16418724451566966,0.39,MEDIUM
CR-2023-003279,2024-09-29 04:28:19,THEFT,FROM BUILDING,41.888379351270665,-87.60876986011121,RESIDENCE,False,False,D-06,W-33,0.14531480074404607,0.3989,MEDIUM
CR-2024-001222,2025-08-03 05:24:01,ASSAULT,AGGRAVATED ASSAULT,41.76632563073622,-87.62241281961673,COMMERCIAL BUILDING,False,False,D-06,W-50,0.12214800130679017,0.8779,CRITICAL
CR-2024-004825,2025-09-04 13:47:45,THEFT,GRAND THEFT,41.89495140930644,-87.61964508853937,RESIDENCE,False,False,D-05,W-06,0.09623049255012908,0.4218,MEDIUM
CR-2024-005083,2025-01-25 19:29:31,ASSAULT,,41.900890045266365,-87.62805007373247,SIDEWALK,False,True,D-13,W-23,0.13909835332337858,0.8609,CRITICAL
CR-2025-000452,2025-06-29 05:51:02,THEFT,GRAND THEFT,41.8809664860203,-87.62910345177767,COMMERCIAL BUILDING,False,False,D-06,W-20,0.12429025076582438,0.4087,MEDIUM
CR-2025-004139,2025-06-19 20:54:46,BATTERY,DOMESTIC BATTERY,41.93111429476119,-87.63258758829016,ALLEY,True,False,D-13,W-21,0.6700448920182083,0.33,MEDIUM
CR-2024-003151,2023-06-14 22:07:40,ROBBERY,STRONGARM ROBBERY,41.89248224459702,-87.61288470558226,ALLEY,False,False,D-01,W-31,0.1519082384620943,0.8481,CRITICAL
CR-2025-001940,2023-05-04 22:19:09,MOTOR VEHICLE THEFT,MOTORCYCLE,41.95443400017803,-87.65178927540842,SIDEWALK,False,False,D-14,W-38,0.1992325086054651,0.5338,HIGH
CR-2025-002357,2025-05-23 12:58:41,ROBBERY,ARMED ROBBERY,41.88206301159701,-87.7275820754709,SIDEWALK,False,False,D-01,W-18,0.17856605524457894,0.8214,CRITICAL
CR-2025-000668,2025-06-27 20:20:06,BURGLARY,RESIDENTIAL,41.76356493341147,-87.63656174216221,STREET,False,False,D-15,W-21,0.10046292631084418,0.5997,HIGH
CR-2023-003075,2024-08-13 01:53:43,CRIMINAL DAMAGE,TO VEHICLE,41.914659451695,-87.74280694453245,ALLEY,False,False,D-11,W-31,0.10869019417049991,0.4159,MEDIUM
CR-2024-002644,2024-04-01 20:45:44,CRIMINAL DAMAGE,TO VEHICLE,41.76377109410985,-87.60623953750786,ALLEY,False,False,D-03,W-04,0.10600287909047994,0.4172,MEDIUM
CR-2025-003743,2023-02-06 13:27:38,CRIMINAL DAMAGE,GRAFFITI,41.80962141375501,-87.6174730491926,PARK,False,False,D-13,W-45,0.1426735956212199,0.4001,MEDIUM
CR-2025-003278,2023-06-08 18:51:54,BURGLARY,FORCIBLE ENTRY,41.776196525240216,-87.60119748451947,PARKING LOT,False,False,D-02,W-31,0.10866665744260508,0.5942,HIGH
CR-2023-001662,2023-01-14 12:16:29,BATTERY,DOMESTIC BATTERY,41.97047754686633,-87.64579664507009,ALLEY,False,False,D-13,W-40,0.8332479330999035,0.1668,LOW
CR-2024-001342,2023-06-12 04:25:43,BATTERY,SIMPLE BATTERY,41.88312587043627,-87.62505766064226,STREET,True,True,D-02,W-36,0.7766195937950758,0.2234,LOW
CR-2023-003939,2025-06-11 20:33:13,ROBBERY,STRONGARM ROBBERY,41.86936907998861,-87.62381433789031,PARK,False,False,D-03,W-01,0.16178738805920892,0.8382,CRITICAL
CR-2024-003190,2024-12-07 21:19:16,MOTOR VEHICLE THEFT,AUTOMOBILE,41.90896716765647,-87.65137616750192,STREET,False,False,D-09,W-40,0.17316059441070078,0.5512,HIGH
CR-2024-002125,2023-06-01 10:37:29,MOTOR VEHICLE THEFT,TRUCK,41.96990686803914,-87.65108663069593,ALLEY,False,False,D-07,W-23,0.15607116514894961,0.5626,HIGH
CR-2023-005649,2023-11-24 18:20:36,ROBBERY,ARMED ROBBERY,41.77138576523537,-87.64017443882015,ALLEY,False,False,D-13,W-24,0.18148820015140144,0.8185,CRITICAL
CR-2024-004666,2023-08-18 19:02:10,THEFT,PETTY THEFT,41.870259239302506,-87.71120935345922,SIDEWALK,False,False,D-13,W-28,0.18400125240372145,0.3808,MEDIUM
CR-2024-004312,2025-09-07 15:52:21,BATTERY,DOMESTIC BATTERY,41.89899532998021,-87.72309823081396,APARTMENT,True,False,D-10,W-22,0.7661513603826646,0.2338,LOW
CR-2023-001584,2024-09-10 14:01:29,BATTERY,AGGRAVATED BATTERY,41.9464675265997,-87.66361933855895,PARK,True,True,D-12,W-32,0.7288471793729633,0.2712,MEDIUM
CR-2025-003287,2024-04-17 23:39:28,ROBBERY,ARMED ROBBERY,41.95157512101875,-87.63217986661097,STREET,False,False,D-02,W-40,0.19573319086655908,0.8043,CRITICAL
CR-2024-000436,2024-11-27 13:01:55,ROBBERY,STRONGARM ROBBERY,41.85741021157978,-87.64076395059914,ALLEY,False,False,D-05,W-10,0.12654343061162895,0.8735,CRITICAL
CR-2024-003847,2024-02-18 15:49:35,BATTERY,SIMPLE BATTERY,41.887375408493895,-87.60796599281115,APARTMENT,True,True,D-09,W-26,0.8065578448219902,0.1934,LOW
CR-2025-000116,2023-11-14 08:56:46,BATTERY,SIMPLE BATTERY,41.7800392959976,-87.64529000869015,COMMERCIAL BUILDING,True,False,D-15,W-02,0.7868167405830117,0.2132,LOW
CR-2024-005119,2024-11-23 20:40:11,CRIMINAL DAMAGE,GRAFFITI,41.85551378299154,-87.61720083190387,APARTMENT,False,False,D-13,W-27,0.10979919210406018,0.4154,MEDIUM
CR-2025-004097,2025-07-13 12:49:33,CRIMINAL DAMAGE,TO VEHICLE,41.78159248622767,-87.6040445586007,PARK,False,False,D-02,W-45,0.14061997078794877,0.401,MEDIUM
CR-2025-000911,2024-08-18 01:50:14,ROBBERY,STRONGARM ROBBERY,41.94390288036384,-87.66830005161647,RESIDENCE,False,False,D-15,W-47,0.09005077408080488,0.9099,CRITICAL
CR-2024-005257,2023-03-30 12:28:25,CRIMINAL DAMAGE,TO VEHICLE,41.880582373462,-87.61530790508709,COMMERCIAL BUILDING,False,False,D-01,W-20,0.13334134587285848,0.4044,MEDIUM
CR-2024-004363,2025-10-30 13:01:26,NARCOTICS,POSSESSION OF COCAINE,41.92546656924567,-87.61619819090602,SIDEWALK,True,False,D-05,W-05,0.7117658686772093,0.1922,LOW
CR-2024-001894,2025-11-07 16:03:32,ASSAULT,SIMPLE ASSAULT,41.952021254855424,-87.62923443925368,PARKING LOT,False,False,D-08,W-41,0.15946594525696006,0.8405,CRITICAL
CR-2025-003389,2023-11-06 21:24:08,MOTOR VEHICLE THEFT,AUTOMOBILE,41.96488205793711,-87.65858298825444,APARTMENT,False,False,D-13,W-31,0.13595470120497008,0.576,HIGH
CR-2023-003414,2024-01-16 08:32:24,ROBBERY,ARMED ROBBERY,41.77457885812965,-87.63989411242427,SIDEWALK,True,False,D-11,W-37,0.18348672655460146,0.8165,CRITICAL
CR-2024-001555,2025-02-22 20:39:05,THEFT,PETTY THEFT,41.74985540390219,-87.6360784724186,RESIDENCE,False,False,D-13,W-48,0.13486274863603914,0.4037,MEDIUM
CR-2025-005078,2023-08-22 00:45:57,NARCOTICS,POSSESSION OF COCAINE,41.86164284195345,-87.6391400764983,RESIDENCE,True,False,D-05,W-12,0.633824243104908,0.2441,LOW
CR-2025-004916,2025-08-04 03:44:27,BURGLARY,RESIDENTIAL,41.87126986365282,-87.6351078844423,SIDEWALK,True,False,D-06,W-02,0.12314691385268728,0.5846,HIGH
CR-2025-002510,2024-02-28 21:08:39,BURGLARY,RESIDENTIAL,41.87723138375185,-87.64082675201087,PARK,False,False,D-03,W-23,0.09840029673771841,0.6011,HIGH
CR-2024-003622,2023-10-07 22:44:22,BURGLARY,RESIDENTIAL,41.88858429607576,-87.63923556791806,RESIDENCE,False,False,D-14,W-25,0.09876822862090114,0.6008,HIGH
CR-2025-005687,2025-04-12 02:26:49,NARCOTICS,,41.86145585948146,-87.65502065337573,APARTMENT,True,False,D-14,W-33,0.8071529365099693,0.1286,LOW
CR-2024-005473,2025-05-23 19:35:38,ROBBERY,ARMED ROBBERY,41.86842607309517,-87.61790106256068,STREET,False,False,D-03,W-38,0.17157350344353037,0.8284,CRITICAL
CR-2024-002437,2024-12-27 00:12:54,CRIMINAL DAMAGE,TO PROPERTY,41.93623987714125,-87.67558959453415,RESIDENCE,False,False,D-14,W-21,0.12870793516328896,0.4066,MEDIUM
CR-2024-000667,2023-08-01 01:39:57,ASSAULT,SIMPLE ASSAULT,41.78261668643005,-87.63742714927795,RESIDENCE,True,False,D-02,W-04,0.12325327163728048,0.8767,CRITICAL
CR-2024-004342,2023-07-21 02:54:28,ROBBERY,ARMED ROBBERY,41.89628800739319,-87.7210109300482,APARTMENT,True,True,D-07,W-46,0.2312028845137047,0.7688,CRITICAL
CR-2023-000654,2024-11-22 04:44:36,NARCOTICS,POSSESSION OF HEROIN,41.89438843348748,-87.6226795265068,APARTMENT,False,False,D-09,W-32,0.7602667737279696,0.1598,LOW
CR-2023-003216,2025-08-13 16:12:06,MOTOR VEHICLE THEFT,AUTOMOBILE,41.91876838456897,-87.68208939549915,SIDEWALK,True,False,D-15,W-31,0.12602156778747875,0.5827,HIGH
CR-2024-000451,2024-01-30 03:38:45,BATTERY,DOMESTIC BATTERY,41.77961862057337,-87.59703870343482,APARTMENT,False,True,D-09,W-17,0.8201993900818523,0.1798,LOW
CR-2024-000550,2023-06-08 22:20:41,NARCOTICS,POSSESSION OF COCAINE,41.8930701516479,-87.6732438306729,PARKING LOT,True,False,D-02,W-07,0.7316420480883984,0.1789,LOW
CR-2024-004144,2025-07-13 15:25:42,MOTOR VEHICLE THEFT,TRUCK,41.935728209690126,-87.69342473240178,SIDEWALK,True,False,D-14,W-04,0.15252669043628314,0.565,HIGH
CR-2024-005644,2023-02-15 09:57:17,BURGLARY,COMMERCIAL,41.866320231196056,-87.6005655533283,ALLEY,False,False,D-10,W-15,0.14305037533227263,0.5713,HIGH
CR-2025-001454,2023-10-12 21:23:09,ASSAULT,AGGRAVATED ASSAULT,41.87134980713007,-87.61094276174707,PARKING LOT,False,False,D-15,W-11,0.1254972266250494,0.8745,CRITICAL
CR-2025-001667,2025-08-25 19:03:29,BURGLARY,RESIDENTIAL,41.89909391967719,-87.64993191622727,PARK,False,False,D-10,W-40,0.10549885060697974,0.5963,HIGH
CR-2023-000210,2023-12-08 03:46:03,ASSAULT,SIMPLE ASSAULT,41.98961495849764,-87.62019318315113,PARK,False,False,D-03,W-40,0.23093265524538104,0.7691,CRITICAL
CR-2024-004816,2024-08-31 18:51:20,ASSAULT,SIMPLE ASSAULT,41.77144618684501,-87.64630162996662,ALLEY,False,False,D-09,W-39,0.14320215244060341,0.8568,CRITICAL
CR-2025-004736,2024-02-07 15:44:40,CRIMINAL DAMAGE,TO PROPERTY,41.73244271279437,-87.64169235320975,PARKING LOT,True,False,D-06,W-27,0.1942533228588742,0.376,MEDIUM
CR-2023-001074,2023-12-31 23:19:11,ROBBERY,STRONGARM ROBBERY,41.77631863099627,-87.67007972027886,APARTMENT,True,True,D-05,W-15,0.19406395387600364,0.8059,CRITICAL
CR-2025-004853,2023-08-04 23:57:09,ROBBERY,ARMED ROBBERY,41.979558108646366,-87.63544743794041,PARKING LOT,False,False,D-13,W-41,0.14240212751215903,0.8576,CRITICAL
CR-2024-002635,2023-08-26 08:33:14,ROBBERY,ARMED ROBBERY,41.89746137636184,-87.59098136539704,STREET,False,False,D-12,W-09,0.17847558174177092,0.8215,CRITICAL
CR-2025-000335,2023-06-23 20:12:08,THEFT,GRAND THEFT,41.896791277887466,-87.66090085348613,APARTMENT,False,False,D-09,W-42,0.09525479670143004,0.4222,MEDIUM
CR-2024-002599,2023-10-02 13:20:44,MOTOR VEHICLE THEFT,TRUCK,41.86540348547812,-87.61591491685746,SIDEWALK,False,False,D-09,W-49,0.24381729252596848,0.5041,HIGH
CR-2023-001410,2024-08-19 11:14:54,BATTERY,AGGRAVATED BATTERY,41.94282233211698,-87.6383968405763,RESIDENCE,True,True,D-05,W-02,0.7322243478961095,0.2678,MEDIUM
CR-2023-000528,2023-06-28 03:47:38,BATTERY,SIMPLE BATTERY,41.94788891858017,-87.6318454196148,APARTMENT,True,False,D-02,W-05,0.7562567679043102,0.2437,LOW
CR-2024-000178,2024-11-28 22:51:54,ROBBERY,ARMED ROBBERY,41.87782230296012,-87.63412987958381,RESIDENCE,False,False,D-14,W-24,0.1670128491453766,0.833,CRITICAL
CR-2024-000730,2025-07-17 19:28:07,BURGLARY,FORCIBLE ENTRY,41.775438600400406,-87.65960745590723,PARKING LOT,False,False,D-05,W-22,0.11347472440047708,0.591,HIGH
CR-2024-001750,2024-11-08 09:32:16,MOTOR VEHICLE THEFT,TRUCK,41.90185153642414,-87.73819164202712,APARTMENT,False,False,D-10,W-09,0.16608706116762276,0.5559,HIGH
CR-2024-001546,2025-10-21 10:29:19,BURGLARY,RESIDENTIAL,41.87668311928337,-87.62350585041965,PARKING LOT,False,False,D-01,W-48,0.12899145700703424,0.5807,HIGH
CR-2024-005953,2023-01-19 17:04:11,MOTOR VEHICLE THEFT,AUTOMOBILE,41.95926513929948,-87.69145179298363,SIDEWALK,True,False,D-13,W-10,0.13029703464733886,0.5798,HIGH
CR-2024-004591,2023-04-13 15:29:31,CRIMINAL DAMAGE,TO VEHICLE,41.94407997156853,-87.64862069700648,APARTMENT,False,False,D-03,W-12,0.11082825674700605,0.4149,MEDIUM
CR-2025-004100,2025-10-23 05:03:27,ASSAULT,AGGRAVATED ASSAULT,41.87166688903081,-87.63056335067745,PARKING LOT,True,False,D-01,W-46,0.19940414328035458,0.8006,CRITICAL
CR-2024-000061,2024-07-26 01:13:28,MOTOR VEHICLE THEFT,AUTOMOBILE,41.8139698577734,-87.6640462765698,ALLEY,False,False,D-15,W-42,0.12855522618644732,0.581,HIGH
CR-2024-005320,2025-08-17 13:54:59,ASSAULT,AGGRAVATED ASSAULT,41.95387229162331,-87.66731013270828,APARTMENT,False,True,D-13,W-31,0.1514237797845228,0.8486,CRITICAL
CR-2023-000420,2023-07-28 17:06:10,BATTERY,,41.87970965322626,-87.714753249141,RESIDENCE,True,False,D-13,W-33,0.7090843123314691,0.2909,MEDIUM
CR-2023-003372,2023-10-14 22:48:35,BURGLARY,FORCIBLE ENTRY,41.75386713364505,-87.6520547226358,STREET,False,False,D-03,W-32,0.20138189446503602,0.5324,HIGH
CR-2024-004180,2023-10-03 23:12:31,BATTERY,SIMPLE BATTERY,41.89239420531325,-87.72227404597946,ALLEY,True,True,D-15,W-36,0.7373159126928297,0.2627,MEDIUM
CR-2025-005024,2024-12-10 13:08:54,BURGLARY,FORCIBLE ENTRY,41.88496312901008,-87.62329378585977,SIDEWALK,False,False,D-13,W-45,0.10043057704387522,0.5997,HIGH
CR-2024-003343,2023-07-31 23:24:41,MOTOR VEHICLE THEFT,TRUCK,41.87036142030302,-87.64368088386465,ALLEY,False,False,D-11,W-41,0.11739633815530816,0.5884,HIGH
CR-2025-005585,2025-06-27 07:38:07,THEFT,GRAND THEFT,41.89151688264658,-87.6247843787969,STREET,False,False,D-11,W-10,0.09357156505219942,0.423,MEDIUM
CR-2024-001012,2024-02-03 01:50:14,ROBBERY,ARMED ROBBERY,41.83280731766269,-87.6270422568287,APARTMENT,False,False,D-05,W-01,0.21879351988986906,0.7812,CRITICAL
CR-2025-005537,2025-08-09 08:06:18,ASSAULT,SIMPLE ASSAULT,41.86827008715199,-87.62687548441014,SIDEWALK,False,False,D-10,W-45,0.14661100732093807,0.8534,CRITICAL
CR-2025-002576,2023-09-23 16:10:15,NARCOTICS,POSSESSION OF COCAINE,41.9587620340406,-87.66588402019623,COMMERCIAL BUILDING,True,True,D-01,W-24,0.7875125240676172,0.1417,LOW
CR-2024-002779,2025-07-13 22:25:15,NARCOTICS,POSSESSION OF HEROIN,41.87766175391219,-87.61817327317617,STREET,True,False,D-12,W-17,0.7274152617133902,0.1817,LOW
CR-2024-001393,2023-06-26 14:25:08,ROBBERY,STRONGARM ROBBERY,41.86655005900704,-87.64924174996375,SIDEWALK,False,True,D-01,W-43,0.19715584785083975,0.8028,CRITICAL
CR-2025-003893,2023-09-09 22:12:50,BATTERY,DOMESTIC BATTERY,41.9505236583888,-87.6680561738572,STREET,False,True,D-12,W-40,0.7437106967046687,0.2563,MEDIUM
CR-2025-004070,2023-10-24 06:22:43,NARCOTICS,SALE/MANUFACTURE,41.93579903137303,-87.66998323732241,STREET,True,False,D-15,W-07,0.7694308164926884,0.1537,LOW
CR-2024-000211,2025-10-12 05:31:20,CRIMINAL DAMAGE,TO PROPERTY,41.87611864532738,-87.70941172288282,STREET,False,False,D-07,W-26,0.23921830911343736,0.355,MEDIUM
CR-2025-000539,2024-11-24 22:08:30,MOTOR VEHICLE THEFT,AUTOMOBILE,41.90061139685952,-87.6170466738683,PARK,False,False,D-12,W-18,0.12015197823845572,0.5866,HIGH
CR-2025-001007,2025-05-20 02:07:58,ASSAULT,SIMPLE ASSAULT,41.89054212262898,-87.6327073920816,SIDEWALK,False,False,D-08,W-22,0.15282234469341527,0.8472,CRITICAL
CR-2024-003883,2025-09-01 13:11:30,MOTOR VEHICLE THEFT,AUTOMOBILE,41.92737881220135,-87.75793311259562,APARTMENT,True,False,D-14,W-42,0.18017308283754246,0.5466,HIGH
CR-2025-003179,2024-07-15 04:32:03,ASSAULT,SIMPLE ASSAULT,41.84837053271392,-87.65228771802937,PARKING LOT,False,False,D-05,W-50,0.11496446581598169,0.885,CRITICAL
CR-2023-004605,2025-04-14 00:25:24,BATTERY,DOMESTIC BATTERY,41.919375474021976,-87.6737853680519,COMMERCIAL BUILDING,False,True,D-08,W-49,0.8174905877035825,0.1825,LOW
CR-2023-004764,2025-04-23 08:24:26,CRIMINAL DAMAGE,TO VEHICLE,41.88073405324707,-87.63207926685209,COMMERCIAL BUILDING,False,False,D-14,W-11,0.1479693266815957,0.3976,MEDIUM
CR-2025-004394,2024-08-19 06:52:45,ROBBERY,ARMED ROBBERY,41.88828940729974,-87.64045204910256,STREET,False,False,D-12,W-11,0.1518904478422964,0.8481,CRITICAL
CR-2023-002448,2025-08-27 01:36:19,ASSAULT,AGGRAVATED ASSAULT,41.91462989623863,-87.6777009484494,APARTMENT,False,False,D-12,W-24,0.133165445518173,0.8668,CRITICAL
CR-2025-004211,2024-04-03 04:42:10,CRIMINAL DAMAGE,TO PROPERTY,41.76394301664505,-87.65071918861433,APARTMENT,False,False,D-15,W-17,0.16451300516377232,0.3899,MEDIUM
CR-2023-002562,2024-05-25 21:53:01,BATTERY,AGGRAVATED BATTERY,41.79612911142686,-87.64609085705716,STREET,False,False,D-11,W-04,0.6433120114844825,0.3567,MEDIUM
CR-2023-001554,2024-06-30 10:26:19,BATTERY,DOMESTIC BATTERY,41.88871086143153,-87.76055669411159,ALLEY,True,False,D-15,W-45,0.7800215936793978,0.22,LOW
CR-2024-001228,2023-10-24 15:26:47,BATTERY,AGGRAVATED BATTERY,41.9367989351726,-87.65051190998929,PARK,True,True,D-01,W-21,0.764288447435789,0.2357,LOW
CR-2025-004274,2023-08-29 05:34:55,ASSAULT,SIMPLE ASSAULT,41.93969845516848,-87.6615335177153,SIDEWALK,False,False,D-08,W-03,0.16569219235688162,0.8343,CRITICAL
CR-2024-003055,2025-06-16 02:53:07,ROBBERY,STRONGARM ROBBERY,41.80492385434494,-87.66063146022714,PARK,False,False,D-03,W-20,0.1615445165309081,0.8385,CRITICAL
CR-2025-005657,2023-12-30 02:12:34,THEFT,FROM BUILDING,41.77506248261076,-87.65066119424881,COMMERCIAL BUILDING,False,False,D-13,W-35,0.15014936556339556,0.3966,MEDIUM
CR-2025-001958,2025-11-22 00:47:58,THEFT,FROM BUILDING,41.87678847006835,-87.62157520558668,APARTMENT,False,False,D-13,W-42,0.10123414314034246,0.4194,MEDIUM
CR-2025-005162,2025-08-06 22:15:39,ROBBERY,ARMED ROBBERY,41.88083420335308,-87.64951299294435,PARKING LOT,False,False,D-07,W-23,0.12244515175855492,0.8776,CRITICAL
CR-2025-001448,2024-02-15 22:53:05,BATTERY,AGGRAVATED BATTERY,41.846838305907525,-87.60392955025358,STREET,True,False,D-05,W-31,0.7455837211657856,0.2544,MEDIUM
CR-2024-002131,2023-07-25 02:48:58,NARCOTICS,POSSESSION OF COCAINE,41.797887872187154,-87.63629396580647,COMMERCIAL BUILDING,False,False,D-01,W-13,0.7329841125922599,0.178,LOW
CR-2025-003449,2024-07-08 21:54:20,NARCOTICS,SALE/MANUFACTURE,41.77786771595538,-87.6658625671762,PARK,False,False,D-07,W-49,0.8564064286139096,0.0957,LOW
CR-2024-005479,2024-02-10 02:16:55,CRIMINAL DAMAGE,GRAFFITI,41.95539230662057,-87.65263001161877,STREET,True,False,D-04,W-08,0.21377564688543638,0.3669,MEDIUM
CR-2023-003315,2025-05-12 20:47:01,CRIMINAL DAMAGE,TO VEHICLE,41.7396963921645,-87.61756967340769,PARK,False,False,D-10,W-47,0.09159019818759137,0.4239,MEDIUM
CR-2025-003281,2023-03-17 00:55:37,ASSAULT,AGGRAVATED ASSAULT,41.94453391547104,-87.62586829834859,ALLEY,False,False,D-09,W-41,0.1842568055569315,0.8157,CRITICAL
CR-2025-004337,2023-08-07 21:05:16,NARCOTICS,SALE/MANUFACTURE,41.941553903131016,-87.63725817376823,APARTMENT,True,False,D-06,W-08,0.7167031284795101,0.1889,LOW
CR-2025-000209,2023-07-14 01:08:42,ASSAULT,AGGRAVATED ASSAULT,41.89578945776096,-87.62878722277885,PARK,False,True,D-12,W-06,0.12302917094620147,0.877,CRITICAL
CR-2023-003645,2024-03-28 20:07:22,NARCOTICS,POSSESSION OF COCAINE,41.827423519057646,-87.73845108858573,STREET,True,False,D-11,W-43,0.7347199406287832,0.1769,LOW
CR-2023-000132,2025-07-11 15:35:24,NARCOTICS,POSSESSION OF HEROIN,41.77258579621517,-87.66019457954913,COMMERCIAL BUILDING,True,False,D-13,W-16,0.6719460150553239,0.2187,LOW
CR-2023-003786,2024-04-29 23:37:17,PETTY THEFT,TO PROPERTY,41.86849768314748,-87.60754384134695,ALLEY,False,False,D-06,W-40,0.30618223690671503,0.3238,MEDIUM
CR-2025-001247,2024-05-29 04:05:32,CRIMINAL DAMAGE,GRAFFITI,41.74748732764302,-87.60866987033131,PARKING LOT,False,False,D-02,W-38,0.174726387665432,0.3851,MEDIUM
CR-2023-004149,2024-09-14 05:39:11,MOTOR VEHICLE THEFT,AUTOMOBILE,41.87722990821288,-87.7083121647008,PARKING LOT,True,False,D-04,W-26,0.26828743535420113,0.4878,MEDIUM
CR-2024-004153,2024-08-03 17:55:45,CRIMINAL DAMAGE,TO VEHICLE,41.919916647996246,-87.61706787865873,PARKING LOT,False,False,D-09,W-41,0.12264670306705033,0.4094,MEDIUM
CR-2023-004224,2024-07-03 07:44:04,ASSAULT,SIMPLE ASSAULT,41.86630141862664,-87.62481441500164,SIDEWALK,True,True,D-06,W-17,0.18468399045717782,0.8153,CRITICAL
CR-2025-005198,2025-08-21 22:38:44,BURGLARY,COMMERCIAL,41.87213539710721,-87.69992616550795,RESIDENCE,False,False,D-09,W-31,0.08464732470817314,0.6102,HIGH
CR-2025-000971,2024-09-09 16:48:50,BURGLARY,RESIDENTIAL,41.88213690411868,-87.63494788413246,SIDEWALK,True,False,D-07,W-41,0.13357246846452758,0.5776,HIGH
CR-2024-001066,2023-05-11 13:17:08,BATTERY,SIMPLE BATTERY,41.8881929185395,-87.62092278799388,PARKING LOT,True,False,D-01,W-37,0.7584551445380648,0.2415,LOW
CR-2023-000144,2023-05-09 18:55:34,ASSAULT,AGGRAVATED ASSAULT,41.88231487801603,-87.63914049279731,PARK,True,False,D-08,W-34,0.11431799296525576,0.8857,CRITICAL
CR-2024-001168,2023-03-29 21:32:58,CRIMINAL DAMAGE,TO PROPERTY,41.95841331442762,-87.65430452625638,PARK,True,False,D-10,W-27,0.11247517996806497,0.4142,MEDIUM
CR-2024-000364,2023-10-08 06:24:18,MOTOR VEHICLE THEFT,AUTOMOBILE,41.76540600799227,-87.64845761813507,SIDEWALK,False,False,D-09,W-48,0.21698825981055395,0.522,HIGH
CR-2023-005562,2025-06-14 05:06:07,ASSAULT,SIMPLE ASSAULT,41.89401200107709,-87.61630657934893,SIDEWALK,False,False,D-10,W-50,0.11025731663039393,0.8897,CRITICAL
CR-2024-005992,2024-03-04 00:36:35,CRIMINAL DAMAGE,TO PROPERTY,41.88774075728948,-87.61899041152964,PARK,False,False,D-15,W-03,0.13020745062001624,0.4059,MEDIUM
CR-2023-001710,2023-12-10 05:13:12,NARCOTICS,SALE/MANUFACTURE,41.93625291133576,-87.65684442090446,COMMERCIAL BUILDING,True,False,D-04,W-18,0.7927529002072212,0.1382,LOW
CR-2025-001649,2023-11-13 20:13:22,NARCOTICS,POSSESSION OF COCAINE,41.860799742341065,-87.61274028186453,APARTMENT,True,False,D-01,W-35,0.7220829303816867,0.1853,LOW
CR-2023-000456,2024-02-06 00:16:58,BATTERY,SIMPLE BATTERY,41.78513459209277,-87.58956366800592,RESIDENCE,True,False,D-02,W-22,0.779878205823304,0.2201,LOW
CR-2024-001408,2024-07-14 02:08:19,BATTERY,DOMESTIC BATTERY,41.88533100091004,-87.62426900279024,APARTMENT,False,False,D-02,W-21,0.7511351848243961,0.2489,LOW
CR-2024-005593,2025-04-11 10:58:08,ASSAULT,AGGRAVATED ASSAULT,41.893150488390944,-87.6215730508969,APARTMENT,True,False,D-05,W-02,0.15126736427417253,0.8487,CRITICAL
CR-2024-003718,2025-03-14 00:13:06,BATTERY,SIMPLE BATTERY,41.75958644720394,-87.63044909999171,PARK,True,True,D-09,W-31,0.7539881132947964,0.246,LOW
CR-2024-000982,2025-04-29 13:21:40,THEFT,PETTY THEFT,41.792790111650085,-87.62676048296862,STREET,False,False,D-08,W-08,0.1408214893835643,0.4009,MEDIUM
CR-2025-004658,2023-06-11 12:59:50,MOTOR VEHICLE THEFT,MOTORCYCLE,41.94270421180969,-87.67524529915937,COMMERCIAL BUILDING,False,False,D-10,W-39,0.11361095931958991,0.5909,HIGH
CR-2025-000341,2025-02-09 05:31:05,THEFT,PETTY THEFT,41.87023219600581,-87.62245938158158,ALLEY,False,False,D-05,W-27,0.16214424205976474,0.391,MEDIUM
CR-2023-001122,2023-08-01 18:20:16,THEFT,RETAIL THEFT,41.90235818862453,-87.62823466093715,SIDEWALK,False,False,D-11,W-01,0.132908471773799,0.4046,MEDIUM
CR-2025-005636,2025-08-27 05:43:25,MOTOR VEHICLE THEFT,AUTOMOBILE,41.86732274022258,-87.61804801527514,APARTMENT,False,False,D-14,W-41,0.1760748706849899,0.5493,HIGH
CR-2024-004384,2025-11-10 15:30:37,BATTERY,AGGRAVATED BATTERY,41.78021143467224,-87.60950428398112,RESIDENCE,False,True,D-12,W-48,0.6663496867738506,0.3337,MEDIUM
CR-2025-003371,2023-10-07 11:19:06,ASSAULT,AGGRAVATED ASSAULT,41.91704023468879,-87.68514924540011,ALLEY,False,True,D-04,W-16,0.19850422774795654,0.8015,CRITICAL
CR-2023-000585,2023-11-12 16:08:14,ROBBERY,STRONGARM ROBBERY,41.894260714616166,-87.72183855436855,APARTMENT,False,False,D-05,W-28,0.2355840617146623,0.7644,CRITICAL
CR-2023-000699,2023-08-17 23:26:42,ROBBERY,ARMED ROBBERY,41.902207450343,-87.73872409702149,PARK,False,False,D-11,W-45,0.11072018603503332,0.8893,CRITICAL
CR-2024-005689,2025-01-15 01:30:40,ASSAULT,,41.8868743023963,-87.62894940026742,COMMERCIAL BUILDING,False,False,D-02,W-34,0.1520046432392166,0.848,CRITICAL
CR-2025-003815,2025-09-21 17:41:37,ASSAULT,AGGRAVATED ASSAULT,41.969858592290144,-87.67236798948078,STREET,False,True,D-12,W-33,0.15823275926209598,0.8418,CRITICAL
CR-2024-001759,2024-03-05 23:01:13,NARCOTICS,POSSESSION OF COCAINE,41.9739903733952,-87.69963637678708,SIDEWALK,True,False,D-14,W-48,0.7772165651235501,0.1485,LOW
CR-2023-005838,2023-09-19 20:39:54,THEFT,PETTY THEFT,41.88090061561082,-87.73347239288033,RESIDENCE,False,False,D-03,W-19,0.13736852560191956,0.4026,MEDIUM
CR-2024-001699,2024-10-30 02:46:46,ROBBERY,STRONGARM ROBBERY,41.91217174618134,-87.63586596134776,STREET,True,False,D-02,W-03,0.19776194020751467,0.8022,CRITICAL
CR-2024-005725,2024-06-15 06:17:30,NARCOTICS,POSSESSION OF HEROIN,41.87013154626191,-87.74229949838293,SIDEWALK,True,False,D-04,W-16,0.7757299875266691,0.1495,LOW
CR-2024-000688,2024-01-12 23:41:47,BATTERY,AGGRAVATED BATTERY,41.868556690704125,-87.70818171562686,APARTMENT,True,False,D-10,W-33,0.7750469972668668,0.225,LOW
CR-2023-004770,2023-12-25 21:39:52,CRIMINAL DAMAGE,GRAFFITI,41.78711610064512,-87.64334549784776,STREET,False,False,D-13,W-49,0.20769681117065333,0.3697,MEDIUM
CR-2024-005587,2023-04-27 15:34:49,BURGLARY,RESIDENTIAL,41.88801729392993,-87.62214621666392,PARKING LOT,False,False,D-09,W-19,0.10339178109698988,0.5977,HIGH
CR-2024-001696,2024-03-23 22:09:22,NARCOTICS,SALE/MANUFACTURE,41.94692054272812,-87.65681331208651,COMMERCIAL BUILDING,True,False,D-09,W-19,0.7118114307551203,0.1921,LOW
CR-2025-000248,2023-01-01 05:17:49,NARCOTICS,POSSESSION OF COCAINE,41.75296884614184,-87.6337584669521,COMMERCIAL BUILDING,True,False,D-12,W-46,0.8302039154959558,0.1132,LOW
CR-2024-005080,2023-12-28 09:30:20,ASSAULT,AGGRAVATED ASSAULT,41.85570215281687,-87.63233177106125,COMMERCIAL BUILDING,False,False,D-05,W-48,0.14744066143209422,0.8526,CRITICAL
CR-2024-004549,2024-07-23 07:06:57,BATTERY,DOMESTIC BATTERY,41.78158073221048,-87.64149677586263,PARK,True,True,D-02,W-09,0.7892427662344345,0.2108,LOW
CR-2024-001336,2025-06-04 00:39:16,BURGLARY,RESIDENTIAL,41.78541105658334,-87.64247104640482,STREET,False,False,D-06,W-34,0.10248262174388123,0.5983,HIGH
CR-2025-003260,2023-04-21 05:28:46,MOTOR VEHICLE THEFT,TRUCK,41.77019606507957,-87.63087316390296,RESIDENCE,True,False,D-07,W-49,0.24438637434403615,0.5037,HIGH
CR-2023-001680,2024-09-11 12:37:34,MOTOR VEHICLE THEFT,AUTOMOBILE,41.86080001395192,-87.65511016520666,SIDEWALK,False,False,D-06,W-24,0.18655324357025294,0.5423,HIGH
CR-2023-000498,2023-01-04 09:34:12,NARCOTICS,POSSESSION OF COCAINE,41.905065297902745,-87.620187357081,PARKING LOT,False,False,D-03,W-34,0.7641225403407528,0.1573,LOW
CR-2025-000815,2023-11-23 18:52:50,CRIMINAL DAMAGE,GRAFFITI,41.88537099225942,-87.64249534982487,COMMERCIAL BUILDING,False,False,D-09,W-03,0.12041594670699339,0.4105,MEDIUM
CR-2024-004978,2024-11-19 16:00:41,BURGLARY,FORCIBLE ENTRY,41.78869703155614,-87.65486494899017,ALLEY,False,False,D-09,W-43,0.13766436197879267,0.5749,HIGH
CR-2023-001695,2024-06-05 23:43:05,BATTERY,SIMPLE BATTERY,41.91686007035618,-87.67135648887901,APARTMENT,False,False,D-08,W-01,0.7415648923004158,0.2584,MEDIUM
CR-2025-000890,2025-06-22 22:47:13,CRIMINAL DAMAGE,TO PROPERTY,41.85700523804493,-87.63104658358944,SIDEWALK,True,False,D-02,W-18,0.11446985362302055,0.4132,MEDIUM
CR-2024-004603,2025-06-14 09:10:34,ROBBERY,STRONGARM ROBBERY,41.89954585159322,-87.76007286431246,PARKING LOT,False,False,D-14,W-18,0.21606027394371485,0.7839,CRITICAL
CR-2025-002609,2024-02-19 16:39:47,ASSAULT,AGGRAVATED ASSAULT,41.93812198746702,-87.67927902795988,STREET,False,True,D-05,W-17,0.21613348638304378,0.7839,CRITICAL
CR-2025-003992,2025-06-19 15:49:56,ROBBERY,ARMED ROBBERY,41.95316342612279,-87.67211543779797,COMMERCIAL BUILDING,False,False,D-12,W-04,0.07858121625922478,0.9214,CRITICAL
CR-2024-004066,2025-02-25 04:43:18,NARCOTICS,POSSESSION OF HEROIN,41.88566145632239,-87.6939138976736,PARKING LOT,True,False,D-11,W-32,0.7531533163093207,0.1646,LOW
CR-2025-003272,2024-12-14 03:15:16,ROBBERY,STRONGARM ROBBERY,41.87933662649952,-87.63533978155237,APARTMENT,False,False,D-06,W-28,0.22531774950604408,0.7747,CRITICAL
CR-2023-001881,2024-01-11 13:48:29,THEFT,RETAIL THEFT,41.758574640693496,-87.60841800210807,PARK,False,False,D-01,W-31,0.19189256280834294,0.3771,MEDIUM
CR-2025-005099,2024-06-30 20:05:15,NARCOTICS,POSSESSION OF COCAINE,41.974229377781306,-87.64915993879988,APARTMENT,True,False,D-08,W-48,0.7138914509492974,0.1907,LOW
CR-2025-005090,2023-10-23 01:53:27,BATTERY,SIMPLE BATTERY,41.7434153911051,-87.62340012577748,STREET,True,False,D-05,W-24,0.8312052835562893,0.1688,LOW
CR-2024-002596,2023-11-14 14:16:14,NARCOTICS,SALE/MANUFACTURE,41.792800552421056,-87.64378211972006,PARK,True,False,D-11,W-20,0.6810783044716529,0.2126,LOW
CR-2024-004396,2023-09-23 02:32:21,MOTOR VEHICLE THEFT,TRUCK,41.8790484821977,-87.63393759939845,SIDEWALK,False,False,D-02,W-39,0.14212700009809073,0.5719,HIGH
CR-2024-005782,2024-08-15 00:48:37,BATTERY,AGGRAVATED BATTERY,41.96978894776248,-87.65538285169887,STREET,True,False,D-12,W-26,0.7437560396375454,0.2562,MEDIUM
CR-2023-004047,2024-06-23 04:22:22,BURGLARY,RESIDENTIAL,41.94923791842309,-87.60256661716109,SIDEWALK,False,False,D-04,W-12,0.15847098434968485,0.561,HIGH
CR-2024-005737,2023-03-26 21:03:01,ASSAULT,,41.767289955464754,-87.59340252656884,STREET,True,False,D-06,W-36,0.19734568158638643,0.8027,CRITICAL
CR-2024-001006,2024-02-06 02:38:56,ROBBERY,STRONGARM ROBBERY,41.86675543770383,-87.74381825581996,STREET,False,False,D-03,W-46,0.28532437469121547,0.7147,HIGH
CR-2024-005908,2023-10-01 03:39:52,BURGLARY,COMMERCIAL,41.891447854276784,-87.62348850156222,PARKING LOT,False,False,D-03,W-46,0.17482607751822618,0.5501,HIGH
CR-2024-000361,2025-01-09 12:54:27,ROBBERY,STRONGARM ROBBERY,41.85787721866842,-87.61865103858966,SIDEWALK,False,False,D-08,W-36,0.16284809778899467,0.8372,CRITICAL
CR-2024-005683,2024-08-14 13:46:33,NARCOTICS,POSSESSION OF COCAINE,41.93933480948106,-87.62093120768795,COMMERCIAL BUILDING,True,False,D-04,W-49,0.8575441950132887,0.095,LOW
CR-2023-005778,2024-11-28 17:50:38,MOTOR VEHICLE THEFT,TRUCK,41.78946571542981,-87.67934561890704,ALLEY,False,False,D-10,W-12,0.14184394497812622,0.5721,HIGH
CR-2024-004027,2023-03-01 21:11:11,BURGLARY,COMMERCIAL,41.87003032206768,-87.6228033310474,STREET,False,False,D-13,W-34,0.08503902744167055,0.61,HIGH
CR-2023-001950,2024-09-11 22:39:32,NARCOTICS,POSSESSION OF COCAINE,41.869758218798594,-87.6317509044033,SIDEWALK,True,False,D-03,W-30,0.6731295420852227,0.2179,LOW
CR-2023-000855,2025-02-10 02:05:50,THEFT,GRAND THEFT,41.97054161338574,-87.65770762327907,PARK,False,False,D-13,W-45,0.1389907025386882,0.4018,MEDIUM
CR-2025-005939,2023-11-10 23:21:46,THEFT,FROM BUILDING,41.88258799649134,-87.639153953205,ALLEY,False,False,D-13,W-35,0.11285531970194045,0.414,MEDIUM
CR-2024-005410,2023-10-25 14:24:51,MOTOR VEHICLE THEFT,TRUCK,41.754131577031465,-87.63060509487383,PARKING LOT,False,False,D-09,W-16,0.130465055398882,0.5797,HIGH
CR-2023-000510,2023-06-02 17:24:41,ASSAULT,AGGRAVATED ASSAULT,41.95885670976071,-87.66677400007877,SIDEWALK,False,False,D-03,W-35,0.142087389175946,0.8579,CRITICAL
CR-2024-003265,2024-02-01 05:21:54,CRIMINAL DAMAGE,TO PROPERTY,41.88678392972857,-87.62289936514209,RESIDENCE,False,False,D-11,W-26,0.10820681568833751,0.4162,MEDIUM
CR-2023-003045,2025-11-16 20:17:24,MOTOR VEHICLE THEFT,AUTOMOBILE,41.88928041086117,-87.62839714755343,PARK,False,False,D-13,W-22,0.14297653396682886,0.5713,HIGH
CR-2024-002824,2025-08-30 20:17:54,MOTOR VEHICLE THEFT,MOTORCYCLE,41.81509491046145,-87.60553399943304,ALLEY,False,False,D-13,W-24,0.15347353215967996,0.5644,HIGH
CR-2025-002423,2023-04-14 04:01:51,THEFT,PETTY THEFT,41.84542683020403,-87.6377420044526,COMMERCIAL BUILDING,False,False,D-10,W-23,0.10571662794469147,0.4173,MEDIUM
CR-2024-001333,2025-04-16 06:39:19,BURGLARY,RESIDENTIAL,41.895867135828,-87.74908541966583,COMMERCIAL BUILDING,True,True,D-12,W-22,0.11205783162691908,0.592,HIGH
CR-2024-004615,2025-08-18 16:47:11,BATTERY,SIMPLE BATTERY,41.77758112229998,-87.61266302545121,ALLEY,False,False,D-03,W-42,0.7103282819555263,0.2897,MEDIUM
CR-2024-001576,2024-07-21 09:19:38,ASSAULT,AGGRAVATED ASSAULT,41.83449517671018,-87.63542233084932,ALLEY,False,True,D-09,W-12,0.1602836623370855,0.8397,CRITICAL
CR-2024-002191,2024-05-01 08:39:55,MOTOR VEHICLE THEFT,AUTOMOBILE,41.86809726924573,-87.62683124998988,RESIDENCE,False,False,D-01,W-46,0.16260845032251608,0.5583,HIGH
CR-2025-001295,2023-11-03 05:34:01,CRIMINAL DAMAGE,GRAFFITI,41.89666157202026,-87.6366595248263,RESIDENCE,False,False,D-01,W-16,0.1037645214197426,0.4182,MEDIUM
CR-2023-004464,2025-05-09 18:48:15,NARCOTICS,SALE/MANUFACTURE,41.86303493260559,-87.62789762972298,SIDEWALK,True,False,D-11,W-25,0.5398961049383237,0.3067,MEDIUM
CR-2025-003362,2023-08-26 23:36:09,BURGLARY,COMMERCIAL,41.76642152621324,-87.59907079931881,COMMERCIAL BUILDING,False,False,D-01,W-15,0.13673991593942403,0.5755,HIGH
CR-2024-001315,2023-10-16 01:43:11,THEFT,PETTY THEFT,41.88254863317712,-87.62285222807098,STREET,True,False,D-04,W-49,0.2954341723573077,0.3288,MEDIUM
CR-2023-001485,2025-12-22 01:22:54,BATTERY,DOMESTIC BATTERY,41.84941617536871,-87.63082951069129,RESIDENCE,True,False,D-14,W-16,0.7090828741308242,0.2909,MEDIUM
CR-2025-001820,2024-07-26 02:27:50,THEFT,PETTY THEFT,41.93846135949764,-87.65895137948759,PARK,True,False,D-15,W-50,0.0835831683437518,0.4277,MEDIUM
CR-2025-005084,2025-03-22 01:26:02,BURGLARY,FORCIBLE ENTRY,41.92777787893412,-87.66556254492728,SIDEWALK,True,False,D-06,W-06,0.12002657102181773,0.5866,HIGH
CR-2024-004444,2024-02-12 01:31:27,ASSAULT,AGGRAVATED ASSAULT,41.87707570688354,-87.6337513545268,SIDEWALK,False,True,D-12,W-31,0.15802138704396304,0.842,CRITICAL
CR-2025-002603,2024-03-01 10:50:18,ASSAULT,AGGRAVATED ASSAULT,41.89549759949583,-87.63738949298482,PARK,False,True,D-02,W-30,0.17056148500708054,0.8294,CRITICAL
CR-2025-001796,2024-06-15 00:52:33,BURGLARY,FORCIBLE ENTRY,41.91265458128157,-87.6519916633471,PARK,False,True,D-12,W-27,0.09683605682683584,0.6021,HIGH
CR-2023-000411,2025-07-20 21:51:16,ROBBERY,ARMED ROBBERY,41.91258347185429,-87.6352425784066,ALLEY,False,False,D-14,W-44,0.20563658266722318,0.7944,CRITICAL
CR-2023-001269,2023-11-24 15:09:26,ROBBERY,ARMED ROBBERY,41.74775706558884,-87.62762664722501,APARTMENT,False,False,D-15,W-01,0.22236705072811008,0.7776,CRITICAL
CR-2025-004034,2024-02-14 04:01:57,ASSAULT,AGGRAVATED ASSAULT,41.949086667771375,-87.66254998005763,STREET,False,False,D-04,W-49,0.3395456379254026,0.6605,HIGH
CR-2023-001545,2023-12-24 04:03:22,BATTERY,SIMPLE BATTERY,41.73345051936532,-87.6100071926129,COMMERCIAL BUILDING,True,True,D-05,W-29,0.7509231279518666,0.2491,LOW
CR-2024-000580,2023-07-30 00:52:00,ASSAULT,SIMPLE ASSAULT,41.83561069713228,-87.68566303369337,COMMERCIAL BUILDING,False,True,D-12,W-24,0.17746684070360247,0.8225,CRITICAL
CR-2025-005981,2024-08-06 19:01:56,ROBBERY,STRONGARM ROBBERY,41.86005992738343,-87.64465020570854,PARKING LOT,False,False,D-08,W-49,0.2063381440232025,0.7937,CRITICAL
CR-2024-000700,2024-07-17 19:08:09,BURGLARY,RESIDENTIAL,41.862396335259774,-87.6217502087121,PARKING LOT,False,False,D-05,W-46,0.10076981888706982,0.5995,HIGH
CR-2024-001813,2024-03-01 03:51:14,MOTOR VEHICLE THEFT,MOTORCYCLE,41.75804192386271,-87.60989925546069,STREET,True,False,D-05,W-10,0.15088350732087172,0.5661,HIGH
CR-2025-002810,2024-06-09 11:58:46,BURGLARY,FORCIBLE ENTRY,41.94199229881127,-87.69088797861014,RESIDENCE,False,False,D-03,W-43,0.1183391182113692,0.5878,HIGH
CR-2024-000379,2024-09-12 22:27:08,BURGLARY,FORCIBLE ENTRY,41.86522463329729,-87.61929535180887,ALLEY,False,False,D-09,W-44,0.10122674727292488,0.5992,HIGH
CR-2023-004416,2023-02-09 02:27:51,THEFT,FROM BUILDING,41.76673309192796,-87.60541005559318,SIDEWALK,False,False,D-14,W-50,0.15452845605167478,0.3946,MEDIUM
CR-2023-005889,2023-09-05 01:39:34,ASSAULT,SIMPLE ASSAULT,41.872887495504415,-87.64243443575155,PARKING LOT,False,False,D-12,W-45,0.13745183030034605,0.8625,CRITICAL
CR-2025-003023,2023-05-13 22:57:37,CRIMINAL DAMAGE,TO VEHICLE,41.94843953689512,-87.62464253288726,SIDEWALK,True,False,D-15,W-27,0.1252569846822529,0.4082,MEDIUM
CR-2023-004257,2025-08-22 09:20:31,MOTOR VEHICLE THEFT,MOTORCYCLE,41.87281857865543,-87.72272884304346,APARTMENT,True,False,D-03,W-07,0.19989958793813484,0.5334,HIGH
CR-2023-001740,2023-04-26 09:18:07,ROBBERY,ARMED ROBBERY,41.94235638826035,-87.70736274175654,STREET,False,False,D-14,W-24,0.25475567043703934,0.7452,HIGH
CR-2024-003304,2024-09-24 02:01:33,ASSAULT,AGGRAVATED ASSAULT,41.86643086674024,-87.72323952972002,RESIDENCE,False,False,D-02,W-08,0.1656415211521634,0.8344,CRITICAL
CR-2025-002240,2023-08-21 14:20:35,ROBBERY,STRONGARM ROBBERY,41.86018215590352,-87.62551295069808,ALLEY,False,False,D-15,W-12,0.13046548227905722,0.8695,CRITICAL
CR-2025-001901,2024-05-01 22:36:27,CRIMINAL DAMAGE,TO PROPERTY,41.92405434615559,-87.65211074986391,RESIDENCE,False,False,D-15,W-16,0.06158596941278343,0.4379,MEDIUM
CR-2024-000148,2024-03-27 09:14:34,BURGLARY,RESIDENTIAL,41.80138999688583,-87.62131751197809,PARK,False,False,D-02,W-18,0.1276788826411141,0.5815,HIGH
CR-2023-001002,2023-03-01 13:54:50,ROBBERY,STRONGARM ROBBERY,41.73155963332616,-87.62366765731568,COMMERCIAL BUILDING,False,False,D-03,W-50,0.18009212552774242,0.8199,CRITICAL
CR-2023-002508,2025-11-16 22:18:19,ASSAULT,SIMPLE ASSAULT,41.72628126235703,-87.57794555223664,COMMERCIAL BUILDING,True,True,D-05,W-21,0.2165885997532125,0.7834,CRITICAL
CR-2024-003016,2025-08-02 05:14:49,NARCOTICS,POSSESSION OF HEROIN,41.791462492403234,-87.6512687215888,COMMERCIAL BUILDING,True,False,D-10,W-05,0.7371353150159811,0.1752,LOW
CR-2023-005880,2023-06-25 15:51:27,BURGLARY,RESIDENTIAL,41.87912310173905,-87.61753011851114,APARTMENT,False,False,D-03,W-17,0.15019553434134914,0.5665,HIGH
CR-2024-003187,2024-04-06 09:17:04,NARCOTICS,POSSESSION OF HEROIN,41.94496652692151,-87.63333030247897,ALLEY,True,False,D-11,W-39,0.6678997017984567,0.2214,LOW
CR-2024-005830,2024-11-01 22:57:20,NARCOTICS,POSSESSION OF HEROIN,41.86487272251522,-87.63866823428864,APARTMENT,False,False,D-08,W-34,0.6509272512176998,0.2327,LOW
CR-2023-002466,2024-04-28 12:29:31,ASSAULT,AGGRAVATED ASSAULT,41.90111723152692,-87.61296438671945,SIDEWALK,False,False,D-10,W-36,0.16172647698212525,0.8383,CRITICAL
CR-2024-001615,2024-06-13 22:58:00,NARCOTICS,SALE/MANUFACTURE,41.87183135681352,-87.66018711809667,RESIDENCE,True,False,D-15,W-26,0.6701993618582993,0.2199,LOW
CR-2025-001436,2023-06-25 22:00:54,ROBBERY,STRONGARM ROBBERY,41.90665945962796,-87.66699235461314,SIDEWALK,False,False,D-10,W-09,0.14288285630432365,0.8571,CRITICAL
CR-2025-001193,2025-06-03 14:03:06,THEFT,GRAND THEFT,41.87464398928692,-87.64366349716403,STREET,False,False,D-09,W-06,0.13099825786633001,0.4055,MEDIUM
CR-2025-001877,2024-06-11 00:02:51,ASSAULT,AGGRAVATED ASSAULT,41.86771624506102,-87.65933384713624,APARTMENT,False,False,D-10,W-28,0.19446341110179002,0.8055,CRITICAL
CR-2025-003803,2025-06-13 12:42:57,MOTOR VEHICLE THEFT,AUTOMOBILE,41.9304468122945,-87.6680497486965,PARKING LOT,False,False,D-04,W-17,0.2117012541690137,0.5255,HIGH
CR-2023-004314,2023-11-03 17:22:37,MOTOR VEHICLE THEFT,TRUCK,41.961338090465134,-87.66898880804172,STREET,False,False,D-02,W-03,0.18900688311851999,0.5407,HIGH
CR-2023-000771,2025-07-09 23:31:39,BURGLARY,COMMERCIAL,41.91050266586186,-87.73512773261855,PARK,False,False,D-08,W-35,0.08258730644303498,0.6116,HIGH
CR-2023-005808,2024-10-21 12:16:54,MOTOR VEHICLE THEFT,MOTORCYCLE,41.87285862574047,-87.61625412749895,APARTMENT,False,False,D-03,W-23,0.14166465084771734,0.5722,HIGH
CR-2024-001465,2023-02-20 10:04:58,BURGLARY,RESIDENTIAL,41.80062886481242,-87.6403884881506,ALLEY,False,False,D-06,W-31,0.1713090822209172,0.5525,HIGH
CR-2023-001023,2025-12-06 19:49:35,CRIMINAL DAMAGE,TO PROPERTY,41.94840414129836,-87.65548600642276,APARTMENT,False,False,D-09,W-47,0.07737500052310443,0.4306,MEDIUM
CR-2024-004561,2025-08-02 23:24:01,BATTERY,AGGRAVATED BATTERY,41.96203268447336,-87.65501783287493,PARKING LOT,True,True,D-08,W-40,0.7443884904288184,0.2556,MEDIUM
CR-2023-002946,2024-05-29 00:27:54,BATTERY,,41.92041843143631,-87.6857057358448,COMMERCIAL BUILDING,True,False,D-05,W-20,0.6702220043032737,0.3298,MEDIUM
CR-2024-003907,2023-11-23 12:12:03,ASSAULT,AGGRAVATED ASSAULT,41.87986382944831,-87.62752888905892,SIDEWALK,False,True,D-02,W-23,0.1438955228995988,0.8561,CRITICAL
CR-2023-001683,2025-05-18 02:54:37,MOTOR VEHICLE THEFT,AUTOMOBILE,41.937882406482096,-87.65174499787463,SIDEWALK,False,False,D-11,W-33,0.12841577761951792,0.5811,HIGH
CR-2024-005551,2025-01-22 10:08:46,ASSAULT,AGGRAVATED ASSAULT,41.86361259843656,-87.6262492431846,SIDEWALK,False,False,D-08,W-04,0.1355896146419249,0.8644,CRITICAL
CR-2024-005002,2024-07-29 09:56:54,BATTERY,DOMESTIC BATTERY,41.80882946328655,-87.64827605392854,PARK,False,True,D-01,W-13,0.7710874111003473,0.2289,LOW
CR-2023-000789,2023-03-29 22:29:56,MOTOR VEHICLE THEFT,TRUCK,41.867377351617634,-87.74148454386626,COMMERCIAL BUILDING,False,False,D-08,W-10,0.1304722657063108,0.5797,HIGH
CR-2023-004152,2025-05-10 03:41:43,CRIMINAL DAMAGE,TO PROPERTY,41.96502997733863,-87.63933817902677,PARKING LOT,False,False,D-11,W-31,0.1113326882183964,0.4147,MEDIUM
CR-2023-005694,2023-11-09 02:21:39,BATTERY,,41.88717699523639,-87.63400424069616,APARTMENT,False,False,D-09,W-39,0.6684299006366003,0.3316,MEDIUM
CR-2024-002113,2025-05-11 23:16:26,THEFT,,41.98577635681088,-87.64690588783286,PARKING LOT,False,False,D-02,W-05,0.14145481159322426,0.4007,MEDIUM
CR-2024-003256,2023-01-03 22:15:11,MOTOR VEHICLE THEFT,MOTORCYCLE,41.86667618202446,-87.63439020931537,PARK,False,False,D-08,W-24,0.17709360423196888,0.5486,HIGH
CR-2025-003026,2025-07-21 22:11:38,NARCOTICS,SALE/MANUFACTURE,41.87406363035729,-87.71152076397983,SIDEWALK,False,False,D-12,W-25,0.6102394861968635,0.2598,MEDIUM
CR-2024-004777,2024-07-14 20:20:58,BURGLARY,RESIDENTIAL,41.93979144602398,-87.61513053978037,APARTMENT,False,False,D-02,W-35,0.11556655384954133,0.5896,HIGH
CR-2025-002150,2023-10-25 14:07:42,NARCOTICS,POSSESSION OF HEROIN,41.76831003545679,-87.66314043510476,COMMERCIAL BUILDING,True,False,D-12,W-17,0.7817139028801322,0.1455,LOW
CR-2025-004970,2024-11-19 10:56:51,BATTERY,DOMESTIC BATTERY,41.86958829078158,-87.60277707388252,STREET,True,False,D-09,W-24,0.798432488476617,0.2016,LOW
CR-2024-001774,2025-08-06 06:46:49,ASSAULT,AGGRAVATED ASSAULT,41.86059155550876,-87.72754486041671,APARTMENT,False,False,D-14,W-16,0.17537717677673081,0.8246,CRITICAL
CR-2023-002025,2025-08-16 11:17:09,ASSAULT,SIMPLE ASSAULT,41.93363885832677,-87.65167497674796,PARKING LOT,False,False,D-10,W-11,0.14740683197401444,0.8526,CRITICAL
CR-2024-002179,2024-09-23 02:16:34,ROBBERY,STRONGARM ROBBERY,41.89124595873153,-87.71465603351142,COMMERCIAL BUILDING,False,False,D-03,W-25,0.14562781504589037,0.8544,CRITICAL
CR-2025-000992,2024-05-12 20:34:34,ASSAULT,SIMPLE ASSAULT,41.96746250090752,-87.64503829159806,APARTMENT,False,False,D-12,W-33,0.14172314907797526,0.8583,CRITICAL
CR-2024-002512,2024-08-04 03:25:00,THEFT,RETAIL THEFT,41.92158755696496,-87.7491212159716,ALLEY,False,False,D-11,W-05,0.1266368289623515,0.4076,MEDIUM
CR-2025-000800,2023-03-12 20:36:48,THEFT,,41.774327588972376,-87.5946280895213,RESIDENCE,False,False,D-03,W-10,0.12049027216364355,0.4104,MEDIUM
CR-2024-002977,2024-05-10 21:40:17,ASSAULT,AGGRAVATED ASSAULT,41.89015609765589,-87.7114534967232,COMMERCIAL BUILDING,False,False,D-03,W-27,0.15944437845130457,0.8406,CRITICAL
CR-2023-003606,2024-11-04 00:41:24,MOTOR VEHICLE THEFT,MOTORCYCLE,41.92258115561013,-87.66343948732747,SIDEWALK,False,False,D-14,W-01,0.26574186020832097,0.4895,MEDIUM
CR-2023-004362,2023-10-14 14:56:11,THEFT,FROM BUILDING,41.94563329435967,-87.6628484680226,STREET,False,False,D-06,W-05,0.16032678682544813,0.3918,MEDIUM
CR-2025-005039,2024-07-09 17:04:30,CRIMINAL DAMAGE,GRAFFITI,41.78787293959352,-87.6549948306132,STREET,False,False,D-11,W-31,0.11588435491315788,0.4126,MEDIUM
CR-2023-002655,2023-07-02 00:15:40,ASSAULT,SIMPLE ASSAULT,41.94295179966792,-87.63062551443328,APARTMENT,False,True,D-13,W-26,0.19116450931218607,0.8088,CRITICAL
CR-2023-000441,2023-06-08 17:53:52,MOTOR VEHICLE THEFT,MOTORCYCLE,41.87075840836223,-87.61413758684397,COMMERCIAL BUILDING,False,False,D-03,W-50,0.10135681488574887,0.5991,HIGH
CR-2024-005527,2024-09-26 23:25:01,NARCOTICS,POSSESSION OF HEROIN,41.89547615599546,-87.74030961781473,ALLEY,True,False,D-03,W-49,0.8312941026063109,0.1125,LOW
CR-2025-004277,2025-02-04 02:13:18,CRIMINAL DAMAGE,TO PROPERTY,41.96725877239795,-87.65167492103309,SIDEWALK,True,False,D-11,W-01,0.15161619090361453,0.3959,MEDIUM
CR-2025-004538,2025-08-05 08:08:39,NARCOTICS,POSSESSION OF HEROIN,41.77050535152551,-87.65786585846823,APARTMENT,True,False,D-13,W-02,0.7675793846316749,0.1549,LOW
CR-2023-000606,2025-08-16 23:00:10,ROBBERY,ARMED ROBBERY,41.86732389101647,-87.61637613434584,COMMERCIAL BUILDING,False,False,D-03,W-23,0.11554602343778665,0.8845,CRITICAL
CR-2025-004766,2025-04-07 06:39:22,BATTERY,AGGRAVATED BATTERY,41.74075843976783,-87.64392430069753,PARK,True,False,D-11,W-10,0.7199961643353009,0.28,MEDIUM
CR-2025-000224,2023-03-19 02:11:50,BURGLARY,FORCIBLE ENTRY,41.87039199623995,-87.64568820282834,APARTMENT,False,False,D-08,W-41,0.13473990958237586,0.5768,HIGH
CR-2023-004476,2024-09-16 03:04:56,BATTERY,SIMPLE BATTERY,41.86402299341389,-87.63799611429195,PARK,False,False,D-01,W-05,0.7720628048410993,0.2279,LOW
CR-2025-001280,2023-06-12 22:28:50,ROBBERY,STRONGARM ROBBERY,41.75355260119269,-87.62685782096491,APARTMENT,False,False,D-05,W-33,0.14997034775674842,0.85,CRITICAL
CR-2025-005651,2023-07-26 05:49:34,THEFT,FROM BUILDING,41.86725747807233,-87.66243323165482,APARTMENT,False,True,D-03,W-23,0.12499368710285642,0.4083,MEDIUM
CR-2024-002842,2023-05-27 17:06:00,ROBBERY,ARMED ROBBERY,41.76479509550349,-87.66635094483225,STREET,True,False,D-01,W-07,0.2541831050263765,0.7458,HIGH
CR-2024-001519,2023-09-29 20:10:47,BURGLARY,RESIDENTIAL,41.754831685867885,-87.63416528199241,APARTMENT,False,False,D-11,W-16,0.07117222324435,0.6192,HIGH
CR-2024-001678,2024-07-14 18:07:57,MOTOR VEHICLE THEFT,MOTORCYCLE,41.87927865544579,-87.66173101141622,STREET,False,False,D-09,W-42,0.1395692757844219,0.5736,HIGH
CR-2023-004449,2023-06-09 12:18:32,BATTERY,SIMPLE BATTERY,41.8622372799456,-87.62044986548987,PARKING LOT,True,False,D-13,W-11,0.7051943612965029,0.2948,MEDIUM
CR-2024-004525,2023-01-10 08:28:07,CRIMINAL DAMAGE,TO VEHICLE,41.78945811993625,-87.65721586285949,STREET,True,False,D-05,W-38,0.22611204170039237,0.3611,MEDIUM
CR-2023-000324,2024-08-26 09:44:59,BURGLARY,FORCIBLE ENTRY,41.773126636744784,-87.61159484087968,SIDEWALK,True,False,D-03,W-37,0.13808420185853112,0.5746,HIGH
CR-2025-004796,2024-09-28 05:23:43,ROBBERY,ARMED ROBBERY,41.81020865905745,-87.60058861064188,PARK,False,False,D-13,W-08,0.15608235855866273,0.8439,CRITICAL
CR-2025-001841,2025-09-24 08:17:05,BURGLARY,RESIDENTIAL,41.78336736792026,-87.59826963039258,STREET,False,False,D-15,W-42,0.10010129546088584,0.5999,HIGH
CR-2025-004388,2025-07-29 20:46:15,THEFT,GRAND THEFT,41.87294997236221,-87.61266688910672,APARTMENT,False,True,D-12,W-01,0.12040112560356189,0.4105,MEDIUM
CR-2023-002286,2024-04-09 07:06:18,THEFT,GRAND THEFT,41.89023378904089,-87.63856682937777,STREET,True,False,D-08,W-08,0.14835572365733346,0.3974,MEDIUM
CR-2025-005645,2024-03-23 22:40:02,THEFT,RETAIL THEFT,41.88913482715462,-87.61591143734908,COMMERCIAL BUILDING,False,False,D-14,W-38,0.19395439307025839,0.3762,MEDIUM
CR-2024-002701,2023-06-09 06:01:46,ROBBERY,ARMED ROBBERY,41.890218568175456,-87.7252603150874,STREET,False,False,D-09,W-07,0.2027141324520802,0.7973,CRITICAL
CR-2025-002720,2023-01-17 23:08:44,ROBBERY,ARMED ROBBERY,41.86907083337098,-87.63929847095073,RESIDENCE,False,False,D-13,W-20,0.1265605760101284,0.8734,CRITICAL
CR-2023-000369,2024-12-21 04:33:18,ROBBERY,STRONGARM ROBBERY,41.98170948888925,-87.63501259869963,RESIDENCE,True,False,D-04,W-13,0.1851748586047055,0.8148,CRITICAL
CR-2023-001464,2025-09-10 14:20:38,MOTOR VEHICLE THEFT,TRUCK,41.90177177086344,-87.61501825471578,APARTMENT,False,False,D-12,W-35,0.1073628537100601,0.5951,HIGH
CR-2024-002524,2025-08-19 11:12:36,CRIMINAL DAMAGE,GRAFFITI,41.97083723009588,-87.65903357924627,PARKING LOT,False,False,D-14,W-40,0.1811583496182439,0.3821,MEDIUM
CR-2025-001022,2023-06-27 22:53:57,CRIMINAL DAMAGE,TO PROPERTY,41.865763701014274,-87.61298453999014,PARK,False,False,D-10,W-38,0.10977051096455916,0.4154,MEDIUM
CR-2025-004160,2023-04-14 16:43:53,ROBBERY,STRONGARM ROBBERY,41.90819566690868,-87.68177902168439,PARKING LOT,True,False,D-15,W-06,0.13619608139829775,0.8638,CRITICAL
CR-2023-001113,2024-04-06 19:06:37,BURGLARY,FORCIBLE ENTRY,41.89939404506771,-87.63880635348609,PARKING LOT,False,False,D-02,W-32,0.1391060842081504,0.5739,HIGH
CR-2023-003978,2025-02-07 09:00:10,ASSAULT,SIMPLE ASSAULT,41.87748127806532,-87.59741318268095,APARTMENT,False,False,D-06,W-41,0.18619466435127766,0.8138,CRITICAL
CR-2025-000206,2023-07-26 21:39:38,ASSAULT,AGGRAVATED ASSAULT,41.74054714573161,-87.59705807945254,ALLEY,False,False,D-05,W-08,0.16387493973349643,0.8361,CRITICAL
CR-2025-002369,2025-12-28 17:11:42,ASSAULT,AGGRAVATED ASSAULT,41.74477445511433,-87.61146263045188,RESIDENCE,True,True,D-02,W-48,0.18344318067329435,0.8166,CRITICAL
CR-2024-004306,2023-04-21 09:09:26,NARCOTICS,POSSESSION OF HEROIN,41.78436795665354,-87.63317036851747,PARKING LOT,True,False,D-11,W-41,0.70013712036078,0.1999,LOW
CR-2023-004983,2024-06-08 03:15:48,MOTOR VEHICLE THEFT,AUTOMOBILE,41.93866737623621,-87.65550411200782,SIDEWALK,False,False,D-06,W-36,0.14768301214337964,0.5682,HIGH
CR-2024-003013,2023-01-15 01:39:23,BATTERY,DOMESTIC BATTERY,41.89417273903372,-87.65239801045286,STREET,True,False,D-07,W-25,0.8103157056947975,0.1897,LOW
CR-2025-002234,2024-05-11 07:52:28,MOTOR VEHICLE THEFT,TRUCK,41.78158610935852,-87.61931571298418,COMMERCIAL BUILDING,False,False,D-08,W-37,0.15713687918951855,0.5619,HIGH
CR-2025-001256,2024-04-12 14:17:27,BATTERY,AGGRAVATED BATTERY,41.79262209588293,-87.63537389483885,RESIDENCE,False,False,D-04,W-13,0.746765278749251,0.2532,MEDIUM
CR-2025-001976,2023-06-02 11:35:42,BURGLARY,RESIDENTIAL,41.91086145100071,-87.62124239187469,PARKING LOT,False,False,D-12,W-22,0.10739130154091951,0.5951,HIGH
CR-2023-001134,2024-07-12 21:40:00,MOTOR VEHICLE THEFT,MOTORCYCLE,41.870537302534885,-87.63102284009653,RESIDENCE,False,False,D-08,W-18,0.0950649212559295,0.6033,HIGH
CR-2025-002813,2025-06-22 23:23:16,ASSAULT,SIMPLE ASSAULT,41.88301716610361,-87.61551282764572,RESIDENCE,False,False,D-13,W-01,0.1434052523627101,0.8566,CRITICAL
CR-2023-002790,2024-10-03 19:53:21,NARCOTICS,SALE/MANUFACTURE,41.98640536848622,-87.63483886889495,SIDEWALK,False,False,D-07,W-40,0.7928518019605014,0.1381,LOW
CR-2023-001821,2023-08-09 00:48:31,CRIMINAL DAMAGE,GRAFFITI,41.863250633111726,-87.6303251141501,COMMERCIAL BUILDING,False,False,D-05,W-32,0.11972565543732407,0.4108,MEDIUM
CR-2023-002049,2025-04-23 00:59:40,CRIMINAL DAMAGE,GRAFFITI,41.87611745966534,-87.62871581551924,PARKING LOT,False,False,D-07,W-48,0.12491659242059482,0.4084,MEDIUM
CR-2025-001433,2023-11-16 22:36:44,BURGLARY,COMMERCIAL,41.86552121302329,-87.64310021383426,COMMERCIAL BUILDING,False,False,D-08,W-01,0.1318141483786697,0.5788,HIGH
CR-2024-001225,2025-07-29 21:03:10,ASSAULT,AGGRAVATED ASSAULT,41.86435712126779,-87.64227733312346,COMMERCIAL BUILDING,False,False,D-03,W-29,0.09859887406178319,0.9014,CRITICAL
CR-2025-002156,2025-03-15 06:12:15,THEFT,FROM BUILDING,41.88552058480663,-87.62404847452895,ALLEY,False,False,D-15,W-10,0.12176891198666592,0.4098,MEDIUM
CR-2025-001706,2024-07-09 23:44:54,BURGLARY,COMMERCIAL,41.91644795943969,-87.7418771034873,RESIDENCE,False,False,D-11,W-13,0.05981614797864964,0.6268,HIGH
CR-2024-005143,2024-03-09 20:13:06,MOTOR VEHICLE THEFT,MOTORCYCLE,41.94652781953267,-87.65511546014008,ALLEY,False,False,D-02,W-20,0.15587981246546778,0.5627,HIGH
CR-2023-005286,2025-02-22 21:24:30,MOTOR VEHICLE THEFT,TRUCK,41.92423035591462,-87.64705833070256,APARTMENT,False,False,D-08,W-50,0.11188034245099777,0.5921,HIGH
CR-2023-005244,2025-09-01 23:22:33,BATTERY,AGGRAVATED BATTERY,41.75425667416431,-87.64834451447227,STREET,True,True,D-09,W-15,0.799026750706797,0.201,LOW
CR-2023-004470,2023-01-03 22:08:05,MOTOR VEHICLE THEFT,AUTOMOBILE,41.97670409053404,-87.61846368781227,SIDEWALK,False,False,D-08,W-05,0.18858589103678533,0.5409,HIGH
CR-2024-004237,2023-09-30 04:02:07,BATTERY,AGGRAVATED BATTERY,41.88527210863334,-87.63845843088566,RESIDENCE,True,True,D-10,W-28,0.797314940677249,0.2027,LOW
CR-2024-002053,2024-01-25 19:38:40,ROBBERY,ARMED ROBBERY,41.873686362415455,-87.60945124921258,SIDEWALK,False,False,D-09,W-17,0.18971194750409692,0.8103,CRITICAL
CR-2025-002885,2023-03-23 11:49:04,ROBBERY,ARMED ROBBERY,41.90642655409422,-87.63226362977548,COMMERCIAL BUILDING,False,False,D-11,W-27,0.1339097807787899,0.8661,CRITICAL
CR-2025-000866,2025-05-03 00:46:50,BURGLARY,FORCIBLE ENTRY,41.77841450985281,-87.63657949457087,PARK,False,False,D-11,W-36,0.08568434713400404,0.6095,HIGH
CR-2025-001277,2023-01-13 02:47:47,BURGLARY,FORCIBLE ENTRY,41.86497073082623,-87.7172766764498,RESIDENCE,False,False,D-06,W-14,0.17986128037275007,0.5468,HIGH
CR-2024-003268,2023-03-09 01:20:42,NARCOTICS,POSSESSION OF HEROIN,41.92938093233811,-87.64138135798117,COMMERCIAL BUILDING,True,False,D-11,W-49,0.7758502403355708,0.1494,LOW
CR-2024-002911,2023-09-09 14:55:46,NARCOTICS,,41.861377667189714,-87.61184633576859,COMMERCIAL BUILDING,True,False,D-04,W-22,0.8077669844276457,0.1282,LOW
CR-2025-003926,2024-07-07 18:57:06,MOTOR VEHICLE THEFT,MOTORCYCLE,41.955604520741545,-87.64447357411983,STREET,False,False,D-15,W-44,0.17719041613840908,0.5485,HIGH
CR-2023-002052,2024-03-27 15:37:35,ASSAULT,SIMPLE ASSAULT,41.877160406340096,-87.62615314812231,APARTMENT,False,False,D-05,W-43,0.14106175606215418,0.8589,CRITICAL
CR-2025-001439,2024-12-22 16:02:39,THEFT,PETTY THEFT,41.885859469109874,-87.73027192233131,PARKING LOT,False,False,D-08,W-29,0.1076211090856115,0.4164,MEDIUM
CR-2025-004427,2025-05-07 23:07:35,BURGLARY,RESIDENTIAL,41.87584297787758,-87.6397474688519,SIDEWALK,True,False,D-14,W-06,0.11722030703150563,0.5885,HIGH
CR-2023-003489,2025-07-27 21:24:36,ROBBERY,STRONGARM ROBBERY,41.90150383294296,-87.65907404369325,APARTMENT,True,False,D-04,W-49,0.26428920887609364,0.7357,HIGH
CR-2024-005809,2025-04-24 21:51:00,THEFT,GRAND THEFT,41.88136210224522,-87.61618221422636,RESIDENCE,False,False,D-12,W-38,0.08769858486140383,0.4257,MEDIUM
CR-2024-002914,2023-04-24 22:09:17,MOTOR VEHICLE THEFT,TRUCK,41.88050884149758,-87.60936801394473,PARKING LOT,True,False,D-13,W-39,0.10137814077860152,0.5991,HIGH
CR-2023-002640,2025-10-31 03:46:55,MOTOR VEHICLE THEFT,MOTORCYCLE,41.86848378100193,-87.6199141848413,RESIDENCE,False,False,D-11,W-12,0.08425203970801395,0.6105,HIGH
CR-2023-004845,2024-01-27 23:00:21,BATTERY,SIMPLE BATTERY,41.791018366199225,-87.63654496233491,PARKING LOT,True,False,D-02,W-16,0.7498112063288227,0.2502,MEDIUM
CR-2023-001056,2024-02-06 22:08:47,THEFT,GRAND THEFT,41.878713787630936,-87.64483281183672,APARTMENT,False,False,D-12,W-45,0.1133601178279525,0.4138,MEDIUM
CR-2024-001954,2024-05-12 05:08:20,CRIMINAL DAMAGE,TO PROPERTY,41.88688856301747,-87.64085155203922,COMMERCIAL BUILDING,False,True,D-08,W-31,0.13682780271211867,0.4028,MEDIUM
CR-2023-000477,2023-11-07 12:02:15,MOTOR VEHICLE THEFT,MOTORCYCLE,41.776846220540186,-87.6010676042103,RESIDENCE,False,False,D-13,W-03,0.14164050347178514,0.5722,HIGH
CR-2025-001427,2025-01-18 21:59:48,NARCOTICS,SALE/MANUFACTURE,41.97275918304611,-87.66556392729026,COMMERCIAL BUILDING,True,False,D-05,W-38,0.7597049760808248,0.1602,LOW
CR-2023-003153,2023-08-25 04:38:22,ROBBERY,STRONGARM ROBBERY,41.86594207055268,-87.61694536694526,RESIDENCE,False,False,D-13,W-08,0.11802847395126331,0.882,CRITICAL
CR-2025-005768,2025-11-04 11:55:10,ROBBERY,ARMED ROBBERY,41.817829022242464,-87.62432480696313,APARTMENT,False,False,D-07,W-22,0.20179624409662425,0.7982,CRITICAL
CR-2025-003788,2023-12-20 17:42:14,CRIMINAL DAMAGE,TO VEHICLE,41.72507716210606,-87.62976966256034,COMMERCIAL BUILDING,False,False,D-06,W-33,0.18187012071457034,0.3818,MEDIUM
CR-2025-000845,2025-03-22 07:57:14,MOTOR VEHICLE THEFT,TRUCK,41.9601338760295,-87.66479807313245,PARK,False,False,D-04,W-30,0.18974953375447173,0.5402,HIGH
CR-2024-001204,2023-06-30 03:45:39,MOTOR VEHICLE THEFT,AUTOMOBILE,41.96462793108983,-87.67826526577505,ALLEY,False,False,D-01,W-43,0.17918570407834497,0.5472,HIGH
CR-2023-005805,2025-12-13 12:40:32,MOTOR VEHICLE THEFT,TRUCK,41.795481834531614,-87.56393800312814,PARKING LOT,False,False,D-13,W-03,0.18277728441457267,0.5448,HIGH
CR-2024-001945,2023-06-24 23:58:10,ASSAULT,AGGRAVATED ASSAULT,41.962257151684746,-87.64364857362382,PARK,False,True,D-09,W-03,0.1684363772940703,0.8316,CRITICAL
CR-2025-005489,2023-11-08 22:01:30,ROBBERY,STRONGARM ROBBERY,41.80613180617328,-87.61944915735711,ALLEY,False,False,D-07,W-28,0.2390958940920302,0.7609,CRITICAL
CR-2025-001184,2023-08-18 12:06:06,BATTERY,AGGRAVATED BATTERY,41.86050256008093,-87.70465539083987,ALLEY,True,False,D-15,W-26,0.8005792614123574,0.1994,LOW
CR-2024-001174,2023-05-16 00:44:31,BURGLARY,RESIDENTIAL,41.96226957823828,-87.66314025279839,RESIDENCE,False,False,D-04,W-36,0.11322553997084756,0.5912,HIGH
CR-2024-005779,2025-07-08 07:59:22,CRIMINAL DAMAGE,TO VEHICLE,41.95076660437796,-87.67762128352143,RESIDENCE,False,False,D-11,W-10,0.06454171384951563,0.4365,MEDIUM
CR-2025-003407,2023-10-18 03:27:30,BATTERY,SIMPLE BATTERY,41.85674062831704,-87.62712206245419,SIDEWALK,True,True,D-04,W-26,0.8263250555904745,0.1737,LOW
CR-2024-002248,2023-02-19 11:12:54,THEFT,RETAIL THEFT,41.93229656496514,-87.63376303710685,PARK,False,False,D-09,W-07,0.1937163047075075,0.3763,MEDIUM
CR-2025-004271,2025-10-23 03:47:47,MOTOR VEHICLE THEFT,MOTORCYCLE,41.76180377748751,-87.62922897596337,APARTMENT,False,False,D-11,W-34,0.09687672675982785,0.6021,HIGH
CR-2024-000577,2024-10-12 10:03:51,MOTOR VEHICLE THEFT,TRUCK,41.902730227402046,-87.61465274365986,SIDEWALK,False,False,D-03,W-39,0.15424511921417525,0.5638,HIGH
CR-2024-002194,2024-10-07 03:00:47,ROBBERY,STRONGARM ROBBERY,41.88322505646388,-87.7163646101427,STREET,False,False,D-10,W-24,0.216212204173086,0.7838,CRITICAL
CR-2023-004404,2024-04-16 02:37:25,CRIMINAL DAMAGE,GRAFFITI,41.95814436389261,-87.63995385274795,PARK,False,False,D-14,W-17,0.21558218298875712,0.3661,MEDIUM
CR-2025-002774,2024-08-02 09:24:14,CRIMINAL DAMAGE,TO VEHICLE,41.76660107737826,-87.59579857777533,APARTMENT,False,False,D-09,W-35,0.1219720025706349,0.4097,MEDIUM
CR-2025-000068,2024-07-01 00:44:48,BURGLARY,COMMERCIAL,41.86635120061496,-87.63463092274309,RESIDENCE,False,False,D-07,W-05,0.10483716730916527,0.5968,HIGH
CR-2024-003136,2024-01-05 13:29:40,MOTOR VEHICLE THEFT,AUTOMOBILE,41.77660078834492,-87.65604785921784,PARKING LOT,False,False,D-15,W-14,0.256269672375224,0.4958,MEDIUM
CR-2024-002677,2024-06-06 21:10:19,MOTOR VEHICLE THEFT,TRUCK,41.87000613168895,-87.6163763416596,PARKING LOT,False,False,D-08,W-35,0.10302603984977449,0.598,HIGH
CR-2024-000274,2025-08-16 20:35:47,NARCOTICS,POSSESSION OF COCAINE,41.78817864683428,-87.6440996296679,STREET,False,False,D-01,W-47,0.7065208362655876,0.1957,LOW
CR-2023-001371,2023-07-26 06:11:23,ASSAULT,AGGRAVATED ASSAULT,41.881383264035584,-87.71685348873866,ALLEY,False,True,D-12,W-39,0.12412240962348803,0.8759,CRITICAL
CR-2023-002661,2023-07-01 00:57:27,ROBBERY,STRONGARM ROBBERY,41.97008396488087,-87.65109393919556,RESIDENCE,False,False,D-06,W-27,0.14915716735186252,0.8508,CRITICAL
CR-2024-003676,2024-05-29 19:31:24,MOTOR VEHICLE THEFT,MOTORCYCLE,41.87055696869494,-87.61211701094444,PARK,False,False,D-07,W-27,0.1456390545502565,0.5696,HIGH
CR-2025-002675,2023-12-03 14:54:15,ROBBERY,ARMED ROBBERY,41.794244271394746,-87.61961360355933,PARK,True,False,D-13,W-45,0.15699019482886095,0.843,CRITICAL
CR-2023-004020,2023-07-06 23:11:34,NARCOTICS,SALE/MANUFACTURE,41.9443532218626,-87.65896490486418,ALLEY,True,False,D-02,W-41,0.7040242563198801,0.1973,LOW
CR-2024-001738,2023-12-26 01:43:11,MOTOR VEHICLE THEFT,TRUCK,41.89820067989435,-87.76480164495312,PARK,False,False,D-12,W-42,0.12024151692869978,0.5865,HIGH
CR-2023-001320,2023-10-05 20:46:52,THEFT,RETAIL THEFT,41.82413265874333,-87.63445114738481,SIDEWALK,False,False,D-08,W-18,0.11747961529955342,0.4118,MEDIUM
CR-2024-001864,2024-04-06 12:33:06,BATTERY,DOMESTIC BATTERY,41.92440604943269,-87.70162287725937,PARKING LOT,True,False,D-12,W-36,0.7089118296557255,0.2911,MEDIUM
CR-2023-003651,2023-06-21 13:28:39,NARCOTICS,POSSESSION OF HEROIN,41.76748255962442,-87.62052516215476,PARK,True,False,D-04,W-36,0.7442391709342376,0.1705,LOW
CR-2024-003316,2025-05-31 06:23:23,CRIMINAL DAMAGE,GRAFFITI,41.76906544255638,-87.64806044876508,PARK,False,False,D-02,W-32,0.1949337078669012,0.3757,MEDIUM
CR-2023-003057,2024-09-18 05:00:11,CRIMINAL DAMAGE,GRAFFITI,41.77372538527254,-87.65477563187869,RESIDENCE,False,False,D-14,W-36,0.16874220047697372,0.3879,MEDIUM
CR-2023-002994,2024-10-30 22:01:52,PETTY THEFT,SALE/MANUFACTURE,41.7897735259592,-87.63884966703108,RESIDENCE,False,False,D-06,W-46,0.28664844906096165,0.3329,MEDIUM
CR-2024-000874,2025-05-21 09:06:03,BURGLARY,FORCIBLE ENTRY,41.88401246909878,-87.7088811703338,RESIDENCE,False,False,D-03,W-18,0.10427874397438221,0.5971,HIGH
CR-2024-000847,2024-07-06 01:13:40,ROBBERY,ARMED ROBBERY,41.950927591590926,-87.61652142001883,PARKING LOT,False,False,D-10,W-21,0.1557230256066371,0.8443,CRITICAL
CR-2024-005059,2025-10-09 16:19:00,MOTOR VEHICLE THEFT,AUTOMOBILE,41.86704388804883,-87.74711246419406,PARK,False,False,D-08,W-46,0.18690251559739213,0.5421,HIGH
CR-2025-000119,2025-05-02 13:24:11,MOTOR VEHICLE THEFT,AUTOMOBILE,41.76235533838079,-87.6076891666301,SIDEWALK,False,False,D-08,W-04,0.11186691286852474,0.5921,HIGH
CR-2023-002115,2025-04-16 23:36:27,CRIMINAL DAMAGE,TO VEHICLE,41.85453677814312,-87.60946640596435,PARK,False,False,D-04,W-25,0.09778781051893369,0.421,MEDIUM
CR-2025-003551,2024-08-18 13:57:42,ROBBERY,ARMED ROBBERY,41.8796396829281,-87.63426694234336,ALLEY,True,False,D-02,W-19,0.1906873607895327,0.8093,CRITICAL
CR-2025-002618,2023-04-21 12:59:15,NARCOTICS,POSSESSION OF HEROIN,41.85713291782364,-87.61176135242162,APARTMENT,False,False,D-06,W-28,0.8086304538874568,0.1276,LOW
CR-2023-001764,2025-03-29 20:33:25,ROBBERY,STRONGARM ROBBERY,41.91176635505588,-87.67632619823279,SIDEWALK,False,False,D-11,W-17,0.1473162627446606,0.8527,CRITICAL
CR-2025-004553,2023-02-10 14:34:36,ASSAULT,SIMPLE ASSAULT,41.88948472543191,-87.62307882488481,ALLEY,False,True,D-05,W-25,0.1367054905771824,0.8633,CRITICAL
CR-2024-000637,2024-08-23 03:52:57,ROBBERY,ARMED ROBBERY,41.90243575859963,-87.72434909555449,STREET,True,False,D-08,W-27,0.18107917934644058,0.8189,CRITICAL
CR-2023-002595,2023-06-15 16:06:45,NARCOTICS,POSSESSION OF COCAINE,41.76301475299428,-87.63003231717519,PARK,True,False,D-07,W-04,0.6820073912924568,0.212,LOW
CR-2023-004101,2025-07-25 07:02:04,CRIMINAL DAMAGE,TO VEHICLE,41.765390591525325,-87.64903709804578,PARKING LOT,False,False,D-11,W-49,0.17881635447058178,0.3832,MEDIUM
CR-2023-004407,2024-02-09 12:09:20,NARCOTICS,POSSESSION OF COCAINE,41.882792984772365,-87.62881393509929,RESIDENCE,True,False,D-08,W-07,0.7310711844143503,0.1793,LOW
CR-2025-000968,2023-11-07 03:07:55,MOTOR VEHICLE THEFT,TRUCK,41.95347479322989,-87.64594613656469,RESIDENCE,True,False,D-12,W-44,0.13560815378301777,0.5763,HIGH
CR-2025-005387,2024-03-09 03:42:35,ROBBERY,STRONGARM ROBBERY,41.91649422733322,-87.7230020147092,PARK,False,False,D-10,W-49,0.25068962488559954,0.7493,HIGH
CR-2023-001689,2025-07-19 03:56:38,CRIMINAL DAMAGE,TO PROPERTY,41.95851931106912,-87.66986544404813,PARKING LOT,False,False,D-03,W-21,0.12698165981483459,0.4074,MEDIUM
CR-2023-001854,2025-01-30 22:08:06,THEFT,RETAIL THEFT,41.78950167153796,-87.62801382379399,ALLEY,False,False,D-04,W-01,0.23816106269810464,0.3555,MEDIUM
CR-2023-004275,2024-03-04 05:20:37,ROBBERY,STRONGARM ROBBERY,41.85816488544165,-87.64093492019315,SIDEWALK,False,False,D-10,W-12,0.14468553055427344,0.8553,CRITICAL
CR-2023-000444,2023-12-16 17:47:36,ASSAULT,SIMPLE ASSAULT,41.96021309661385,-87.63312592838834,ALLEY,True,False,D-14,W-15,0.2601858072454032,0.7398,HIGH
CR-2025-001850,2023-04-03 04:07:27,ASSAULT,SIMPLE ASSAULT,41.89407757948572,-87.6080107488177,PARK,False,False,D-11,W-48,0.1374787296371037,0.8625,CRITICAL
CR-2024-004129,2023-07-01 02:43:48,NARCOTICS,POSSESSION OF COCAINE,41.77082080835744,-87.6222796910897,COMMERCIAL BUILDING,True,False,D-09,W-28,0.7844097375875025,0.1437,LOW
CR-2024-004036,2023-06-25 09:34:15,MOTOR VEHICLE THEFT,MOTORCYCLE,41.86882452469934,-87.64172340470503,STREET,False,False,D-09,W-41,0.18925143594501426,0.5405,HIGH
CR-2023-000927,2025-03-26 20:48:26,THEFT,RETAIL THEFT,41.89310873477065,-87.63985930313615,APARTMENT,False,False,D-12,W-15,0.10505243964977487,0.4176,MEDIUM
CR-2025-004508,2024-08-13 17:50:31,ROBBERY,STRONGARM ROBBERY,41.85259059125524,-87.6408211482021,PARK,False,False,D-11,W-48,0.11123550131149162,0.8888,CRITICAL
CR-2023-001590,2023-12-07 02:42:10,ROBBERY,ARMED ROBBERY,41.803360552800704,-87.61594643635166,ALLEY,False,False,D-13,W-42,0.12427998830201928,0.8757,CRITICAL
CR-2023-003114,2025-07-24 22:17:58,BATTERY,SIMPLE BATTERY,41.79963309431457,-87.64479128811284,ALLEY,True,False,D-01,W-16,0.6811357868745048,0.3189,MEDIUM
CR-2025-005807,2025-07-12 02:36:53,MOTOR VEHICLE THEFT,MOTORCYCLE,41.94105771659855,-87.65466821987694,COMMERCIAL BUILDING,False,False,D-08,W-01,0.17791362473825134,0.5481,HIGH
CR-2025-000101,2024-08-14 02:28:48,BURGLARY,FORCIBLE ENTRY,41.80597628107938,-87.60265494869913,ALLEY,True,False,D-06,W-22,0.12871106820685074,0.5809,HIGH
CR-2023-004911,2025-06-24 21:16:28,ROBBERY,STRONGARM ROBBERY,41.75873725927436,-87.64048050994974,PARK,False,False,D-02,W-17,0.18641162133217087,0.8136,CRITICAL
CR-2023-004335,2024-02-29 11:06:33,MOTOR VEHICLE THEFT,TRUCK,41.80692341281016,-87.58975928532652,ALLEY,True,False,D-08,W-28,0.25146755421231154,0.499,MEDIUM
CR-2024-004528,2023-03-08 06:03:59,ROBBERY,STRONGARM ROBBERY,41.87534689516976,-87.63152426397238,STREET,False,False,D-15,W-06,0.15833717436590117,0.8417,CRITICAL
CR-2025-005507,2025-10-04 22:24:09,MOTOR VEHICLE THEFT,,41.802440475338784,-87.62708704844391,ALLEY,False,False,D-03,W-10,0.1403807660541013,0.5731,HIGH
CR-2023-002583,2023-07-19 13:38:01,ROBBERY,STRONGARM ROBBERY,41.871535746859664,-87.72961105226334,PARK,False,True,D-11,W-10,0.11338481160697049,0.8866,CRITICAL
CR-2025-000611,2023-05-28 10:46:58,MOTOR VEHICLE THEFT,AUTOMOBILE,41.7947444220233,-87.61865502256371,PARK,False,False,D-15,W-36,0.1543334673070673,0.5638,HIGH
CR-2023-002505,2024-11-10 20:15:26,THEFT,RETAIL THEFT,41.90207482711462,-87.61879678279742,PARK,False,False,D-10,W-36,0.12031583713284204,0.4105,MEDIUM
CR-2025-002765,2025-02-27 22:16:00,BATTERY,DOMESTIC BATTERY,41.81120150835817,-87.64772929316509,PARKING LOT,True,False,D-08,W-22,0.7503853308302384,0.2496,LOW
CR-2023-001989,2025-04-26 22:17:54,ROBBERY,STRONGARM ROBBERY,41.88662154807693,-87.64554483248365,PARKING LOT,False,False,D-09,W-09,0.14015980254355748,0.8598,CRITICAL
CR-2023-005604,2025-03-24 00:39:54,BURGLARY,RESIDENTIAL,41.88540263103452,-87.60464140610539,APARTMENT,False,False,D-15,W-46,0.13306690309750507,0.578,HIGH
CR-2024-001039,2023-05-02 00:26:48,THEFT,PETTY THEFT,41.87600830586479,-87.63655283897278,PARKING LOT,False,False,D-03,W-23,0.11482558387994664,0.4131,MEDIUM
CR-2025-003293,2024-12-11 19:11:38,ASSAULT,SIMPLE ASSAULT,41.97702304235524,-87.6605007250036,STREET,True,False,D-01,W-48,0.17336645341122697,0.8266,CRITICAL
CR-2024-005149,2023-08-24 23:37:05,CRIMINAL DAMAGE,TO VEHICLE,41.97012960245781,-87.64638480297566,SIDEWALK,False,False,D-03,W-26,0.150327287088342,0.3965,MEDIUM
CR-2024-004321,2024-08-12 19:28:12,CRIMINAL DAMAGE,TO VEHICLE,41.89525042295309,-87.6270271201891,COMMERCIAL BUILDING,False,False,D-12,W-36,0.08884059472093866,0.4252,MEDIUM
CR-2024-003301,2024-09-20 08:21:15,MOTOR VEHICLE THEFT,TRUCK,41.89178930483811,-87.62347424600496,SIDEWALK,True,False,D-06,W-36,0.1581678669395963,0.5612,HIGH
CR-2023-003330,2023-05-16 23:55:09,BURGLARY,RESIDENTIAL,41.96506315533259,-87.66790498590008,ALLEY,False,False,D-02,W-15,0.1202933169127496,0.5865,HIGH
CR-2024-002632,2023-05-07 14:12:44,BATTERY,DOMESTIC BATTERY,41.80867714636933,-87.64946512566651,SIDEWALK,False,True,D-01,W-19,0.8066927988601654,0.1933,LOW
CR-2024-004855,2025-07-17 16:26:38,NARCOTICS,POSSESSION OF COCAINE,41.8623961737484,-87.61963045043656,ALLEY,True,False,D-09,W-26,0.718440456870098,0.1877,LOW
CR-2025-005615,2025-03-24 02:01:04,THEFT,RETAIL THEFT,41.95445943747175,-87.66708320775977,PARKING LOT,False,False,D-09,W-23,0.10953847610069666,0.4155,MEDIUM
CR-2025-004436,2024-06-13 16:21:23,MOTOR VEHICLE THEFT,AUTOMOBILE,41.851577646323705,-87.63431011540666,COMMERCIAL BUILDING,False,False,D-15,W-06,0.11244368008961696,0.5917,HIGH
CR-2023-001380,2025-06-24 12:41:17,ASSAULT,SIMPLE ASSAULT,41.88754294376333,-87.64186473639491,SIDEWALK,False,False,D-15,W-13,0.12655616398394098,0.8734,CRITICAL
CR-2025-000470,2023-09-06 11:06:32,ROBBERY,STRONGARM ROBBERY,41.92279391202658,-87.6378508534344,SIDEWALK,False,True,D-01,W-05,0.18294959294617857,0.8171,CRITICAL
CR-2023-005976,2024-06-14 21:31:29,ASSAULT,SIMPLE ASSAULT,41.87206534965871,-87.67470559903991,SIDEWALK,False,False,D-04,W-35,0.1680407366929307,0.832,CRITICAL
CR-2023-000492,2023-04-04 23:28:14,MOTOR VEHICLE THEFT,TRUCK,41.778809936522734,-87.65795911722982,ALLEY,False,False,D-15,W-31,0.16685830572328839,0.5554,HIGH
CR-2025-000812,2023-11-10 06:43:24,THEFT,PETTY THEFT,41.98586595552435,-87.6336990386857,PARK,False,False,D-10,W-03,0.16810228079487016,0.3882,MEDIUM
CR-2024-001855,2025-08-02 09:13:13,BATTERY,DOMESTIC BATTERY,41.743002261903285,-87.6618953954107,PARK,True,True,D-14,W-24,0.878603056473826,0.1214,LOW
CR-2024-004258,2024-07-16 10:10:59,CRIMINAL DAMAGE,TO VEHICLE,41.86418940491456,-87.61047349566245,APARTMENT,False,True,D-14,W-38,0.18501536874785912,0.3803,MEDIUM
CR-2024-001249,2025-05-30 11:55:39,THEFT,GRAND THEFT,41.88995557844078,-87.62469923058147,SIDEWALK,False,False,D-15,W-34,0.09978236870218053,0.4201,MEDIUM
CR-2025-000329,2024-07-12 10:51:06,BURGLARY,FORCIBLE ENTRY,41.95236169521536,-87.65818720823847,PARK,False,False,D-12,W-44,0.10064664516945106,0.5996,HIGH
CR-2023-000609,2025-05-10 02:16:07,THEFT,PETTY THEFT,41.931693058934805,-87.61239701744454,PARKING LOT,False,False,D-15,W-12,0.11457263945765578,0.4132,MEDIUM
CR-2025-002471,2025-05-31 16:07:17,NARCOTICS,POSSESSION OF COCAINE,41.879342488557775,-87.64072257851456,STREET,True,False,D-11,W-24,0.7170755879092083,0.1886,LOW
CR-2023-000360,2024-07-23 06:34:54,MOTOR VEHICLE THEFT,MOTORCYCLE,41.7865950442223,-87.67175420981643,ALLEY,False,False,D-08,W-21,0.17991327037170451,0.5467,HIGH
CR-2023-005550,2025-08-19 02:25:21,CRIMINAL DAMAGE,GRAFFITI,41.88366301688707,-87.64467001588352,RESIDENCE,False,False,D-03,W-35,0.10388558300493639,0.4182,MEDIUM
CR-2024-005110,2023-08-21 21:08:09,CRIMINAL DAMAGE,TO VEHICLE,41.89784264122295,-87.63277853780322,SIDEWALK,True,False,D-11,W-12,0.07961998901494584,0.4295,MEDIUM
CR-2024-003283,2023-06-05 05:15:18,NARCOTICS,POSSESSION OF HEROIN,41.90022668546465,-87.63270141442872,APARTMENT,False,True,D-07,W-10,0.7381014359859184,0.1746,LOW
CR-2023-000675,2025-01-04 00:30:21,ROBBERY,ARMED ROBBERY,41.86054830460911,-87.6568297065637,PARKING LOT,False,False,D-03,W-49,0.3101269827860784,0.6899,HIGH
CR-2025-001175,2024-01-15 09:53:56,CRIMINAL DAMAGE,TO VEHICLE,41.96959872768093,-87.64295988100847,ALLEY,False,False,D-01,W-13,0.19457171044344176,0.3759,MEDIUM
CR-2025-004421,2025-10-22 22:30:14,ASSAULT,SIMPLE ASSAULT,41.946995527588506,-87.66104219009725,PARKING LOT,True,False,D-02,W-40,0.15525171382394862,0.8447,CRITICAL
CR-2023-004698,2023-07-14 04:27:40,ROBBERY,STRONGARM ROBBERY,41.79482270197507,-87.64087813196112,APARTMENT,False,False,D-14,W-20,0.19653527821433822,0.8035,CRITICAL
CR-2023-000291,2025-07-08 17:41:08,CRIMINAL DAMAGE,TO VEHICLE,41.8875917279916,-87.59573960713294,RESIDENCE,False,False,D-13,W-10,0.07232829082537678,0.4329,MEDIUM
CR-2023-000966,2024-12-14 21:19:12,MOTOR VEHICLE THEFT,TRUCK,41.7672672385805,-87.63164870885761,APARTMENT,True,False,D-15,W-01,0.17221488852823433,0.5519,HIGH
CR-2025-001655,2023-06-12 09:10:39,BURGLARY,FORCIBLE ENTRY,41.859326265742425,-87.71880946956902,STREET,False,False,D-05,W-07,0.15866289017160076,0.5609,HIGH
CR-2025-003347,2025-08-18 19:31:30,NARCOTICS,POSSESSION OF HEROIN,41.889972410935606,-87.74633159133899,RESIDENCE,True,False,D-07,W-28,0.8042900994678488,0.1305,LOW
CR-2024-002344,2024-03-02 01:02:01,BATTERY,SIMPLE BATTERY,41.85644593606746,-87.63704364759191,SIDEWALK,False,False,D-03,W-14,0.823445680282789,0.1766,LOW
CR-2023-002241,2024-08-17 13:42:47,MOTOR VEHICLE THEFT,AUTOMOBILE,41.86538722874833,-87.71693899830466,APARTMENT,False,False,D-15,W-04,0.12938128686286707,0.5804,HIGH
CR-2023-004164,2024-05-21 23:15:21,BURGLARY,COMMERCIAL,41.87894765972699,-87.63167382392986,PARK,False,False,D-01,W-41,0.1009098051053127,0.5994,HIGH
CR-2023-002862,2024-06-10 23:07:18,CRIMINAL DAMAGE,GRAFFITI,41.76770096653875,-87.65937015339722,ALLEY,False,False,D-12,W-09,0.12384347942658087,0.4089,MEDIUM
CR-2024-003106,2024-06-24 15:34:50,BATTERY,DOMESTIC BATTERY,41.87095172865172,-87.64936884165701,PARK,True,False,D-03,W-23,0.7110016003682378,0.289,MEDIUM
CR-2023-001107,2025-01-28 06:57:11,CRIMINAL DAMAGE,GRAFFITI,41.93899915704481,-87.64998243540695,SIDEWALK,False,False,D-01,W-14,0.21360725143844364,0.367,MEDIUM
CR-2025-002261,2024-01-05 17:03:06,NARCOTICS,POSSESSION OF COCAINE,41.88554600176601,-87.59867402440977,COMMERCIAL BUILDING,True,False,D-08,W-15,0.7671659597170144,0.1552,LOW
CR-2023-000678,2024-09-09 09:15:54,CRIMINAL DAMAGE,TO PROPERTY,41.86990633327622,-87.62392293991897,APARTMENT,False,False,D-13,W-24,0.1367193644319759,0.4029,MEDIUM
CR-2024-001267,2024-09-11 18:53:07,MOTOR VEHICLE THEFT,,41.871839497795925,-87.63422634871357,COMMERCIAL BUILDING,False,False,D-09,W-26,0.14488928682221158,0.5701,HIGH
CR-2023-005673,2025-08-29 20:42:41,BATTERY,DOMESTIC BATTERY,41.772071193837,-87.59539288561913,SIDEWALK,True,False,D-03,W-45,0.7340287942389969,0.266,MEDIUM
CR-2024-001690,2025-06-09 16:56:07,BATTERY,AGGRAVATED BATTERY,41.833026401695165,-87.59923628514142,APARTMENT,True,False,D-01,W-39,0.689619399699418,0.3104,MEDIUM
CR-2025-005681,2024-05-24 21:20:32,ROBBERY,ARMED ROBBERY,41.757363914263394,-87.62656277652441,ALLEY,False,False,D-15,W-47,0.09874498935675782,0.9013,CRITICAL
CR-2024-004546,2024-05-25 22:18:50,NARCOTICS,SALE/MANUFACTURE,41.86075167174399,-87.61058142019716,STREET,True,False,D-03,W-14,0.7894213462030409,0.1404,LOW
CR-2025-005882,2023-11-16 04:52:15,THEFT,RETAIL THEFT,41.87704930334409,-87.61891871759263,PARK,False,False,D-11,W-48,0.10652669365916054,0.417,MEDIUM
CR-2023-000813,2023-02-19 21:55:12,CRIMINAL DAMAGE,GRAFFITI,41.939453562086825,-87.62967967276529,STREET,False,True,D-10,W-28,0.22293156829594338,0.3626,MEDIUM
CR-2024-001618,2025-12-10 15:56:33,MOTOR VEHICLE THEFT,AUTOMOBILE,41.80408609932988,-87.66037306670006,ALLEY,False,False,D-05,W-37,0.15381031387290275,0.5641,HIGH
CR-2024-004660,2024-09-20 13:18:51,ROBBERY,STRONGARM ROBBERY,41.87136637419031,-87.63589165535535,ALLEY,False,False,D-08,W-50,0.11755075328023773,0.8824,CRITICAL
CR-2025-002402,2023-04-18 23:52:27,NARCOTICS,POSSESSION OF COCAINE,41.77233133130784,-87.66889734921436,STREET,True,False,D-05,W-39,0.7136975771527585,0.1909,LOW
CR-2024-002230,2023-11-17 04:23:23,ASSAULT,AGGRAVATED ASSAULT,41.97217193646174,-87.61831275717226,STREET,False,False,D-04,W-01,0.34127609927901315,0.6587,HIGH
CR-2023-005553,2023-02-05 08:34:28,MOTOR VEHICLE THEFT,AUTOMOBILE,41.79195051587777,-87.64258003750942,RESIDENCE,False,False,D-02,W-25,0.1636788220962384,0.5575,HIGH
CR-2025-003644,2024-01-12 13:51:33,BATTERY,SIMPLE BATTERY,41.9656687456038,-87.65561126177741,PARKING LOT,False,False,D-13,W-05,0.7637963087428795,0.2362,LOW
CR-2025-004850,2023-12-29 09:25:52,BATTERY,AGGRAVATED BATTERY,41.87441006992466,-87.62309944583787,COMMERCIAL BUILDING,False,False,D-01,W-12,0.7398740003347293,0.2601,MEDIUM
CR-2023-005202,2025-08-14 06:40:13,BURGLARY,FORCIBLE ENTRY,41.87301151839407,-87.70808898938584,ALLEY,False,False,D-03,W-30,0.12278527999021546,0.5848,HIGH
CR-2024-000229,2024-05-28 03:37:31,ROBBERY,STRONGARM ROBBERY,41.86979526041979,-87.64776816838884,APARTMENT,True,False,D-15,W-13,0.12641213595022804,0.8736,CRITICAL
CR-2023-002418,2023-02-10 20:08:24,CRIMINAL DAMAGE,TO VEHICLE,41.9390300777328,-87.6704753051587,RESIDENCE,False,False,D-14,W-49,0.2175629544582445,0.3651,MEDIUM
CR-2023-002793,2024-11-26 04:45:30,ROBBERY,ARMED ROBBERY,41.86843489599468,-87.67088710309207,STREET,False,True,D-09,W-06,0.1812962691810176,0.8187,CRITICAL
CR-2023-003768,2024-08-09 23:54:13,NARCOTICS,POSSESSION OF HEROIN,41.768113608886,-87.682002180378,ALLEY,True,False,D-09,W-31,0.7651216063919193,0.1566,LOW
CR-2024-000766,2024-08-06 18:48:07,NARCOTICS,POSSESSION OF HEROIN,41.886417018855326,-87.72955684655338,PARK,True,False,D-01,W-31,0.7573625506725185,0.1618,LOW
CR-2024-001093,2025-08-12 23:23:22,BATTERY,SIMPLE BATTERY,41.919920856951,-87.66063304658468,PARK,True,True,D-05,W-16,0.6199248112107523,0.3801,MEDIUM
CR-2025-000131,2024-12-09 01:14:53,BATTERY,AGGRAVATED BATTERY,41.883574653198615,-87.67578775282668,COMMERCIAL BUILDING,False,True,D-11,W-18,0.6907896636784124,0.3092,MEDIUM
CR-2024-000193,2025-12-09 18:12:56,CRIMINAL DAMAGE,TO VEHICLE,41.88322633963666,-87.60165743741176,PARK,True,False,D-04,W-18,0.13399701326758337,0.4041,MEDIUM
CR-2025-002891,2025-09-04 02:55:38,BATTERY,,41.88883183705956,-87.68913201345816,SIDEWALK,True,False,D-10,W-04,0.6632254509670137,0.3368,MEDIUM
CR-2023-003333,2025-04-28 11:40:23,BATTERY,DOMESTIC BATTERY,41.85929740981442,-87.63302432257119,STREET,True,False,D-03,W-50,0.7234089372949148,0.2766,MEDIUM
CR-2025-000197,2024-09-03 06:48:15,THEFT,RETAIL THEFT,41.80838600301803,-87.64072939130263,RESIDENCE,False,False,D-05,W-17,0.14667438186700588,0.3982,MEDIUM
CR-2023-005520,2024-01-05 20:10:01,ROBBERY,ARMED ROBBERY,41.870508660632126,-87.64679563521067,APARTMENT,False,True,D-11,W-08,0.1336265641355082,0.8664,CRITICAL
CR-2025-003386,2025-04-24 03:47:32,ASSAULT,AGGRAVATED ASSAULT,41.840683360571546,-87.7479272009013,RESIDENCE,False,False,D-10,W-36,0.13529669508176034,0.8647,CRITICAL
CR-2023-003444,2023-08-11 02:22:08,THEFT,RETAIL THEFT,41.76306818238224,-87.63141900257968,ALLEY,False,False,D-05,W-07,0.15065814194059815,0.3964,MEDIUM
CR-2025-005006,2025-10-26 12:35:48,ASSAULT,AGGRAVATED ASSAULT,41.85836303887673,-87.63678926467108,SIDEWALK,True,False,D-02,W-20,0.17988457539089597,0.8201,CRITICAL
CR-2025-002285,2023-01-15 13:11:51,NARCOTICS,POSSESSION OF HEROIN,41.76398971480078,-87.63647954431069,APARTMENT,True,False,D-05,W-09,0.8010969880051413,0.1326,LOW
CR-2024-004114,2024-10-12 22:55:08,MOTOR VEHICLE THEFT,,41.87440143418611,-87.6187730183042,APARTMENT,False,False,D-02,W-37,0.15865192367617498,0.5609,HIGH
CR-2024-001798,2024-12-25 13:21:10,THEFT,PETTY THEFT,41.8634993174296,-87.61469299995291,ALLEY,False,False,D-05,W-20,0.11284522006088446,0.414,MEDIUM
CR-2025-002117,2025-09-26 12:06:48,BATTERY,,41.73982414233572,-87.6584864916127,COMMERCIAL BUILDING,True,False,D-11,W-02,0.7688685345975883,0.2311,LOW
CR-2023-004089,2025-12-12 19:43:24,ROBBERY,ARMED ROBBERY,41.96354064130108,-87.66035249737605,SIDEWALK,False,False,D-09,W-42,0.10935284653587792,0.8906,CRITICAL
CR-2024-002326,2025-06-06 11:16:00,THEFT,PETTY THEFT,41.87878345821713,-87.62044889292581,SIDEWALK,True,False,D-07,W-17,0.17963328955238422,0.3828,MEDIUM
CR-2025-004334,2025-10-23 17:14:45,ASSAULT,AGGRAVATED ASSAULT,41.88387449624072,-87.61782149990334,PARK,False,False,D-15,W-19,0.12789172361615872,0.8721,CRITICAL
CR-2023-003267,2023-09-30 01:43:52,MOTOR VEHICLE THEFT,MOTORCYCLE,41.86781487623615,-87.61749552438236,SIDEWALK,False,False,D-04,W-23,0.16906544912584928,0.554,HIGH
CR-2025-002897,2023-04-14 01:21:36,THEFT,FROM BUILDING,41.87382744593387,-87.6313929113506,STREET,False,False,D-11,W-29,0.07884238302994254,0.4299,MEDIUM
CR-2025-000164,2025-05-02 23:52:04,ROBBERY,ARMED ROBBERY,41.96088239634104,-87.64273308981471,STREET,False,False,D-01,W-26,0.20285526936419118,0.7971,CRITICAL
CR-2024-002464,2023-09-24 14:25:05,BATTERY,SIMPLE BATTERY,41.922588771561074,-87.65816517830729,APARTMENT,True,True,D-15,W-05,0.7483527329047486,0.2516,MEDIUM
CR-2024-003640,2024-02-20 21:18:08,NARCOTICS,POSSESSION OF COCAINE,41.86647555763904,-87.60927858644779,PARK,True,False,D-11,W-10,0.6184050748353097,0.2544,MEDIUM
CR-2024-000925,2025-02-08 21:35:41,MOTOR VEHICLE THEFT,AUTOMOBILE,41.76274431725391,-87.58461722768477,SIDEWALK,True,False,D-10,W-25,0.13204781689736142,0.5786,HIGH
CR-2023-002379,2023-06-29 16:47:05,BURGLARY,RESIDENTIAL,41.86811866552806,-87.61897144771844,STREET,False,False,D-01,W-18,0.11491044658481163,0.5901,HIGH
CR-2025-004475,2023-01-25 08:15:31,NARCOTICS,POSSESSION OF COCAINE,41.7848410664075,-87.65926856566574,SIDEWALK,False,False,D-14,W-31,0.8628768658879962,0.0914,LOW
CR-2023-005508,2023-11-03 17:19:32,NARCOTICS,POSSESSION OF COCAINE,41.77453890164287,-87.64768573133124,RESIDENCE,False,False,D-04,W-31,0.791943579862129,0.1387,LOW
CR-2023-005334,2025-04-30 15:35:03,CRIMINAL DAMAGE,GRAFFITI,41.87908677034213,-87.63881244458643,APARTMENT,False,True,D-10,W-02,0.11049496710551207,0.4151,MEDIUM
CR-2023-000777,2023-03-14 21:04:05,THEFT,PETTY THEFT,41.87652337994577,-87.72028742087731,STREET,False,False,D-15,W-23,0.12631229361910867,0.4077,MEDIUM
CR-2023-004323,2024-05-18 09:03:51,ROBBERY,ARMED ROBBERY,41.84505629970192,-87.63310848910402,STREET,False,False,D-06,W-03,0.20150759422784573,0.7985,CRITICAL
CR-2023-002307,2025-08-01 22:16:05,CRIMINAL DAMAGE,TO PROPERTY,41.78029659849612,-87.63674124284971,PARK,False,False,D-03,W-13,0.10856336589150577,0.416,MEDIUM
CR-2023-003702,2025-05-26 15:32:15,NARCOTICS,POSSESSION OF HEROIN,41.93295615224391,-87.62198793572627,SIDEWALK,True,False,D-01,W-12,0.7231612461339338,0.1846,LOW
CR-2025-004166,2024-04-17 07:25:25,BATTERY,AGGRAVATED BATTERY,41.883302441771214,-87.7140753282402,SIDEWALK,True,False,D-08,W-10,0.7241993923967305,0.2758,MEDIUM
CR-2024-003571,2025-04-11 02:32:26,MOTOR VEHICLE THEFT,AUTOMOBILE,41.779756795355006,-87.67102176148096,COMMERCIAL BUILDING,False,False,D-12,W-48,0.1499228856287616,0.5667,HIGH
CR-2025-005048,2025-08-19 11:13:51,ROBBERY,STRONGARM ROBBERY,41.888197005383496,-87.6252237189294,APARTMENT,False,False,D-07,W-02,0.17881608468867002,0.8212,CRITICAL
CR-2023-000009,2025-12-26 04:30:35,ASSAULT,AGGRAVATED ASSAULT,41.93023951848958,-87.68354607402671,COMMERCIAL BUILDING,False,False,D-13,W-47,0.0990103763003785,0.901,CRITICAL
CR-2025-001652,2023-02-07 21:24:31,MOTOR VEHICLE THEFT,AUTOMOBILE,41.97041642796845,-87.63407258070254,RESIDENCE,False,False,D-05,W-36,0.13575687320038524,0.5762,HIGH
CR-2024-001234,2025-07-28 05:17:24,CRIMINAL DAMAGE,TO VEHICLE,41.79598322482028,-87.63423284548949,PARK,False,False,D-08,W-28,0.17784022565173482,0.3837,MEDIUM
CR-2024-002797,2025-02-03 09:56:07,THEFT,GRAND THEFT,41.97089865090607,-87.69015543947762,PARK,False,False,D-14,W-29,0.1491471919840793,0.3971,MEDIUM
CR-2025-003374,2024-12-18 00:19:48,NARCOTICS,SALE/MANUFACTURE,41.870507164083726,-87.63249271862308,ALLEY,True,False,D-15,W-01,0.7583584251905763,0.1611,LOW
CR-2025-005363,2024-03-25 13:02:24,THEFT,GRAND THEFT,41.768023684994105,-87.66595005638261,ALLEY,False,False,D-11,W-44,0.17083018843944164,0.3869,MEDIUM
CR-2024-005806,2023-09-01 16:46:59,CRIMINAL DAMAGE,TO PROPERTY,41.95795177639106,-87.67364523284354,RESIDENCE,True,False,D-01,W-37,0.12147590491294692,0.41,MEDIUM
CR-2024-004078,2023-09-17 01:03:12,BURGLARY,FORCIBLE ENTRY,41.7834524561454,-87.65489904821517,PARKING LOT,False,False,D-10,W-50,0.10522183696010713,0.5965,HIGH
CR-2025-003473,2024-06-03 20:45:39,BURGLARY,RESIDENTIAL,41.7329370344182,-87.60654706689695,SIDEWALK,False,False,D-12,W-37,0.12392826977112814,0.584,HIGH
CR-2025-005738,2025-03-07 23:26:48,ROBBERY,STRONGARM ROBBERY,41.80817797661844,-87.62631187498924,STREET,False,False,D-09,W-23,0.12646717003691252,0.8735,CRITICAL
CR-2023-005004,2025-09-04 09:08:31,BURGLARY,FORCIBLE ENTRY,41.86534271017506,-87.71216529686983,APARTMENT,False,False,D-02,W-19,0.14022948995589207,0.5732,HIGH
CR-2024-003976,2023-08-19 19:29:57,NARCOTICS,POSSESSION OF HEROIN,41.87404442901297,-87.6506467021479,RESIDENCE,True,False,D-13,W-36,0.6635042392896013,0.2243,LOW
CR-2023-003735,2024-09-08 02:30:53,ASSAULT,SIMPLE ASSAULT,41.8026035737618,-87.6366488607883,ALLEY,False,False,D-04,W-38,0.2700008025171728,0.73,HIGH
CR-2024-001189,2023-11-08 07:31:12,MOTOR VEHICLE THEFT,MOTORCYCLE,41.76856337097192,-87.62249298733543,PARK,False,False,D-07,W-01,0.22503964971633073,0.5166,HIGH
CR-2024-004393,2024-07-02 20:43:08,BATTERY,DOMESTIC BATTERY,41.88754040950144,-87.63428603627845,STREET,True,False,D-13,W-26,0.7413731401979423,0.2586,MEDIUM
CR-2023-002442,2025-12-31 19:39:32,NARCOTICS,SALE/MANUFACTURE,41.88758681324964,-87.63691267262656,COMMERCIAL BUILDING,False,False,D-15,W-19,0.6641122289749684,0.2239,LOW
CR-2023-003276,2025-12-12 14:00:29,BATTERY,DOMESTIC BATTERY,41.88406095535189,-87.64101183480938,ALLEY,True,True,D-14,W-08,0.7979769414464442,0.202,LOW
CR-2023-001512,2023-08-24 12:44:12,NARCOTICS,POSSESSION OF HEROIN,41.732156457507614,-87.63871301937958,APARTMENT,True,False,D-09,W-22,0.8049966164559086,0.13,LOW
CR-2025-003074,2024-08-16 19:54:55,THEFT,FROM BUILDING,41.74195968982701,-87.62255997856505,SIDEWALK,False,False,D-04,W-06,0.1858614472207835,0.3799,MEDIUM
CR-2025-003167,2024-02-13 18:46:52,NARCOTICS,POSSESSION OF COCAINE,41.94610881145055,-87.653618112235,STREET,True,False,D-11,W-22,0.7234099984354772,0.1844,LOW
CR-2023-001188,2025-04-05 14:07:39,THEFT,PETTY THEFT,41.94120462708422,-87.68182095372164,ALLEY,True,False,D-13,W-01,0.1673764164494124,0.3886,MEDIUM
CR-2023-000180,2024-08-26 04:00:44,NARCOTICS,SALE/MANUFACTURE,41.88589019771362,-87.60680891630497,PARKING LOT,False,False,D-04,W-41,0.7892443490191683,0.1405,LOW
CR-2023-000693,2025-08-15 00:37:10,ROBBERY,STRONGARM ROBBERY,41.97443482578797,-87.62406977606545,STREET,False,False,D-12,W-32,0.18119749720885212,0.8188,CRITICAL
CR-2024-000886,2025-06-16 04:15:41,MOTOR VEHICLE THEFT,TRUCK,41.86876025957399,-87.62688088817144,RESIDENCE,True,False,D-09,W-17,0.1410061637442281,0.5727,HIGH
CR-2024-003424,2023-12-10 07:52:14,BATTERY,SIMPLE BATTERY,41.99899855498504,-87.67517186007862,RESIDENCE,True,False,D-14,W-12,0.7890553566763003,0.2109,LOW
CR-2023-004086,2024-05-17 21:09:25,CRIMINAL DAMAGE,TO PROPERTY,41.88203754336278,-87.6415624578754,STREET,False,False,D-02,W-32,0.15448002948768022,0.3946,MEDIUM
CR-2023-002334,2023-10-31 11:06:54,MOTOR VEHICLE THEFT,AUTOMOBILE,41.93127660318677,-87.65458867851933,PARK,False,False,D-08,W-28,0.22223215982106675,0.5185,HIGH
CR-2025-005603,2025-09-24 23:18:41,BURGLARY,FORCIBLE ENTRY,41.957401093423705,-87.66709157991872,COMMERCIAL BUILDING,False,False,D-04,W-30,0.10142555096075961,0.599,HIGH
CR-2025-000959,2024-01-17 00:11:09,CRIMINAL DAMAGE,GRAFFITI,41.9450371236283,-87.66474181155394,RESIDENCE,False,False,D-13,W-21,0.10369635206104866,0.4183,MEDIUM
CR-2024-000976,2023-08-31 16:13:01,NARCOTICS,SALE/MANUFACTURE,41.86451401548707,-87.63960649507973,PARK,True,False,D-02,W-32,0.7671740734352654,0.1552,LOW
CR-2025-004667,2023-02-24 19:29:08,ASSAULT,AGGRAVATED ASSAULT,41.9585902712786,-87.65904660619643,SIDEWALK,False,True,D-01,W-23,0.15921925694284816,0.8408,CRITICAL
CR-2023-001164,2025-08-29 09:55:20,ROBBERY,ARMED ROBBERY,41.88853306636349,-87.61706346833886,COMMERCIAL BUILDING,True,False,D-09,W-21,0.13960207312571785,0.8604,CRITICAL
CR-2024-005038,2023-02-24 00:29:19,BATTERY,DOMESTIC BATTERY,41.86877696156351,-87.74630967119933,SIDEWALK,True,True,D-01,W-18,0.8184040584755007,0.1816,LOW
CR-2025-002432,2025-09-20 20:26:53,BATTERY,AGGRAVATED BATTERY,41.87923431388767,-87.75722401639007,PARKING LOT,True,False,D-08,W-15,0.765553292715845,0.2344,LOW
CR-2024-004702,2024-06-13 19:34:40,BURGLARY,FORCIBLE ENTRY,41.89182346437887,-87.69440249676444,PARKING LOT,False,False,D-07,W-49,0.17925617130442473,0.5472,HIGH
CR-2024-001573,2023-11-12 12:56:27,MOTOR VEHICLE THEFT,TRUCK,41.867862733893205,-87.73971912955517,COMMERCIAL BUILDING,False,False,D-03,W-04,0.17528709782451127,0.5498,HIGH
CR-2024-003841,2024-06-04 01:32:58,NARCOTICS,POSSESSION OF HEROIN,41.77352215499574,-87.59044308430848,APARTMENT,True,False,D-11,W-31,0.6689037942931797,0.2207,LOW
CR-2024-000238,2023-10-28 01:59:11,NARCOTICS,SALE/MANUFACTURE,41.890978025335,-87.72129749721822,STREET,False,False,D-14,W-19,0.8455524775324796,0.103,LOW
CR-2024-001252,2024-07-14 02:36:11,THEFT,PETTY THEFT,41.92669698946885,-87.67180821059958,COMMERCIAL BUILDING,False,False,D-08,W-03,0.14230347794372666,0.4003,MEDIUM
CR-2023-002109,2024-12-10 01:43:19,NARCOTICS,POSSESSION OF COCAINE,41.886440254878345,-87.75936953026613,APARTMENT,True,False,D-11,W-22,0.7148344856986065,0.1901,LOW
CR-2023-001833,2023-03-26 21:52:13,MOTOR VEHICLE THEFT,MOTORCYCLE,41.88907070378863,-87.62094366908123,PARK,False,False,D-06,W-25,0.1232291528100563,0.5845,HIGH
CR-2024-003334,2023-11-04 11:27:55,CRIMINAL DAMAGE,TO VEHICLE,41.95611499936364,-87.64124680003,APARTMENT,False,False,D-04,W-24,0.22806279477336502,0.3602,MEDIUM
CR-2024-000622,2023-04-01 07:11:42,NARCOTICS,SALE/MANUFACTURE,41.86836083682401,-87.64815910400144,SIDEWALK,True,False,D-15,W-02,0.7684187552990376,0.1544,LOW
CR-2025-004010,2025-10-03 01:55:26,MOTOR VEHICLE THEFT,AUTOMOBILE,41.71927215753267,-87.64313146848026,STREET,False,False,D-07,W-42,0.2493035842589325,0.5005,HIGH
CR-2024-005011,2024-02-05 09:28:47,ASSAULT,SIMPLE ASSAULT,41.89851510057155,-87.62882812974816,SIDEWALK,False,False,D-06,W-29,0.1450310613024229,0.855,CRITICAL
CR-2023-000222,2023-08-21 12:46:18,THEFT,FROM BUILDING,41.9223106099899,-87.64190654902339,PARK,False,False,D-11,W-13,0.10360518496981037,0.4183,MEDIUM
CR-2025-000605,2025-05-20 04:29:07,NARCOTICS,POSSESSION OF HEROIN,41.923522735292174,-87.66915810395591,STREET,True,False,D-10,W-29,0.6312999422643827,0.2458,LOW
CR-2025-005921,2025-05-25 15:25:01,THEFT,RETAIL THEFT,41.79809844158791,-87.64215977162777,PARK,False,False,D-05,W-43,0.1397676861546406,0.4014,MEDIUM
CR-2023-000402,2025-03-19 21:57:35,THEFT,GRAND THEFT,41.87158255658852,-87.63443758185203,PARK,False,False,D-03,W-06,0.1178283476610944,0.4117,MEDIUM
CR-2024-005560,2025-03-25 10:42:24,MOTOR VEHICLE THEFT,,41.88430058043696,-87.62898082325636,PARKING LOT,True,False,D-01,W-22,0.18861133471135896,0.5409,HIGH
CR-2023-003252,2024-03-31 21:56:31,MOTOR VEHICLE THEFT,MOTORCYCLE,41.8940806440839,-87.63367068273418,RESIDENCE,False,False,D-04,W-34,0.14331821577722917,0.5711,HIGH
CR-2023-004431,2024-07-23 20:58:48,BATTERY,DOMESTIC BATTERY,41.93988364003267,-87.68844287170265,RESIDENCE,True,True,D-15,W-50,0.562080906502285,0.4379,MEDIUM
CR-2024-005620,2023-08-06 10:51:12,THEFT,PETTY THEFT,41.94408338489128,-87.63254284448061,PARK,True,False,D-09,W-16,0.12848660761889724,0.4067,MEDIUM
CR-2025-002144,2024-07-06 01:39:48,ASSAULT,SIMPLE ASSAULT,41.81662827533511,-87.61385984418422,STREET,False,True,D-08,W-32,0.2051203690955401,0.7949,CRITICAL
CR-2024-005419,2025-05-12 03:32:50,CRIMINAL DAMAGE,TO PROPERTY,41.93741747038021,-87.66718995444853,STREET,False,False,D-11,W-07,0.11176476747129341,0.4145,MEDIUM
CR-2023-001203,2024-09-21 23:47:48,NARCOTICS,SALE/MANUFACTURE,41.858606281446086,-87.61735401373181,ALLEY,True,False,D-11,W-28,0.7460902245858712,0.1693,LOW
CR-2023-000183,2023-03-10 09:16:06,BATTERY,AGGRAVATED BATTERY,41.88146138722716,-87.62961111398828,COMMERCIAL BUILDING,True,True,D-15,W-06,0.7366260218517764,0.2634,MEDIUM
CR-2024-005614,2024-03-12 02:37:38,CRIMINAL DAMAGE,GRAFFITI,41.874184869137416,-87.62965860459154,SIDEWALK,False,False,D-10,W-29,0.08067959264645637,0.429,MEDIUM
CR-2024-003916,2025-06-03 04:09:57,ROBBERY,ARMED ROBBERY,41.96123894258887,-87.66070535208728,PARKING LOT,False,False,D-12,W-41,0.11900615744113963,0.881,CRITICAL
CR-2025-003878,2025-09-08 22:29:58,THEFT,GRAND THEFT,41.75499853620792,-87.57105908028316,APARTMENT,False,False,D-15,W-31,0.1490459263566676,0.3971,MEDIUM
CR-2024-005626,2023-06-13 12:54:19,THEFT,PETTY THEFT,41.7574135069138,-87.61201567073566,RESIDENCE,False,False,D-06,W-04,0.09875946079871173,0.4206,MEDIUM
CR-2025-005546,2025-10-13 10:16:45,THEFT,FROM BUILDING,41.87717335906594,-87.62734858269421,PARKING LOT,False,False,D-01,W-43,0.16458025717616925,0.3899,MEDIUM
CR-2025-002870,2024-07-17 09:18:52,CRIMINAL DAMAGE,TO VEHICLE,41.88317536162904,-87.64468867010093,ALLEY,True,False,D-11,W-46,0.1256904724501409,0.408,MEDIUM
CR-2024-003796,2023-12-02 04:39:13,BATTERY,SIMPLE BATTERY,41.866767516752994,-87.63132979981891,RESIDENCE,False,True,D-06,W-20,0.7086004038178743,0.2914,MEDIUM
CR-2025-005306,2025-07-06 06:08:12,NARCOTICS,POSSESSION OF HEROIN,41.89884703470168,-87.64000228548628,COMMERCIAL BUILDING,True,False,D-08,W-24,0.7605680106250978,0.1596,LOW
CR-2023-001338,2023-08-21 21:32:57,PETTY THEFT,SALE/MANUFACTURE,41.8833447507095,-87.65327204157043,RESIDENCE,True,False,D-13,W-47,0.16861489249605813,0.388,MEDIUM
CR-2024-000781,2025-06-05 10:47:48,MOTOR VEHICLE THEFT,MOTORCYCLE,41.84173639609591,-87.61653931905458,STREET,True,False,D-10,W-01,0.18799784850651993,0.5413,HIGH
CR-2023-004671,2025-12-06 16:23:32,BATTERY,SIMPLE BATTERY,41.81381900443496,-87.6178757921156,STREET,False,False,D-03,W-30,0.7551110802704806,0.2449,LOW
CR-2025-002903,2025-09-29 20:08:10,MOTOR VEHICLE THEFT,MOTORCYCLE,41.7212947016014,-87.63802523058132,RESIDENCE,False,False,D-03,W-29,0.14062063188631485,0.5729,HIGH
CR-2024-001786,2025-08-02 01:06:47,ROBBERY,ARMED ROBBERY,41.78691964314832,-87.62414870140985,PARK,False,False,D-11,W-04,0.09243920138730212,0.9076,CRITICAL
CR-2023-000342,2025-09-01 22:09:40,BURGLARY,FORCIBLE ENTRY,41.92395744382216,-87.64104003139654,APARTMENT,False,False,D-01,W-39,0.08865692486959809,0.6076,HIGH
CR-2025-005753,2024-07-11 17:30:48,ASSAULT,SIMPLE ASSAULT,41.89459195657094,-87.63507490275752,SIDEWALK,False,True,D-03,W-29,0.10558026031113096,0.8944,CRITICAL
CR-2024-003178,2023-05-19 08:05:05,ASSAULT,SIMPLE ASSAULT,41.83254562312691,-87.66762339805383,PARK,False,False,D-12,W-36,0.14114075797252837,0.8589,CRITICAL
CR-2024-003868,2024-01-16 07:10:19,BURGLARY,,42.002606632886696,-87.64490257963796,PARKING LOT,False,False,D-04,W-33,0.22359786997071085,0.5176,HIGH
CR-2025-002708,2025-08-09 07:35:46,CRIMINAL DAMAGE,TO PROPERTY,41.94075095204661,-87.69481926599784,ALLEY,False,False,D-07,W-11,0.15644368007400275,0.3937,MEDIUM
CR-2025-000851,2025-10-07 03:29:51,PETTY THEFT,STRONGARM ROBBERY,41.794768036714046,-87.6012575039511,SIDEWALK,False,False,D-15,W-48,0.27848102993182555,0.3367,MEDIUM
CR-2025-000401,2023-07-15 17:21:59,CRIMINAL DAMAGE,TO PROPERTY,41.88233017398494,-87.7352209551967,STREET,True,False,D-07,W-20,0.168127493940575,0.3882,MEDIUM
CR-2023-002748,2023-11-15 17:57:14,MOTOR VEHICLE THEFT,AUTOMOBILE,41.87617180560122,-87.63957512683236,ALLEY,False,False,D-08,W-12,0.1288804821313215,0.5807,HIGH
CR-2025-003437,2025-05-28 21:46:03,BATTERY,DOMESTIC BATTERY,41.74521865206047,-87.65146999525611,ALLEY,True,False,D-04,W-50,0.7475739027823322,0.2524,MEDIUM
CR-2025-005342,2023-05-16 16:02:56,MOTOR VEHICLE THEFT,MOTORCYCLE,41.85444157443621,-87.64255296618722,PARKING LOT,False,False,D-08,W-16,0.10832296914180353,0.5945,HIGH
CR-2025-004661,2025-12-16 04:22:28,THEFT,FROM BUILDING,41.950335098368775,-87.68759499724582,SIDEWALK,False,False,D-10,W-23,0.09744295319469132,0.4212,MEDIUM
CR-2023-005337,2024-03-30 17:41:13,ROBBERY,STRONGARM ROBBERY,41.91885671167376,-87.66550582319125,PARK,False,False,D-04,W-20,0.1867095435091332,0.8133,CRITICAL
CR-2024-004408,2025-05-03 18:35:03,CRIMINAL DAMAGE,TO VEHICLE,41.87407446801294,-87.62858062862436,COMMERCIAL BUILDING,False,False,D-11,W-37,0.08442092367157919,0.4273,MEDIUM
CR-2024-000658,2025-08-24 14:21:59,ASSAULT,SIMPLE ASSAULT,41.927097726738495,-87.6614044940871,PARK,True,False,D-03,W-31,0.17749996945249705,0.8225,CRITICAL
CR-2023-002202,2024-10-19 19:11:24,THEFT,GRAND THEFT,41.87622238357426,-87.61709676844173,APARTMENT,True,False,D-12,W-28,0.15156706058743516,0.3959,MEDIUM
CR-2023-003432,2024-07-03 06:11:17,NARCOTICS,SALE/MANUFACTURE,41.87792727367886,-87.61434010287638,PARKING LOT,True,False,D-09,W-34,0.6591694452388343,0.2272,LOW
CR-2024-000139,2023-10-13 20:16:42,ASSAULT,AGGRAVATED ASSAULT,41.780645052124754,-87.63863283992156,ALLEY,False,False,D-10,W-26,0.18320648928817224,0.8168,CRITICAL
CR-2024-003379,2024-04-12 19:51:24,MOTOR VEHICLE THEFT,MOTORCYCLE,41.83050550337131,-87.62504762810333,ALLEY,False,False,D-07,W-18,0.16047274090401295,0.5597,HIGH
CR-2024-005227,2023-10-18 16:40:19,CRIMINAL DAMAGE,GRAFFITI,41.75417819130911,-87.64127182237235,APARTMENT,False,False,D-06,W-41,0.14505877590442529,0.399,MEDIUM
CR-2025-001703,2024-09-17 00:54:00,PETTY THEFT,COMMERCIAL,41.88833104235094,-87.62790733144507,SIDEWALK,True,True,D-02,W-28,0.3946663181727821,0.2825,MEDIUM
CR-2023-001161,2023-06-17 18:31:53,BATTERY,AGGRAVATED BATTERY,41.888839911590736,-87.69675913619974,PARKING LOT,True,False,D-01,W-48,0.7707788016409197,0.2292,LOW
CR-2024-004897,2025-07-29 23:34:02,ROBBERY,ARMED ROBBERY,41.93658363303817,-87.63039917983554,SIDEWALK,False,False,D-10,W-14,0.15370707999757088,0.8463,CRITICAL
CR-2023-002082,2023-08-31 11:00:03,MOTOR VEHICLE THEFT,TRUCK,41.76808065291029,-87.6091545383214,SIDEWALK,False,False,D-02,W-34,0.14124332505689333,0.5725,HIGH
CR-2024-000007,2024-06-30 20:18:27,ASSAULT,AGGRAVATED ASSAULT,41.85222623251231,-87.63823431293862,SIDEWALK,False,False,D-09,W-07,0.15709995476968538,0.8429,CRITICAL
CR-2023-005700,2025-08-12 12:13:28,NARCOTICS,POSSESSION OF COCAINE,41.87571275792694,-87.64054591440551,COMMERCIAL BUILDING,True,False,D-07,W-16,0.7046734600350271,0.1969,LOW
CR-2024-000691,2024-12-10 14:54:47,PETTY THEFT,AUTOMOBILE,41.99154616426531,-87.66741429846006,RESIDENCE,False,False,D-01,W-43,0.29871375052685084,0.3273,MEDIUM
CR-2023-002301,2024-07-23 20:19:53,MOTOR VEHICLE THEFT,AUTOMOBILE,41.90262599591792,-87.61012459826091,APARTMENT,False,False,D-11,W-39,0.07839773018457116,0.6144,HIGH
CR-2025-001871,2025-08-13 21:40:51,ASSAULT,AGGRAVATED ASSAULT,41.88292517812065,-87.6272791029105,COMMERCIAL BUILDING,False,False,D-09,W-45,0.11286845235414754,0.8871,CRITICAL
CR-2024-005191,2023-01-07 18:07:28,THEFT,GRAND THEFT,41.92996352687359,-87.65330023672469,RESIDENCE,False,False,D-14,W-44,0.20127640177104958,0.3727,MEDIUM
CR-2023-001650,2024-06-23 18:27:24,NARCOTICS,POSSESSION OF COCAINE,41.88317829314429,-87.64386888364805,PARKING LOT,False,False,D-02,W-28,0.81139822304597,0.1257,LOW
CR-2023-001629,2025-01-11 15:57:25,BURGLARY,RESIDENTIAL,41.80856836550444,-87.59309161485736,STREET,False,False,D-10,W-04,0.11657098700054898,0.589,HIGH
CR-2025-000848,2024-08-06 11:33:37,BATTERY,AGGRAVATED BATTERY,41.75389171688486,-87.64594362426313,COMMERCIAL BUILDING,False,True,D-13,W-36,0.7598220076872216,0.2402,LOW
CR-2025-004805,2024-09-20 09:04:59,ROBBERY,STRONGARM ROBBERY,41.88001890803562,-87.62026410210339,APARTMENT,False,False,D-09,W-38,0.17242215374649517,0.8276,CRITICAL
CR-2023-004980,2023-12-24 18:01:26,ROBBERY,STRONGARM ROBBERY,41.92698667187619,-87.670986419406,PARKING LOT,False,False,D-11,W-08,0.11954747992843509,0.8805,CRITICAL
CR-2025-005765,2023-04-12 20:57:37,ASSAULT,AGGRAVATED ASSAULT,41.85867283079747,-87.71976624572386,RESIDENCE,False,True,D-11,W-40,0.12379658074366696,0.8762,CRITICAL
CR-2025-001187,2023-10-31 00:21:00,CRIMINAL DAMAGE,TO VEHICLE,41.89486098223854,-87.60807251155161,STREET,True,False,D-04,W-19,0.1906666386575681,0.3777,MEDIUM
CR-2024-000232,2023-06-06 23:01:54,THEFT,RETAIL THEFT,41.77609179875773,-87.63452423998834,APARTMENT,False,False,D-09,W-35,0.10579701457242274,0.4173,MEDIUM
CR-2024-005476,2024-09-16 20:14:06,PETTY THEFT,PETTY THEFT,41.89075685038823,-87.62505868266837,PARKING LOT,True,False,D-04,W-31,0.3274906749574696,0.3138,MEDIUM
CR-2023-005427,2024-11-11 02:45:04,NARCOTICS,POSSESSION OF COCAINE,41.75855838562156,-87.6482416602253,PARKING LOT,True,False,D-14,W-32,0.8559654085328471,0.096,LOW
CR-2025-003176,2024-04-29 12:45:07,BATTERY,AGGRAVATED BATTERY,41.74505613313226,-87.61063808137497,PARKING LOT,True,False,D-15,W-09,0.7850230306863673,0.215,LOW
CR-2024-004369,2025-07-27 21:28:54,ROBBERY,STRONGARM ROBBERY,41.81585303065248,-87.6660599196749,COMMERCIAL BUILDING,False,False,D-02,W-17,0.19764142509486665,0.8024,CRITICAL
CR-2025-005030,2024-05-26 23:50:32,THEFT,PETTY THEFT,41.880197320377775,-87.62622251611491,STREET,False,False,D-01,W-13,0.1349761377949661,0.4037,MEDIUM
CR-2023-004527,2024-02-08 06:16:11,BATTERY,DOMESTIC BATTERY,41.73528667778485,-87.64625690583094,SIDEWALK,True,False,D-13,W-34,0.785372048336771,0.2146,LOW
CR-2024-001021,2025-06-15 02:57:44,THEFT,RETAIL THEFT,41.937918232041305,-87.65225290255933,COMMERCIAL BUILDING,False,False,D-01,W-42,0.12268358342765781,0.4094,MEDIUM
CR-2025-002513,2023-07-07 16:13:14,NARCOTICS,SALE/MANUFACTURE,41.86202460689075,-87.73482466567896,PARKING LOT,True,False,D-06,W-17,0.7931827767920608,0.1379,LOW
CR-2025-001595,2025-09-16 13:34:15,MOTOR VEHICLE THEFT,TRUCK,41.87195470111056,-87.6191151676063,PARKING LOT,True,False,D-08,W-45,0.13695517711366167,0.5754,HIGH
CR-2023-005271,2025-01-07 02:25:04,ASSAULT,AGGRAVATED ASSAULT,41.87913627789087,-87.67195942474928,PARKING LOT,False,False,D-03,W-16,0.16673081155185773,0.8333,CRITICAL
CR-2024-002671,2024-11-03 08:14:19,MOTOR VEHICLE THEFT,AUTOMOBILE,41.852571466549726,-87.63822006994664,ALLEY,False,False,D-11,W-01,0.19677489454059205,0.5355,HIGH
CR-2024-004780,2024-08-10 14:16:40,CRIMINAL DAMAGE,TO VEHICLE,41.94205794334852,-87.67136868548342,RESIDENCE,False,False,D-14,W-39,0.10976801699140584,0.4154,MEDIUM
CR-2023-000069,2023-04-18 04:39:03,BATTERY,AGGRAVATED BATTERY,41.96467034434739,-87.67991728632867,COMMERCIAL BUILDING,True,False,D-05,W-14,0.7722663302240571,0.2277,LOW
CR-2024-003811,2025-10-11 18:28:16,THEFT,PETTY THEFT,41.75882222915117,-87.6472964327104,PARKING LOT,False,False,D-15,W-27,0.14971947777511158,0.3968,MEDIUM
CR-2025-003149,2024-06-14 14:45:43,BATTERY,SIMPLE BATTERY,41.94146456846467,-87.66701585446897,SIDEWALK,True,False,D-11,W-08,0.6498348596213296,0.3502,MEDIUM
CR-2024-002017,2024-05-18 20:41:12,ASSAULT,AGGRAVATED ASSAULT,41.932212383578346,-87.63616593627228,SIDEWALK,False,False,D-14,W-29,0.13673783112202692,0.8633,CRITICAL
CR-2024-005248,2025-12-02 11:22:40,BATTERY,DOMESTIC BATTERY,41.85578938330394,-87.62849192511945,PARK,True,False,D-07,W-42,0.7300367281633067,0.27,MEDIUM
CR-2024-004921,2023-08-29 22:22:16,ASSAULT,SIMPLE ASSAULT,41.870750547800114,-87.7494244112803,PARK,False,False,D-08,W-26,0.18318325143379588,0.8168,CRITICAL
CR-2024-002557,2024-12-15 16:30:51,ASSAULT,AGGRAVATED ASSAULT,41.878184756207816,-87.71755154257852,APARTMENT,False,False,D-15,W-04,0.13249350839062335,0.8675,CRITICAL
CR-2023-003636,2025-04-12 04:18:12,NARCOTICS,SALE/MANUFACTURE,41.89688931674689,-87.73096452148337,PARKING LOT,True,False,D-12,W-34,0.6754197186576002,0.2164,LOW
CR-2024-002008,2025-11-22 23:22:07,MOTOR VEHICLE THEFT,TRUCK,41.93878332420976,-87.6413766400568,STREET,False,False,D-14,W-36,0.19776352169887412,0.5348,HIGH
CR-2023-000882,2023-01-29 13:13:28,ASSAULT,SIMPLE ASSAULT,41.77274843779675,-87.6500811648829,ALLEY,False,True,D-07,W-25,0.25410206030722526,0.7459,HIGH
CR-2024-005851,2025-03-18 01:15:36,MOTOR VEHICLE THEFT,MOTORCYCLE,41.91517591189632,-87.62430362787343,STREET,False,False,D-11,W-34,0.11462033160435561,0.5903,HIGH
CR-2023-002031,2023-08-16 23:16:55,NARCOTICS,SALE/MANUFACTURE,41.86383633905469,-87.62502218492801,PARK,True,False,D-10,W-13,0.6264299344061008,0.249,LOW
CR-2024-001870,2025-06-28 19:49:56,MOTOR VEHICLE THEFT,TRUCK,41.867379789845145,-87.6219808014248,ALLEY,False,False,D-10,W-07,0.13317432515208621,0.5779,HIGH
CR-2024-000937,2023-06-12 14:54:57,ASSAULT,SIMPLE ASSAULT,41.8977546311918,-87.60886474283815,RESIDENCE,True,True,D-13,W-28,0.1838013461528078,0.8162,CRITICAL
CR-2023-004380,2023-10-24 00:49:09,BURGLARY,RESIDENTIAL,41.803185308941806,-87.66138146551668,STREET,False,False,D-08,W-13,0.12849070424186262,0.581,HIGH
CR-2023-001890,2025-02-26 16:58:03,BURGLARY,FORCIBLE ENTRY,41.7751419884932,-87.63716740532966,STREET,False,False,D-01,W-23,0.1255970213069074,0.5829,HIGH
CR-2023-004302,2025-08-30 00:30:01,CRIMINAL DAMAGE,GRAFFITI,41.88729898316992,-87.61273334828998,STREET,False,False,D-02,W-08,0.14457731716405292,0.3992,MEDIUM
CR-2023-003030,2025-02-01 03:02:13,ROBBERY,STRONGARM ROBBERY,41.78013320414488,-87.61093882536949,RESIDENCE,False,False,D-03,W-05,0.16207453219832954,0.8379,CRITICAL
CR-2024-004627,2025-10-08 11:32:35,MOTOR VEHICLE THEFT,AUTOMOBILE,41.88138607343807,-87.63693088363323,ALLEY,False,False,D-10,W-35,0.13332644785785694,0.5778,HIGH
CR-2024-004006,2024-05-26 21:14:25,CRIMINAL DAMAGE,GRAFFITI,41.94612874870419,-87.65641704365305,COMMERCIAL BUILDING,False,False,D-05,W-18,0.09656117459619876,0.4216,MEDIUM
CR-2024-005554,2023-12-24 09:09:20,BURGLARY,FORCIBLE ENTRY,41.94454387825385,-87.6820903584713,ALLEY,False,False,D-05,W-35,0.11712735018710427,0.5886,HIGH
CR-2024-005164,2025-11-08 20:02:20,MOTOR VEHICLE THEFT,AUTOMOBILE,41.95872326045853,-87.63399150552804,PARKING LOT,False,False,D-09,W-44,0.166292891164064,0.5558,HIGH
CR-2025-005495,2023-10-21 20:06:43,CRIMINAL DAMAGE,GRAFFITI,41.87663981046661,-87.61811838538034,STREET,False,False,D-05,W-29,0.08858046119624242,0.4253,MEDIUM
CR-2024-001708,2024-09-25 04:57:14,ROBBERY,STRONGARM ROBBERY,41.89573322067833,-87.72315955486764,SIDEWALK,False,False,D-15,W-12,0.13642256448004972,0.8636,CRITICAL
CR-2023-000486,2023-08-12 20:51:22,ASSAULT,AGGRAVATED ASSAULT,41.79991608872472,-87.64531559948256,COMMERCIAL BUILDING,False,True,D-03,W-32,0.2065393083124367,0.7935,CRITICAL
CR-2023-004452,2024-09-16 02:59:54,ASSAULT,SIMPLE ASSAULT,41.93992332923587,-87.6706122231406,RESIDENCE,False,False,D-05,W-15,0.13657653662063565,0.8634,CRITICAL
CR-2024-000586,2023-12-03 21:55:36,BATTERY,SIMPLE BATTERY,41.95048402207904,-87.65655186255799,ALLEY,True,True,D-15,W-30,0.7105571973358505,0.2894,MEDIUM
CR-2023-001806,2023-02-13 14:15:31,THEFT,RETAIL THEFT,41.87737632086971,-87.71977524394028,COMMERCIAL BUILDING,False,False,D-04,W-11,0.2243954259521305,0.3619,MEDIUM
CR-2023-004344,2024-06-07 11:39:48,MOTOR VEHICLE THEFT,AUTOMOBILE,41.989144212794365,-87.65235846345108,STREET,False,False,D-15,W-13,0.15070751244895605,0.5662,HIGH
CR-2024-005455,2025-12-16 10:37:34,BATTERY,DOMESTIC BATTERY,41.87698110984488,-87.62464603697234,COMMERCIAL BUILDING,True,False,D-05,W-42,0.6672359848721514,0.3328,MEDIUM
CR-2025-004376,2023-12-14 18:47:11,MOTOR VEHICLE THEFT,TRUCK,41.96078166338776,-87.66281017961279,STREET,False,False,D-15,W-21,0.1353756091391936,0.5764,HIGH
CR-2025-000053,2025-10-16 18:29:40,BURGLARY,COMMERCIAL,41.90639278851816,-87.62718133280752,STREET,False,False,D-05,W-44,0.11116262535556579,0.5926,HIGH
CR-2024-002416,2023-05-31 20:04:11,NARCOTICS,POSSESSION OF COCAINE,41.96015711776276,-87.64290522430593,ALLEY,False,False,D-06,W-17,0.7726275723607859,0.1516,LOW
CR-2025-001058,2023-11-28 19:43:56,BATTERY,AGGRAVATED BATTERY,41.8746710012699,-87.64471524061913,STREET,False,False,D-12,W-34,0.6803636412730242,0.3196,MEDIUM
CR-2025-001259,2024-08-10 17:19:17,BURGLARY,RESIDENTIAL,41.77315500923562,-87.65028516085651,RESIDENCE,False,False,D-13,W-22,0.1174889580133727,0.5883,HIGH
CR-2024-002731,2023-10-04 04:08:03,BURGLARY,RESIDENTIAL,41.89445275206531,-87.64102144096933,SIDEWALK,False,False,D-08,W-11,0.11413136480908666,0.5906,HIGH
CR-2023-000336,2025-07-09 00:03:21,THEFT,,41.8729596860888,-87.63537161298994,PARK,False,False,D-09,W-10,0.09170284178503264,0.4239,MEDIUM
CR-2024-004216,2023-01-19 22:10:45,THEFT,PETTY THEFT,41.76297886964324,-87.61047457621659,COMMERCIAL BUILDING,False,False,D-07,W-08,0.16413784352092387,0.3901,MEDIUM
CR-2023-000930,2023-05-30 06:30:51,NARCOTICS,POSSESSION OF HEROIN,41.77554228146324,-87.60872979317101,RESIDENCE,False,False,D-06,W-37,0.7119828410805813,0.192,LOW
CR-2023-002841,2023-04-07 02:25:40,MOTOR VEHICLE THEFT,TRUCK,41.86299608958583,-87.62908262020323,STREET,False,False,D-02,W-33,0.18821065496036127,0.5412,HIGH
CR-2024-005563,2023-06-05 07:07:46,MOTOR VEHICLE THEFT,TRUCK,41.92803492197165,-87.67701926341483,RESIDENCE,False,False,D-02,W-15,0.16199360303018204,0.5587,HIGH
CR-2024-004687,2025-09-11 22:10:23,BURGLARY,COMMERCIAL,41.758666332880125,-87.65464308487437,PARK,False,False,D-10,W-38,0.1233217821657329,0.5845,HIGH
CR-2023-005907,2024-07-14 02:41:42,MOTOR VEHICLE THEFT,AUTOMOBILE,41.79503995197399,-87.61140088308015,PARK,False,True,D-08,W-21,0.15210670472955976,0.5653,HIGH
CR-2023-002085,2024-09-25 19:51:09,BATTERY,DOMESTIC BATTERY,41.85282954207163,-87.72979136015147,STREET,True,True,D-02,W-50,0.7295048661872101,0.2705,MEDIUM
CR-2023-005196,2025-12-31 08:33:59,ROBBERY,STRONGARM ROBBERY,41.97019259045818,-87.66248570608613,COMMERCIAL BUILDING,False,False,D-02,W-25,0.12208494776694213,0.8779,CRITICAL
CR-2024-003217,2024-12-18 02:26:56,BURGLARY,FORCIBLE ENTRY,41.880127855114814,-87.63469350556662,ALLEY,False,False,D-08,W-37,0.11161194117796652,0.5923,HIGH
CR-2023-005262,2025-06-14 01:06:14,ASSAULT,SIMPLE ASSAULT,41.881527232665775,-87.6310924315615,STREET,False,True,D-03,W-19,0.18178345821074401,0.8182,CRITICAL
CR-2024-004273,2024-03-21 02:20:47,ASSAULT,AGGRAVATED ASSAULT,41.87931915751387,-87.61211734833962,SIDEWALK,False,True,D-03,W-06,0.1681860573611107,0.8318,CRITICAL
CR-2025-002294,2025-04-05 02:24:06,CRIMINAL DAMAGE,GRAFFITI,41.76740858069318,-87.65599606119454,ALLEY,True,False,D-04,W-35,0.1945867347824607,0.3759,MEDIUM
CR-2023-001644,2023-02-05 13:26:08,BATTERY,DOMESTIC BATTERY,41.76320665234789,-87.63620097184806,PARKING LOT,False,False,D-04,W-21,0.8463099440839005,0.1537,LOW
CR-2024-003955,2025-12-03 13:14:38,ROBBERY,STRONGARM ROBBERY,41.88312581527869,-87.62132816341139,SIDEWALK,False,False,D-05,W-12,0.11227882108848786,0.8877,CRITICAL
CR-2023-001131,2025-01-28 18:40:57,BATTERY,DOMESTIC BATTERY,41.80979455479555,-87.65577634199123,APARTMENT,False,False,D-08,W-39,0.7109163830713188,0.2891,MEDIUM
CR-2024-002305,2023-12-19 09:40:06,BATTERY,DOMESTIC BATTERY,41.87911757770876,-87.66009890998234,SIDEWALK,True,False,D-12,W-41,0.7338458814704799,0.2662,MEDIUM
CR-2025-000626,2023-02-05 14:02:22,MOTOR VEHICLE THEFT,MOTORCYCLE,41.729056608935714,-87.61964858575382,APARTMENT,False,False,D-02,W-18,0.26947841776953335,0.487,MEDIUM
CR-2023-002415,2024-04-01 09:16:17,THEFT,RETAIL THEFT,41.80061931251477,-87.65865841067775,STREET,False,False,D-02,W-47,0.14857802822338423,0.3973,MEDIUM
CR-2023-004338,2024-12-07 03:42:56,CRIMINAL DAMAGE,TO PROPERTY,41.952549775957046,-87.64638644185835,PARK,False,False,D-09,W-01,0.18127144421463148,0.3821,MEDIUM
CR-2024-005392,2023-08-21 09:56:49,THEFT,FROM BUILDING,41.81840849427057,-87.60608580965557,COMMERCIAL BUILDING,False,False,D-08,W-05,0.14305212763555036,0.3999,MEDIUM
CR-2023-002622,2024-11-24 05:09:16,ROBBERY,STRONGARM ROBBERY,41.96784113931479,-87.65556609270757,STREET,False,False,D-10,W-15,0.20069371622685267,0.7993,CRITICAL
CR-2025-001691,2025-11-30 00:31:30,BATTERY,AGGRAVATED BATTERY,41.881288610459485,-87.6143952060502,PARKING LOT,True,False,D-12,W-04,0.6458956382735651,0.3541,MEDIUM
CR-2025-002729,2023-09-18 08:23:21,ASSAULT,AGGRAVATED ASSAULT,41.75299226881565,-87.634086528527,ALLEY,False,True,D-09,W-23,0.17717655790394568,0.8228,CRITICAL
CR-2023-000165,2024-09-28 10:29:00,ROBBERY,ARMED ROBBERY,41.8779162984073,-87.6432588155723,SIDEWALK,False,False,D-06,W-38,0.21128999271444182,0.7887,CRITICAL
CR-2024-002674,2024-06-20 14:16:56,BURGLARY,COMMERCIAL,41.72892777732847,-87.62814926034133,PARKING LOT,False,False,D-04,W-40,0.20598593787097394,0.5293,HIGH
CR-2023-001173,2025-08-30 14:16:06,CRIMINAL DAMAGE,GRAFFITI,41.87091743815988,-87.64274163646066,STREET,False,False,D-06,W-13,0.13319314898049342,0.4045,MEDIUM
CR-2023-002277,2025-05-01 04:33:18,THEFT,PETTY THEFT,41.87690917363392,-87.63430698923081,PARK,False,False,D-08,W-42,0.09502141657192227,0.4223,MEDIUM
CR-2023-005898,2024-12-18 02:26:43,CRIMINAL DAMAGE,GRAFFITI,41.91107508130301,-87.67050568877242,PARKING LOT,False,False,D-03,W-42,0.10928045711018938,0.4157,MEDIUM
CR-2025-005114,2024-10-18 19:18:00,NARCOTICS,POSSESSION OF COCAINE,41.9377432746244,-87.67168532928379,SIDEWALK,True,False,D-14,W-24,0.792241638498598,0.1385,LOW
CR-2025-001964,2025-10-16 06:19:38,CRIMINAL DAMAGE,TO VEHICLE,41.859371355810616,-87.7237994210446,ALLEY,False,False,D-09,W-26,0.17159163249350337,0.3866,MEDIUM
CR-2025-004934,2023-05-23 19:29:52,BURGLARY,COMMERCIAL,41.95599399354834,-87.66152934389798,PARK,False,False,D-04,W-34,0.10554717332430594,0.5963,HIGH
CR-2023-005007,2023-06-21 08:00:49,THEFT,FROM BUILDING,41.79947471480008,-87.6279614539859,COMMERCIAL BUILDING,False,False,D-09,W-27,0.13429836414344146,0.404,MEDIUM
CR-2024-000469,2025-04-30 07:39:46,NARCOTICS,POSSESSION OF COCAINE,41.88175701070657,-87.63826117946105,RESIDENCE,True,False,D-12,W-03,0.6586313118301985,0.2276,LOW
CR-2024-001198,2025-05-24 02:08:01,BURGLARY,FORCIBLE ENTRY,41.75585350467187,-87.65409893430204,STREET,False,False,D-13,W-21,0.1394459886991404,0.5737,HIGH
CR-2025-003659,2023-09-20 01:32:46,ROBBERY,ARMED ROBBERY,41.883430072933855,-87.65693901571883,SIDEWALK,False,False,D-14,W-07,0.2248032824305881,0.7752,CRITICAL
CR-2023-002391,2024-06-29 12:59:01,NARCOTICS,SALE/MANUFACTURE,41.73663320930984,-87.65346248864667,PARK,True,False,D-05,W-07,0.8036732459367614,0.1309,LOW
CR-2025-002759,2024-01-28 16:46:55,THEFT,GRAND THEFT,41.8595065657088,-87.65234305913025,APARTMENT,True,False,D-01,W-43,0.20731235297071465,0.3699,MEDIUM
CR-2023-001293,2025-07-14 08:51:39,NARCOTICS,SALE/MANUFACTURE,41.85831129208102,-87.63284470956094,ALLEY,False,True,D-08,W-31,0.739806111117374,0.1735,LOW
CR-2023-004668,2023-05-07 17:12:59,THEFT,PETTY THEFT,41.89897186950434,-87.6329836646476,RESIDENCE,False,False,D-04,W-38,0.1726754601308676,0.3861,MEDIUM
CR-2024-005461,2025-10-30 13:20:41,ROBBERY,STRONGARM ROBBERY,41.90348469528658,-87.63369581756615,PARK,False,False,D-10,W-17,0.16540968506524226,0.8346,CRITICAL
CR-2023-003246,2025-01-16 20:19:29,MOTOR VEHICLE THEFT,AUTOMOBILE,41.892469909122205,-87.61984681572252,APARTMENT,False,False,D-08,W-26,0.16669217740144324,0.5555,HIGH
CR-2023-002604,2024-07-14 06:43:26,THEFT,GRAND THEFT,41.92788263788061,-87.65405337300761,COMMERCIAL BUILDING,False,False,D-12,W-24,0.14074635550153877,0.401,MEDIUM
CR-2023-000459,2025-02-11 18:53:23,BURGLARY,FORCIBLE ENTRY,41.87140349578175,-87.62688865010652,ALLEY,False,False,D-04,W-38,0.16634013158775296,0.5558,HIGH
CR-2025-000398,2023-07-02 11:36:07,THEFT,RETAIL THEFT,41.77791112115359,-87.61196248256569,PARK,False,False,D-04,W-46,0.22613924384763276,0.3611,MEDIUM
CR-2024-004186,2023-11-13 05:45:39,NARCOTICS,POSSESSION OF HEROIN,41.88184414187315,-87.66641056022164,PARK,False,False,D-14,W-28,0.8718663854571205,0.0854,LOW
CR-2024-000370,2023-08-31 07:44:09,CRIMINAL DAMAGE,TO PROPERTY,41.85048688653003,-87.64899365450104,RESIDENCE,False,False,D-13,W-08,0.1009095082862389,0.4196,MEDIUM
CR-2025-005876,2025-03-02 00:57:47,ASSAULT,AGGRAVATED ASSAULT,41.92987521774823,-87.66053561444686,PARKING LOT,False,False,D-02,W-19,0.18915617194560513,0.8108,CRITICAL
CR-2024-001048,2023-03-07 18:57:57,NARCOTICS,SALE/MANUFACTURE,41.88815720925862,-87.64587785849561,APARTMENT,True,False,D-09,W-36,0.7092016662449133,0.1939,LOW
CR-2023-003468,2023-07-03 02:02:03,ASSAULT,AGGRAVATED ASSAULT,41.81506408228128,-87.64049648155789,ALLEY,False,True,D-10,W-31,0.1700213480592199,0.83,CRITICAL
CR-2025-003989,2023-03-22 19:11:33,BATTERY,DOMESTIC BATTERY,41.8793826999446,-87.65553562477957,APARTMENT,True,True,D-10,W-04,0.6573971825021134,0.3426,MEDIUM
CR-2024-000490,2023-07-26 00:48:00,THEFT,PETTY THEFT,41.889887002379766,-87.62341813657324,STREET,False,False,D-13,W-18,0.11807297186631772,0.4116,MEDIUM
CR-2023-002073,2023-09-04 18:07:06,BURGLARY,COMMERCIAL,41.78860939323076,-87.63137060578202,PARK,False,False,D-08,W-27,0.11561381112810161,0.5896,HIGH
CR-2023-005640,2023-09-14 05:55:40,THEFT,PETTY THEFT,41.8322830280994,-87.63741362303023,COMMERCIAL BUILDING,True,False,D-06,W-14,0.17932584755611092,0.383,MEDIUM
CR-2023-004641,2025-05-04 23:13:42,BATTERY,DOMESTIC BATTERY,41.86545052533073,-87.61926954514499,PARK,True,False,D-08,W-31,0.7017561640390853,0.2982,MEDIUM
CR-2025-000782,2024-07-07 22:23:51,NARCOTICS,POSSESSION OF COCAINE,41.797321097427314,-87.63603318892795,RESIDENCE,False,False,D-09,W-13,0.6516568856449171,0.2322,LOW
CR-2024-001444,2023-11-19 14:48:24,NARCOTICS,SALE/MANUFACTURE,41.94069956376574,-87.64764022030518,APARTMENT,True,False,D-06,W-48,0.7629934157607974,0.158,LOW
CR-2025-004313,2023-06-10 01:24:14,NARCOTICS,POSSESSION OF COCAINE,41.94160939686668,-87.63608135642784,PARKING LOT,True,False,D-11,W-32,0.7244203839577907,0.1837,LOW
CR-2025-000755,2024-05-31 15:16:25,CRIMINAL DAMAGE,TO VEHICLE,41.860974663288,-87.6327048918892,ALLEY,False,False,D-09,W-17,0.13930592562133137,0.4017,MEDIUM
CR-2025-000392,2025-01-23 09:57:38,THEFT,PETTY THEFT,41.79289476119828,-87.60198048186113,APARTMENT,False,False,D-11,W-45,0.1256539861417536,0.408,MEDIUM
CR-2025-000086,2025-07-26 01:02:50,CRIMINAL DAMAGE,TO VEHICLE,41.87694347435879,-87.62468272037775,SIDEWALK,False,False,D-09,W-31,0.11599755841867918,0.4125,MEDIUM
CR-2025-002573,2025-09-30 22:20:24,ROBBERY,ARMED ROBBERY,41.77579285557094,-87.63428460574545,STREET,False,False,D-08,W-19,0.1527603827217887,0.8472,CRITICAL
CR-2023-002619,2025-08-20 23:04:31,CRIMINAL DAMAGE,TO PROPERTY,41.8807987155432,-87.61723254197156,RESIDENCE,False,False,D-11,W-35,0.058640417874736804,0.4393,MEDIUM
CR-2024-001906,2025-10-01 04:03:14,MOTOR VEHICLE THEFT,AUTOMOBILE,41.86525252643887,-87.62833494434878,SIDEWALK,True,False,D-12,W-05,0.11402807403533563,0.5906,HIGH
CR-2024-003184,2023-06-17 11:31:40,ASSAULT,AGGRAVATED ASSAULT,41.75837802693976,-87.63967010487339,STREET,False,False,D-15,W-35,0.18471552511700745,0.8153,CRITICAL
CR-2024-002794,2025-10-13 21:36:29,CRIMINAL DAMAGE,TO VEHICLE,41.89589218211064,-87.6066951403027,SIDEWALK,False,False,D-04,W-28,0.21325378001468293,0.3671,MEDIUM
CR-2025-005423,2024-04-15 06:28:13,MOTOR VEHICLE THEFT,TRUCK,41.897151320378825,-87.61037489275093,PARK,False,False,D-07,W-20,0.1774656442626241,0.5484,HIGH
CR-2023-005250,2023-04-14 19:22:28,BURGLARY,COMMERCIAL,41.90834378060642,-87.70288803265422,ALLEY,False,False,D-10,W-43,0.11180518304032416,0.5921,HIGH
CR-2023-001527,2024-10-22 19:55:30,NARCOTICS,POSSESSION OF COCAINE,41.90412404863756,-87.6426515814074,PARK,True,False,D-04,W-01,0.8178397895825448,0.1214,LOW
CR-2023-000426,2024-12-26 03:41:07,MOTOR VEHICLE THEFT,TRUCK,41.93565225745387,-87.63151966937785,STREET,False,False,D-13,W-48,0.15571506660074563,0.5629,HIGH
CR-2025-001208,2023-04-12 02:17:02,THEFT,GRAND THEFT,41.88637214412859,-87.624691161754,PARK,False,False,D-13,W-45,0.11435461550758147,0.4133,MEDIUM
CR-2023-005406,2024-08-05 10:07:05,ROBBERY,ARMED ROBBERY,41.8765974084682,-87.62657611052835,RESIDENCE,False,False,D-12,W-29,0.07833220988123168,0.9217,CRITICAL
CR-2023-001482,2023-06-27 21:30:23,NARCOTICS,SALE/MANUFACTURE,41.80947707667738,-87.63547136000925,RESIDENCE,False,False,D-02,W-12,0.6501758870239259,0.2332,LOW
CR-2023-000894,2025-08-01 01:14:39,ASSAULT,SIMPLE ASSAULT,41.88288761765629,-87.60969324330965,APARTMENT,False,False,D-13,W-20,0.1207876628981994,0.8792,CRITICAL
CR-2024-005056,2023-04-12 01:44:35,BATTERY,SIMPLE BATTERY,41.76211731021572,-87.6267700450847,PARK,True,True,D-07,W-42,0.7372397863132233,0.2628,MEDIUM
CR-2025-005081,2023-09-25 05:50:12,CRIMINAL DAMAGE,GRAFFITI,41.88234696233479,-87.63133084585944,STREET,False,False,D-01,W-21,0.16521710252003993,0.3896,MEDIUM
CR-2023-004080,2023-09-27 09:14:18,BATTERY,AGGRAVATED BATTERY,41.87804924300937,-87.71109913143769,PARK,True,False,D-13,W-10,0.7195072050030514,0.2805,MEDIUM
CR-2023-005382,2024-06-15 02:34:27,ROBBERY,STRONGARM ROBBERY,41.90144624053358,-87.6158065696721,APARTMENT,False,False,D-04,W-02,0.2040432503766049,0.796,CRITICAL
CR-2023-003198,2023-04-18 07:10:18,ASSAULT,SIMPLE ASSAULT,41.78182075435431,-87.66113977501891,STREET,False,True,D-04,W-15,0.30400477103240003,0.696,HIGH
CR-2025-000176,2024-01-04 00:14:01,BURGLARY,RESIDENTIAL,41.80034149058005,-87.6329984632491,PARK,False,False,D-04,W-11,0.1668843733147485,0.5554,HIGH
CR-2023-005499,2024-05-12 10:26:08,ASSAULT,AGGRAVATED ASSAULT,41.96422280008712,-87.66099591113294,PARKING LOT,True,True,D-12,W-31,0.1505648137708414,0.8494,CRITICAL
CR-2023-000465,2024-08-04 06:42:33,BATTERY,AGGRAVATED BATTERY,41.869772007099606,-87.6015826439584,STREET,True,False,D-07,W-26,0.8450896494230974,0.1549,LOW
CR-2023-001587,2024-07-06 18:34:27,ASSAULT,AGGRAVATED ASSAULT,41.8630667447161,-87.6410865285603,ALLEY,False,False,D-02,W-48,0.17187262086859526,0.8281,CRITICAL
CR-2023-003183,2024-09-12 08:59:09,MOTOR VEHICLE THEFT,MOTORCYCLE,41.87440497078231,-87.66432207576506,RESIDENCE,False,False,D-15,W-46,0.16042361907987643,0.5597,HIGH
CR-2024-000562,2024-10-10 00:29:59,ASSAULT,AGGRAVATED ASSAULT,41.819735788307526,-87.65765863482547,ALLEY,False,False,D-05,W-34,0.1327557864432516,0.8672,CRITICAL
CR-2025-003671,2025-04-21 16:10:30,NARCOTICS,POSSESSION OF HEROIN,41.80018977614733,-87.65174201098282,STREET,True,False,D-08,W-08,0.7499206313019229,0.1667,LOW
CR-2024-001498,2024-10-18 03:29:00,ROBBERY,ARMED ROBBERY,41.785343813503566,-87.66004401438704,ALLEY,False,False,D-05,W-24,0.20864257767525843,0.7914,CRITICAL
CR-2023-005136,2025-12-19 01:34:47,BATTERY,DOMESTIC BATTERY,41.91603763156981,-87.70998476132856,PARK,True,True,D-02,W-30,0.7298807834392834,0.2701,MEDIUM
CR-2023-000546,2025-02-12 23:27:23,THEFT,PETTY THEFT,41.79709073859093,-87.62770135285483,ALLEY,False,False,D-03,W-02,0.15704024089864602,0.3934,MEDIUM
CR-2023-000354,2024-07-21 01:22:28,MOTOR VEHICLE THEFT,MOTORCYCLE,41.906761411842325,-87.6213708726342,ALLEY,False,False,D-14,W-35,0.200014478288307,0.5333,HIGH
CR-2024-000703,2025-01-14 21:40:06,ROBBERY,ARMED ROBBERY,41.85677283999888,-87.60727999522067,ALLEY,False,False,D-10,W-34,0.1293945503216535,0.8706,CRITICAL
CR-2024-001993,2024-05-17 01:18:51,THEFT,PETTY THEFT,41.95946298312759,-87.66626400596333,COMMERCIAL BUILDING,False,False,D-15,W-09,0.11571538006865785,0.4127,MEDIUM
CR-2024-003364,2024-02-28 14:42:20,THEFT,GRAND THEFT,41.92750327372194,-87.61962154809596,COMMERCIAL BUILDING,False,False,D-10,W-20,0.1283743208862612,0.4068,MEDIUM
CR-2024-002833,2025-05-01 17:51:32,CRIMINAL DAMAGE,TO PROPERTY,41.96227846466383,-87.6409682132048,PARKING LOT,False,False,D-11,W-15,0.09751671728285674,0.4212,MEDIUM
CR-2025-004229,2025-03-11 18:42:18,NARCOTICS,POSSESSION OF HEROIN,41.75728933236661,-87.58926192409741,STREET,True,False,D-12,W-07,0.7537295936405248,0.1642,LOW
CR-2024-000307,2023-10-06 15:29:57,ROBBERY,STRONGARM ROBBERY,41.84004379949042,-87.62576947045062,COMMERCIAL BUILDING,False,False,D-09,W-20,0.13941567870497765,0.8606,CRITICAL
CR-2023-002631,2024-08-31 04:47:32,MOTOR VEHICLE THEFT,TRUCK,41.78571053491634,-87.61856337275447,STREET,True,False,D-02,W-04,0.15202708132105558,0.5653,HIGH
CR-2024-003832,2025-01-16 21:13:41,NARCOTICS,POSSESSION OF HEROIN,41.80122970868018,-87.61295264692853,RESIDENCE,True,False,D-08,W-21,0.6805547391817903,0.213,LOW
CR-2024-004123,2025-11-14 18:20:50,ROBBERY,ARMED ROBBERY,41.94879990972413,-87.66329653468573,PARK,False,False,D-11,W-43,0.11022809334589932,0.8898,CRITICAL
CR-2023-001755,2023-09-24 20:34:44,THEFT,RETAIL THEFT,41.97281642597626,-87.67283547562424,RESIDENCE,False,False,D-13,W-04,0.08325093208570836,0.4278,MEDIUM
CR-2024-001540,2024-05-10 23:16:21,CRIMINAL DAMAGE,GRAFFITI,41.90220956985253,-87.72437352234273,PARKING LOT,False,False,D-04,W-22,0.15893340940203018,0.3925,MEDIUM
CR-2023-003984,2023-02-25 00:14:41,MOTOR VEHICLE THEFT,AUTOMOBILE,41.9403040924116,-87.6326439060565,COMMERCIAL BUILDING,True,False,D-15,W-50,0.13223928435461804,0.5785,HIGH
CR-2023-002187,2023-05-01 01:12:57,BATTERY,AGGRAVATED BATTERY,41.80376118438773,-87.61284984532215,PARK,True,True,D-13,W-01,0.7899260667602235,0.2101,LOW
CR-2024-000664,2024-12-14 05:23:54,MOTOR VEHICLE THEFT,MOTORCYCLE,41.85995457885738,-87.62080106905006,COMMERCIAL BUILDING,False,False,D-15,W-13,0.13069662487969005,0.5795,HIGH
CR-2025-000026,2023-02-20 01:30:39,BATTERY,AGGRAVATED BATTERY,41.93486155999388,-87.64306647422318,APARTMENT,True,False,D-07,W-16,0.758912204086719,0.2411,LOW
CR-2023-000513,2024-04-07 08:24:14,NARCOTICS,POSSESSION OF HEROIN,41.779850086954205,-87.62599921683204,ALLEY,True,False,D-05,W-38,0.7817290633162796,0.1455,LOW
CR-2024-002374,2024-07-20 13:44:51,ROBBERY,,41.86507608557603,-87.6283328006036,PARK,False,False,D-10,W-44,0.14518803528807125,0.8548,CRITICAL
CR-2024-004939,2025-07-02 00:03:06,BURGLARY,COMMERCIAL,41.751163611113846,-87.5861822147181,PARKING LOT,False,False,D-03,W-05,0.12959437999564166,0.5803,HIGH
CR-2025-004019,2025-03-03 21:47:01,BATTERY,AGGRAVATED BATTERY,41.776805422502775,-87.57264904727698,COMMERCIAL BUILDING,True,True,D-12,W-38,0.7547391216169581,0.2453,LOW
CR-2024-002320,2024-03-08 00:51:34,ASSAULT,SIMPLE ASSAULT,41.79924952150494,-87.62578456373988,SIDEWALK,False,False,D-03,W-03,0.19576396448845976,0.8042,CRITICAL
CR-2024-000385,2023-07-14 18:04:36,MOTOR VEHICLE THEFT,TRUCK,41.88871627903183,-87.63823700163842,ALLEY,False,False,D-13,W-20,0.1210995885726145,0.5859,HIGH
CR-2023-003000,2025-07-30 08:57:25,ASSAULT,SIMPLE ASSAULT,41.86138877962651,-87.63926396250606,ALLEY,False,False,D-14,W-36,0.19408391158794452,0.8059,CRITICAL
CR-2025-001727,2024-02-01 21:43:52,CRIMINAL DAMAGE,GRAFFITI,41.70566378274994,-87.57767569938747,ALLEY,False,False,D-15,W-25,0.17603408666963194,0.3845,MEDIUM
CR-2025-004619,2023-10-25 21:05:53,THEFT,FROM BUILDING,41.75794095299998,-87.65931642831559,STREET,False,False,D-11,W-03,0.1471958553734592,0.398,MEDIUM
CR-2025-005153,2025-06-07 09:16:17,MOTOR VEHICLE THEFT,MOTORCYCLE,41.94869388191088,-87.64757667004002,PARK,False,False,D-14,W-07,0.22543435460526823,0.5164,HIGH
CR-2024-001033,2023-05-01 02:23:00,ASSAULT,AGGRAVATED ASSAULT,41.717929571043086,-87.63235697905466,ALLEY,False,False,D-06,W-12,0.23275818286772068,0.7672,CRITICAL
CR-2024-004894,2025-11-30 05:49:44,NARCOTICS,POSSESSION OF COCAINE,41.854625391598375,-87.6388133076378,STREET,False,False,D-09,W-34,0.7353123236255689,0.1765,LOW
CR-2023-002397,2024-07-18 23:12:53,BATTERY,AGGRAVATED BATTERY,41.87789789487744,-87.74965211102305,RESIDENCE,True,False,D-01,W-23,0.667029195493415,0.333,MEDIUM
CR-2025-005018,2025-12-31 04:28:36,BATTERY,DOMESTIC BATTERY,41.8735348269342,-87.63449393450786,PARK,False,False,D-14,W-36,0.7698101210926698,0.2302,LOW
CR-2024-000145,2025-03-14 18:22:54,MOTOR VEHICLE THEFT,MOTORCYCLE,41.874978166244645,-87.63719501401988,SIDEWALK,False,False,D-11,W-09,0.11679730433042121,0.5888,HIGH
CR-2024-000736,2023-05-02 13:30:52,ASSAULT,SIMPLE ASSAULT,41.87608974249991,-87.62957967707906,RESIDENCE,False,False,D-04,W-16,0.12713714962599257,0.8729,CRITICAL
CR-2025-005330,2024-06-25 04:49:47,NARCOTICS,POSSESSION OF HEROIN,41.81400790704988,-87.62286910380264,PARK,True,False,D-09,W-13,0.6886308377105519,0.2076,LOW
CR-2025-004463,2024-07-18 23:55:22,CRIMINAL DAMAGE,GRAFFITI,41.85627677275143,-87.73230231816291,ALLEY,False,False,D-02,W-39,0.10647269647574716,0.417,MEDIUM
CR-2024-002092,2025-08-16 12:31:20,BATTERY,SIMPLE BATTERY,41.87091862142718,-87.6244078630368,ALLEY,True,True,D-03,W-43,0.781574582115967,0.2184,LOW
CR-2023-003858,2025-05-21 11:32:09,NARCOTICS,SALE/MANUFACTURE,41.867389023230274,-87.61212371023655,RESIDENCE,True,False,D-14,W-16,0.6737945413277374,0.2175,LOW
CR-2025-004772,2024-11-15 13:11:53,BATTERY,AGGRAVATED BATTERY,41.97657238986892,-87.6578149259499,SIDEWALK,True,False,D-01,W-07,0.7977925002194555,0.2022,LOW
CR-2025-005144,2023-05-24 03:02:52,BURGLARY,FORCIBLE ENTRY,41.76423263528096,-87.6477791804906,STREET,False,False,D-10,W-48,0.13474350784803435,0.5768,HIGH
CR-2024-003628,2023-10-14 21:23:17,ROBBERY,STRONGARM ROBBERY,41.87685366008385,-87.62006677111144,ALLEY,False,False,D-02,W-07,0.1849706670894664,0.815,CRITICAL
CR-2024-001654,2024-09-26 12:13:00,CRIMINAL DAMAGE,TO PROPERTY,41.90451782187301,-87.62980470508919,APARTMENT,False,False,D-01,W-38,0.1582564593101148,0.3928,MEDIUM
CR-2023-001521,2024-05-16 11:38:19,MOTOR VEHICLE THEFT,TRUCK,41.86930203095655,-87.62643675393564,ALLEY,True,False,D-07,W-43,0.17615590448184681,0.5492,HIGH
CR-2024-002818,2025-07-30 07:12:14,ASSAULT,AGGRAVATED ASSAULT,41.99009425842462,-87.67545823390856,STREET,False,False,D-11,W-32,0.1583529858295559,0.8416,CRITICAL
CR-2025-003650,2024-07-21 22:43:28,ASSAULT,AGGRAVATED ASSAULT,41.86818462418059,-87.6375240805965,COMMERCIAL BUILDING,False,False,D-01,W-23,0.13166541353128747,0.8683,CRITICAL
CR-2024-000223,2024-10-18 16:06:10,THEFT,PETTY THEFT,41.883598973691456,-87.64389819679491,APARTMENT,False,False,D-02,W-14,0.1800874083077574,0.3826,MEDIUM
CR-2023-004653,2025-09-05 09:29:37,MOTOR VEHICLE THEFT,TRUCK,41.96500322744693,-87.64784315502688,APARTMENT,False,False,D-03,W-38,0.20524251105494348,0.5298,HIGH
CR-2025-004643,2024-03-12 02:23:27,ASSAULT,AGGRAVATED ASSAULT,41.95696705827543,-87.64746342584567,ALLEY,False,False,D-02,W-23,0.16673736333718278,0.8333,CRITICAL
CR-2025-002630,2023-03-23 23:02:06,ASSAULT,AGGRAVATED ASSAULT,41.90314573315853,-87.74092234958736,SIDEWALK,False,True,D-07,W-39,0.1526540007392579,0.8473,CRITICAL
CR-2025-005825,2025-03-31 12:14:02,NARCOTICS,POSSESSION OF HEROIN,41.90744099527704,-87.73230964773322,RESIDENCE,True,False,D-04,W-13,0.7619741823844516,0.1587,LOW
CR-2023-004686,2023-12-22 03:55:59,ROBBERY,STRONGARM ROBBERY,41.86925126905626,-87.62483441645774,RESIDENCE,True,False,D-10,W-38,0.13799353675373519,0.862,CRITICAL
CR-2025-003344,2025-03-27 20:54:26,ASSAULT,SIMPLE ASSAULT,41.91329124205379,-87.66920298716154,RESIDENCE,False,False,D-15,W-25,0.08373317409852706,0.9163,CRITICAL
CR-2023-000288,2025-01-07 03:55:56,NARCOTICS,POSSESSION OF HEROIN,41.88484106204596,-87.71302442651003,ALLEY,False,False,D-10,W-35,0.7645788723310079,0.1569,LOW
CR-2025-002138,2024-07-19 03:36:33,ROBBERY,STRONGARM ROBBERY,41.93643124838838,-87.6746317578197,APARTMENT,True,False,D-01,W-23,0.1282888858207266,0.8717,CRITICAL
CR-2025-001364,2023-06-22 10:04:16,CRIMINAL DAMAGE,TO PROPERTY,41.93355031534923,-87.66500611670736,COMMERCIAL BUILDING,False,False,D-13,W-01,0.14223014435002165,0.4003,MEDIUM
CR-2025-001457,2024-02-16 00:03:03,THEFT,PETTY THEFT,41.9621101547758,-87.61832782333407,APARTMENT,True,False,D-02,W-47,0.13644860895804858,0.403,MEDIUM
CR-2023-005460,2024-12-22 09:31:49,CRIMINAL DAMAGE,TO VEHICLE,41.90985594556336,-87.75141015054835,SIDEWALK,False,False,D-15,W-13,0.13486361899139976,0.4037,MEDIUM
CR-2023-000942,2025-04-09 18:04:33,ASSAULT,SIMPLE ASSAULT,41.88012469637474,-87.72185709914125,RESIDENCE,False,False,D-08,W-49,0.19382741828856476,0.8062,CRITICAL
CR-2023-002871,2023-01-21 22:26:15,ASSAULT,SIMPLE ASSAULT,41.77941042918032,-87.66564184643356,ALLEY,False,False,D-03,W-39,0.204918351079373,0.7951,CRITICAL
CR-2023-001944,2023-04-14 13:50:15,BATTERY,SIMPLE BATTERY,41.95126097539758,-87.63830776022968,PARKING LOT,True,True,D-03,W-05,0.7844307552165418,0.2156,LOW
CR-2024-002857,2023-08-10 20:09:13,BATTERY,AGGRAVATED BATTERY,41.88401869978227,-87.63618633406978,SIDEWALK,True,True,D-06,W-35,0.6995018071938491,0.3005,MEDIUM
CR-2024-003784,2025-03-15 04:31:26,THEFT,GRAND THEFT,41.97193066507575,-87.66697444267125,STREET,False,True,D-04,W-31,0.21732584924660814,0.3652,MEDIUM
CR-2023-001092,2025-08-09 14:56:40,ROBBERY,ARMED ROBBERY,41.90416276177341,-87.62463132597406,COMMERCIAL BUILDING,False,False,D-12,W-24,0.1455149227887665,0.8545,CRITICAL
CR-2025-000608,2025-12-12 08:20:37,ROBBERY,STRONGARM ROBBERY,41.86799764063635,-87.62561508756664,STREET,False,False,D-02,W-43,0.18876121422600356,0.8112,CRITICAL
CR-2024-000442,2024-01-31 14:47:01,BURGLARY,FORCIBLE ENTRY,41.89287404681328,-87.69365926813676,PARKING LOT,False,False,D-11,W-20,0.100887761312247,0.5994,HIGH
CR-2024-005695,2023-11-05 18:12:50,BURGLARY,FORCIBLE ENTRY,41.920786956597794,-87.64705857725868,ALLEY,False,False,D-08,W-34,0.10390976183080881,0.5974,HIGH
CR-2023-005796,2024-03-06 06:58:17,BURGLARY,FORCIBLE ENTRY,41.99506032836506,-87.62938144276852,PARKING LOT,True,False,D-09,W-12,0.1184831611955134,0.5877,HIGH
CR-2025-001658,2023-07-29 05:42:23,THEFT,FROM BUILDING,41.87729142726492,-87.64453455370567,RESIDENCE,False,False,D-15,W-01,0.16064009667627974,0.3917,MEDIUM
CR-2025-003311,2023-01-07 13:09:23,THEFT,FROM BUILDING,41.9557078848385,-87.65608324230885,SIDEWALK,False,False,D-04,W-16,0.18876101279077273,0.3786,MEDIUM
CR-2025-002450,2023-12-08 10:45:14,ASSAULT,AGGRAVATED ASSAULT,41.8722218485192,-87.64506646463616,RESIDENCE,True,True,D-06,W-48,0.16044893717704095,0.8396,CRITICAL
CR-2025-001367,2023-02-08 21:53:08,ASSAULT,AGGRAVATED ASSAULT,41.828576527792485,-87.6422742724453,ALLEY,False,True,D-07,W-27,0.2068633365345737,0.7931,CRITICAL
CR-2024-000271,2025-10-15 17:18:20,NARCOTICS,SALE/MANUFACTURE,41.88604706266873,-87.60817647069014,ALLEY,True,False,D-14,W-09,0.7767977696213421,0.1488,LOW
CR-2025-000317,2024-05-14 17:30:24,BATTERY,AGGRAVATED BATTERY,41.8629184343711,-87.65462285007798,COMMERCIAL BUILDING,False,False,D-13,W-22,0.7206358116149438,0.2794,MEDIUM
CR-2025-003845,2025-01-04 01:24:56,BATTERY,AGGRAVATED BATTERY,41.8842452801562,-87.63875490382631,SIDEWALK,True,False,D-15,W-45,0.7724093463754929,0.2276,LOW
CR-2023-002772,2023-05-09 15:09:36,ASSAULT,SIMPLE ASSAULT,41.87262138533766,-87.65486754658741,RESIDENCE,False,True,D-12,W-14,0.14590815896937656,0.8541,CRITICAL
CR-2024-002308,2025-09-30 08:50:06,BURGLARY,FORCIBLE ENTRY,41.8952904136252,-87.67236259662096,SIDEWALK,False,False,D-04,W-31,0.1614724127127116,0.559,HIGH
CR-2025-000296,2024-08-08 14:18:39,THEFT,GRAND THEFT,41.957979596514924,-87.64862675789426,PARK,True,False,D-03,W-50,0.1084779477654214,0.416,MEDIUM
CR-2025-002141,2025-08-21 17:29:18,BURGLARY,FORCIBLE ENTRY,41.80788452608251,-87.60467246097463,APARTMENT,True,False,D-04,W-27,0.1272122859952321,0.5819,HIGH
CR-2025-003965,2024-10-03 02:04:11,THEFT,PETTY THEFT,41.88722400749516,-87.60961097488243,STREET,False,False,D-04,W-27,0.19205566571295216,0.377,MEDIUM
CR-2023-004206,2024-05-10 08:33:07,ROBBERY,STRONGARM ROBBERY,41.75245408453475,-87.62248082956293,PARKING LOT,False,False,D-01,W-10,0.1644888160038544,0.8355,CRITICAL
CR-2025-003494,2025-05-09 15:19:08,MOTOR VEHICLE THEFT,MOTORCYCLE,41.94795127896039,-87.65645901083525,ALLEY,False,False,D-07,W-14,0.20164684613191666,0.5322,HIGH
CR-2025-001097,2025-11-28 11:40:45,NARCOTICS,POSSESSION OF COCAINE,41.88094559251416,-87.63972973266695,RESIDENCE,False,False,D-04,W-01,0.813258165908513,0.1245,LOW
CR-2024-002467,2024-02-28 11:25:45,ASSAULT,AGGRAVATED ASSAULT,41.87120353076254,-87.62164913758193,ALLEY,True,False,D-10,W-18,0.15737993641813672,0.8426,CRITICAL
CR-2024-005032,2023-04-04 10:28:05,NARCOTICS,SALE/MANUFACTURE,41.92110647348199,-87.65634947712125,ALLEY,True,False,D-12,W-44,0.7335699500605194,0.1776,LOW
CR-2024-002590,2023-06-14 16:16:56,ASSAULT,SIMPLE ASSAULT,41.78436648266893,-87.64015801288086,RESIDENCE,False,True,D-14,W-37,0.18346499349001427,0.8165,CRITICAL
CR-2023-001998,2025-07-23 23:07:11,MOTOR VEHICLE THEFT,MOTORCYCLE,41.84693282270216,-87.63460446706806,ALLEY,False,False,D-11,W-47,0.06968428806459664,0.6202,HIGH
CR-2024-005446,2023-10-16 13:10:32,BATTERY,SIMPLE BATTERY,41.94780392436297,-87.64480830633904,STREET,False,True,D-12,W-39,0.7154625263598466,0.2845,MEDIUM
CR-2025-003248,2024-07-19 08:02:23,THEFT,PETTY THEFT,41.80383163919147,-87.59945274893603,APARTMENT,False,True,D-10,W-27,0.13399485358435212,0.4041,MEDIUM
CR-2024-005185,2025-01-19 21:57:45,ROBBERY,ARMED ROBBERY,41.86666314139673,-87.73092599829246,PARKING LOT,True,False,D-14,W-37,0.2689808230699982,0.731,HIGH
CR-2025-001460,2024-12-12 22:53:55,BATTERY,SIMPLE BATTERY,41.867661017023046,-87.7134899043682,APARTMENT,True,False,D-01,W-40,0.7761534847613789,0.2238,LOW
CR-2023-005268,2023-02-20 11:52:40,BURGLARY,COMMERCIAL,41.8945622745703,-87.64737900893834,SIDEWALK,False,False,D-08,W-47,0.10557463088130423,0.5963,HIGH
CR-2024-002335,2023-09-04 19:23:10,NARCOTICS,POSSESSION OF COCAINE,41.88788459227416,-87.65427002665626,APARTMENT,True,False,D-10,W-32,0.745319241149385,0.1698,LOW
CR-2024-004768,2023-08-18 16:48:52,BATTERY,,41.93243587847284,-87.63492925144699,ALLEY,True,False,D-01,W-28,0.8355881501562576,0.1644,LOW
CR-2023-000075,2025-08-03 14:23:53,BURGLARY,RESIDENTIAL,41.95340985700692,-87.64837103581006,ALLEY,False,False,D-08,W-38,0.14638230236348895,0.5691,HIGH
CR-2024-004648,2025-01-16 21:01:03,BATTERY,DOMESTIC BATTERY,41.866702968020185,-87.64045023164337,APARTMENT,False,False,D-02,W-12,0.7290131544188612,0.271,MEDIUM
CR-2024-002407,2024-09-19 21:08:58,NARCOTICS,SALE/MANUFACTURE,41.786583640417696,-87.635193810456,PARKING LOT,True,False,D-04,W-19,0.7643291751955458,0.1571,LOW
CR-2024-000481,2025-03-26 12:28:27,NARCOTICS,,41.78381302924254,-87.61127490606029,PARK,True,False,D-14,W-06,0.7751265515596212,0.1499,LOW
CR-2023-002553,2025-08-02 23:37:48,BURGLARY,COMMERCIAL,41.86206049905402,-87.7260705740106,ALLEY,False,True,D-10,W-49,0.18049368982412062,0.5463,HIGH
CR-2025-005630,2024-08-12 22:35:03,ROBBERY,STRONGARM ROBBERY,41.765068974954005,-87.64334257860732,COMMERCIAL BUILDING,False,False,D-05,W-06,0.13957750835976898,0.8604,CRITICAL
CR-2025-000764,2025-01-31 12:09:38,CRIMINAL DAMAGE,GRAFFITI,41.76667876445534,-87.65699043583223,COMMERCIAL BUILDING,False,False,D-15,W-41,0.1727728300084752,0.386,MEDIUM
CR-2024-004429,2024-10-19 21:37:33,CRIMINAL DAMAGE,TO PROPERTY,41.73881957883465,-87.67437209573704,APARTMENT,False,True,D-02,W-50,0.14469841184923565,0.3991,MEDIUM
CR-2023-000450,2025-06-03 02:03:35,THEFT,FROM BUILDING,41.78811683272183,-87.63883347030819,COMMERCIAL BUILDING,True,False,D-04,W-39,0.13042032297753872,0.4058,MEDIUM
CR-2023-002325,2024-06-11 20:55:02,ROBBERY,ARMED ROBBERY,41.8743707621935,-87.62040079544106,PARK,True,False,D-05,W-18,0.1083787809356531,0.8916,CRITICAL
CR-2025-002585,2024-06-23 17:04:35,BATTERY,AGGRAVATED BATTERY,41.95459789558761,-87.68077171097192,SIDEWALK,True,False,D-09,W-48,0.7231210265727067,0.2769,MEDIUM
CR-2023-003360,2025-09-22 16:14:19,ASSAULT,SIMPLE ASSAULT,41.88662410065729,-87.61350428933191,SIDEWALK,False,True,D-08,W-21,0.14667368141371057,0.8533,CRITICAL
CR-2024-002098,2024-12-26 04:50:15,CRIMINAL DAMAGE,TO PROPERTY,41.80633250468859,-87.66814120079015,ALLEY,True,False,D-09,W-32,0.1646932093937225,0.3898,MEDIUM
CR-2025-005273,2025-12-15 13:27:04,ROBBERY,ARMED ROBBERY,41.88341464072278,-87.61624718974295,PARKING LOT,False,False,D-14,W-14,0.24187806281210503,0.7581,CRITICAL
CR-2024-003472,2024-08-28 09:08:46,BURGLARY,FORCIBLE ENTRY,41.85118712200176,-87.61355282181009,ALLEY,False,False,D-13,W-32,0.12660056743988388,0.5823,HIGH
CR-2025-000830,2025-12-01 05:46:56,BURGLARY,FORCIBLE ENTRY,41.8978567260101,-87.63157102790487,PARKING LOT,False,False,D-08,W-24,0.12960888552935013,0.5803,HIGH
CR-2025-001718,2024-01-19 07:08:59,NARCOTICS,POSSESSION OF COCAINE,41.88670616631507,-87.64894456624808,PARK,True,False,D-12,W-22,0.767933147363447,0.1547,LOW
CR-2024-000190,2023-03-18 05:09:39,NARCOTICS,POSSESSION OF HEROIN,41.865504172367295,-87.63879088968166,PARKING LOT,True,True,D-08,W-18,0.7584401968740302,0.161,LOW
CR-2024-003103,2023-06-10 05:06:18,ROBBERY,ARMED ROBBERY,41.87340962117149,-87.72457462548003,PARK,False,False,D-08,W-23,0.14838548657959721,0.8516,CRITICAL
CR-2025-004487,2023-06-15 20:00:57,MOTOR VEHICLE THEFT,TRUCK,41.96474934253397,-87.67356917159265,PARKING LOT,False,False,D-12,W-01,0.13528937810283678,0.5765,HIGH
CR-2025-004811,2025-08-22 00:53:23,CRIMINAL DAMAGE,TO PROPERTY,41.88083255941569,-87.61642183548145,APARTMENT,False,False,D-03,W-49,0.1867329839158828,0.3795,MEDIUM
CR-2024-005386,2023-03-21 02:24:17,BURGLARY,COMMERCIAL,41.89127982275271,-87.60956960202031,SIDEWALK,False,False,D-08,W-42,0.10189314583258222,0.5987,HIGH
CR-2023-005448,2024-08-12 09:16:03,MOTOR VEHICLE THEFT,TRUCK,41.91818907899261,-87.66905568589651,SIDEWALK,False,True,D-07,W-08,0.19217767419675547,0.5385,HIGH
CR-2025-003029,2023-06-03 09:24:11,BURGLARY,COMMERCIAL,42.00124023820985,-87.64333801689905,APARTMENT,False,False,D-15,W-49,0.20161647084108417,0.5323,HIGH
CR-2024-000052,2023-07-25 14:19:57,THEFT,PETTY THEFT,41.87568071432501,-87.62373923714779,STREET,False,False,D-03,W-16,0.1209643629080064,0.4102,MEDIUM
CR-2024-000817,2024-01-21 22:50:32,BATTERY,AGGRAVATED BATTERY,41.873078370018405,-87.63585472694864,ALLEY,True,True,D-13,W-26,0.80293657541964,0.1971,LOW
CR-2024-005638,2023-12-23 02:41:34,CRIMINAL DAMAGE,GRAFFITI,41.9146070841765,-87.72669534164163,STREET,False,False,D-14,W-23,0.17201988426650838,0.3864,MEDIUM
CR-2023-001953,2024-04-27 09:16:59,THEFT,GRAND THEFT,41.89798148163643,-87.65090222514246,SIDEWALK,False,False,D-08,W-06,0.14469524494621755,0.3991,MEDIUM
CR-2024-000616,2025-05-30 22:08:07,MOTOR VEHICLE THEFT,AUTOMOBILE,41.77669294879122,-87.56450726655865,PARKING LOT,False,False,D-15,W-04,0.1085674921960898,0.5943,HIGH
CR-2025-001199,2024-03-24 20:52:01,BATTERY,DOMESTIC BATTERY,41.88120900994099,-87.62875983494446,APARTMENT,True,False,D-12,W-41,0.6918989633453834,0.3081,MEDIUM
CR-2023-001980,2025-04-28 15:51:01,BATTERY,DOMESTIC BATTERY,41.93376736522183,-87.61749118629687,STREET,True,True,D-08,W-50,0.7064624639570677,0.2935,MEDIUM
CR-2025-004163,2024-11-28 05:02:50,ASSAULT,AGGRAVATED ASSAULT,41.94519851026784,-87.66016820605135,RESIDENCE,False,False,D-14,W-18,0.16297714644424025,0.837,CRITICAL
CR-2024-004753,2024-03-11 23:30:02,BATTERY,DOMESTIC BATTERY,41.87628468453486,-87.618892431107,PARKING LOT,True,True,D-09,W-44,0.7413603902097681,0.2586,MEDIUM
CR-2024-000235,2023-06-09 16:58:14,NARCOTICS,POSSESSION OF COCAINE,41.77202370757121,-87.6865480291184,PARKING LOT,True,False,D-10,W-01,0.8081932207530913,0.1279,LOW
CR-2023-003474,2023-08-15 13:26:33,BURGLARY,FORCIBLE ENTRY,41.76970538683573,-87.61143666715166,ALLEY,False,False,D-04,W-45,0.15009267672431484,0.5666,HIGH
CR-2023-000375,2025-09-01 21:00:43,MOTOR VEHICLE THEFT,MOTORCYCLE,41.86425150130834,-87.65007526908425,PARK,False,False,D-02,W-10,0.13012957585019921,0.5799,HIGH
CR-2025-005924,2024-09-02 18:04:57,MOTOR VEHICLE THEFT,MOTORCYCLE,41.843851420480775,-87.63300149045632,APARTMENT,False,False,D-08,W-03,0.14950047019868878,0.567,HIGH
CR-2023-004374,2023-04-17 00:13:10,ROBBERY,ARMED ROBBERY,41.84878110493276,-87.63445595205634,SIDEWALK,True,False,D-03,W-09,0.1811023425874588,0.8189,CRITICAL
CR-2025-003257,2023-06-17 14:05:47,THEFT,FROM BUILDING,41.782535680435146,-87.64659275998329,COMMERCIAL BUILDING,False,False,D-13,W-05,0.13980770080488694,0.4014,MEDIUM
CR-2025-005354,2024-06-23 02:43:38,MOTOR VEHICLE THEFT,TRUCK,41.94474830243175,-87.66639186480865,COMMERCIAL BUILDING,False,False,D-05,W-46,0.16549792663125878,0.5563,HIGH
CR-2025-005960,2025-08-30 18:49:41,ROBBERY,STRONGARM ROBBERY,41.88881824642196,-87.62516418342844,SIDEWALK,False,False,D-08,W-33,0.1445428372352477,0.8555,CRITICAL
CR-2023-001506,2024-07-27 02:16:03,NARCOTICS,SALE/MANUFACTURE,41.85743105576548,-87.75204812733203,RESIDENCE,True,False,D-08,W-11,0.7234185127781121,0.1844,LOW
CR-2025-000098,2023-08-06 10:07:17,MOTOR VEHICLE THEFT,AUTOMOBILE,41.864842138456986,-87.62749412341083,STREET,False,False,D-10,W-27,0.17623279436563025,0.5492,HIGH
CR-2025-002444,2024-12-06 17:43:00,BURGLARY,FORCIBLE ENTRY,41.95294991751464,-87.64258064498576,PARK,False,False,D-12,W-21,0.09220308612927092,0.6052,HIGH
CR-2023-001614,2025-06-28 02:05:03,MOTOR VEHICLE THEFT,AUTOMOBILE,41.8946282820703,-87.72760235134879,ALLEY,True,False,D-03,W-12,0.15902076023912187,0.5607,HIGH
CR-2024-002269,2024-11-25 00:57:34,THEFT,FROM BUILDING,41.94402267496529,-87.63997514049919,RESIDENCE,False,False,D-08,W-05,0.11967691526471645,0.4108,MEDIUM
CR-2025-005066,2025-11-04 04:57:59,MOTOR VEHICLE THEFT,MOTORCYCLE,41.75751293260186,-87.63584069025984,ALLEY,False,False,D-06,W-27,0.18892551142330047,0.5407,HIGH
CR-2024-004918,2024-04-20 00:52:51,BATTERY,DOMESTIC BATTERY,41.89347161168423,-87.6122712945359,APARTMENT,True,False,D-04,W-24,0.8178460024300234,0.1822,LOW
CR-2025-005108,2023-03-23 15:07:11,ROBBERY,STRONGARM ROBBERY,41.801312491755006,-87.69751066055088,COMMERCIAL BUILDING,True,False,D-03,W-03,0.21389486727795395,0.7861,CRITICAL
CR-2025-001757,2025-06-05 18:59:20,BURGLARY,COMMERCIAL,41.957095401291134,-87.64579138634946,SIDEWALK,False,False,D-03,W-45,0.10757948950631545,0.5949,HIGH
CR-2023-000126,2025-05-31 05:06:33,ASSAULT,SIMPLE ASSAULT,41.9099323429552,-87.61431302109173,SIDEWALK,False,True,D-07,W-06,0.19153801381378044,0.8085,CRITICAL
CR-2025-001499,2023-08-24 19:27:31,BATTERY,SIMPLE BATTERY,41.9550835283449,-87.65840518097649,ALLEY,True,False,D-09,W-27,0.7195988176141759,0.2804,MEDIUM
CR-2023-004647,2025-07-14 23:24:31,MOTOR VEHICLE THEFT,MOTORCYCLE,41.90739589543311,-87.64472284528702,SIDEWALK,False,False,D-09,W-12,0.11037580482411037,0.5931,HIGH
CR-2023-004629,2025-06-03 21:28:10,THEFT,PETTY THEFT,41.9196256040844,-87.63357327850277,ALLEY,False,False,D-06,W-40,0.13441818946862666,0.4039,MEDIUM
CR-2025-002060,2025-09-18 05:07:11,ROBBERY,ARMED ROBBERY,41.76370884136566,-87.63243277414473,APARTMENT,True,False,D-08,W-41,0.14766845053852837,0.8523,CRITICAL
CR-2025-000983,2024-05-31 01:41:16,CRIMINAL DAMAGE,GRAFFITI,41.77396653949232,-87.63278183209134,ALLEY,False,False,D-12,W-46,0.12987408397100167,0.4061,MEDIUM
CR-2024-002572,2023-06-12 20:36:32,CRIMINAL DAMAGE,TO PROPERTY,41.96655924627254,-87.65283040381671,SIDEWALK,False,False,D-01,W-44,0.1444284894314189,0.3993,MEDIUM
CR-2025-001577,2025-11-25 20:36:30,BURGLARY,COMMERCIAL,41.92762912358312,-87.68792551630922,PARKING LOT,False,False,D-15,W-03,0.09772139937837385,0.6015,HIGH
CR-2024-003148,2025-03-31 22:01:12,ROBBERY,ARMED ROBBERY,41.929817273189805,-87.67798040371869,RESIDENCE,True,False,D-13,W-34,0.09297979749105913,0.907,CRITICAL
CR-2025-001847,2024-11-26 04:23:58,CRIMINAL DAMAGE,TO PROPERTY,41.8911829550011,-87.63452630096792,ALLEY,False,False,D-05,W-24,0.14437345116946596,0.3993,MEDIUM
CR-2025-005204,2023-08-25 04:25:42,BATTERY,DOMESTIC BATTERY,41.895424963408125,-87.62689507353225,RESIDENCE,False,False,D-08,W-47,0.6230756903040834,0.3769,MEDIUM
CR-2023-004035,2024-08-31 15:52:02,NARCOTICS,POSSESSION OF COCAINE,41.89765521435436,-87.71475549039944,COMMERCIAL BUILDING,True,False,D-10,W-28,0.7989616318834338,0.134,LOW
CR-2025-005042,2023-01-08 20:42:37,MOTOR VEHICLE THEFT,TRUCK,41.96038179518528,-87.65178652575017,APARTMENT,False,False,D-10,W-10,0.15156024247390593,0.5656,HIGH
CR-2023-003753,2025-05-27 17:50:14,CRIMINAL DAMAGE,TO PROPERTY,41.95250911374072,-87.67081213209204,APARTMENT,False,False,D-12,W-29,0.057527124173776326,0.4398,MEDIUM
CR-2025-000104,2025-08-23 23:45:08,CRIMINAL DAMAGE,GRAFFITI,41.885825715294594,-87.57200902764018,PARK,False,False,D-03,W-30,0.11922704877666773,0.411,MEDIUM
CR-2024-005557,2023-03-22 12:42:13,ASSAULT,SIMPLE ASSAULT,41.94607023294738,-87.64551576350671,COMMERCIAL BUILDING,False,False,D-11,W-32,0.15978593552114248,0.8402,CRITICAL
CR-2025-000497,2023-06-29 03:47:37,CRIMINAL DAMAGE,GRAFFITI,41.86257083982189,-87.73195980527194,PARKING LOT,True,False,D-07,W-37,0.1676720310887147,0.3884,MEDIUM
CR-2024-001069,2025-07-26 07:58:43,THEFT,PETTY THEFT,41.92361785848692,-87.68465050531505,ALLEY,False,False,D-06,W-11,0.14608331139936628,0.3985,MEDIUM
CR-2023-003798,2023-06-07 00:36:57,BATTERY,AGGRAVATED BATTERY,41.85228619337269,-87.74584584945366,PARK,True,True,D-08,W-14,0.7988608361624436,0.2011,LOW
CR-2023-003555,2024-09-26 20:21:58,THEFT,GRAND THEFT,41.92881399539435,-87.65203279290168,STREET,False,False,D-09,W-16,0.09875919340117052,0.4206,MEDIUM
CR-2024-003475,2024-05-04 06:02:38,MOTOR VEHICLE THEFT,AUTOMOBILE,41.85811327478159,-87.61223248550941,RESIDENCE,False,False,D-15,W-38,0.1449161016858067,0.5701,HIGH
CR-2023-001317,2024-07-04 22:57:24,THEFT,RETAIL THEFT,41.90359936061865,-87.61372685271648,ALLEY,False,False,D-02,W-02,0.13499763507818388,0.4037,MEDIUM
CR-2025-002021,2023-06-18 20:13:45,CRIMINAL DAMAGE,GRAFFITI,41.73850283031474,-87.62150880780408,RESIDENCE,True,False,D-01,W-01,0.19762654910477107,0.3744,MEDIUM
CR-2024-004858,2024-04-08 06:03:51,NARCOTICS,,41.88525997528283,-87.74608444880428,PARK,True,False,D-07,W-49,0.8724384950761502,0.085,LOW
CR-2025-002321,2025-07-08 22:19:27,BURGLARY,COMMERCIAL,41.87471515428932,-87.60896463455556,PARKING LOT,False,False,D-01,W-50,0.07459528536710934,0.6169,HIGH
CR-2023-005709,2023-07-22 07:39:07,NARCOTICS,POSSESSION OF HEROIN,41.87356475650503,-87.61717551616353,PARKING LOT,True,False,D-13,W-38,0.7548783603717629,0.1634,LOW
CR-2024-001597,2024-04-08 21:54:19,ROBBERY,STRONGARM ROBBERY,41.855074396287016,-87.65800015050861,COMMERCIAL BUILDING,False,False,D-10,W-06,0.12892151323021334,0.8711,CRITICAL
CR-2023-005994,2023-12-21 20:18:31,MOTOR VEHICLE THEFT,MOTORCYCLE,41.84255136339857,-87.58619238281406,APARTMENT,False,False,D-08,W-28,0.1865557795681131,0.5423,HIGH
CR-2025-005813,2023-08-25 00:35:50,ROBBERY,STRONGARM ROBBERY,41.760431531867376,-87.64467569629576,PARK,False,False,D-13,W-08,0.15764192516987632,0.8424,CRITICAL
CR-2025-002981,2023-01-04 05:48:53,MOTOR VEHICLE THEFT,MOTORCYCLE,41.77977219867724,-87.66338777223922,COMMERCIAL BUILDING,False,False,D-15,W-07,0.2264862153705238,0.5157,HIGH
CR-2024-002044,2025-05-06 18:09:10,THEFT,PETTY THEFT,41.97119111072051,-87.66304723929105,RESIDENCE,False,False,D-08,W-26,0.10986739305194455,0.4154,MEDIUM
CR-2023-002982,2024-10-13 19:30:21,CRIMINAL DAMAGE,TO VEHICLE,41.89862119025733,-87.62791147917407,STREET,True,False,D-15,W-14,0.1658075080825379,0.3893,MEDIUM
CR-2025-001550,2024-12-07 19:34:13,BATTERY,DOMESTIC BATTERY,41.86749661148019,-87.61696666511469,ALLEY,True,False,D-01,W-47,0.6849907797172664,0.315,MEDIUM
CR-2024-000922,2024-11-28 11:27:32,ASSAULT,AGGRAVATED ASSAULT,41.951597127839946,-87.67585350281851,PARK,False,False,D-13,W-36,0.13418259174613176,0.8658,CRITICAL
CR-2024-004339,2025-12-18 02:31:49,ASSAULT,AGGRAVATED ASSAULT,41.78948769685055,-87.66911762524495,COMMERCIAL BUILDING,True,True,D-02,W-06,0.18010584762686144,0.8199,CRITICAL
CR-2025-004283,2023-07-12 22:03:01,BATTERY,AGGRAVATED BATTERY,41.809661501194,-87.61581297917431,RESIDENCE,False,False,D-13,W-36,0.6311507669873339,0.3688,MEDIUM
CR-2025-001829,2024-12-25 14:34:05,ROBBERY,ARMED ROBBERY,41.88050734435961,-87.59661203440905,ALLEY,False,False,D-13,W-38,0.16404373658830557,0.836,CRITICAL
CR-2025-001067,2024-09-19 16:21:11,NARCOTICS,SALE/MANUFACTURE,41.872789389335885,-87.63840402659346,PARKING LOT,True,False,D-14,W-29,0.6917670319407553,0.2055,LOW
CR-2024-002755,2024-06-22 12:23:55,THEFT,RETAIL THEFT,41.88304014149546,-87.71378666441674,COMMERCIAL BUILDING,False,False,D-09,W-22,0.16130983099825563,0.3914,MEDIUM
CR-2025-002177,2024-05-28 00:13:58,NARCOTICS,SALE/MANUFACTURE,41.887875831575,-87.71401429059556,ALLEY,False,False,D-12,W-02,0.7179225577602392,0.1881,LOW
CR-2023-002559,2025-08-09 15:06:08,MOTOR VEHICLE THEFT,AUTOMOBILE,41.73933930064941,-87.60857907471423,ALLEY,True,False,D-02,W-43,0.22792306107303725,0.5147,HIGH
CR-2023-001149,2025-07-07 02:58:03,THEFT,FROM BUILDING,41.88785675138804,-87.6523462045264,ALLEY,False,False,D-05,W-31,0.13261761628908733,0.4048,MEDIUM
CR-2023-004932,2023-09-12 14:55:34,MOTOR VEHICLE THEFT,AUTOMOBILE,41.8798339510802,-87.63024649732505,PARKING LOT,True,False,D-15,W-24,0.15663004311667791,0.5622,HIGH
CR-2025-003710,2023-08-09 19:17:23,BATTERY,AGGRAVATED BATTERY,41.87167522613304,-87.62995697693579,COMMERCIAL BUILDING,True,False,D-02,W-32,0.7498850901677308,0.2501,MEDIUM
CR-2024-004318,2024-07-26 19:53:35,MOTOR VEHICLE THEFT,,41.97389367699359,-87.67801271809515,APARTMENT,False,False,D-01,W-46,0.1730571244105451,0.5513,HIGH
CR-2023-000963,2025-10-16 23:31:45,ROBBERY,ARMED ROBBERY,41.89779424954507,-87.6610200844376,APARTMENT,True,True,D-11,W-49,0.1631099479205477,0.8369,CRITICAL
CR-2024-001744,2025-06-13 06:23:48,CRIMINAL DAMAGE,TO PROPERTY,41.86423153828433,-87.65376398754394,PARK,False,False,D-15,W-08,0.111980308951482,0.4144,MEDIUM
CR-2024-004705,2023-06-22 06:07:51,ASSAULT,AGGRAVATED ASSAULT,41.87997105299175,-87.7432318780687,COMMERCIAL BUILDING,False,False,D-04,W-21,0.21086891631349336,0.7891,CRITICAL
CR-2024-002665,2024-07-21 10:38:33,ASSAULT,,41.87001858743981,-87.63362420455606,ALLEY,False,True,D-08,W-36,0.16656119705853964,0.8334,CRITICAL
CR-2023-000051,2025-03-25 20:21:54,NARCOTICS,POSSESSION OF COCAINE,41.94154570966946,-87.67134554538443,PARK,False,True,D-02,W-16,0.6573721992746506,0.2284,LOW
CR-2024-002956,2023-01-23 22:16:41,CRIMINAL DAMAGE,TO VEHICLE,41.90323714301447,-87.7195909897963,COMMERCIAL BUILDING,False,False,D-10,W-40,0.1591945583539045,0.3924,MEDIUM
CR-2025-001985,2023-11-14 06:52:21,BURGLARY,RESIDENTIAL,41.94045609367708,-87.67734539480911,ALLEY,False,False,D-01,W-41,0.1420412902071743,0.572,HIGH
CR-2024-001582,2025-09-26 09:34:21,ROBBERY,STRONGARM ROBBERY,41.86078455997651,-87.65607743210128,PARKING LOT,False,False,D-09,W-24,0.1827909778446266,0.8172,CRITICAL
CR-2023-004557,2023-09-09 06:26:52,ASSAULT,SIMPLE ASSAULT,41.7792571802971,-87.60622638990402,PARK,False,False,D-12,W-45,0.1489462195779593,0.8511,CRITICAL
CR-2024-003361,2025-09-23 07:20:05,BURGLARY,RESIDENTIAL,41.88310054776892,-87.66719215749093,COMMERCIAL BUILDING,True,False,D-14,W-06,0.15236077993538394,0.5651,HIGH
CR-2024-000160,2023-11-09 08:05:32,CRIMINAL DAMAGE,TO VEHICLE,41.95033991929986,-87.64339685949126,COMMERCIAL BUILDING,False,False,D-11,W-44,0.12206855524199887,0.4097,MEDIUM
CR-2023-000207,2023-08-06 15:12:49,BURGLARY,FORCIBLE ENTRY,41.88658165221563,-87.74037275765802,PARKING LOT,False,False,D-01,W-36,0.14957096708135664,0.567,HIGH
CR-2024-001138,2023-12-02 12:29:02,NARCOTICS,POSSESSION OF COCAINE,41.88829059924435,-87.64703191052739,STREET,True,False,D-05,W-35,0.7479807655264337,0.168,LOW
CR-2025-000671,2024-01-09 23:20:37,THEFT,GRAND THEFT,41.78982345424366,-87.59923384313035,APARTMENT,False,False,D-15,W-47,0.09871907394149601,0.4206,MEDIUM
CR-2025-004967,2025-08-18 21:53:43,ROBBERY,STRONGARM ROBBERY,41.94959819548159,-87.65282490714951,ALLEY,False,True,D-03,W-06,0.15226362111409722,0.8477,CRITICAL
CR-2025-000017,2024-07-20 01:49:08,PETTY THEFT,RESIDENTIAL,41.79946362280258,-87.65952109124927,COMMERCIAL BUILDING,False,False,D-15,W-45,0.2873216007213869,0.3326,MEDIUM
CR-2023-004128,2024-05-21 18:24:47,THEFT,FROM BUILDING,41.8069422285597,-87.62327262920884,RESIDENCE,False,False,D-08,W-13,0.08921206799800492,0.425,MEDIUM
CR-2025-005966,2023-10-11 20:33:04,BATTERY,,41.872111150310815,-87.61619694198085,ALLEY,True,True,D-14,W-18,0.7755963324116939,0.2244,LOW
CR-2024-004297,2025-11-01 07:12:03,ROBBERY,ARMED ROBBERY,41.876659990074,-87.63277089644829,APARTMENT,True,False,D-06,W-44,0.17686572833774583,0.8231,CRITICAL
CR-2025-001883,2025-10-22 14:58:44,THEFT,RETAIL THEFT,41.92889267945444,-87.62922984136131,STREET,False,False,D-14,W-42,0.1628871524073562,0.3907,MEDIUM
CR-2023-004197,2025-07-18 18:18:32,ROBBERY,STRONGARM ROBBERY,41.86552714578572,-87.71077566807175,APARTMENT,False,False,D-03,W-43,0.1657627783077021,0.8342,CRITICAL
CR-2023-003864,2024-07-18 01:30:45,BURGLARY,RESIDENTIAL,41.88368972279721,-87.62730260309327,COMMERCIAL BUILDING,False,False,D-06,W-37,0.10218912059497051,0.5985,HIGH
CR-2023-005478,2023-10-18 08:32:01,BATTERY,AGGRAVATED BATTERY,41.841835413967,-87.72286043930912,SIDEWALK,False,False,D-02,W-23,0.770605850898576,0.2294,LOW
CR-2024-002356,2024-08-15 18:10:04,ASSAULT,SIMPLE ASSAULT,41.88797345013632,-87.7204744903332,SIDEWALK,True,True,D-02,W-14,0.2096798688544895,0.7903,CRITICAL
CR-2024-002419,2025-07-16 04:49:31,THEFT,FROM BUILDING,41.81267130826748,-87.64534197851594,STREET,False,False,D-13,W-48,0.13426203597577446,0.404,MEDIUM
CR-2023-001851,2025-12-27 04:48:31,ASSAULT,AGGRAVATED ASSAULT,41.8643551862139,-87.64235381055694,RESIDENCE,True,True,D-06,W-08,0.14839493281439017,0.8516,CRITICAL
CR-2023-004725,2023-03-04 20:22:06,ASSAULT,AGGRAVATED ASSAULT,41.774561389560965,-87.61860493185699,ALLEY,False,False,D-12,W-30,0.1204033871184635,0.8796,CRITICAL
CR-2025-003800,2024-12-18 20:21:27,ROBBERY,STRONGARM ROBBERY,41.87616683931967,-87.63743640707968,STREET,True,False,D-11,W-32,0.13641015290429398,0.8636,CRITICAL
CR-2024-000556,2025-09-26 01:18:25,NARCOTICS,,41.8962612191524,-87.7179777260165,RESIDENCE,True,False,D-10,W-21,0.6760262292748588,0.216,LOW
CR-2023-000744,2024-02-11 02:38:58,NARCOTICS,POSSESSION OF COCAINE,41.85521515528145,-87.61086123844859,PARKING LOT,True,False,D-15,W-25,0.6975313413228145,0.2016,LOW
CR-2023-005547,2024-05-05 06:25:23,ROBBERY,STRONGARM ROBBERY,41.86984897915477,-87.71580157165847,RESIDENCE,True,False,D-04,W-30,0.1872702934184188,0.8127,CRITICAL
CR-2025-003455,2023-08-04 09:59:03,BURGLARY,RESIDENTIAL,41.90620323518748,-87.6285134682104,RESIDENCE,False,False,D-09,W-33,0.10877615732528698,0.5941,HIGH
CR-2025-003863,2023-05-20 13:12:07,ASSAULT,SIMPLE ASSAULT,41.74676002214868,-87.66939616177417,ALLEY,False,True,D-04,W-35,0.27518135134076505,0.7248,HIGH
CR-2024-003010,2025-07-30 02:54:39,CRIMINAL DAMAGE,GRAFFITI,41.88184176418896,-87.62381157710591,PARK,False,False,D-01,W-23,0.09514192439285143,0.4223,MEDIUM
CR-2025-003935,2023-06-22 03:29:19,NARCOTICS,POSSESSION OF COCAINE,41.90100218995367,-87.60126162692156,STREET,True,False,D-04,W-01,0.8455426321846236,0.103,LOW
CR-2025-002894,2023-10-14 08:17:48,ASSAULT,SIMPLE ASSAULT,41.73521945832587,-87.62663447388327,COMMERCIAL BUILDING,False,True,D-13,W-15,0.2446802615260691,0.7553,CRITICAL
CR-2023-003567,2023-07-18 20:32:56,THEFT,RETAIL THEFT,41.76913978154299,-87.61609639901035,SIDEWALK,False,False,D-06,W-16,0.09140433088447422,0.424,MEDIUM
CR-2024-003448,2025-02-03 17:06:19,BATTERY,DOMESTIC BATTERY,41.76089469947483,-87.65714137419502,PARKING LOT,True,False,D-01,W-04,0.7743158347657549,0.2257,LOW
CR-2023-001962,2024-02-11 21:40:52,BATTERY,SIMPLE BATTERY,41.94314680959368,-87.66202773890822,PARK,True,False,D-09,W-40,0.7680388214926217,0.232,LOW
CR-2024-001468,2023-04-12 20:01:49,ASSAULT,SIMPLE ASSAULT,41.869040290610464,-87.63324322983041,ALLEY,False,True,D-11,W-01,0.14791588883634832,0.8521,CRITICAL
CR-2023-003954,2024-05-23 12:01:44,ROBBERY,STRONGARM ROBBERY,41.96385695677088,-87.63963680224445,STREET,False,False,D-07,W-27,0.2144412951651664,0.7856,CRITICAL
CR-2025-000440,2024-06-19 22:15:42,ROBBERY,STRONGARM ROBBERY,41.916003986388105,-87.6377630315938,PARKING LOT,True,False,D-11,W-01,0.12882927821208007,0.8712,CRITICAL
CR-2023-002043,2023-07-01 01:17:53,BURGLARY,RESIDENTIAL,41.89099377308516,-87.62860297773912,APARTMENT,False,False,D-04,W-11,0.14097546500932334,0.5727,HIGH
CR-2025-004379,2025-07-09 19:40:20,BURGLARY,COMMERCIAL,41.951666693613554,-87.62606565967485,SIDEWALK,False,False,D-05,W-08,0.09197726134891253,0.6053,HIGH
CR-2025-005483,2025-01-26 21:00:56,MOTOR VEHICLE THEFT,AUTOMOBILE,41.887628683049066,-87.64519363562955,ALLEY,False,True,D-09,W-50,0.13831361987704544,0.5745,HIGH
CR-2024-005284,2023-05-02 13:10:17,BATTERY,SIMPLE BATTERY,41.766911875134205,-87.58826703706397,RESIDENCE,True,False,D-15,W-12,0.6781319024977607,0.3219,MEDIUM
CR-2023-003819,2024-06-04 17:59:44,ASSAULT,AGGRAVATED ASSAULT,41.97711141986327,-87.69186811761683,ALLEY,True,False,D-03,W-32,0.18395499659354136,0.816,CRITICAL
CR-2025-004400,2025-06-08 06:44:47,MOTOR VEHICLE THEFT,MOTORCYCLE,41.93208180929703,-87.6783741264726,ALLEY,False,False,D-12,W-43,0.14442204361787933,0.5704,HIGH
CR-2023-005103,2023-04-15 16:43:51,THEFT,RETAIL THEFT,41.90084174270533,-87.6524132941695,ALLEY,False,False,D-02,W-50,0.12191436211982813,0.4098,MEDIUM
CR-2024-001834,2023-09-26 23:14:58,THEFT,RETAIL THEFT,41.94555706926119,-87.64852625364156,PARKING LOT,False,False,D-08,W-44,0.13143775489979884,0.4053,MEDIUM
CR-2025-002927,2024-04-14 16:17:20,ASSAULT,AGGRAVATED ASSAULT,41.74436020703841,-87.67395536848524,COMMERCIAL BUILDING,True,False,D-04,W-01,0.3446163117534284,0.6554,HIGH
CR-2023-002136,2023-03-25 00:37:42,THEFT,PETTY THEFT,41.92122851969485,-87.67689472642552,PARKING LOT,False,False,D-13,W-46,0.17022614378886677,0.3872,MEDIUM
CR-2024-005260,2024-07-02 02:08:57,ASSAULT,AGGRAVATED ASSAULT,41.94017479139033,-87.65238766006345,APARTMENT,True,True,D-07,W-35,0.15744340752327066,0.8426,CRITICAL
CR-2023-001557,2023-03-04 16:17:31,BATTERY,DOMESTIC BATTERY,41.883934680940285,-87.62602789586589,PARKING LOT,True,True,D-13,W-41,0.7376124787563185,0.2624,MEDIUM
CR-2024-004399,2023-06-30 18:08:58,MOTOR VEHICLE THEFT,AUTOMOBILE,41.89694296159121,-87.61198429923793,APARTMENT,False,False,D-07,W-01,0.20448869482237375,0.5303,HIGH
CR-2023-005121,2024-10-07 06:39:48,ROBBERY,STRONGARM ROBBERY,41.87092168599924,-87.62206509054876,SIDEWALK,False,False,D-12,W-05,0.1372625372672805,0.8627,CRITICAL
CR-2024-001078,2025-07-29 01:24:38,MOTOR VEHICLE THEFT,AUTOMOBILE,41.7695200904919,-87.63694287741892,RESIDENCE,False,False,D-01,W-07,0.154665840630266,0.5636,HIGH
CR-2023-005688,2024-02-15 00:05:05,CRIMINAL DAMAGE,TO VEHICLE,41.77869098031822,-87.60460407770941,ALLEY,False,False,D-13,W-23,0.10408411480595477,0.4181,MEDIUM
CR-2023-004893,2025-07-28 20:13:05,MOTOR VEHICLE THEFT,AUTOMOBILE,41.88407381355192,-87.69672381068554,PARKING LOT,False,False,D-14,W-01,0.23755949421231662,0.5083,HIGH
CR-2023-003405,2025-09-06 20:41:07,BURGLARY,COMMERCIAL,41.8847249384628,-87.65130595037216,STREET,True,False,D-01,W-14,0.17021511247966373,0.5532,HIGH
CR-2023-001044,2025-06-18 15:49:44,CRIMINAL DAMAGE,TO PROPERTY,41.93933503181954,-87.62625064931058,RESIDENCE,False,False,D-11,W-13,0.06701222006546266,0.4354,MEDIUM
CR-2025-002042,2023-06-22 23:43:11,ASSAULT,SIMPLE ASSAULT,41.811679187445066,-87.63460797427196,COMMERCIAL BUILDING,False,False,D-06,W-39,0.10631986098272403,0.8937,CRITICAL
CR-2023-000999,2023-04-02 11:30:05,NARCOTICS,SALE/MANUFACTURE,41.77482332590141,-87.64762256612016,APARTMENT,False,False,D-13,W-36,0.7747248258402447,0.1502,LOW
CR-2023-003264,2024-05-03 10:16:36,MOTOR VEHICLE THEFT,AUTOMOBILE,41.8809527930984,-87.74134374071757,COMMERCIAL BUILDING,False,False,D-14,W-42,0.18732027245799102,0.5418,HIGH
CR-2024-004594,2025-03-29 09:29:44,MOTOR VEHICLE THEFT,AUTOMOBILE,41.87676195053463,-87.60564560529276,APARTMENT,False,False,D-15,W-08,0.1532981674774679,0.5645,HIGH
CR-2024-003973,2025-07-08 17:51:46,ROBBERY,STRONGARM ROBBERY,41.80692417559036,-87.60886063242985,COMMERCIAL BUILDING,False,False,D-11,W-19,0.10609909372339243,0.8939,CRITICAL
CR-2024-004279,2023-07-19 22:14:51,THEFT,PETTY THEFT,41.87669144646931,-87.61235498545442,SIDEWALK,True,False,D-02,W-12,0.10575335492150288,0.4173,MEDIUM
CR-2024-001375,2024-04-22 10:37:44,NARCOTICS,POSSESSION OF HEROIN,41.82278689245789,-87.58967450686963,PARKING LOT,True,False,D-04,W-46,0.8406577035155464,0.1062,LOW
CR-2024-003247,2025-01-14 00:03:50,ROBBERY,STRONGARM ROBBERY,41.75324797889511,-87.61946435956165,ALLEY,False,False,D-01,W-14,0.2748590281701103,0.7251,HIGH
CR-2024-001288,2024-08-17 00:50:19,MOTOR VEHICLE THEFT,TRUCK,41.90006265858129,-87.61484711839802,RESIDENCE,False,False,D-11,W-13,0.0938469590088833,0.6041,HIGH
CR-2025-004709,2023-09-17 02:01:12,THEFT,GRAND THEFT,41.78159400138632,-87.6352473433953,APARTMENT,False,False,D-04,W-42,0.1728571521139113,0.386,MEDIUM
CR-2025-001451,2024-03-03 21:29:58,ROBBERY,STRONGARM ROBBERY,41.76465417679403,-87.62076228161068,APARTMENT,False,False,D-09,W-46,0.17853389418494917,0.8215,CRITICAL
CR-2025-003044,2024-04-13 19:08:42,BATTERY,DOMESTIC BATTERY,41.785506369090186,-87.63000834775535,APARTMENT,True,False,D-12,W-17,0.7362522236791712,0.2637,MEDIUM
CR-2023-004941,2025-07-12 01:57:35,ROBBERY,ARMED ROBBERY,41.86011193512357,-87.62308455600407,COMMERCIAL BUILDING,False,False,D-11,W-29,0.07604065371851988,0.924,CRITICAL
CR-2023-000732,2023-06-19 16:52:56,CRIMINAL DAMAGE,TO VEHICLE,41.76438691375488,-87.6142855398895,APARTMENT,False,False,D-12,W-23,0.07930057240115287,0.4297,MEDIUM
CR-2023-001437,2023-01-02 02:21:18,NARCOTICS,POSSESSION OF HEROIN,41.94777882134258,-87.67349366833963,STREET,True,True,D-09,W-47,0.7305353879532654,0.1796,LOW
CR-2025-000194,2023-09-11 21:23:31,MOTOR VEHICLE THEFT,AUTOMOBILE,41.89770762908735,-87.73728426580192,PARK,False,False,D-03,W-17,0.20814345535950968,0.5279,HIGH
CR-2023-000300,2024-06-02 00:54:31,THEFT,RETAIL THEFT,41.889454829249686,-87.64363247986267,PARK,False,False,D-10,W-39,0.0994445518650038,0.4203,MEDIUM
CR-2025-004415,2023-06-30 19:52:26,ASSAULT,AGGRAVATED ASSAULT,41.8723577377852,-87.6388912574833,STREET,False,False,D-14,W-13,0.18369965779409778,0.8163,CRITICAL
CR-2024-000154,2024-05-27 02:57:41,ASSAULT,SIMPLE ASSAULT,41.88630646071756,-87.63283288978651,SIDEWALK,False,False,D-07,W-42,0.1530353033140919,0.847,CRITICAL
CR-2023-003024,2025-08-02 23:00:17,NARCOTICS,POSSESSION OF HEROIN,41.85792478274104,-87.64271574508248,ALLEY,False,False,D-15,W-08,0.6919752040967196,0.2053,LOW
CR-2023-000951,2023-06-30 10:06:20,ROBBERY,,41.8956968695638,-87.62425536711703,RESIDENCE,False,False,D-14,W-27,0.18085756716887716,0.8191,CRITICAL
CR-2025-000917,2023-03-02 18:49:26,BATTERY,DOMESTIC BATTERY,41.8689134393804,-87.62437744712192,STREET,True,False,D-08,W-41,0.7353552547197593,0.2646,MEDIUM
CR-2025-002015,2024-12-02 15:23:24,MOTOR VEHICLE THEFT,AUTOMOBILE,41.89612002321397,-87.75239208700427,RESIDENCE,False,True,D-09,W-50,0.10819917657555028,0.5945,HIGH
CR-2025-003518,2023-01-30 05:13:34,BURGLARY,COMMERCIAL,41.85452870002493,-87.64378556864773,APARTMENT,False,False,D-10,W-26,0.16768384222979957,0.5549,HIGH
CR-2023-005742,2025-08-13 12:20:30,BURGLARY,RESIDENTIAL,41.93654401533642,-87.65576787920487,COMMERCIAL BUILDING,False,False,D-01,W-11,0.11071146039881281,0.5929,HIGH
CR-2024-001273,2023-05-15 14:09:33,ASSAULT,AGGRAVATED ASSAULT,41.920847649984914,-87.66659548008342,SIDEWALK,False,False,D-06,W-49,0.2510963927810586,0.7489,HIGH
CR-2025-003266,2025-10-02 23:10:11,BATTERY,DOMESTIC BATTERY,41.817411030994414,-87.5976162554928,RESIDENCE,False,False,D-01,W-47,0.6198453053306218,0.3802,MEDIUM
CR-2023-001656,2025-04-26 12:39:31,CRIMINAL DAMAGE,TO PROPERTY,41.90939070574306,-87.6450213923978,COMMERCIAL BUILDING,False,False,D-08,W-50,0.09331624322125838,0.4231,MEDIUM
CR-2024-002143,2025-11-09 13:28:53,MOTOR VEHICLE THEFT,,41.76745916876656,-87.62435778548954,PARK,True,False,D-12,W-43,0.13827789870192028,0.5745,HIGH
CR-2024-002284,2025-05-11 08:03:05,BURGLARY,COMMERCIAL,41.89988176548774,-87.62958776102552,APARTMENT,False,False,D-06,W-12,0.10645494613213763,0.5957,HIGH
CR-2024-002263,2023-03-18 17:36:41,MOTOR VEHICLE THEFT,AUTOMOBILE,41.92064262899088,-87.64002279296733,APARTMENT,False,False,D-06,W-50,0.12477178228675442,0.5835,HIGH
CR-2023-001509,2025-10-01 03:34:54,NARCOTICS,POSSESSION OF COCAINE,41.87247914054864,-87.7169686656016,PARKING LOT,True,False,D-10,W-35,0.7106935392951196,0.1929,LOW
CR-2025-003908,2024-02-29 17:04:42,MOTOR VEHICLE THEFT,AUTOMOBILE,41.76442620606628,-87.65140918869564,RESIDENCE,False,False,D-06,W-43,0.17391601898872094,0.5507,HIGH
CR-2023-005112,2025-05-12 21:58:29,ROBBERY,ARMED ROBBERY,41.97389306248077,-87.63680556388972,RESIDENCE,False,False,D-03,W-28,0.19378965784077837,0.8062,CRITICAL
CR-2024-000682,2023-10-10 15:13:19,NARCOTICS,POSSESSION OF HEROIN,41.89604857252497,-87.63217794359541,RESIDENCE,True,False,D-07,W-44,0.7521904730755467,0.1652,LOW
CR-2025-003200,2025-01-26 22:49:17,BATTERY,DOMESTIC BATTERY,41.95500227580942,-87.67158021338582,PARKING LOT,True,False,D-08,W-15,0.7726131645570077,0.2274,LOW
CR-2024-002722,2025-07-18 04:03:58,CRIMINAL DAMAGE,TO PROPERTY,41.88943498758117,-87.63312832406939,PARKING LOT,False,False,D-01,W-12,0.11247319647519623,0.4142,MEDIUM
CR-2025-001664,2023-05-10 01:05:17,BATTERY,SIMPLE BATTERY,41.75159590918205,-87.60813121684188,ALLEY,True,False,D-14,W-36,0.8097399708877442,0.1903,LOW
CR-2024-002959,2025-01-20 10:32:54,ROBBERY,STRONGARM ROBBERY,41.88778835630414,-87.64628567127333,APARTMENT,False,False,D-06,W-50,0.1535773266824319,0.8464,CRITICAL
CR-2025-002753,2023-06-24 22:21:52,BATTERY,,41.86233169955327,-87.66777653974377,COMMERCIAL BUILDING,True,False,D-14,W-38,0.8144077181122731,0.1856,LOW
CR-2024-001171,2025-04-18 08:23:07,THEFT,GRAND THEFT,41.79120047119982,-87.64215087106669,STREET,True,False,D-01,W-17,0.22371880748467565,0.3623,MEDIUM
CR-2024-002368,2025-09-20 17:27:53,MOTOR VEHICLE THEFT,TRUCK,41.75912795520764,-87.6281497975943,STREET,False,False,D-02,W-11,0.18367955463350208,0.5442,HIGH
CR-2023-003522,2025-05-21 01:18:33,BATTERY,SIMPLE BATTERY,41.79884938136455,-87.64287773069822,APARTMENT,True,True,D-12,W-16,0.6201106838134093,0.3799,MEDIUM
CR-2023-004857,2025-02-19 17:27:19,THEFT,PETTY THEFT,41.95749408792833,-87.65662331869092,STREET,False,False,D-02,W-46,0.19909971811343605,0.3738,MEDIUM
CR-2024-004240,2023-07-22 06:55:49,ROBBERY,STRONGARM ROBBERY,41.87327370944015,-87.63028721553763,STREET,False,False,D-14,W-34,0.19484225949190664,0.8052,CRITICAL
CR-2025-001928,2025-04-11 21:01:22,MOTOR VEHICLE THEFT,TRUCK,41.74400526994519,-87.61421626895604,PARK,False,False,D-11,W-38,0.1420328820701036,0.572,HIGH
CR-2025-004268,2025-04-08 14:44:07,BATTERY,SIMPLE BATTERY,41.88767814975902,-87.60433564330437,COMMERCIAL BUILDING,True,False,D-03,W-29,0.6619130930836566,0.3381,MEDIUM
CR-2025-002000,2024-07-08 22:42:17,THEFT,FROM BUILDING,41.75731265987588,-87.62978008722348,COMMERCIAL BUILDING,False,False,D-02,W-11,0.13530119599094578,0.4035,MEDIUM
CR-2025-002723,2025-04-03 09:25:55,ASSAULT,AGGRAVATED ASSAULT,41.85785340395928,-87.6032774606041,SIDEWALK,False,False,D-14,W-14,0.2470895836489027,0.7529,CRITICAL
CR-2025-003155,2025-03-20 05:30:21,CRIMINAL DAMAGE,GRAFFITI,41.87532353525869,-87.6116180619365,ALLEY,False,False,D-10,W-13,0.10820680140328395,0.4162,MEDIUM
CR-2025-003422,2023-04-20 04:18:05,THEFT,GRAND THEFT,41.99722443444944,-87.64655746440538,ALLEY,True,False,D-09,W-14,0.19304771558291958,0.3766,MEDIUM
CR-2024-003520,2023-09-20 19:12:59,NARCOTICS,POSSESSION OF HEROIN,41.88959582714859,-87.63600842413413,APARTMENT,True,False,D-05,W-01,0.7445791488829049,0.1703,LOW
CR-2025-001493,2025-07-29 21:40:04,ASSAULT,SIMPLE ASSAULT,41.7758322766601,-87.6266656906431,ALLEY,True,False,D-14,W-36,0.16478878868334026,0.8352,CRITICAL
CR-2025-003320,2023-11-05 00:53:05,ROBBERY,STRONGARM ROBBERY,41.861614411632026,-87.60285002197487,SIDEWALK,False,False,D-04,W-48,0.22469245951676906,0.7753,CRITICAL
CR-2024-000742,2024-06-22 05:49:55,ROBBERY,STRONGARM ROBBERY,41.7845171181438,-87.60568522920317,RESIDENCE,False,False,D-06,W-23,0.11525746541084779,0.8847,CRITICAL
CR-2023-005484,2023-03-13 13:51:28,ASSAULT,AGGRAVATED ASSAULT,41.88725352508541,-87.6226788684274,RESIDENCE,False,False,D-03,W-12,0.1425296057005418,0.8575,CRITICAL
CR-2023-001809,2023-09-29 04:27:11,NARCOTICS,SALE/MANUFACTURE,41.902105731513785,-87.71079635062367,APARTMENT,True,False,D-12,W-25,0.6461957039906652,0.2359,LOW
CR-2024-000745,2025-06-25 01:09:42,BURGLARY,,41.93736283708215,-87.60413601428664,APARTMENT,False,False,D-11,W-14,0.10552519355773496,0.5963,HIGH
CR-2025-003296,2025-06-05 17:15:35,THEFT,PETTY THEFT,41.81564460646969,-87.64455675557235,APARTMENT,False,False,D-14,W-16,0.11723228117162322,0.412,MEDIUM
CR-2025-000995,2023-08-10 07:46:26,THEFT,FROM BUILDING,41.890106142878416,-87.6184856300528,APARTMENT,True,False,D-09,W-33,0.13742024755915752,0.4025,MEDIUM
CR-2023-001596,2023-05-15 20:06:31,ASSAULT,SIMPLE ASSAULT,41.912324777548086,-87.639064625154,COMMERCIAL BUILDING,False,False,D-02,W-33,0.1658829703447761,0.8341,CRITICAL
CR-2023-001374,2025-04-08 02:11:24,NARCOTICS,POSSESSION OF COCAINE,41.788558082945286,-87.63411178052466,ALLEY,True,False,D-07,W-11,0.7692302315922228,0.1538,LOW
CR-2023-003963,2023-09-12 02:23:27,ROBBERY,ARMED ROBBERY,41.93027569335906,-87.65246040172252,RESIDENCE,False,False,D-11,W-13,0.09702218382349251,0.903,CRITICAL
CR-2025-004955,2025-01-05 22:17:15,THEFT,FROM BUILDING,41.784358468761056,-87.60480170128088,APARTMENT,False,False,D-05,W-27,0.14605862891315335,0.3985,MEDIUM
CR-2025-002399,2024-07-09 01:01:06,ROBBERY,STRONGARM ROBBERY,41.84734463814074,-87.61871229257947,RESIDENCE,False,False,D-04,W-36,0.15046067179485534,0.8495,CRITICAL
CR-2024-004405,2025-04-25 23:09:00,THEFT,GRAND THEFT,41.782506338057054,-87.62073040483655,STREET,False,False,D-06,W-20,0.11935193833058695,0.411,MEDIUM
CR-2025-000170,2023-09-03 02:43:19,THEFT,GRAND THEFT,41.75834449011084,-87.62290781971271,PARKING LOT,True,False,D-06,W-26,0.19378624437807904,0.3762,MEDIUM
