crime_id,date,category,description,latitude,longitude,location_description,arrest,domestic,district,ward
CR-2023-002112,2024-12-28 21:58:56,NARCOTICS,SALE/MANUFACTURE,41.855878747998545,-87.71754176148848,ALLEY,True,False,D-02,W-45
CR-2024-000067,2024-11-06 21:22:55,NARCOTICS,SALE/MANUFACTURE,41.8643086364865,-87.60655098392473,SIDEWALK,True,False,D-10,W-33
CR-2024-003817,2024-04-04 03:58:34,BATTERY,DOMESTIC BATTERY,41.905880600672205,-87.6360667451877,COMMERCIAL BUILDING,True,,D-03,W-15
CR-2025-003467,2023-07-07 09:50:26,ASSAULT,AGGRAVATED ASSAULT,41.891284459596065,-87.62259087109979,COMMERCIAL BUILDING,False,False,D-01,W-17
CR-2024-005104,2023-07-21 13:05:45,ASSAULT,AGGRAVATED ASSAULT,41.88078038073133,-87.73929649980201,STREET,False,False,D-04,W-27
CR-2023-001677,2024-11-05 21:39:09,MOTOR VEHICLE THEFT,MOTORCYCLE,41.764054714798284,-87.63314078525795,PARK,False,False,D-02,W-16
CR-2024-003985,2024-02-05 02:29:42,CRIMINAL DAMAGE,GRAFFITI,41.81883493233054,-87.6128827549179,COMMERCIAL BUILDING,True,False,D-04,W-13
CR-2023-003324,2024-11-20 11:32:09,CRIMINAL DAMAGE,GRAFFITI,41.8946934733829,-87.62678951958567,ALLEY,False,False,D-08,W-42
CR-2023-000234,2025-01-04 01:31:14,BATTERY,AGGRAVATED BATTERY,41.870142482785845,-87.63843727360967,STREET,True,False,D-13,W-24
CR-2024-002575,2024-08-28 01:36:15,MOTOR VEHICLE THEFT,TRUCK,41.91223738141472,-87.64258336964497,RESIDENCE,False,False,D-09,W-29
CR-2025-003728,2025-09-07 17:53:57,NARCOTICS,POSSESSION OF COCAINE,41.864225583808654,-87.71322899932471,APARTMENT,True,False,D-05,W-14
CR-2025-002162,2023-08-05 23:52:08,BURGLARY,COMMERCIAL,41.8666622114128,-87.61425545661892,STREET,False,False,D-09,W-35
CR-2025-001250,2024-10-18 22:50:30,ASSAULT,AGGRAVATED ASSAULT,41.79316532493049,-87.60479538348669,STREET,False,True,D-08,W-09
CR-2025-005534,2023-06-17 05:12:52,MOTOR VEHICLE THEFT,AUTOMOBILE,41.81576205018445,-87.61878473131091,PARK,True,False,D-08,W-47
CR-2024-005665,2023-07-27 01:50:29,BATTERY,AGGRAVATED BATTERY,41.78763408883706,-87.62044751296106,SIDEWALK,True,False,D-12,W-34
CR-2023-004428,2024-03-22 06:10:07,THEFT,PETTY THEFT,41.88121790751601,-87.62781103491962,PARKING LOT,False,False,D-03,W-37
CR-2023-005394,2025-03-29 02:08:31,MOTOR VEHICLE THEFT,MOTORCYCLE,41.735347938557354,-87.64038051452208,PARKING LOT,False,False,D-07,W-06
CR-2024-004138,2025-10-02 00:58:56,THEFT,RETAIL THEFT,41.840396799625736,-87.60946256901349,ALLEY,False,False,D-05,W-15
CR-2024-002296,2025-03-27 23:57:55,MOTOR VEHICLE THEFT,MOTORCYCLE,41.79254466783831,-87.68328928511902,RESIDENCE,False,False,D-07,W-18
CR-2025-005903,2023-09-29 16:40:58,THEFT,FROM BUILDING,41.85676912254248,-87.62657452085585,APARTMENT,False,False,D-02,W-50
CR-2025-003740,2024-01-07 08:39:40,MOTOR VEHICLE THEFT,MOTORCYCLE,41.94389013153331,-87.64938976616818,PARK,False,False,D-10,W-37
CR-2023-000381,2023-02-25 20:06:27,ROBBERY,STRONGARM ROBBERY,41.999601690765374,-87.65722119799449,STREET,False,False,D-11,W-20
CR-2025-003773,2023-12-20 03:19:15,CRIMINAL DAMAGE,GRAFFITI,41.880813528225254,-87.74455418415144,STREET,False,False,D-10,W-27
CR-2023-005364,2024-04-27 20:54:45,BURGLARY,RESIDENTIAL,41.83935672947609,-87.74685294763434,RESIDENCE,False,False,D-05,W-05
CR-2025-000974,2023-11-16 00:30:59,THEFT,RETAIL THEFT,41.89499075376158,-87.63057090585383,RESIDENCE,False,,D-05,W-04
CR-2024-002251,2024-10-31 09:00:20,MOTOR VEHICLE THEFT,TRUCK,41.85209540898382,-87.71946601958152,RESIDENCE,False,True,D-01,W-12
CR-2023-004584,2023-03-04 06:26:28,THEFT,FROM BUILDING,41.95385267028639,-87.64845548841151,PARK,False,False,D-02,W-19
CR-2025-000728,2023-09-23 04:05:47,BATTERY,DOMESTIC BATTERY,41.96346683242209,-87.64767683230234,ALLEY,True,True,D-12,W-43
CR-2023-005943,2024-08-26 11:28:54,NARCOTICS,POSSESSION OF HEROIN,41.876290354488056,-87.63504828023684,PARKING LOT,False,False,D-09,W-32
CR-2025-001409,2025-02-14 00:10:23,MOTOR VEHICLE THEFT,AUTOMOBILE,41.88400695947325,-87.65871508869019,APARTMENT,False,False,D-13,W-22
CR-2025-002654,2025-10-08 09:59:08,MOTOR VEHICLE THEFT,AUTOMOBILE,41.93322058602193,-87.67487481672619,RESIDENCE,True,False,D-13,W-46
CR-2024-004477,2023-02-11 16:16:22,NARCOTICS,POSSESSION OF HEROIN,41.77184398520192,-87.60273064273821,SIDEWALK,False,False,D-01,W-08
CR-2025-005177,2024-08-06 10:24:11,BURGLARY,FORCIBLE ENTRY,41.962286527622986,-87.60384495221511,SIDEWALK,False,False,D-09,W-07
CR-2024-005209,2025-04-08 01:49:55,ASSAULT,SIMPLE ASSAULT,41.965498078452725,-87.65511209290848,RESIDENCE,False,False,D-13,W-11
CR-2023-003600,2023-02-22 14:15:12,NARCOTICS,POSSESSION OF COCAINE,41.951193033484316,-87.65399950737623,RESIDENCE,True,False,D-05,W-49
CR-2025-004253,2023-06-21 15:43:11,ROBBERY,STRONGARM ROBBERY,41.893823059515135,-87.64237264723498,PARKING LOT,False,False,D-06,W-02
CR-2023-005079,2023-10-20 20:45:17,ASSAULT,AGGRAVATED ASSAULT,41.88563819369681,-87.61161863921016,PARKING LOT,False,True,D-01,W-50
CR-2025-001481,2023-03-06 13:11:34,BATTERY,AGGRAVATED BATTERY,41.93782044583872,-87.6764311528552,APARTMENT,True,False,D-14,W-09
CR-2025-004448,2023-04-30 21:01:39,BURGLARY,COMMERCIAL,41.792158572541766,-87.621387694958,PARK,False,False,D-01,W-07
CR-2024-000928,2025-01-10 20:33:08,THEFT,FROM BUILDING,41.81371163250161,-87.63525116286498,PARKING LOT,False,False,D-02,W-10
CR-2023-001095,2025-04-19 08:48:43,ASSAULT,SIMPLE ASSAULT,41.85412813472175,-87.62286741000878,PARKING LOT,False,True,D-12,W-31
CR-2024-002200,2023-08-19 22:03:21,NARCOTICS,SALE/MANUFACTURE,41.88540957855568,-87.61372105202183,COMMERCIAL BUILDING,False,False,D-01,W-41
CR-2025-003536,2025-11-09 05:08:00,CRIMINAL DAMAGE,TO PROPERTY,41.92095841625461,-87.63170115739923,APARTMENT,False,False,D-11,W-43
CR-2025-005879,2025-08-19 02:12:03,ROBBERY,STRONGARM ROBBERY,41.789243855073686,-87.6229387454841,SIDEWALK,False,False,D-11,W-16
CR-2023-005067,2023-11-24 00:17:26,BURGLARY,RESIDENTIAL,41.927353410607935,-87.66481068893471,PARKING LOT,False,False,D-12,W-22
CR-2025-005567,2025-02-19 08:14:04,BURGLARY,COMMERCIAL,41.952006773813274,-87.68216418781168,STREET,False,False,D-03,W-09
CR-2023-002175,2025-08-16 07:55:01,BATTERY,,41.84755669245716,-87.62908759797622,PARK,False,True,D-06,W-18
CR-2024-001537,2023-10-06 12:25:28,ROBBERY,ARMED ROBBERY,41.93373934008952,-87.61893876154885,PARK,False,False,D-08,W-50
CR-2024-005743,2024-05-06 16:11:16,CRIMINAL DAMAGE,GRAFFITI,41.71933094119817,-87.65653316571925,APARTMENT,True,False,D-02,W-01
CR-2024-004294,2025-06-12 15:11:52,BURGLARY,RESIDENTIAL,41.76140997978244,-87.63423439033281,PARK,False,False,D-09,W-03
CR-2025-004052,2024-10-02 01:46:59,ROBBERY,ARMED ROBBERY,41.749964605244614,-87.67852091177308,ALLEY,False,False,D-12,W-43
CR-2024-003460,2024-08-12 12:23:12,BURGLARY,FORCIBLE ENTRY,41.95354746212835,-87.66791692805894,STREET,False,False,D-07,W-13
CR-2025-001910,2023-04-08 08:13:35,BATTERY,SIMPLE BATTERY,41.940402018757375,-87.64991410494838,ALLEY,True,False,D-01,W-24
CR-2025-003647,2023-02-27 08:18:49,BURGLARY,RESIDENTIAL,41.882800374081846,-87.73444134201938,ALLEY,False,,D-11,W-07
CR-2025-002405,2024-02-11 05:25:23,NARCOTICS,SALE/MANUFACTURE,41.797812208857906,-87.67685150176469,STREET,True,False,D-09,W-44
CR-2023-000705,2024-03-01 07:48:37,MOTOR VEHICLE THEFT,,41.898022912127736,-87.62145654985899,STREET,False,False,D-04,W-31
CR-2024-005716,2023-11-14 03:58:03,MOTOR VEHICLE THEFT,TRUCK,41.84540317007915,-87.6306525527831,RESIDENCE,False,False,D-06,W-28
CR-2024-005296,2025-08-15 20:17:58,PETTY THEFT,GRAFFITI,41.87688210223797,-87.61726999846952,ALLEY,False,False,D-05,W-12
CR-2023-002214,2024-08-18 20:50:37,ASSAULT,SIMPLE ASSAULT,41.879637269632376,-87.6370424138621,PARKING LOT,False,True,D-11,W-22
CR-2024-004933,2025-02-15 22:25:16,BATTERY,AGGRAVATED BATTERY,41.78693961350932,-87.6260872986881,PARKING LOT,True,False,D-10,W-40
CR-2023-001080,2024-06-21 04:13:44,ASSAULT,SIMPLE ASSAULT,41.86059375677513,-87.72246291398822,STREET,False,False,D-05,W-17
CR-2025-004523,2025-03-15 00:10:20,THEFT,GRAND THEFT,41.903609057054275,-87.72799529136006,STREET,True,False,D-09,W-21
CR-2023-003882,2024-11-18 22:04:40,ASSAULT,,41.900117756674966,-87.63025394586396,PARKING LOT,True,True,D-14,W-13
CR-2023-004995,2025-10-07 21:59:36,BATTERY,AGGRAVATED BATTERY,41.97707250039642,-87.65147098568085,STREET,True,False,D-10,W-36
CR-2024-003766,2025-08-26 02:55:30,ASSAULT,AGGRAVATED ASSAULT,41.87941960320694,-87.63640411955276,COMMERCIAL BUILDING,False,True,D-14,W-09
CR-2024-002965,2024-06-30 10:39:25,MOTOR VEHICLE THEFT,MOTORCYCLE,41.75473245273243,-87.64890160344302,PARK,False,False,D-13,W-06
CR-2025-000188,2023-09-16 01:43:27,CRIMINAL DAMAGE,GRAFFITI,41.891184809550815,-87.62704986991393,SIDEWALK,False,False,D-13,W-05
CR-2025-003236,2023-11-17 15:37:29,NARCOTICS,SALE/MANUFACTURE,,,ALLEY,True,False,D-10,W-49
CR-2024-005308,2023-12-29 06:33:07,BATTERY,AGGRAVATED BATTERY,41.88370480108432,-87.63373863488974,PARK,False,True,D-10,W-07
CR-2024-001564,2024-03-14 16:21:07,BURGLARY,FORCIBLE ENTRY,41.949853610486585,-87.66352986289124,PARKING LOT,False,False,D-12,W-37
CR-2024-002641,2024-09-18 23:45:37,BURGLARY,FORCIBLE ENTRY,41.89350341927387,-87.62080633688132,PARKING LOT,False,False,D-12,W-22
CR-2023-001014,2023-09-30 15:53:28,ASSAULT,AGGRAVATED ASSAULT,41.88124489122912,-87.63717454278448,STREET,False,False,D-10,W-35
CR-2024-004711,2024-07-28 09:33:53,NARCOTICS,POSSESSION OF HEROIN,41.88248253242311,-87.62807732364584,PARKING LOT,False,False,D-11,W-18
CR-2023-002643,2023-06-20 01:49:10,ASSAULT,AGGRAVATED ASSAULT,41.8598465493449,-87.60934935229693,SIDEWALK,False,False,D-08,W-31
CR-2025-003842,2023-07-26 09:02:37,CRIMINAL DAMAGE,TO VEHICLE,41.96828703039631,-87.63725457200113,RESIDENCE,False,False,D-06,W-42
CR-2025-000572,2023-02-14 13:40:04,CRIMINAL DAMAGE,GRAFFITI,41.94493856351432,-87.65498841904837,PARKING LOT,False,False,D-03,W-12
CR-2024-004330,2024-07-04 04:04:56,BATTERY,DOMESTIC BATTERY,41.91268919878952,-87.65079013248773,RESIDENCE,True,False,D-09,W-39
CR-2024-000127,2024-05-13 22:43:52,BATTERY,DOMESTIC BATTERY,41.85325134061283,-87.73561621331159,STREET,True,False,D-09,W-31
CR-2023-003981,2025-03-29 22:16:46,THEFT,PETTY THEFT,41.75939640296531,-87.61061826725063,PARK,False,False,D-13,W-11
CR-2023-000834,2023-05-03 00:39:46,BURGLARY,COMMERCIAL,41.96521240053009,-87.64436532863597,APARTMENT,False,False,D-13,W-18
CR-2024-004720,2023-08-13 09:14:41,CRIMINAL DAMAGE,TO PROPERTY,41.85172686685017,-87.63356676751964,RESIDENCE,False,False,D-10,W-02
CR-2025-001484,2025-10-08 01:02:45,ROBBERY,ARMED ROBBERY,41.84782914059013,-87.72203896754895,RESIDENCE,False,False,D-07,W-29
CR-2023-004443,2025-05-19 18:56:55,MOTOR VEHICLE THEFT,AUTOMOBILE,41.88318137243421,-87.63172597398876,APARTMENT,True,False,D-03,W-47
CR-2024-001447,2025-01-20 04:52:53,BURGLARY,,41.88974883551414,-87.65622772128415,COMMERCIAL BUILDING,False,False,D-13,W-30
CR-2025-004145,2024-08-10 10:17:46,NARCOTICS,POSSESSION OF COCAINE,41.77669066781184,-87.57373275684961,APARTMENT,True,False,D-12,W-19
CR-2023-002337,2025-08-16 01:23:47,PETTY THEFT,PETTY THEFT,41.890441741712515,-87.64423976517878,SIDEWALK,False,False,D-11,W-40
CR-2023-000990,2024-04-14 22:57:50,BATTERY,DOMESTIC BATTERY,41.92896686530917,-87.68289236329578,PARKING LOT,True,,D-09,W-42
CR-2023-004599,2025-04-17 20:03:22,NARCOTICS,POSSESSION OF HEROIN,41.716713581032344,-87.64045557573142,PARK,True,False,D-04,W-31
CR-2024-004969,2023-01-14 06:07:35,NARCOTICS,POSSESSION OF HEROIN,41.74732592657832,-87.67677898313151,STREET,True,False,D-07,W-25
CR-2025-003092,2025-01-15 18:50:48,BURGLARY,FORCIBLE ENTRY,41.947178049839884,-87.67027599592039,PARKING LOT,False,False,D-01,W-45
CR-2025-003920,2025-08-08 00:39:47,BATTERY,DOMESTIC BATTERY,41.8771565919965,-87.63651816467399,ALLEY,True,False,D-03,W-15
CR-2024-005389,2024-05-18 00:04:33,THEFT,RETAIL THEFT,41.88394918399076,-87.62867668623443,PARK,False,False,D-13,W-06
CR-2023-002811,2024-06-10 18:16:52,NARCOTICS,POSSESSION OF COCAINE,41.86400048256275,-87.62265023438799,SIDEWALK,True,False,D-12,W-24
CR-2025-000941,2025-02-09 17:42:53,ASSAULT,SIMPLE ASSAULT,41.859584766921806,-87.6386869638873,PARKING LOT,False,True,D-07,W-44
CR-2025-001502,2024-08-30 21:51:29,NARCOTICS,POSSESSION OF HEROIN,41.792813828113346,-87.6623870392275,RESIDENCE,True,False,D-03,W-19
CR-2025-002678,2023-09-09 12:47:31,CRIMINAL DAMAGE,TO PROPERTY,41.85122373206953,-87.74318906099289,ALLEY,False,False,D-08,W-13
CR-2025-003839,2023-08-27 22:37:14,NARCOTICS,SALE/MANUFACTURE,41.93437420858417,-87.67281629649293,PARKING LOT,True,False,D-03,W-12
CR-2024-002848,2024-02-02 04:01:25,BATTERY,DOMESTIC BATTERY,41.87210150014836,-87.64097751655477,RESIDENCE,True,True,D-09,W-27
CR-2023-000195,2023-07-05 09:03:10,CRIMINAL DAMAGE,TO VEHICLE,41.93043170657303,-87.64546161656986,APARTMENT,False,False,D-01,W-50
CR-2023-001359,2024-09-03 19:13:59,ROBBERY,ARMED ROBBERY,41.869937592798266,-87.7246761414728,PARKING LOT,False,False,D-04,W-18
CR-2024-002254,2025-04-11 12:42:07,NARCOTICS,SALE/MANUFACTURE,41.79534407940376,-87.63073830715607,ALLEY,True,False,D-07,W-28
CR-2024-000136,2025-10-06 04:27:17,NARCOTICS,POSSESSION OF COCAINE,41.9716632750431,-87.6550953387796,ALLEY,True,False,D-12,W-41
CR-2023-002157,2025-11-18 00:13:44,NARCOTICS,POSSESSION OF COCAINE,41.94021383051808,-87.63518150976407,SIDEWALK,False,False,D-05,W-37
CR-2025-003677,2025-11-24 02:21:41,CRIMINAL DAMAGE,GRAFFITI,41.81167905741509,-87.60739825044654,SIDEWALK,False,False,D-13,W-13
CR-2023-001086,2023-10-08 00:27:10,THEFT,,41.942003049534904,-87.65226484015503,PARK,True,False,D-02,W-10
CR-2025-004544,2024-11-13 01:03:14,BATTERY,SIMPLE BATTERY,41.77562221653299,-87.64343835660048,APARTMENT,True,True,D-07,W-02
CR-2025-002564,2023-06-21 20:16:59,CRIMINAL DAMAGE,TO PROPERTY,41.78263994893797,-87.62655432063231,APARTMENT,False,False,D-09,W-04
CR-2024-003052,2025-06-09 15:47:22,ROBBERY,ARMED ROBBERY,41.86466968439512,-87.6138571946045,COMMERCIAL BUILDING,False,False,D-06,W-39
CR-2025-005093,2025-01-22 11:23:58,BATTERY,SIMPLE BATTERY,41.85761247787804,-87.74639739204,RESIDENCE,True,True,D-07,W-22
CR-2023-002010,2024-08-12 22:19:50,CRIMINAL DAMAGE,GRAFFITI,41.99179873176161,-87.68377365273767,PARKING LOT,False,False,D-12,W-17
CR-2023-000204,2023-12-04 12:14:46,ASSAULT,SIMPLE ASSAULT,41.781907390792796,-87.61613902914854,RESIDENCE,True,False,D-13,W-03
CR-2025-002615,2023-09-27 22:01:06,CRIMINAL DAMAGE,TO VEHICLE,41.98455217015538,-87.64517684689078,RESIDENCE,False,False,D-05,W-43
CR-2025-004016,2025-03-24 21:20:42,CRIMINAL DAMAGE,TO VEHICLE,41.89927035292619,-87.61801981595485,COMMERCIAL BUILDING,False,False,D-15,W-49
CR-2024-003295,2024-04-07 19:08:12,NARCOTICS,,41.944084257473435,-87.67885522915982,SIDEWALK,True,False,D-03,W-50
CR-2024-000826,2025-12-22 00:51:08,ROBBERY,ARMED ROBBERY,41.78375960753943,-87.63782915732027,APARTMENT,False,False,D-08,W-14
CR-2025-002213,2024-11-25 01:06:42,ROBBERY,ARMED ROBBERY,41.8833555532458,-87.64246486055775,SIDEWALK,False,False,D-01,W-15
CR-2025-000938,2024-12-07 12:13:28,BATTERY,DOMESTIC BATTERY,41.937156639468434,-87.65948443747489,SIDEWALK,True,True,D-03,W-38
CR-2023-001788,2023-10-17 21:21:47,BURGLARY,COMMERCIAL,41.86562067623759,-87.63937424089794,ALLEY,False,False,D-15,W-37
CR-2023-001815,2024-03-21 21:44:23,THEFT,GRAND THEFT,41.88704661706373,-87.63931428771535,PARKING LOT,False,False,D-07,W-23
CR-2023-003339,2024-11-19 12:06:47,ROBBERY,STRONGARM ROBBERY,41.868305747662525,-87.63804684039458,COMMERCIAL BUILDING,True,False,D-14,W-06
CR-2023-004158,2023-05-31 09:01:54,BURGLARY,COMMERCIAL,41.87722091357556,-87.7117690791699,STREET,False,False,D-02,W-31
CR-2025-001583,2025-04-04 01:57:58,BURGLARY,FORCIBLE ENTRY,41.94060152586881,-87.65213893020159,APARTMENT,False,False,D-12,W-48
CR-2024-000652,2025-08-23 12:05:14,NARCOTICS,SALE/MANUFACTURE,41.88614764765356,-87.64327701972687,SIDEWALK,False,False,D-04,W-25
CR-2023-005910,2023-02-03 17:43:22,THEFT,GRAND THEFT,41.87076901012408,-87.7523603342046,APARTMENT,False,False,D-04,W-33
CR-2025-001520,2024-01-14 23:20:19,THEFT,PETTY THEFT,41.79415540423973,-87.6250756759758,ALLEY,False,False,D-05,W-11
CR-2023-005937,2023-12-09 17:13:29,ROBBERY,ARMED ROBBERY,41.87275359319213,-87.65267778154994,STREET,False,False,D-11,W-43
CR-2025-002645,2024-01-05 21:27:24,BATTERY,DOMESTIC BATTERY,41.90170601324833,-87.62294967983905,RESIDENCE,True,False,D-15,W-10
CR-2023-002298,2023-09-16 23:05:27,BURGLARY,COMMERCIAL,41.87393683615527,-87.61043089241477,PARKING LOT,True,False,D-10,W-10
CR-2025-005558,2025-01-04 08:42:07,BURGLARY,,41.78991236240408,-87.63087567500992,ALLEY,False,False,D-07,W-11
CR-2025-005456,2025-08-20 23:14:14,CRIMINAL DAMAGE,TO PROPERTY,41.85655471314442,-87.62154807278174,SIDEWALK,True,False,D-09,W-12
CR-2023-002670,2025-03-11 00:42:16,BATTERY,DOMESTIC BATTERY,41.86229246756954,-87.6233827840727,STREET,False,True,D-14,W-47
CR-2023-000192,2025-06-26 10:26:38,BATTERY,SIMPLE BATTERY,41.93321734676893,-87.65229212427047,COMMERCIAL BUILDING,True,False,D-14,W-24
CR-2023-001242,2023-10-02 01:15:31,NARCOTICS,POSSESSION OF HEROIN,41.86985664296137,-87.6169061816953,PARK,True,False,D-03,W-05
CR-2023-000447,2023-02-21 23:44:27,BATTERY,SIMPLE BATTERY,41.898832384865564,-87.62006935168615,PARKING LOT,True,False,D-02,W-02
CR-2025-001346,2024-07-27 08:23:32,CRIMINAL DAMAGE,TO VEHICLE,41.8798924688227,-87.72932094211923,SIDEWALK,True,False,D-01,W-42
CR-2023-004260,2025-03-10 19:32:33,CRIMINAL DAMAGE,TO PROPERTY,41.87459589558526,-87.62677001483864,SIDEWALK,False,False,D-07,W-36
CR-2025-005375,2023-01-22 08:16:06,ASSAULT,AGGRAVATED ASSAULT,41.88298227668487,-87.61330623303509,SIDEWALK,False,True,D-13,W-45
CR-2025-005501,2023-01-31 02:18:45,CRIMINAL DAMAGE,GRAFFITI,41.89476129758622,-87.61847222539295,SIDEWALK,False,False,D-10,W-19
CR-2023-001140,2024-04-29 00:28:50,ROBBERY,ARMED ROBBERY,41.85221289906814,-87.63996346978504,APARTMENT,True,False,D-07,W-49
CR-2025-001229,2024-12-06 08:54:04,THEFT,GRAND THEFT,41.791392127757575,-87.61719994322702,SIDEWALK,True,False,D-04,W-26
CR-2023-000531,2025-10-10 21:32:04,ASSAULT,AGGRAVATED ASSAULT,41.8076191425093,-87.67249284446946,COMMERCIAL BUILDING,False,False,D-10,W-18
CR-2024-005857,2023-06-03 20:59:34,BURGLARY,COMMERCIAL,41.89113938759142,-87.75698398081742,ALLEY,False,False,D-12,W-37
CR-2024-001390,2023-06-18 10:03:26,NARCOTICS,SALE/MANUFACTURE,41.89121775611199,-87.63954647840272,ALLEY,True,False,D-06,W-22
CR-2023-005385,2023-03-19 00:19:06,ASSAULT,AGGRAVATED ASSAULT,41.902874362651204,-87.69848983180505,STREET,False,False,D-05,W-12
CR-2023-000036,2025-02-15 10:54:20,ASSAULT,AGGRAVATED ASSAULT,41.87756260941335,-87.60633034516279,SIDEWALK,False,False,D-12,W-18
CR-2024-000706,2023-08-27 14:12:06,CRIMINAL DAMAGE,,41.95751775544163,-87.61199995310197,STREET,False,False,D-02,W-47
CR-2025-004745,2025-09-01 22:32:47,ASSAULT,AGGRAVATED ASSAULT,41.952586977146694,-87.65620088236021,RESIDENCE,False,True,D-06,W-39
CR-2025-000260,2025-06-26 20:33:53,ASSAULT,SIMPLE ASSAULT,41.853058920783184,-87.6216495971143,PARKING LOT,False,,D-08,W-30
CR-2025-001322,2025-11-02 13:47:39,ROBBERY,STRONGARM ROBBERY,41.86175550443987,-87.64157142862192,SIDEWALK,False,False,D-04,W-10
CR-2023-003594,2024-05-28 06:59:00,MOTOR VEHICLE THEFT,AUTOMOBILE,41.873852721726806,-87.66017559870515,PARKING LOT,False,False,D-11,W-13
CR-2023-004728,2025-04-02 14:49:15,CRIMINAL DAMAGE,TO PROPERTY,41.89466444615652,-87.72595729016291,ALLEY,False,False,D-02,W-32
CR-2025-000629,2024-04-25 11:32:28,BATTERY,DOMESTIC BATTERY,41.867524822163624,-87.63063653616487,APARTMENT,True,False,D-14,W-44
CR-2024-005071,2023-06-12 20:21:55,ROBBERY,ARMED ROBBERY,41.7635263974371,-87.64962914749364,PARKING LOT,False,False,D-08,W-32
CR-2023-002568,2024-04-01 08:51:06,MOTOR VEHICLE THEFT,MOTORCYCLE,41.88529261322003,-87.61886588208145,PARK,False,False,D-14,W-50
CR-2023-000687,2023-09-16 23:31:27,BURGLARY,COMMERCIAL,41.907081065894886,-87.73066782618874,APARTMENT,False,False,D-15,W-47
CR-2025-000746,2023-10-25 00:01:54,MOTOR VEHICLE THEFT,TRUCK,41.937115048026854,-87.65160897393605,APARTMENT,False,False,D-10,W-26
CR-2024-004441,2023-06-09 03:34:00,BATTERY,AGGRAVATED BATTERY,41.968022994311404,-87.663038588932,STREET,True,False,D-09,W-42
CR-2025-000563,2023-09-15 20:37:06,THEFT,GRAND THEFT,41.78646588663098,-87.64785689625049,APARTMENT,False,False,D-03,W-39
CR-2023-004050,2024-01-27 23:43:49,MOTOR VEHICLE THEFT,MOTORCYCLE,41.842158765675045,-87.63998470519695,PARK,True,False,D-02,W-33
CR-2025-001523,2024-04-17 09:41:40,ASSAULT,AGGRAVATED ASSAULT,41.89548611097434,-87.63484382108022,COMMERCIAL BUILDING,False,False,D-04,W-18
CR-2024-005950,2025-06-26 00:33:46,MOTOR VEHICLE THEFT,TRUCK,41.96105165599284,-87.68015743172126,PARK,False,False,D-06,W-50
CR-2024-001558,2024-12-21 15:08:35,MOTOR VEHICLE THEFT,AUTOMOBILE,41.774043271700535,-87.64789478750396,RESIDENCE,True,True,D-11,W-43
CR-2024-002998,2025-07-26 19:35:29,NARCOTICS,,41.90134766585871,-87.74881326828294,RESIDENCE,True,True,D-09,W-46
CR-2025-004055,2025-01-03 20:57:47,ROBBERY,ARMED ROBBERY,41.754815091470036,-87.67730162896301,PARK,True,False,D-01,W-15
CR-2023-003915,2023-11-06 15:56:17,MOTOR VEHICLE THEFT,AUTOMOBILE,41.77405976222411,-87.61038534003818,COMMERCIAL BUILDING,False,False,D-08,W-05
CR-2023-003660,2023-06-07 21:46:35,CRIMINAL DAMAGE,GRAFFITI,41.887629937928246,-87.63156500953289,ALLEY,False,False,D-11,W-25
CR-2024-000283,2024-06-21 02:27:49,ASSAULT,SIMPLE ASSAULT,41.90763750929644,-87.67546172621834,APARTMENT,False,False,D-04,W-36
CR-2024-004543,2023-06-12 01:05:34,ROBBERY,ARMED ROBBERY,41.82978828641799,-87.57919763981256,PARK,False,False,D-02,W-04
CR-2023-001038,2024-10-26 03:40:44,BURGLARY,FORCIBLE ENTRY,41.88733656724657,-87.61174173344247,ALLEY,False,False,D-02,W-07
CR-2024-002839,2024-05-18 12:43:40,THEFT,PETTY THEFT,41.883496084626906,-87.63727950843683,COMMERCIAL BUILDING,False,False,D-10,W-31
CR-2025-002480,2024-07-03 17:07:28,CRIMINAL DAMAGE,GRAFFITI,41.873318775271315,-87.64524717772814,COMMERCIAL BUILDING,False,False,D-01,W-49
CR-2023-005127,2023-09-01 02:06:30,CRIMINAL DAMAGE,GRAFFITI,41.87883642096959,-87.65007561298037,PARK,False,False,D-02,W-38
CR-2023-004038,2023-02-06 17:08:31,ROBBERY,STRONGARM ROBBERY,41.77683255637454,-87.60059521563394,RESIDENCE,False,False,D-05,W-29
CR-2025-004580,2024-07-17 06:36:59,BURGLARY,RESIDENTIAL,41.93757053986985,-87.65734012560254,COMMERCIAL BUILDING,False,False,D-05,W-32
CR-2024-000304,2024-04-21 22:12:00,BATTERY,SIMPLE BATTERY,41.912825595021914,-87.62537911377021,ALLEY,True,True,D-10,W-27
CR-2023-003891,2023-03-11 17:43:08,ASSAULT,AGGRAVATED ASSAULT,41.87971975881088,-87.59069711255276,STREET,False,True,D-08,W-33
CR-2023-004503,2023-07-14 19:00:46,ROBBERY,ARMED ROBBERY,41.87506091340623,-87.615099936458,RESIDENCE,False,False,D-13,W-04
CR-2023-001857,2024-03-25 16:57:18,THEFT,GRAND THEFT,41.89328956114466,-87.63217230766558,RESIDENCE,False,,D-10,W-21
CR-2025-001799,2023-04-05 01:00:29,BATTERY,SIMPLE BATTERY,41.787303624075655,-87.63468690649884,SIDEWALK,True,True,D-07,W-05
CR-2024-002488,2023-08-12 08:14:19,CRIMINAL DAMAGE,,41.81336174068654,-87.62610438531934,COMMERCIAL BUILDING,False,False,D-03,W-37
CR-2024-000517,2025-11-07 23:31:32,BATTERY,AGGRAVATED BATTERY,41.87085220306551,-87.60619019855065,APARTMENT,False,False,D-12,W-28
CR-2023-005895,2025-04-29 12:58:37,THEFT,RETAIL THEFT,41.854834607270256,-87.60722206001682,SIDEWALK,False,False,D-02,W-43
CR-2025-005666,2024-10-10 15:09:54,ASSAULT,AGGRAVATED ASSAULT,41.885714177344155,-87.61329410661583,PARKING LOT,False,False,D-02,W-16
CR-2024-000040,2024-06-25 21:15:11,BATTERY,SIMPLE BATTERY,41.87480492168244,-87.62444331142733,PARK,True,False,D-01,W-15
CR-2024-005839,2023-05-30 23:23:51,NARCOTICS,POSSESSION OF HEROIN,41.92631709086672,-87.6744585567899,PARK,False,False,D-07,W-27
CR-2023-005259,2025-02-17 23:03:56,BATTERY,SIMPLE BATTERY,41.73989572937175,-87.57606689639073,PARK,True,False,D-08,W-39
CR-2024-000079,2025-02-10 04:53:44,ASSAULT,AGGRAVATED ASSAULT,41.860230447541966,-87.6199516958705,PARKING LOT,False,True,D-08,W-40
CR-2024-000583,2025-09-15 07:49:18,BATTERY,AGGRAVATED BATTERY,41.97608545637021,-87.64402181759895,APARTMENT,True,False,D-04,W-45
CR-2024-005758,2023-12-25 00:56:31,ASSAULT,SIMPLE ASSAULT,41.7711538774659,-87.6093718353635,PARK,True,False,D-07,W-19
CR-2024-000331,2023-06-05 20:17:49,NARCOTICS,SALE/MANUFACTURE,41.880010441136115,-87.73668164588041,PARKING LOT,True,False,D-05,W-50
CR-2023-000909,2023-11-14 21:44:25,BURGLARY,FORCIBLE ENTRY,41.87493304641759,-87.64460769290727,SIDEWALK,False,False,D-04,W-27
CR-2025-002420,2023-08-11 16:17:17,BATTERY,DOMESTIC BATTERY,41.75874057677205,-87.62710762649988,APARTMENT,False,False,D-08,W-46
CR-2024-002257,2024-04-06 20:35:13,OTHER OFFENSE,DUPLICATE ID TEST RECORD,41.94484164248391,-87.67355621838593,RESIDENCE,True,False,D-09,W-48
CR-2025-004289,2025-06-27 20:51:44,MOTOR VEHICLE THEFT,MOTORCYCLE,41.903284173378104,-87.6466798061574,ALLEY,False,False,D-14,W-08
CR-2024-000721,2024-04-16 21:19:10,NARCOTICS,POSSESSION OF COCAINE,41.88081532338056,-87.64925247921934,APARTMENT,False,True,D-15,W-29
CR-2023-004068,2025-04-02 01:32:18,BURGLARY,COMMERCIAL,41.7561874372122,-87.61389731361403,STREET,False,False,D-05,W-01
CR-2023-000807,2025-11-14 12:07:02,NARCOTICS,POSSESSION OF HEROIN,41.77438800216024,-87.54917231080388,APARTMENT,True,False,D-12,W-20
CR-2023-000174,2025-06-06 23:01:24,NARCOTICS,POSSESSION OF HEROIN,41.86732333668122,-87.63300170727568,RESIDENCE,True,False,D-03,W-03
CR-2025-001532,2025-08-23 22:10:57,ROBBERY,STRONGARM ROBBERY,41.855382945362294,-87.62497610182992,STREET,False,False,D-14,W-44
CR-2023-003957,2024-03-06 00:58:01,ROBBERY,STRONGARM ROBBERY,41.8730318333679,-87.62976652566756,COMMERCIAL BUILDING,True,False,D-11,W-30
CR-2023-004389,2025-10-20 09:07:35,BATTERY,SIMPLE BATTERY,41.90143040185916,-87.729986920807,SIDEWALK,False,False,D-11,W-33
CR-2023-002094,2023-11-13 10:10:21,BURGLARY,COMMERCIAL,41.94006749388769,-87.65656246026222,STREET,True,False,D-06,W-50
CR-2025-001733,2023-12-23 08:43:23,CRIMINAL DAMAGE,TO PROPERTY,41.76860441577591,-87.62570180083071,SIDEWALK,True,False,D-01,W-06
CR-2025-001634,2024-05-25 19:10:10,NARCOTICS,POSSESSION OF HEROIN,41.78468614806314,-87.61283776155686,PARK,True,False,D-06,W-01
CR-2025-005072,2025-11-20 12:09:15,ROBBERY,STRONGARM ROBBERY,41.88149357133001,-87.61303099265909,RESIDENCE,False,False,D-10,W-06
CR-2024-000547,2023-10-28 11:15:04,THEFT,RETAIL THEFT,41.88908960115824,-87.63101074870163,RESIDENCE,False,False,D-09,W-45
CR-2023-004701,2023-07-11 10:23:45,MOTOR VEHICLE THEFT,AUTOMOBILE,41.73922029825804,-87.63418290240021,APARTMENT,False,False,D-02,W-25
CR-2023-004587,2025-04-09 17:09:03,BURGLARY,RESIDENTIAL,41.89467495802707,-87.6354629672284,RESIDENCE,False,,D-14,W-38
CR-2023-003504,2024-08-31 00:51:27,NARCOTICS,POSSESSION OF COCAINE,41.898298574939155,-87.60814494521252,COMMERCIAL BUILDING,True,False,D-08,W-12
CR-2023-003945,2025-07-16 21:14:09,ASSAULT,AGGRAVATED ASSAULT,41.783065947382795,-87.60250124575595,RESIDENCE,False,False,D-01,W-04
CR-2023-002535,2024-10-11 00:56:34,ASSAULT,AGGRAVATED ASSAULT,41.86041614763053,-87.63309504178527,PARKING LOT,False,True,D-05,W-27
CR-2025-002243,2023-11-17 16:45:07,NARCOTICS,POSSESSION OF HEROIN,41.95681399262037,-87.66685841553665,PARK,False,False,D-08,W-33
CR-2024-001186,2023-03-22 16:14:36,NARCOTICS,POSSESSION OF COCAINE,41.880500273387796,-87.62227325895749,RESIDENCE,True,False,D-03,W-05
CR-2024-000214,2023-12-03 15:45:47,NARCOTICS,POSSESSION OF HEROIN,41.89397636730275,-87.65618109229635,APARTMENT,True,False,D-07,W-14
CR-2023-001290,2024-01-03 01:21:53,BATTERY,DOMESTIC BATTERY,41.8836815820891,-87.62396261206499,PARK,True,False,D-04,W-20
CR-2024-000868,2023-11-28 13:10:23,BATTERY,AGGRAVATED BATTERY,41.86229476371281,-87.6458170438237,ALLEY,True,True,D-02,W-01
CR-2023-001758,2023-03-15 10:15:05,CRIMINAL DAMAGE,GRAFFITI,41.86616664398089,-87.6234340909321,PARK,True,False,D-14,W-11
CR-2025-003077,2025-12-18 00:03:01,THEFT,PETTY THEFT,41.88896887668085,-87.62307271818706,STREET,False,False,D-03,W-47
CR-2023-000948,2024-12-04 12:36:10,NARCOTICS,,41.87421805906,-87.60582029244243,APARTMENT,True,False,D-11,W-24
CR-2023-004575,2023-12-07 09:33:09,MOTOR VEHICLE THEFT,MOTORCYCLE,41.89245537515023,-87.72272049891644,RESIDENCE,False,False,D-15,W-03
CR-2025-002099,2024-01-22 14:11:41,PETTY THEFT,POSSESSION OF COCAINE,41.82646261788551,-87.71661877068806,APARTMENT,True,False,D-01,W-19
CR-2023-000156,2025-05-14 22:04:14,NARCOTICS,POSSESSION OF HEROIN,95.0,-87.60866225909999,ALLEY,True,False,D-05,W-09
CR-2024-005617,2025-02-08 22:49:56,MOTOR VEHICLE THEFT,MOTORCYCLE,41.94651454565538,-87.65167077873038,SIDEWALK,False,False,D-04,W-33
CR-2023-000021,2024-11-09 00:16:11,BURGLARY,RESIDENTIAL,41.87636527576418,-190.0,COMMERCIAL BUILDING,False,False,D-07,W-39
CR-2024-002566,2024-04-28 23:30:01,ASSAULT,AGGRAVATED ASSAULT,41.88398951173477,-87.62299621714736,RESIDENCE,False,False,D-09,W-20
CR-2023-002616,2024-04-27 10:37:53,MOTOR VEHICLE THEFT,MOTORCYCLE,41.8622595380005,-87.63365417687683,APARTMENT,False,False,D-10,W-21
CR-2024-004390,2023-08-19 11:17:28,CRIMINAL DAMAGE,GRAFFITI,41.760533222658076,-87.60510160444174,STREET,False,False,D-15,W-42
CR-2025-001388,2023-06-30 09:08:53,MOTOR VEHICLE THEFT,MOTORCYCLE,41.874257303712575,-87.63342246168807,RESIDENCE,False,False,D-02,W-50
CR-2023-003708,2024-10-20 16:51:23,BATTERY,SIMPLE BATTERY,41.89467649297634,-87.74330911143878,ALLEY,False,False,D-15,W-21
CR-2023-001497,2025-09-14 05:01:22,ASSAULT,SIMPLE ASSAULT,41.86382122309967,-87.62863779222222,ALLEY,False,False,D-15,W-01
CR-2024-005815,2025-03-27 01:23:35,BURGLARY,COMMERCIAL,41.900508922154636,-87.63475987993564,RESIDENCE,False,,D-12,W-15
CR-2025-003065,2025-06-14 02:41:03,THEFT,PETTY THEFT,41.78644902250429,-87.64268518806918,ALLEY,False,False,D-15,W-25
CR-2023-002517,2023-03-04 01:21:25,NARCOTICS,SALE/MANUFACTURE,41.96271468482342,-87.60741276198834,APARTMENT,True,False,D-07,W-23
CR-2024-005041,2023-10-27 18:30:13,OTHER OFFENSE,DUPLICATE ID TEST RECORD,41.88220490178819,-87.6062971793918,APARTMENT,False,False,D-08,W-14
CR-2025-000641,2024-03-31 23:10:32,ROBBERY,STRONGARM ROBBERY,41.96256217353377,-87.6361659536641,ALLEY,False,False,D-15,W-03
CR-2024-002329,2024-11-23 00:53:59,BATTERY,AGGRAVATED BATTERY,41.881791254229746,-87.64183420040709,COMMERCIAL BUILDING,True,False,D-13,W-31
CR-2025-000200,2023-04-21 04:12:21,NARCOTICS,SALE/MANUFACTURE,41.73903930853014,-87.64398437557385,PARK,True,False,D-03,W-50
CR-2025-002339,2025-08-21 23:33:40,ASSAULT,AGGRAVATED ASSAULT,41.8910215478845,-87.62603025027643,PARKING LOT,False,False,D-08,W-04
CR-2024-001525,2024-06-05 23:27:49,ROBBERY,STRONGARM ROBBERY,41.85752489454155,-87.64044161503642,APARTMENT,False,False,D-10,W-09
CR-2025-005828,2024-02-27 13:23:30,BURGLARY,COMMERCIAL,41.81554589946507,-87.6016865541598,PARK,False,False,D-04,W-06
CR-2024-005584,2024-05-13 02:35:37,ROBBERY,STRONGARM ROBBERY,41.87865629365177,-87.72893366021592,ALLEY,False,False,D-12,W-20
CR-2025-005366,2025-05-11 02:35:47,ASSAULT,AGGRAVATED ASSAULT,41.93803731886666,-87.66606474260149,ALLEY,False,False,D-11,W-28
CR-2023-001323,2024-06-10 12:06:10,BATTERY,DOMESTIC BATTERY,41.76963729753525,-87.66413917547948,ALLEY,True,True,D-15,W-22
CR-2025-000536,2025-06-07 11:30:05,MOTOR VEHICLE THEFT,AUTOMOBILE,41.94993643782121,-87.68095984448377,RESIDENCE,False,False,D-12,W-12
CR-2024-004459,2024-10-08 11:52:23,ASSAULT,AGGRAVATED ASSAULT,41.852372300439455,-87.61741114625454,STREET,False,False,D-02,W-21
CR-2025-000494,2024-05-13 06:42:44,BATTERY,SIMPLE BATTERY,41.943980716523406,-87.65476228322011,STREET,True,False,D-15,W-25
CR-2023-002178,2024-07-23 06:54:45,ASSAULT,SIMPLE ASSAULT,41.784575861971625,-87.63710170438023,PARK,False,False,D-11,W-47
CR-2024-003979,2025-07-22 01:23:00,BATTERY,,41.950226294572225,-87.66290911808332,RESIDENCE,False,False,D-02,W-40
CR-2025-001646,2023-06-08 09:13:44,NARCOTICS,POSSESSION OF HEROIN,41.903585376949586,-87.72081557734018,STREET,True,False,D-02,W-03
CR-2024-004801,2024-07-27 01:02:56,MOTOR VEHICLE THEFT,AUTOMOBILE,41.88095334832768,-87.63549436745015,PARK,False,False,D-02,W-04
CR-2025-004250,2024-01-24 19:42:56,BURGLARY,COMMERCIAL,41.91568173358036,-87.63657461633765,PARKING LOT,False,False,D-14,W-49
CR-2023-005967,2023-01-20 18:29:26,THEFT,RETAIL THEFT,41.940881435090574,-87.65007630917441,APARTMENT,False,False,D-03,W-40
CR-2025-003563,2024-05-04 04:04:42,CRIMINAL DAMAGE,TO VEHICLE,41.77947701647376,-87.61337741013365,SIDEWALK,False,False,D-10,W-21
CR-2025-000032,2024-05-31 02:47:34,PETTY THEFT,FROM BUILDING,41.890287887335916,-87.60945639957144,ALLEY,False,False,D-13,W-02
CR-2025-003464,2024-07-05 01:12:38,CRIMINAL DAMAGE,TO PROPERTY,41.8770908380263,-87.64591991559149,SIDEWALK,False,False,D-15,W-19
CR-2024-002623,2025-07-29 08:59:12,ROBBERY,ARMED ROBBERY,41.8691026696502,-87.65318180492537,PARK,False,False,D-06,W-40
CR-2023-004263,2024-10-12 09:47:50,BATTERY,SIMPLE BATTERY,41.94192182293568,-87.65106241642341,APARTMENT,True,False,D-14,W-38
CR-2023-004221,2025-04-03 07:22:54,THEFT,PETTY THEFT,41.772986565415785,-87.66178872844748,SIDEWALK,False,False,D-11,W-01
CR-2025-001580,2025-08-07 14:03:42,THEFT,PETTY THEFT,41.86900244917677,-87.62296143707245,PARKING LOT,False,False,D-14,W-15
CR-2023-003717,2024-09-15 02:21:57,ASSAULT,SIMPLE ASSAULT,41.93938011965941,-87.64942101224113,PARK,False,False,D-04,W-24
CR-2023-003171,2025-07-04 16:02:19,BATTERY,AGGRAVATED BATTERY,41.945526809402054,-87.65860161130006,ALLEY,True,False,D-14,W-49
CR-2024-001705,2024-08-28 03:00:20,THEFT,RETAIL THEFT,41.93490131962419,-87.6633615197813,COMMERCIAL BUILDING,True,False,D-04,W-08
CR-2024-005998,2024-02-20 03:30:50,CRIMINAL DAMAGE,TO PROPERTY,41.87928919621338,-87.71181574701835,PARKING LOT,False,False,D-10,W-14
CR-2025-005843,2023-08-06 23:40:49,BURGLARY,FORCIBLE ENTRY,41.90064952316368,-87.77729935744668,STREET,False,False,D-13,W-36
CR-2025-001145,2024-01-13 05:00:21,CRIMINAL DAMAGE,TO VEHICLE,41.911900193948355,-87.70928055508593,SIDEWALK,False,True,D-08,W-20
CR-2025-003005,2024-11-16 19:45:20,ASSAULT,AGGRAVATED ASSAULT,41.87954303231212,-87.71886234287507,APARTMENT,False,True,D-07,W-15
CR-2024-003457,2025-03-22 17:20:03,ROBBERY,ARMED ROBBERY,41.805619808034855,-87.66114999266291,APARTMENT,False,False,D-03,W-30
CR-2025-002900,2023-12-30 03:06:31,ASSAULT,AGGRAVATED ASSAULT,41.78628081437601,-87.63495584187639,RESIDENCE,True,True,D-02,W-31
CR-2023-002826,2024-02-26 23:09:24,ASSAULT,SIMPLE ASSAULT,41.94578148389748,-87.63273520433462,PARKING LOT,True,False,D-11,W-19
CR-2023-005571,2023-10-06 05:12:58,PETTY THEFT,AUTOMOBILE,41.92189437256095,-87.62837793152275,ALLEY,False,False,D-02,W-34
CR-2023-002118,2024-04-08 12:50:09,ASSAULT,SIMPLE ASSAULT,41.89962631098834,-87.63500953433437,APARTMENT,False,False,D-11,W-48
CR-2023-005793,2024-08-01 23:15:51,CRIMINAL DAMAGE,GRAFFITI,41.936280199078304,-87.6741555048046,APARTMENT,False,False,D-06,W-01
CR-2025-002348,2023-01-20 23:28:30,ASSAULT,SIMPLE ASSAULT,41.889782834440474,-87.7039937370673,APARTMENT,False,False,D-06,W-03
CR-2025-002063,2024-03-15 05:04:34,CRIMINAL DAMAGE,TO VEHICLE,41.756881147759934,-87.58403187454122,PARKING LOT,False,False,D-03,W-24
CR-2024-003493,2025-11-23 06:25:35,ASSAULT,AGGRAVATED ASSAULT,41.92035261433152,-87.61347811454534,PARK,False,True,D-10,W-45
CR-2025-002312,2023-08-01 05:52:46,ASSAULT,SIMPLE ASSAULT,41.883443791830594,-87.61087721121197,RESIDENCE,False,False,D-13,W-16
CR-2024-003544,2023-09-10 14:17:56,NARCOTICS,POSSESSION OF HEROIN,41.87889588969399,-87.61682065365797,SIDEWALK,True,False,D-14,W-36
CR-2023-005613,2025-07-27 04:35:01,ROBBERY,ARMED ROBBERY,41.92946670491075,-87.69986617559167,STREET,False,False,D-06,W-18
CR-2024-003844,2023-03-30 19:09:32,ROBBERY,STRONGARM ROBBERY,41.8745915329932,-87.63274139816016,ALLEY,False,False,D-01,W-06
CR-2024-005485,2024-01-07 07:44:13,THEFT,RETAIL THEFT,41.887395985191084,-87.73017672775954,STREET,False,False,D-07,W-36
CR-2023-002205,2024-10-23 16:15:19,THEFT,GRAND THEFT,41.868074822077304,-87.63071613507029,SIDEWALK,False,False,D-08,W-33
CR-2025-004439,2023-02-20 00:54:50,MOTOR VEHICLE THEFT,TRUCK,41.793063524677045,-87.64521173000048,SIDEWALK,False,False,D-06,W-50
CR-2025-004103,2025-08-23 01:44:31,CRIMINAL DAMAGE,TO PROPERTY,41.88728404715158,-87.65319153668689,APARTMENT,False,True,D-06,W-42
CR-2023-005523,2024-10-24 23:47:05,BATTERY,,41.90679722407907,-87.73748433334266,COMMERCIAL BUILDING,True,False,D-04,W-26
CR-2024-003721,2025-01-27 23:32:33,MOTOR VEHICLE THEFT,AUTOMOBILE,41.95022336293333,-87.63953591718405,SIDEWALK,True,False,D-05,W-08
CR-2024-003607,2025-09-08 09:01:08,ASSAULT,SIMPLE ASSAULT,,,APARTMENT,False,False,D-02,W-19
CR-2023-003243,2023-07-23 00:26:34,MOTOR VEHICLE THEFT,MOTORCYCLE,41.9438398854638,-87.68343954924208,RESIDENCE,True,False,D-09,W-19
CR-2025-000530,2025-10-28 00:17:44,ASSAULT,AGGRAVATED ASSAULT,41.889675480659726,-87.67252813930945,STREET,False,False,D-12,W-26
CR-2025-000920,2023-08-27 23:49:54,THEFT,PETTY THEFT,41.878286324794104,-87.76077328281896,STREET,False,False,D-07,W-26
CR-2024-001885,2024-12-20 14:59:55,ROBBERY,STRONGARM ROBBERY,41.803945621342045,-87.64143927095964,STREET,False,False,D-10,W-09
CR-2025-004262,2023-04-16 04:25:46,BURGLARY,RESIDENTIAL,41.85192859418592,-87.6456298623789,STREET,False,False,D-05,W-10
CR-2025-004922,2024-10-30 13:24:10,BATTERY,AGGRAVATED BATTERY,41.7681250949945,-87.63496513829287,PARKING LOT,True,,D-03,W-14
CR-2024-002455,2024-08-13 10:40:20,NARCOTICS,POSSESSION OF HEROIN,41.8712714525005,-87.70304503037214,RESIDENCE,True,False,D-11,W-14
CR-2023-004545,2025-03-20 00:31:17,NARCOTICS,POSSESSION OF HEROIN,41.89315028483502,-87.73315544896533,COMMERCIAL BUILDING,True,True,D-03,W-47
CR-2025-004301,2025-01-03 20:47:48,NARCOTICS,POSSESSION OF HEROIN,41.916889627635264,-87.6235142389787,PARK,False,False,D-10,W-34
CR-2023-002433,2023-04-26 15:53:03,NARCOTICS,POSSESSION OF COCAINE,41.88096374786216,-87.63034495912063,STREET,True,False,D-08,W-04
CR-2025-001754,2025-10-04 02:40:41,ASSAULT,AGGRAVATED ASSAULT,41.88560360704155,-87.63780400459659,PARKING LOT,False,False,D-13,W-07
CR-2024-002302,2025-09-05 01:27:32,ROBBERY,ARMED ROBBERY,41.75159646016428,-87.63534190193856,PARKING LOT,False,False,D-13,W-45
CR-2025-002945,2024-11-14 10:57:42,ASSAULT,AGGRAVATED ASSAULT,41.87468420577747,-87.61906760354846,RESIDENCE,False,False,D-05,W-36
CR-2025-005381,2023-08-15 05:34:21,CRIMINAL DAMAGE,TO VEHICLE,41.87330251603808,-87.60578638012167,PARKING LOT,False,False,D-04,W-45
CR-2023-003381,2024-08-14 12:25:37,ASSAULT,AGGRAVATED ASSAULT,41.88255840832378,-87.60479114737376,PARKING LOT,True,False,D-12,W-27
CR-2025-001859,2025-10-13 08:01:14,NARCOTICS,POSSESSION OF COCAINE,41.94477101861505,-87.65742674005062,PARKING LOT,True,True,D-08,W-25
CR-2023-005535,2024-09-23 20:34:49,CRIMINAL DAMAGE,GRAFFITI,41.934449161150496,-87.68767645143973,PARKING LOT,False,False,D-04,W-46
CR-2023-003822,2023-05-18 12:24:31,BATTERY,AGGRAVATED BATTERY,41.89227967656854,-87.63808854019179,RESIDENCE,True,False,D-10,W-32
CR-2025-001313,2023-07-01 17:54:00,BATTERY,DOMESTIC BATTERY,41.899150549551884,-87.61933145091191,STREET,True,False,D-04,W-14
CR-2025-005933,2023-10-17 20:24:51,ASSAULT,AGGRAVATED ASSAULT,41.877100984594676,-87.66316576162913,PARK,False,True,D-05,W-39
CR-2024-002461,2024-08-31 22:49:37,MOTOR VEHICLE THEFT,MOTORCYCLE,41.89117305059651,-87.70144462881004,PARKING LOT,False,False,D-12,W-17
CR-2023-004317,2023-01-03 01:42:08,MOTOR VEHICLE THEFT,TRUCK,41.86057810554593,-87.7479196334862,PARK,False,False,D-04,W-09
CR-2025-000146,2023-12-21 17:18:08,ASSAULT,AGGRAVATED ASSAULT,41.764165881076394,-87.60775994757448,STREET,False,False,D-08,W-09
CR-2023-003546,2023-12-22 21:51:18,NARCOTICS,POSSESSION OF HEROIN,41.856192486508725,-87.61193108977552,PARKING LOT,True,False,D-15,W-17
CR-2023-000831,2024-11-30 04:04:16,BATTERY,AGGRAVATED BATTERY,41.725853627524785,-87.64419554967736,COMMERCIAL BUILDING,True,True,D-15,W-17
CR-2025-005543,2023-05-21 02:13:11,MOTOR VEHICLE THEFT,MOTORCYCLE,41.78442104425726,-87.63007060947689,PARKING LOT,False,False,D-02,W-03
CR-2023-004590,2024-02-12 19:05:34,BATTERY,DOMESTIC BATTERY,41.876672778153846,-87.63562719860157,RESIDENCE,False,False,D-05,W-43
CR-2024-004018,2025-07-11 14:08:13,NARCOTICS,SALE/MANUFACTURE,41.854804470832406,-87.65085337944346,STREET,True,False,D-07,W-15
CR-2025-000842,2023-04-27 12:03:30,ASSAULT,SIMPLE ASSAULT,41.86041440313261,-87.61198480917308,PARKING LOT,False,True,D-04,W-30
CR-2024-005770,2025-09-15 23:07:02,ASSAULT,,41.76286460524941,-87.60123305789865,SIDEWALK,False,True,D-13,W-29
CR-2025-003089,2025-08-09 03:50:21,ASSAULT,SIMPLE ASSAULT,41.98022800735526,-87.63776571627227,ALLEY,False,False,D-09,W-43
CR-2023-002184,2024-02-27 23:37:45,MOTOR VEHICLE THEFT,MOTORCYCLE,41.76208786009984,-87.623418229102,RESIDENCE,False,False,D-13,W-42
CR-2024-001309,2025-05-16 00:18:28,ASSAULT,AGGRAVATED ASSAULT,41.88883104728308,-87.70069519820136,COMMERCIAL BUILDING,True,True,D-13,W-05
CR-2025-003446,2025-01-22 02:23:15,ROBBERY,STRONGARM ROBBERY,41.74778783875278,-87.61775431965684,COMMERCIAL BUILDING,False,False,D-11,W-35
CR-2023-004077,2023-08-29 08:13:34,ASSAULT,AGGRAVATED ASSAULT,41.89199386236627,-87.63559003863475,COMMERCIAL BUILDING,False,False,D-13,W-38
CR-2025-005219,2023-08-26 00:47:23,MOTOR VEHICLE THEFT,MOTORCYCLE,41.90969738978125,-87.73876783442599,PARK,False,False,D-12,W-28
CR-2025-002429,2025-06-08 14:01:30,ROBBERY,ARMED ROBBERY,41.88006035036697,-87.6319228863005,PARKING LOT,False,False,D-02,W-40
CR-2025-005936,2023-08-20 20:21:02,ROBBERY,ARMED ROBBERY,41.8842272800722,-87.6427193215358,PARKING LOT,False,False,D-04,W-26
CR-2023-002676,2024-06-29 07:52:37,MOTOR VEHICLE THEFT,MOTORCYCLE,41.88061355158702,-87.61236610603741,PARKING LOT,False,False,D-03,W-18
CR-2024-002035,2024-07-20 00:41:31,ROBBERY,STRONGARM ROBBERY,41.89089611300941,-87.739585111841,SIDEWALK,True,False,D-03,W-04
CR-2024-000592,2024-11-15 00:16:56,BATTERY,SIMPLE BATTERY,41.75415929658574,-87.6054807203003,STREET,True,False,D-10,W-01
CR-2025-004742,2025-02-21 21:59:19,ASSAULT,SIMPLE ASSAULT,41.855718469742826,-87.61037189390996,COMMERCIAL BUILDING,False,False,D-09,W-48
CR-2023-000543,2025-10-19 21:16:51,BATTERY,SIMPLE BATTERY,41.804657086350794,-87.62303027102435,RESIDENCE,False,True,D-03,W-25
CR-2025-005339,2024-03-10 17:43:02,CRIMINAL DAMAGE,GRAFFITI,41.870153484411155,-87.6177271609273,SIDEWALK,False,False,D-10,W-24
CR-2025-005312,2025-08-02 22:19:17,BURGLARY,FORCIBLE ENTRY,41.97236450786402,-87.66101083250614,STREET,False,False,D-08,W-13
CR-2025-000416,2024-10-08 17:57:41,NARCOTICS,POSSESSION OF COCAINE,41.863037888498724,-87.64131696347657,PARKING LOT,True,False,D-03,W-19
CR-2023-002847,2023-12-16 09:16:41,ASSAULT,AGGRAVATED ASSAULT,41.90376543213787,-87.62194059231885,PARKING LOT,False,True,D-08,W-41
CR-2023-004167,2023-11-01 10:51:20,MOTOR VEHICLE THEFT,TRUCK,41.96902761050555,-87.6475362840869,PARKING LOT,False,False,D-07,W-41
CR-2023-004965,2025-12-22 01:51:13,BATTERY,SIMPLE BATTERY,41.761261551318036,-87.65015099181569,PARK,True,True,D-14,W-37
CR-2023-002724,2025-07-30 20:56:52,MOTOR VEHICLE THEFT,,41.882899477867184,-87.6509041510077,SIDEWALK,False,False,D-12,W-32
CR-2024-003478,2023-05-25 11:10:46,BATTERY,DOMESTIC BATTERY,41.95029055135177,-87.61917821764325,PARKING LOT,False,False,D-09,W-35
CR-2023-001455,2025-10-17 21:00:02,THEFT,GRAND THEFT,41.87006997369476,-87.62442319572686,COMMERCIAL BUILDING,False,False,D-11,W-48
CR-2025-003413,2023-01-21 08:02:05,ROBBERY,ARMED ROBBERY,41.74151146158754,-87.62930746123271,RESIDENCE,False,False,D-13,W-36
CR-2024-001096,2024-07-06 03:06:00,MOTOR VEHICLE THEFT,AUTOMOBILE,41.90846464434931,-87.65024761006889,RESIDENCE,True,False,D-01,W-31
CR-2023-004236,2024-07-12 11:23:53,ASSAULT,AGGRAVATED ASSAULT,41.93523234564119,-87.66719007391897,RESIDENCE,False,False,D-15,W-35
CR-2025-000872,2024-02-12 01:12:00,ROBBERY,ARMED ROBBERY,41.86390764358457,-87.72260935831078,PARKING LOT,False,False,D-14,W-01
CR-2024-002989,2025-03-04 09:27:18,BATTERY,SIMPLE BATTERY,41.88169786618774,-87.62250535009974,ALLEY,True,True,D-05,W-17
CR-2024-000802,2025-03-31 17:26:41,NARCOTICS,SALE/MANUFACTURE,41.87085884716727,-87.64409992912388,ALLEY,False,False,D-02,W-49
CR-2023-002424,2025-08-15 20:52:43,ASSAULT,AGGRAVATED ASSAULT,41.869672368509725,-87.62260958569856,COMMERCIAL BUILDING,False,True,D-15,W-33
CR-2025-000542,2023-03-30 19:27:33,ROBBERY,ARMED ROBBERY,41.78844838630579,-87.61824895882023,RESIDENCE,False,False,D-10,W-19
CR-2025-000557,2024-08-18 12:25:54,BATTERY,SIMPLE BATTERY,41.88035628357716,-87.624325584963,PARK,True,True,D-08,W-42
CR-2025-002390,2025-03-04 00:49:56,NARCOTICS,SALE/MANUFACTURE,41.78587709645863,-87.62171090808296,ALLEY,False,False,D-10,W-04
CR-2025-005888,2024-05-27 09:08:28,ROBBERY,STRONGARM ROBBERY,41.91977771714458,-87.65670059553615,ALLEY,False,False,D-03,W-32
CR-2025-003911,2025-07-06 22:25:39,NARCOTICS,SALE/MANUFACTURE,41.93851619953866,-87.64962310865394,PARK,True,False,D-12,W-45
CR-2025-004871,2024-03-27 21:02:28,BATTERY,AGGRAVATED BATTERY,41.85431455616624,-87.7235170480242,COMMERCIAL BUILDING,True,False,D-04,W-12
CR-2023-000912,2023-02-17 21:24:19,NARCOTICS,POSSESSION OF COCAINE,41.78311636679917,-87.61795148376076,STREET,False,False,D-06,W-16
CR-2025-002966,2023-09-13 20:38:06,CRIMINAL DAMAGE,TO VEHICLE,41.95045834781046,-87.70158088132,SIDEWALK,False,False,D-12,W-44
CR-2024-002917,2024-10-03 22:20:04,BURGLARY,FORCIBLE ENTRY,41.880864635961174,-87.63610041590941,PARK,False,False,D-10,W-32
CR-2025-000767,2025-09-07 03:02:53,NARCOTICS,POSSESSION OF HEROIN,41.87110945247198,-87.653720546009,ALLEY,True,False,D-08,W-48
CR-2025-005231,2023-07-18 22:37:45,ASSAULT,SIMPLE ASSAULT,41.86780093202228,-87.6424853396717,PARK,True,False,D-10,W-06
CR-2025-002705,2025-10-13 13:06:56,BURGLARY,FORCIBLE ENTRY,41.87112242963227,-87.73632436779133,RESIDENCE,False,False,D-10,W-26
CR-2024-001810,2024-06-07 11:59:23,MOTOR VEHICLE THEFT,AUTOMOBILE,41.857507108227786,-87.62452780149472,STREET,False,False,D-13,W-17
CR-2025-005729,2024-09-11 19:43:19,MOTOR VEHICLE THEFT,TRUCK,41.93356313677983,-87.66293542393348,PARK,True,False,D-15,W-47
CR-2023-001938,2024-07-10 16:50:12,NARCOTICS,SALE/MANUFACTURE,41.80265039571674,-87.62292488194865,PARKING LOT,True,False,D-07,W-12
CR-2023-004434,2025-08-15 08:54:19,NARCOTICS,POSSESSION OF HEROIN,41.94929104331142,-87.68262228161868,APARTMENT,True,False,D-12,W-08
CR-2025-001268,2025-06-25 00:13:11,THEFT,PETTY THEFT,41.96791633438689,-87.63693091112115,RESIDENCE,False,False,D-15,W-01
CR-2023-000663,2024-10-11 16:38:53,PETTY THEFT,TO VEHICLE,41.86369196291126,-87.729493576003,SIDEWALK,False,False,D-09,W-29
CR-2025-005471,2023-10-11 18:44:07,CRIMINAL DAMAGE,GRAFFITI,41.88841853124339,-87.63500742223628,PARK,False,True,D-05,W-14
CR-2025-003884,2025-04-07 06:45:55,ASSAULT,AGGRAVATED ASSAULT,41.96227646907718,-87.63196943327557,COMMERCIAL BUILDING,False,True,D-11,W-25
CR-2023-002952,2024-05-28 10:01:42,THEFT,RETAIL THEFT,41.75655634952291,-87.6386991242227,SIDEWALK,False,False,D-11,W-40
CR-2023-002199,2025-12-03 00:34:51,THEFT,FROM BUILDING,41.805901401478486,-87.6054302871465,STREET,False,,D-04,W-14
CR-2025-000476,2023-01-28 07:48:57,BATTERY,AGGRAVATED BATTERY,41.859326908637144,-87.6081435309389,COMMERCIAL BUILDING,False,False,D-01,W-09
CR-2025-004367,2025-10-16 02:26:14,THEFT,RETAIL THEFT,41.854559156069385,-87.6393532358341,APARTMENT,False,False,D-14,W-43
CR-2024-000241,2025-10-27 03:42:08,THEFT,RETAIL THEFT,41.91627107359485,-87.65123072728265,PARKING LOT,False,False,D-07,W-15
CR-2025-000524,2024-05-22 19:32:11,CRIMINAL DAMAGE,TO PROPERTY,41.81581350874315,-87.59449771614632,SIDEWALK,False,False,D-14,W-28
CR-2023-000708,2024-05-24 10:35:32,BURGLARY,FORCIBLE ENTRY,41.94954026249794,-87.64992815442274,RESIDENCE,False,False,D-09,W-31
CR-2023-004836,2023-05-31 23:57:28,MOTOR VEHICLE THEFT,TRUCK,41.86269122168743,-87.65381771798218,ALLEY,True,False,D-13,W-32
CR-2025-005264,2024-03-20 11:26:55,NARCOTICS,SALE/MANUFACTURE,41.895057899293064,-87.62933789297503,COMMERCIAL BUILDING,True,False,D-03,W-31
CR-2025-001244,2024-04-20 23:27:54,BURGLARY,COMMERCIAL,41.87848082630814,-87.65859509734297,COMMERCIAL BUILDING,False,False,D-15,W-10
CR-2024-002074,2024-09-19 10:57:30,MOTOR VEHICLE THEFT,AUTOMOBILE,41.87037825987628,-87.6261470469372,RESIDENCE,False,False,D-05,W-46
CR-2023-000027,2023-08-07 13:51:44,MOTOR VEHICLE THEFT,AUTOMOBILE,41.969019990449915,-87.63667439761767,ALLEY,False,False,D-11,W-34
CR-2023-000753,2023-05-26 19:26:46,ASSAULT,,41.88854581171186,-87.61547042187145,RESIDENCE,False,True,D-15,W-32
CR-2024-005653,2025-05-22 20:51:10,ASSAULT,AGGRAVATED ASSAULT,41.876152570137464,-87.74723401426759,PARK,False,True,D-15,W-26
CR-2024-001534,2025-10-28 11:55:57,MOTOR VEHICLE THEFT,TRUCK,41.88147896175872,-87.61940915867325,COMMERCIAL BUILDING,False,True,D-04,W-25
CR-2023-000240,2023-09-28 03:33:55,NARCOTICS,POSSESSION OF HEROIN,41.945841648170386,-87.674410808812,RESIDENCE,True,False,D-01,W-35
CR-2024-004126,2023-08-12 09:57:02,BURGLARY,RESIDENTIAL,41.91079423178862,-87.67580438171474,APARTMENT,False,False,D-09,W-19
CR-2025-001319,2025-06-26 00:23:03,CRIMINAL DAMAGE,TO PROPERTY,,,PARKING LOT,False,False,D-09,W-20
CR-2023-003465,2024-03-15 15:23:46,THEFT,PETTY THEFT,41.75934115193745,-87.60767086733968,PARKING LOT,False,False,D-06,W-34
CR-2024-000424,2025-06-24 22:51:50,NARCOTICS,POSSESSION OF HEROIN,41.76295650039372,-87.64227492387505,ALLEY,True,False,D-12,W-47
CR-2024-000055,2025-03-21 08:55:43,THEFT,RETAIL THEFT,41.730930719617525,-87.62966284688623,SIDEWALK,False,False,D-13,W-23
CR-2025-001508,2025-12-02 20:36:30,BURGLARY,FORCIBLE ENTRY,41.91801307849046,-87.71194311196221,STREET,False,False,D-03,W-07
CR-2024-004891,2025-05-03 06:36:24,ASSAULT,AGGRAVATED ASSAULT,41.86145374808168,-87.624951292187,PARKING LOT,False,False,D-15,W-44
CR-2025-003716,2024-11-01 10:28:19,BATTERY,AGGRAVATED BATTERY,41.88501908126477,-87.64366536000446,SIDEWALK,True,False,D-05,W-27
CR-2024-004513,2025-12-05 19:38:03,MOTOR VEHICLE THEFT,TRUCK,41.93966970273469,-87.63386639252218,ALLEY,False,False,D-09,W-49
CR-2023-003417,2023-06-07 16:33:40,PETTY THEFT,RETAIL THEFT,41.883889551388535,-87.64744967415851,PARK,False,True,D-08,W-08
CR-2023-000957,2023-06-28 21:50:11,ROBBERY,STRONGARM ROBBERY,41.912378845316944,-87.66615347599468,SIDEWALK,False,False,D-11,W-18
CR-2025-005105,2023-01-17 17:33:07,ROBBERY,STRONGARM ROBBERY,41.771125713337845,-87.61893709475662,SIDEWALK,False,False,D-12,W-23
CR-2025-005609,2024-05-25 06:34:11,BURGLARY,COMMERCIAL,41.88772818592217,-87.6355464238174,APARTMENT,False,False,D-03,W-36
CR-2023-005916,2025-08-30 19:01:56,BURGLARY,FORCIBLE ENTRY,41.88839731321089,-87.75576713055054,STREET,False,False,D-10,W-19
CR-2025-005480,2024-08-07 00:34:16,BATTERY,DOMESTIC BATTERY,41.83350040743061,-87.64878454667635,APARTMENT,True,True,D-13,W-38
CR-2024-004108,2023-05-26 00:56:44,BATTERY,DOMESTIC BATTERY,41.90038216053909,-87.66051155778656,PARKING LOT,True,False,D-10,W-50
CR-2025-005795,2023-06-23 12:58:32,THEFT,PETTY THEFT,41.95968996408095,-87.67853502600353,COMMERCIAL BUILDING,False,False,D-02,W-06
CR-2023-004914,2024-09-27 05:46:53,BURGLARY,FORCIBLE ENTRY,41.79196301916106,-87.64532843474825,ALLEY,False,False,D-12,W-42
CR-2024-004024,2024-07-11 13:28:12,ASSAULT,AGGRAVATED ASSAULT,41.85870316624393,-87.6285419124736,STREET,False,False,D-11,W-41
CR-2023-003846,2024-09-30 11:33:34,MOTOR VEHICLE THEFT,TRUCK,41.900495046566654,-87.63220195209398,COMMERCIAL BUILDING,False,False,D-13,W-40
CR-2023-000741,2024-03-18 18:40:21,BATTERY,AGGRAVATED BATTERY,41.911685349322205,-87.73409345134107,STREET,True,False,D-05,W-23
CR-2025-005372,2025-05-26 04:57:35,ASSAULT,SIMPLE ASSAULT,41.82085449805312,-87.63082423579704,COMMERCIAL BUILDING,False,True,D-15,W-35
CR-2025-002474,2025-10-19 05:56:00,BURGLARY,FORCIBLE ENTRY,41.8736578926424,-87.71907895237035,ALLEY,False,False,D-07,W-44
CR-2025-000950,2025-09-18 05:33:53,ROBBERY,ARMED ROBBERY,41.88855431606766,-87.63480729234634,STREET,True,False,D-07,W-20
CR-2023-000390,2023-10-15 07:47:32,BATTERY,DOMESTIC BATTERY,41.78334252502333,-87.66238360896776,SIDEWALK,True,True,D-10,W-08
CR-2025-002216,2025-05-02 19:11:20,BATTERY,AGGRAVATED BATTERY,41.95293368496989,-87.66653115492662,PARKING LOT,True,False,D-13,W-49
CR-2024-001522,2025-05-17 19:10:36,ROBBERY,ARMED ROBBERY,41.888819146859554,-87.66054911917867,COMMERCIAL BUILDING,True,False,D-14,W-05
CR-2023-001251,2024-09-06 14:26:12,BURGLARY,RESIDENTIAL,41.94177383233633,-87.66754473469015,ALLEY,False,,D-03,W-16
CR-2025-001034,2023-03-31 23:52:55,MOTOR VEHICLE THEFT,AUTOMOBILE,41.8144687034025,-87.60584461494396,RESIDENCE,False,True,D-02,W-28
CR-2024-005197,2024-06-01 08:12:32,THEFT,RETAIL THEFT,41.962745270875665,-87.67248798421635,SIDEWALK,False,False,D-10,W-22
CR-2024-004327,2024-07-27 21:21:06,ASSAULT,SIMPLE ASSAULT,41.96400403442372,-87.6787840459144,STREET,False,False,D-14,W-35
CR-2024-000727,not-a-valid-date-string,CRIMINAL DAMAGE,TO VEHICLE,41.95971019291263,-87.69051525518312,ALLEY,True,False,D-07,W-35
CR-2023-004824,2025-11-15 07:21:51,THEFT,RETAIL THEFT,41.786774296788884,-87.62362542956365,ALLEY,False,False,D-10,W-38
CR-2025-004304,2024-09-03 05:02:41,THEFT,PETTY THEFT,41.71617607053762,-87.64821916025097,STREET,True,False,D-07,W-01
CR-2024-003412,2023-08-23 19:33:34,CRIMINAL DAMAGE,GRAFFITI,41.889339238353195,-87.63876218287037,STREET,False,False,D-02,W-26
CR-2023-001077,2024-03-30 11:14:27,NARCOTICS,POSSESSION OF HEROIN,41.92319670469655,-87.66762722816078,STREET,True,False,D-01,W-36
CR-2024-001306,2024-01-18 12:39:45,NARCOTICS,POSSESSION OF HEROIN,41.87507762699079,-87.62989781972844,PARK,True,False,D-08,W-19
CR-2025-000236,2024-07-29 06:10:23,BATTERY,DOMESTIC BATTERY,41.855372134067025,-87.60929688598833,PARKING LOT,True,False,D-08,W-31
CR-2024-002974,2025-07-13 19:21:55,BURGLARY,RESIDENTIAL,41.85309854889817,-87.65222134219675,RESIDENCE,False,False,D-05,W-50
CR-2024-002995,2025-04-07 02:05:48,THEFT,RETAIL THEFT,41.88616652285553,-87.6252041577689,PARKING LOT,False,False,D-04,W-11
CR-2025-005840,2024-02-02 14:24:04,MOTOR VEHICLE THEFT,TRUCK,41.863240188837516,-87.63410082542231,PARKING LOT,False,False,D-01,W-02
CR-2025-001088,2025-05-10 11:40:59,CRIMINAL DAMAGE,GRAFFITI,41.738708474322046,-87.6243814855276,SIDEWALK,False,False,D-11,W-50
CR-2024-004105,2024-10-25 14:07:13,THEFT,GRAND THEFT,41.887444160456205,-87.62017687532597,STREET,False,False,D-14,W-16
CR-2023-001899,2025-05-10 01:56:33,ROBBERY,ARMED ROBBERY,41.86271954340753,-87.74518581888582,STREET,False,False,D-09,W-13
CR-2023-005841,2023-10-31 19:51:27,MOTOR VEHICLE THEFT,AUTOMOBILE,41.98743858179035,-87.65374125406883,STREET,False,False,D-02,W-25
CR-2023-003666,2023-06-12 22:32:02,BURGLARY,COMMERCIAL,41.83813218252029,-87.59411414794502,STREET,False,False,D-12,W-20
CR-2024-001606,2025-06-11 01:17:14,BURGLARY,COMMERCIAL,41.910610034007924,-87.69948170480917,PARK,False,False,D-04,W-06
CR-2024-003649,2024-06-22 21:50:58,THEFT,FROM BUILDING,41.76101217536287,-87.60096251970376,PARK,False,False,D-01,W-08
CR-2023-005001,2025-06-20 15:30:21,CRIMINAL DAMAGE,TO VEHICLE,41.763965473473874,-87.62623954882635,STREET,False,False,D-08,W-35
CR-2024-001432,2023-04-17 14:14:41,ASSAULT,SIMPLE ASSAULT,41.88422910961553,-87.63441712706708,RESIDENCE,False,True,D-11,W-47
CR-2025-005750,2024-08-10 07:30:54,BATTERY,DOMESTIC BATTERY,41.886404411140376,-87.62349535273772,STREET,True,False,D-04,W-20
CR-2024-004228,2025-10-22 01:13:57,ROBBERY,STRONGARM ROBBERY,41.80408260893683,-87.62841536963354,RESIDENCE,False,False,D-07,W-45
CR-2024-005530,2023-06-19 06:33:37,MOTOR VEHICLE THEFT,TRUCK,41.86038198240277,-87.63913920849939,PARK,False,False,D-10,W-17
CR-2025-004040,2023-08-13 14:51:43,MOTOR VEHICLE THEFT,TRUCK,41.86763953658126,-87.61272774503549,PARKING LOT,False,False,D-02,W-28
CR-2024-003802,2024-07-16 19:57:37,BURGLARY,COMMERCIAL,41.78654163921607,-87.64728136422033,PARK,False,False,D-14,W-27
CR-2024-003298,2025-01-17 13:42:46,ROBBERY,ARMED ROBBERY,41.938314039683746,-87.66745647785231,ALLEY,True,False,D-10,W-39
CR-2025-000887,2025-12-18 00:01:20,NARCOTICS,SALE/MANUFACTURE,41.86696294121453,-87.64960033766832,PARK,True,False,D-05,W-47
CR-2024-005452,2025-01-15 08:37:29,ASSAULT,SIMPLE ASSAULT,41.8791147566596,-87.75759373693997,PARK,True,True,D-03,W-33
CR-2024-004741,2024-03-16 07:10:37,MOTOR VEHICLE THEFT,MOTORCYCLE,41.92022078506416,-87.64979995403417,SIDEWALK,False,False,D-08,W-41
CR-2025-000065,2023-05-31 02:09:04,ASSAULT,AGGRAVATED ASSAULT,41.91738673137868,-87.65392874050387,PARKING LOT,False,False,D-05,W-30
CR-2024-001102,2024-03-01 20:19:14,MOTOR VEHICLE THEFT,MOTORCYCLE,41.92927127246364,-87.64585187444239,COMMERCIAL BUILDING,False,False,D-01,W-03
CR-2023-005409,2023-08-07 21:16:42,THEFT,FROM BUILDING,41.87803697126914,-87.60421956465231,COMMERCIAL BUILDING,False,False,D-15,W-32
CR-2023-005034,2023-10-13 00:41:43,BATTERY,DOMESTIC BATTERY,41.952713375418675,-87.66235092485474,STREET,True,False,D-07,W-13
CR-2025-000776,2024-07-13 23:49:09,NARCOTICS,SALE/MANUFACTURE,41.756950435331085,-87.649672008851,APARTMENT,True,False,D-04,W-48
CR-2023-005529,2025-03-16 20:07:49,MOTOR VEHICLE THEFT,TRUCK,41.86952107180703,-87.61757013749786,COMMERCIAL BUILDING,False,False,D-02,W-47
CR-2023-004755,2025-08-15 13:17:38,ROBBERY,STRONGARM ROBBERY,41.83756058582489,-87.7452564240065,COMMERCIAL BUILDING,False,False,D-13,W-09
CR-2023-000261,2025-09-13 17:05:28,BURGLARY,COMMERCIAL,41.93514752482108,-87.64388802662813,RESIDENCE,False,True,D-14,W-49
CR-2025-001613,2025-02-06 14:41:13,NARCOTICS,POSSESSION OF HEROIN,41.86539723550812,-87.61105571642055,PARK,True,False,D-12,W-49
CR-2025-005129,2025-04-04 02:14:53,THEFT,GRAND THEFT,41.76800722919038,-87.62982186212882,COMMERCIAL BUILDING,False,False,D-02,W-36
CR-2024-001948,2024-01-01 05:37:55,BATTERY,DOMESTIC BATTERY,41.81373636318811,-87.61123627244255,SIDEWALK,True,False,D-10,W-18
CR-2023-001098,2024-04-02 18:01:09,ROBBERY,ARMED ROBBERY,41.8844883080929,-87.62951278333877,ALLEY,False,False,D-06,W-26
CR-2023-000858,2024-04-03 22:25:54,OTHER OFFENSE,DUPLICATE ID TEST RECORD,41.78719950826422,-87.62423750800552,PARK,False,False,D-05,W-42
CR-2023-005241,2024-09-28 14:53:12,THEFT,PETTY THEFT,41.74545814534781,-87.61369570953454,COMMERCIAL BUILDING,False,False,D-11,W-11
CR-2024-001972,2023-11-26 01:30:14,THEFT,FROM BUILDING,41.87191668882463,-87.61609789401975,SIDEWALK,False,False,D-07,W-33
CR-2024-001159,2025-07-14 02:59:21,BURGLARY,COMMERCIAL,41.870550568428975,-87.74670277619349,ALLEY,False,False,D-04,W-28
CR-2023-003573,2023-07-04 07:02:19,CRIMINAL DAMAGE,TO PROPERTY,41.793640980783934,-87.69529570157613,PARKING LOT,False,False,D-02,W-43
CR-2023-002139,2024-09-06 23:18:10,BURGLARY,RESIDENTIAL,41.777196914370805,-87.6199007342287,PARKING LOT,False,False,D-12,W-38
CR-2025-004409,2023-06-14 07:35:08,CRIMINAL DAMAGE,TO VEHICLE,41.88932264481911,-87.72208544299984,SIDEWALK,False,True,D-05,W-31
CR-2024-004450,2024-05-11 12:10:31,CRIMINAL DAMAGE,TO PROPERTY,41.94606857307093,-87.65101662117736,RESIDENCE,False,False,D-14,W-10
CR-2025-002555,2023-03-08 00:25:49,MOTOR VEHICLE THEFT,TRUCK,41.87089028087768,-87.59170927565826,PARK,False,False,D-13,W-40
CR-2025-004613,2024-01-09 19:33:21,THEFT,GRAND THEFT,41.8707268337929,-87.63920572922046,ALLEY,False,False,D-01,W-32
CR-2025-004361,2023-12-28 08:35:13,CRIMINAL DAMAGE,TO PROPERTY,41.953950317177636,-87.64889624290156,RESIDENCE,True,False,D-11,W-05
CR-2024-003709,2025-07-22 10:33:11,NARCOTICS,POSSESSION OF COCAINE,41.77840204009251,-87.63519700297697,APARTMENT,True,False,D-04,W-36
CR-2023-001443,2023-05-17 21:52:17,NARCOTICS,POSSESSION OF COCAINE,41.93787504286965,-87.62753324443582,APARTMENT,True,False,D-04,W-01
CR-2025-005624,2025-10-06 23:57:29,BATTERY,SIMPLE BATTERY,41.896660546903455,-87.63366586842379,PARK,True,True,D-03,W-03
CR-2023-005517,2023-03-10 22:20:07,THEFT,RETAIL THEFT,41.86492817444592,-87.64457419187676,RESIDENCE,False,False,D-11,W-22
CR-2025-003806,2023-07-08 05:43:16,ROBBERY,ARMED ROBBERY,41.932246988845066,-87.66313139954711,PARKING LOT,False,False,D-04,W-34
CR-2025-001952,2023-09-11 10:09:46,BATTERY,DOMESTIC BATTERY,41.81926946976775,-87.6370507038623,ALLEY,True,True,D-06,W-09
CR-2024-002809,2023-07-25 03:16:59,NARCOTICS,SALE/MANUFACTURE,41.88762659149912,-87.72967029408555,PARKING LOT,True,False,D-10,W-06
CR-2024-002221,2024-07-13 15:54:57,BATTERY,AGGRAVATED BATTERY,41.88637828957734,-87.61959654687374,RESIDENCE,True,True,D-07,W-28
CR-2025-005369,2025-08-09 07:46:36,THEFT,FROM BUILDING,41.871913698952255,-87.65162338247934,APARTMENT,False,False,D-05,W-22
CR-2024-004447,2024-10-03 10:35:55,BURGLARY,FORCIBLE ENTRY,41.92593609898249,-87.61438690904646,ALLEY,True,False,D-11,W-40
CR-2025-005522,2025-10-06 23:12:40,MOTOR VEHICLE THEFT,AUTOMOBILE,41.88052326712241,-87.71143054341432,PARKING LOT,False,False,D-11,W-11
CR-2023-003900,2024-05-14 22:28:28,THEFT,FROM BUILDING,41.86559602575551,-87.63999832809604,SIDEWALK,False,False,D-13,W-05
CR-2025-004403,2023-02-23 07:19:43,ROBBERY,ARMED ROBBERY,41.757227885377915,-87.62974221975715,STREET,False,False,D-06,W-01
CR-2024-003490,2024-12-24 14:06:27,BURGLARY,COMMERCIAL,41.85836838039425,-87.61015833847897,RESIDENCE,False,False,D-11,W-04
CR-2024-005371,2025-10-07 13:17:46,THEFT,FROM BUILDING,41.86570452072102,-87.63568344417017,ALLEY,False,True,D-13,W-01
CR-2024-001327,2024-07-09 12:43:20,NARCOTICS,SALE/MANUFACTURE,41.935243308922956,-87.63820949545867,SIDEWALK,True,False,D-04,W-44
CR-2023-000846,2025-06-06 02:22:52,MOTOR VEHICLE THEFT,AUTOMOBILE,41.896283351354235,-87.75112763424444,PARK,True,False,D-05,W-33
CR-2024-005983,2024-07-14 22:36:31,ASSAULT,AGGRAVATED ASSAULT,41.78084714317452,-87.59039768341191,COMMERCIAL BUILDING,False,False,D-08,W-36
CR-2024-003394,2025-05-26 13:49:46,BATTERY,AGGRAVATED BATTERY,41.860819507414895,-87.71452631840772,RESIDENCE,True,False,D-14,W-07
CR-2023-001782,2025-09-08 09:52:55,THEFT,PETTY THEFT,41.892475787297634,-87.62902508534724,APARTMENT,False,True,D-15,W-16
CR-2024-001483,2025-06-24 12:37:39,THEFT,RETAIL THEFT,41.955450099367134,-87.66670702732827,ALLEY,False,False,D-01,W-16
CR-2025-005417,2024-04-28 15:51:02,THEFT,PETTY THEFT,41.98130709904542,-87.66000329756501,ALLEY,False,False,D-03,W-01
CR-2024-001036,2023-05-25 01:02:09,ROBBERY,STRONGARM ROBBERY,41.879429863864424,-87.62684026438892,RESIDENCE,True,False,D-04,W-47
CR-2023-002427,2025-02-08 21:43:36,NARCOTICS,POSSESSION OF HEROIN,41.97203135432838,-87.60842691894375,APARTMENT,True,True,D-10,W-46
CR-2025-003008,2025-03-24 16:37:00,BATTERY,AGGRAVATED BATTERY,41.91981411913185,-87.7234019976599,ALLEY,False,False,D-06,W-28
CR-2023-001929,2025-10-02 14:20:38,ROBBERY,STRONGARM ROBBERY,41.760800241706434,-87.63388475877943,ALLEY,False,False,D-03,W-03
CR-2025-000860,2024-11-12 22:15:45,MOTOR VEHICLE THEFT,,41.95866211596352,-87.66049093355167,SIDEWALK,False,False,D-08,W-42
CR-2023-002406,2025-10-10 02:58:16,THEFT,GRAND THEFT,41.88799176861671,-87.64185922622092,STREET,False,False,D-08,W-27
CR-2023-003453,2025-07-02 04:45:44,MOTOR VEHICLE THEFT,AUTOMOBILE,41.86063924051392,-87.6351698565162,ALLEY,False,False,D-02,W-33
CR-2025-000149,2024-03-23 13:53:41,CRIMINAL DAMAGE,TO PROPERTY,41.79922155297098,-87.61325927895192,STREET,False,False,D-14,W-06
CR-2023-001578,2025-09-12 00:19:46,BURGLARY,FORCIBLE ENTRY,41.74796433404443,-87.62626478820418,APARTMENT,False,False,D-13,W-28
CR-2025-002009,2025-12-12 17:27:55,THEFT,FROM BUILDING,41.871281533688354,-87.72848564239253,PARK,False,False,D-13,W-47
CR-2023-005319,2025-10-13 12:22:22,CRIMINAL DAMAGE,TO VEHICLE,41.76739019168358,-87.62969923536218,RESIDENCE,False,False,D-05,W-12
CR-2025-001592,2025-06-29 23:19:49,BATTERY,DOMESTIC BATTERY,41.759395021772065,-87.59573562739902,SIDEWALK,False,False,D-05,W-25
CR-2025-004352,2025-12-02 10:57:38,ASSAULT,AGGRAVATED ASSAULT,41.983286222294865,-87.64202804262878,RESIDENCE,False,False,D-08,W-11
CR-2025-005747,2025-03-15 04:43:41,ASSAULT,AGGRAVATED ASSAULT,41.97365154813928,-87.6564500593759,PARKING LOT,False,True,D-02,W-39
CR-2024-001291,2025-04-26 10:48:38,BATTERY,AGGRAVATED BATTERY,41.947337586939646,-87.63082862235163,PARKING LOT,True,False,D-11,W-11
CR-2023-000339,2025-04-03 10:43:36,ASSAULT,AGGRAVATED ASSAULT,41.802291959828686,-87.59721112262515,APARTMENT,False,False,D-06,W-05
CR-2025-004763,2025-06-11 12:47:27,MOTOR VEHICLE THEFT,AUTOMOBILE,41.92462117763893,-87.646464787007,SIDEWALK,False,False,D-09,W-45
CR-2024-005731,2025-09-09 01:55:04,THEFT,FROM BUILDING,41.86943986976438,-87.6524498975587,APARTMENT,False,False,D-04,W-13
CR-2023-003642,2023-12-01 21:23:45,MOTOR VEHICLE THEFT,TRUCK,41.896845656302766,-87.64564745605938,SIDEWALK,False,False,D-06,W-45
CR-2025-003620,2023-07-18 07:36:28,ASSAULT,AGGRAVATED ASSAULT,41.796105132661324,-87.64009017075519,APARTMENT,False,True,D-13,W-41
CR-2024-004558,2025-10-28 05:54:42,ROBBERY,ARMED ROBBERY,41.909633607070674,-87.71377373491241,PARK,False,True,D-13,W-41
CR-2024-005362,2023-11-15 21:33:47,ASSAULT,AGGRAVATED ASSAULT,41.79487392035532,-87.64671220253823,COMMERCIAL BUILDING,False,False,D-06,W-03
CR-2023-000822,2023-12-28 12:11:14,ROBBERY,STRONGARM ROBBERY,41.8621640970778,-87.62337539354189,PARK,False,False,D-02,W-07
CR-2023-001641,2025-07-28 05:14:22,THEFT,FROM BUILDING,41.84185709619704,-87.71112379838095,COMMERCIAL BUILDING,True,False,D-03,W-21
CR-2023-001698,2023-12-07 20:40:35,ASSAULT,AGGRAVATED ASSAULT,41.88568383862754,-87.60746330337508,RESIDENCE,False,True,D-08,W-44
CR-2023-000414,2024-01-26 02:29:09,MOTOR VEHICLE THEFT,TRUCK,41.87179719774357,-87.63402676913292,RESIDENCE,False,False,D-08,W-32
CR-2023-004329,2023-11-16 23:15:05,ASSAULT,AGGRAVATED ASSAULT,41.8791248319491,-87.6279053122812,COMMERCIAL BUILDING,False,False,D-01,W-23
CR-2024-005422,2024-07-11 02:47:54,ASSAULT,SIMPLE ASSAULT,41.87238144069091,-87.63290742533641,SIDEWALK,False,False,D-14,W-13
CR-2023-002460,2024-02-23 22:15:49,NARCOTICS,SALE/MANUFACTURE,41.90305599248216,-87.62522135310203,PARKING LOT,False,False,D-05,W-17
CR-2023-004341,2024-06-25 13:21:39,BATTERY,SIMPLE BATTERY,41.852790813805385,-87.61733183345201,PARKING LOT,True,False,D-08,W-42
CR-2024-000619,2023-09-08 21:16:34,CRIMINAL DAMAGE,TO PROPERTY,41.79312457697963,-87.58829008442179,PARKING LOT,False,False,D-08,W-46
CR-2024-005848,2024-08-03 23:27:13,THEFT,GRAND THEFT,41.935808115362725,-87.67995178128338,SIDEWALK,False,False,D-13,W-36
CR-2024-004375,2024-09-13 23:02:01,NARCOTICS,POSSESSION OF COCAINE,41.800926554684516,-87.6154852614547,RESIDENCE,True,False,D-10,W-02
CR-2025-002297,2025-03-21 13:58:48,ASSAULT,SIMPLE ASSAULT,41.87797830197583,-87.62742866162016,STREET,False,False,D-15,W-19
CR-2024-004972,2025-04-18 22:20:22,ROBBERY,STRONGARM ROBBERY,41.774075465805986,-87.67355287704963,STREET,False,False,D-15,W-40
CR-2025-003698,2025-02-27 02:23:02,THEFT,PETTY THEFT,41.97617329040205,-87.65245244174979,ALLEY,False,False,D-06,W-16
CR-2025-001967,2024-06-01 00:28:02,ASSAULT,AGGRAVATED ASSAULT,41.88168154790307,-87.71991038390237,ALLEY,False,False,D-09,W-29
CR-2025-002492,2024-04-13 23:07:17,ROBBERY,STRONGARM ROBBERY,41.793021058965,-87.58810505484661,COMMERCIAL BUILDING,False,False,D-15,W-13
CR-2023-005568,2025-01-11 16:12:46,MOTOR VEHICLE THEFT,AUTOMOBILE,41.929212900787036,-87.67893991043795,ALLEY,False,False,D-03,W-14
CR-2025-001748,2023-07-28 22:04:54,BURGLARY,COMMERCIAL,41.895279018404,-87.72776559313195,SIDEWALK,False,False,D-08,W-20
CR-2024-000058,2025-03-19 00:07:29,ROBBERY,STRONGARM ROBBERY,41.94770576460589,-87.67867356075239,PARKING LOT,True,False,D-01,W-40
CR-2023-004896,2024-07-06 20:45:03,MOTOR VEHICLE THEFT,TRUCK,41.880804575770064,-87.64414203554438,STREET,False,False,D-01,W-49
CR-2024-002080,2024-09-06 12:07:57,ROBBERY,ARMED ROBBERY,41.87829242965316,-87.6226025944695,ALLEY,True,False,D-05,W-49
CR-2023-001965,2023-11-28 07:27:46,ROBBERY,STRONGARM ROBBERY,41.79568827929322,-87.59079921601531,STREET,True,False,D-09,W-07
CR-2025-005315,2024-03-06 00:19:56,THEFT,PETTY THEFT,41.9726988821371,-87.65318459232951,COMMERCIAL BUILDING,False,False,D-03,W-18
CR-2025-000428,2025-05-21 13:03:27,ASSAULT,AGGRAVATED ASSAULT,41.86561466640344,-87.6227287666542,ALLEY,False,False,D-10,W-36
CR-2024-003049,2023-06-13 04:11:48,BATTERY,AGGRAVATED BATTERY,41.784726073788235,-87.64695161959047,RESIDENCE,True,False,D-02,W-14
CR-2025-005225,2023-05-19 07:28:05,ROBBERY,ARMED ROBBERY,41.88493470365133,-87.6416983179581,PARK,False,False,D-12,W-20
CR-2025-004895,2025-12-07 00:39:13,BATTERY,DOMESTIC BATTERY,41.895408283678336,-87.72086428938485,COMMERCIAL BUILDING,False,False,D-06,W-01
CR-2025-001853,2025-10-22 14:42:08,THEFT,RETAIL THEFT,41.8702314947935,-87.609516959817,ALLEY,False,False,D-12,W-25
CR-2024-005710,2024-08-16 22:44:50,ASSAULT,AGGRAVATED ASSAULT,41.9520843445906,-87.64310097225335,APARTMENT,False,True,D-15,W-38
CR-2024-004948,2023-02-17 16:31:54,THEFT,,41.87144855872648,-87.63385405551512,APARTMENT,False,False,D-10,W-46
CR-2024-003028,2025-01-23 00:56:36,BATTERY,DOMESTIC BATTERY,41.8792176439074,-87.61441551829192,PARK,True,False,D-14,W-46
CR-2024-001741,2023-07-10 06:59:49,CRIMINAL DAMAGE,TO PROPERTY,41.76986723595082,-87.63060460403223,COMMERCIAL BUILDING,False,False,D-11,W-39
CR-2025-004382,2023-11-24 15:01:49,CRIMINAL DAMAGE,GRAFFITI,41.77729155881552,-87.64037929459884,STREET,True,False,D-04,W-38
CR-2023-002886,2024-10-23 22:36:58,NARCOTICS,SALE/MANUFACTURE,41.79633967425848,-87.6499022917555,PARK,False,False,D-15,W-32
CR-2025-002540,2024-08-15 06:37:43,ROBBERY,ARMED ROBBERY,41.86271538871931,-87.72445335779007,PARKING LOT,False,False,D-09,W-12
CR-2023-002769,2023-09-01 08:04:22,BURGLARY,COMMERCIAL,41.7480892190209,-87.6051884507366,STREET,False,False,D-07,W-10
CR-2023-003519,2025-08-02 07:42:06,ASSAULT,SIMPLE ASSAULT,41.84381334133258,-87.64153887043823,ALLEY,False,False,D-03,W-20
CR-2023-003966,2025-08-08 13:21:21,BURGLARY,FORCIBLE ENTRY,41.87745633697773,-87.7024169736451,PARK,False,False,D-05,W-01
CR-2025-003632,2025-05-22 07:59:43,BURGLARY,FORCIBLE ENTRY,41.775221512379645,-87.64541560177,APARTMENT,False,False,D-01,W-06
CR-2023-000249,2025-07-28 21:37:55,THEFT,RETAIL THEFT,41.86496572619923,-87.65054199596447,ALLEY,False,False,D-04,W-44
CR-2023-000255,2023-04-08 12:10:03,CRIMINAL DAMAGE,TO PROPERTY,41.953809136515595,-87.65630476218898,ALLEY,False,False,D-06,W-24
CR-2024-001210,2023-04-15 23:06:37,BURGLARY,FORCIBLE ENTRY,41.969346354132426,-87.63190820015144,PARKING LOT,False,False,D-11,W-08
CR-2025-000839,2025-07-01 13:16:22,CRIMINAL DAMAGE,TO PROPERTY,41.89307466347222,-87.63627430469077,SIDEWALK,False,False,D-14,W-38
CR-2023-001731,2024-06-18 00:51:44,BURGLARY,COMMERCIAL,,,PARK,False,False,D-07,W-06
CR-2025-000821,2025-11-24 15:28:18,ASSAULT,SIMPLE ASSAULT,,,PARKING LOT,False,False,D-14,W-05
CR-2024-000973,2024-04-13 14:17:12,NARCOTICS,POSSESSION OF COCAINE,41.95594200787804,-87.65588525627369,PARKING LOT,True,False,D-03,W-14
CR-2025-003653,2024-02-16 23:11:07,CRIMINAL DAMAGE,TO PROPERTY,41.80444088034569,-87.59309079914391,APARTMENT,False,False,D-13,W-12
CR-2024-004684,2024-07-12 01:43:00,NARCOTICS,POSSESSION OF COCAINE,41.96790401083369,-87.647914724447,PARK,True,False,D-10,W-40
CR-2025-004715,2025-07-25 20:51:03,BURGLARY,COMMERCIAL,41.965655091839054,-87.67190140990259,SIDEWALK,False,,D-15,W-16
CR-2024-001549,2023-12-10 22:35:38,ROBBERY,STRONGARM ROBBERY,41.77566206882842,-87.61450356786763,STREET,False,False,D-12,W-44
CR-2024-001471,2024-07-02 16:18:35,CRIMINAL DAMAGE,GRAFFITI,41.892128636313615,-87.73032905590796,PARKING LOT,False,False,D-11,W-11
CR-2023-001278,2025-04-15 19:05:59,ASSAULT,SIMPLE ASSAULT,41.895685045219665,-87.65523248986806,APARTMENT,True,False,D-05,W-37
CR-2024-002578,2023-05-06 17:48:27,ASSAULT,SIMPLE ASSAULT,41.88016028719111,-87.5860273966741,PARK,False,,D-03,W-08
CR-2025-002354,2024-10-12 00:13:23,CRIMINAL DAMAGE,TO VEHICLE,41.80278173093018,-87.62996857237475,STREET,False,False,D-09,W-20
CR-2023-000933,2023-04-09 02:03:39,BURGLARY,RESIDENTIAL,41.89358819306513,-87.61289942294759,ALLEY,False,False,D-08,W-27
CR-2023-000612,2023-08-30 15:38:34,ROBBERY,ARMED ROBBERY,41.87532068511684,-87.63174731049601,SIDEWALK,False,False,D-12,W-23
CR-2024-000280,2023-06-08 23:30:11,MOTOR VEHICLE THEFT,MOTORCYCLE,41.78614437142241,-87.57711498003387,ALLEY,False,False,D-12,W-37
CR-2023-005718,2024-04-03 21:24:36,ROBBERY,ARMED ROBBERY,41.87529251678205,-87.6106560401819,PARKING LOT,False,False,D-12,W-13
CR-2025-005714,2024-06-02 22:02:25,ROBBERY,STRONGARM ROBBERY,41.87687188734214,-87.62134489518596,SIDEWALK,False,False,D-14,W-42
CR-2023-005178,2025-07-25 15:18:03,ASSAULT,SIMPLE ASSAULT,41.958396432719475,-87.69512280297909,STREET,False,True,D-15,W-15
CR-2025-002183,2023-04-15 23:49:02,MOTOR VEHICLE THEFT,MOTORCYCLE,41.937887381320294,-87.65465185973319,COMMERCIAL BUILDING,False,False,D-12,W-36
CR-2024-004759,2023-09-18 09:15:34,BURGLARY,RESIDENTIAL,41.773882869540614,-87.63911739642158,APARTMENT,False,,D-12,W-43
CR-2025-001163,2024-10-14 06:25:01,BATTERY,SIMPLE BATTERY,41.926565982477214,-87.66304199404948,ALLEY,True,False,D-09,W-09
CR-2025-005663,2025-05-11 03:00:06,BURGLARY,COMMERCIAL,41.88010348123304,-87.61966503320114,ALLEY,False,False,D-09,W-48
CR-2025-001919,2024-10-09 03:14:12,BURGLARY,COMMERCIAL,41.754698856037244,-87.63675769263463,APARTMENT,False,False,D-13,W-16
CR-2025-003602,2025-10-23 09:00:18,ASSAULT,SIMPLE ASSAULT,41.73530818494009,-87.62507942459754,PARK,False,False,D-06,W-30
CR-2024-003259,2025-02-26 22:37:17,CRIMINAL DAMAGE,TO PROPERTY,41.894333039057855,-87.64851288374487,ALLEY,False,False,D-06,W-15
CR-2023-004662,2025-04-05 14:00:32,ROBBERY,STRONGARM ROBBERY,41.85641722778382,-87.62437128593905,SIDEWALK,False,False,D-13,W-20
CR-2024-002485,2023-09-09 23:00:54,MOTOR VEHICLE THEFT,AUTOMOBILE,41.97897495701082,-87.65692091929444,STREET,False,False,D-05,W-49
CR-2025-000350,2023-10-11 22:50:55,ROBBERY,STRONGARM ROBBERY,41.765831924487024,-87.60277476935408,STREET,False,False,D-15,W-45
CR-2024-003637,2024-08-16 02:13:14,CRIMINAL DAMAGE,TO PROPERTY,41.81481073798897,-87.64659790813539,STREET,True,False,D-09,W-28
CR-2025-003809,2024-03-30 02:02:59,ASSAULT,AGGRAVATED ASSAULT,41.74607578675132,-87.61915061935339,PARK,False,False,D-08,W-21
CR-2023-005970,2024-07-20 02:09:15,NARCOTICS,POSSESSION OF HEROIN,41.89286889342344,-87.61793991521964,APARTMENT,False,False,D-03,W-31
CR-2023-000870,2023-06-26 02:21:10,CRIMINAL DAMAGE,TO PROPERTY,41.87871991406632,-87.72993879101742,PARKING LOT,True,False,D-13,W-49
CR-2025-002666,2025-10-03 22:56:22,THEFT,RETAIL THEFT,,,SIDEWALK,False,False,D-01,W-13
CR-2023-004422,2025-09-29 22:57:53,PETTY THEFT,POSSESSION OF HEROIN,41.95710423056579,-87.67012996499825,ALLEY,True,False,D-06,W-19
CR-2023-000015,2023-07-24 02:32:16,ASSAULT,AGGRAVATED ASSAULT,41.763857334694265,-87.58269304538729,APARTMENT,False,True,D-14,W-35
CR-2024-001195,2025-04-22 09:59:14,ROBBERY,STRONGARM ROBBERY,41.850407182066434,-87.6437426629029,SIDEWALK,True,False,D-13,W-36
CR-2023-003435,2023-11-27 16:37:14,THEFT,PETTY THEFT,41.88423597407501,-87.61980058174815,PARK,False,False,D-10,W-35
CR-2025-003398,2025-08-18 20:05:22,NARCOTICS,POSSESSION OF HEROIN,41.901187135187165,-87.60621402684595,STREET,True,False,D-04,W-11
CR-2024-000694,2025-05-06 13:01:39,CRIMINAL DAMAGE,TO VEHICLE,41.94904008298131,-87.67036835740691,ALLEY,False,False,D-01,W-21
CR-2023-005961,2024-10-07 19:46:30,BATTERY,SIMPLE BATTERY,41.95107883765904,-87.66753386243403,PARK,True,False,D-02,W-32
CR-2025-001922,2025-08-21 02:53:54,ROBBERY,STRONGARM ROBBERY,41.98057561711469,-87.6387354061963,PARK,False,False,D-01,W-23
CR-2024-005947,2025-01-31 20:33:09,ASSAULT,SIMPLE ASSAULT,41.87362520406115,-87.7313490890204,ALLEY,True,True,D-07,W-32
CR-2024-002161,2025-04-29 23:42:50,THEFT,GRAND THEFT,41.809407072410444,-87.65591697818678,STREET,False,False,D-11,W-07
CR-2024-004039,2023-05-27 19:07:55,MOTOR VEHICLE THEFT,AUTOMOBILE,41.88706299168265,-87.70288387450489,PARK,False,False,D-01,W-34
CR-2023-005118,2024-04-29 16:43:14,BURGLARY,COMMERCIAL,41.89552254572723,-87.63257315134368,APARTMENT,False,False,D-14,W-14
CR-2023-001308,2025-01-29 04:39:31,THEFT,FROM BUILDING,41.76054565503054,-87.62695011108967,COMMERCIAL BUILDING,True,False,D-07,W-07
CR-2023-004710,2025-07-10 01:26:49,ASSAULT,AGGRAVATED ASSAULT,41.78620372105297,-87.62199410134994,SIDEWALK,False,False,D-07,W-23
CR-2023-004533,2024-01-21 08:01:29,MOTOR VEHICLE THEFT,MOTORCYCLE,41.864651216890294,-87.62119828759967,STREET,True,False,D-10,W-35
CR-2023-000900,2023-07-03 16:28:04,NARCOTICS,SALE/MANUFACTURE,41.98642381371506,-87.6565132162763,ALLEY,True,False,D-03,W-44
CR-2025-000527,2024-07-27 19:11:16,MOTOR VEHICLE THEFT,TRUCK,41.86984542269232,-87.63987435051908,ALLEY,True,True,D-09,W-50
CR-2024-002935,2025-12-29 00:24:13,CRIMINAL DAMAGE,GRAFFITI,41.76301147252961,-87.62379193728437,PARK,False,False,D-06,W-27
CR-2023-003804,2023-05-22 20:26:51,ROBBERY,ARMED ROBBERY,41.94089185107032,-87.65627659671867,PARK,False,False,D-11,W-42
CR-2023-002541,2024-11-27 15:55:53,CRIMINAL DAMAGE,GRAFFITI,41.950089335727796,-87.6766850898751,APARTMENT,True,False,D-09,W-39
CR-2023-000969,2023-07-02 03:25:06,ASSAULT,SIMPLE ASSAULT,41.894386794874094,-87.62833025269794,STREET,False,False,D-11,W-48
CR-2024-000853,2023-07-21 22:23:26,NARCOTICS,POSSESSION OF COCAINE,41.96185147402405,-87.6173023613021,SIDEWALK,True,False,D-08,W-43
CR-2024-003019,2024-09-16 15:55:59,ROBBERY,STRONGARM ROBBERY,41.890403485974595,-87.61754040694393,RESIDENCE,False,False,D-06,W-25
CR-2024-001111,2023-05-12 05:38:02,ROBBERY,STRONGARM ROBBERY,41.889262879572506,-87.63251836259828,SIDEWALK,False,False,D-12,W-48
CR-2024-005698,2025-11-09 21:59:42,BATTERY,AGGRAVATED BATTERY,41.879875253016856,-87.64185040649149,RESIDENCE,False,False,D-09,W-14
CR-2023-004971,2023-06-14 09:58:09,CRIMINAL DAMAGE,GRAFFITI,41.82945435250218,-87.58322057161085,PARKING LOT,False,False,D-15,W-10
CR-2023-000714,2025-02-07 01:40:21,BURGLARY,FORCIBLE ENTRY,41.874781195646214,-87.63395219949834,SIDEWALK,True,False,D-12,W-05
CR-2023-002571,2024-06-20 03:49:37,BATTERY,,41.80474702637311,-87.63918650268229,SIDEWALK,True,False,D-04,W-37
CR-2024-004834,2025-06-30 05:18:54,BURGLARY,COMMERCIAL,41.864226112764214,-87.62576836316278,RESIDENCE,False,False,D-04,W-37
CR-2023-000042,2023-05-27 01:19:38,BURGLARY,COMMERCIAL,41.865972595956606,-87.63732635565377,SIDEWALK,False,False,D-09,W-35
CR-2023-005760,2025-11-26 08:48:53,ROBBERY,STRONGARM ROBBERY,41.90429420707535,-87.77925589340065,APARTMENT,False,False,D-13,W-42
CR-2025-004973,2023-03-18 12:49:51,PETTY THEFT,STRONGARM ROBBERY,41.842954413475226,-87.63901057242325,PARK,False,False,D-15,W-31
CR-2023-002106,2025-09-04 13:59:59,NARCOTICS,POSSESSION OF COCAINE,41.964356875597915,-87.69248673543319,APARTMENT,True,False,D-03,W-30
CR-2024-001150,2025-08-02 03:19:44,MOTOR VEHICLE THEFT,AUTOMOBILE,41.893879214265844,-87.64477090940971,APARTMENT,True,False,D-09,W-35
CR-2023-001305,2023-08-31 05:47:15,THEFT,GRAND THEFT,41.8878728298701,-87.64686528505638,STREET,False,False,D-12,W-13
CR-2025-001511,2023-12-08 22:48:13,THEFT,RETAIL THEFT,41.87192860089326,-87.61249148898617,PARK,False,False,D-12,W-11
CR-2024-003445,2025-05-05 20:02:31,THEFT,FROM BUILDING,41.80417099337551,-87.54077362031074,APARTMENT,False,,D-13,W-30
CR-2025-001001,2024-06-20 05:50:59,BURGLARY,COMMERCIAL,41.93255160158,-87.66145923059278,PARKING LOT,False,False,D-09,W-02
CR-2024-005671,2023-03-31 15:53:45,ROBBERY,STRONGARM ROBBERY,41.87089756575211,-87.62934789008028,SIDEWALK,False,False,D-09,W-15
CR-2024-005980,2024-07-10 20:58:51,BATTERY,DOMESTIC BATTERY,41.779345806363246,-87.62806082853233,PARKING LOT,True,False,D-14,W-36
CR-2025-004049,2025-09-17 20:31:57,CRIMINAL DAMAGE,TO VEHICLE,41.95711092637985,-87.65197029454845,ALLEY,True,True,D-12,W-29
CR-2024-002683,2024-11-29 08:18:30,BATTERY,SIMPLE BATTERY,41.89854843462699,-87.63435439109347,PARKING LOT,True,True,D-03,W-05
CR-2025-004889,2024-07-29 01:13:07,BURGLARY,COMMERCIAL,41.79982477886584,-87.61978756032903,PARK,False,True,D-10,W-07
CR-2023-003771,2023-10-18 21:52:18,ASSAULT,SIMPLE ASSAULT,41.96429846227751,-87.62831729789772,ALLEY,True,True,D-05,W-10
CR-2024-005326,2025-12-16 22:37:45,MOTOR VEHICLE THEFT,MOTORCYCLE,41.940648382174885,-87.68860769276482,ALLEY,False,False,D-04,W-07
CR-2024-001015,2025-02-19 22:17:08,CRIMINAL DAMAGE,GRAFFITI,41.96454245193274,-87.67477092399409,PARK,False,False,D-10,W-07
CR-2025-001904,2024-11-01 16:44:35,MOTOR VEHICLE THEFT,TRUCK,41.795274389605545,-87.60873003386021,SIDEWALK,False,False,D-05,W-25
CR-2023-005217,2024-04-13 00:30:51,ASSAULT,SIMPLE ASSAULT,41.953420070863004,-87.65171171657902,RESIDENCE,False,False,D-04,W-47
CR-2025-003548,2025-06-07 20:40:43,BATTERY,AGGRAVATED BATTERY,41.846669857476016,-87.6305936321376,RESIDENCE,False,False,D-04,W-17
CR-2025-002360,2025-06-14 13:20:16,ROBBERY,STRONGARM ROBBERY,41.89320735800895,-87.62203007835413,PARK,False,False,D-03,W-12
CR-2023-001431,2025-01-30 00:50:12,BURGLARY,COMMERCIAL,41.926354157003274,-87.64167280979113,STREET,False,False,D-08,W-47
CR-2023-001749,2025-03-02 00:37:15,MOTOR VEHICLE THEFT,AUTOMOBILE,41.94473699057893,-87.6624334626836,SIDEWALK,False,False,D-15,W-12
CR-2024-000916,2024-11-01 12:32:54,NARCOTICS,SALE/MANUFACTURE,41.80272841584783,-87.62182189586996,STREET,True,False,D-14,W-02
CR-2025-002087,2025-04-30 01:16:48,THEFT,GRAND THEFT,41.87744318779382,-87.71805289834955,PARK,False,False,D-10,W-35
CR-2025-000362,2025-06-25 09:46:57,NARCOTICS,SALE/MANUFACTURE,41.783171635953195,-87.63359958340882,RESIDENCE,False,False,D-03,W-14
CR-2025-003479,2023-05-28 05:51:46,NARCOTICS,POSSESSION OF COCAINE,41.9181035783348,-87.6283426631937,RESIDENCE,True,,D-06,W-07
CR-2024-001768,2023-06-05 01:01:07,ROBBERY,ARMED ROBBERY,41.888284204816436,-87.64198603523407,SIDEWALK,False,False,D-07,W-30
CR-2024-003751,2023-10-19 08:54:10,NARCOTICS,POSSESSION OF HEROIN,41.88940126210132,-87.6283026052735,PARK,True,False,D-12,W-33
CR-2024-000808,2025-01-09 14:40:14,BURGLARY,RESIDENTIAL,41.954375058167315,-87.6703358210019,SIDEWALK,True,False,D-14,W-22
CR-2023-002976,2023-08-25 10:19:47,BATTERY,AGGRAVATED BATTERY,41.867351397673644,-87.61765608346043,STREET,True,True,D-02,W-46
CR-2023-002961,2024-06-20 05:18:47,CRIMINAL DAMAGE,,41.887761856517756,-87.62857016779263,PARKING LOT,False,False,D-10,W-33
CR-2025-004688,2023-09-05 04:26:40,ROBBERY,STRONGARM ROBBERY,41.84712702083475,-87.61147292972535,STREET,False,False,D-05,W-14
CR-2025-003560,2024-12-11 21:18:36,BURGLARY,RESIDENTIAL,41.76800525675941,-87.65003623785323,PARK,False,False,D-14,W-31
CR-2025-001775,2023-12-27 22:35:57,THEFT,FROM BUILDING,41.76561363621602,-87.66819648563414,RESIDENCE,False,False,D-10,W-37
CR-2023-004989,2023-06-16 21:21:46,MOTOR VEHICLE THEFT,MOTORCYCLE,41.92814628873263,-87.69049917764298,APARTMENT,False,False,D-10,W-50
CR-2023-005166,2025-12-04 20:24:21,ROBBERY,ARMED ROBBERY,41.90653261018987,-87.63205492560645,ALLEY,False,False,D-10,W-16
CR-2024-001642,2023-07-16 00:05:23,ROBBERY,STRONGARM ROBBERY,41.91717013555116,-87.62523160343142,PARK,True,False,D-05,W-41
CR-2023-002226,2025-10-23 03:47:41,ROBBERY,ARMED ROBBERY,41.80764180047197,-87.62158557653675,PARK,False,False,D-11,W-16
CR-2024-003325,2023-10-21 15:24:14,ROBBERY,,41.88195880131668,-87.63496715813129,SIDEWALK,False,False,D-07,W-14
CR-2024-000508,2025-07-04 10:08:36,CRIMINAL DAMAGE,GRAFFITI,41.86832872994579,-87.63705828751081,SIDEWALK,False,True,D-02,W-33
CR-2024-002650,2025-10-31 01:23:57,NARCOTICS,POSSESSION OF COCAINE,41.8749699744317,-87.634490026686,ALLEY,True,False,D-13,W-05
CR-2024-000679,2023-01-11 15:06:30,NARCOTICS,SALE/MANUFACTURE,41.85591632646839,-87.62704960120331,PARK,True,False,D-12,W-16
CR-2023-000945,2023-06-09 19:40:42,MOTOR VEHICLE THEFT,TRUCK,41.95932568496007,-87.65517155460378,PARK,False,False,D-10,W-37
CR-2025-001586,2025-04-04 01:01:12,NARCOTICS,POSSESSION OF HEROIN,41.8583430212008,-87.61815958129235,PARK,True,False,D-11,W-03
CR-2023-005952,2024-10-17 14:52:24,CRIMINAL DAMAGE,TO PROPERTY,41.943546670771454,-87.60369416202619,STREET,False,False,D-04,W-37
CR-2024-001339,2023-06-27 11:51:33,BATTERY,AGGRAVATED BATTERY,41.95030688398882,-87.66056896432164,RESIDENCE,True,True,D-07,W-24
CR-2023-000372,2023-01-09 23:13:58,MOTOR VEHICLE THEFT,TRUCK,41.79184147551173,-87.64714359532884,RESIDENCE,False,False,D-03,W-23
CR-2025-005819,2025-11-13 18:05:38,NARCOTICS,POSSESSION OF HEROIN,41.944207200131615,-87.64313016702644,COMMERCIAL BUILDING,True,False,D-03,W-39
CR-2025-003020,2025-07-26 03:49:50,BATTERY,SIMPLE BATTERY,41.802752127553916,-87.59853799462822,RESIDENCE,True,False,D-02,W-34
CR-2025-003365,2024-02-02 01:32:29,CRIMINAL DAMAGE,TO PROPERTY,41.90332238686128,-87.64305803342711,RESIDENCE,False,False,D-10,W-29
CR-2023-004308,2025-08-20 01:21:29,MOTOR VEHICLE THEFT,TRUCK,41.85564151408274,-87.61890232566496,COMMERCIAL BUILDING,False,False,D-02,W-19
CR-2024-003850,2025-06-07 02:05:20,BATTERY,SIMPLE BATTERY,41.896653534398894,-87.74693930701406,STREET,True,True,D-11,W-37
CR-2024-004645,2025-08-22 22:11:23,MOTOR VEHICLE THEFT,,41.762090160391836,-87.62058750527949,APARTMENT,False,False,D-12,W-10
CR-2023-004752,2024-02-15 23:14:53,ROBBERY,STRONGARM ROBBERY,41.90582060287657,-87.61493933730064,STREET,True,False,D-07,W-34
CR-2023-000633,2024-08-23 07:51:49,ROBBERY,ARMED ROBBERY,41.94617547877303,-87.67337815282929,ALLEY,False,False,D-15,W-27
CR-2023-005049,2024-06-17 10:48:37,NARCOTICS,SALE/MANUFACTURE,41.94039760677398,-87.66696331434511,APARTMENT,True,False,D-08,W-47
CR-2025-000803,2024-06-18 07:41:43,THEFT,PETTY THEFT,41.950853406319894,-87.62280643083061,APARTMENT,False,True,D-13,W-15
CR-2023-002340,2025-05-23 12:26:59,NARCOTICS,SALE/MANUFACTURE,41.943773981141405,-87.66682839152669,RESIDENCE,False,False,D-15,W-20
CR-2025-004001,2023-09-19 13:24:32,ROBBERY,ARMED ROBBERY,41.944952500850924,-87.64100536544964,SIDEWALK,False,False,D-01,W-42
CR-2025-001004,2024-10-09 19:01:06,BATTERY,SIMPLE BATTERY,41.88798868502649,-87.6157364479356,ALLEY,True,False,D-14,W-33
CR-2025-002909,2023-05-05 01:20:33,NARCOTICS,POSSESSION OF COCAINE,41.859352694906164,-87.63377856310706,PARK,True,False,D-10,W-25
CR-2024-004000,2024-04-14 04:43:33,BATTERY,DOMESTIC BATTERY,41.87760462104421,-87.63735475390564,PARK,False,,D-10,W-07
CR-2023-001458,2025-12-24 01:41:14,ROBBERY,STRONGARM ROBBERY,41.87546654081751,-87.61977017792863,RESIDENCE,False,False,D-12,W-15
CR-2023-000201,2025-09-29 02:27:40,NARCOTICS,POSSESSION OF COCAINE,41.94850487399437,-87.6543603881247,PARK,True,,D-04,W-47
CR-2025-003971,2023-04-26 00:22:43,MOTOR VEHICLE THEFT,AUTOMOBILE,41.74280186132316,-87.61787866156106,ALLEY,False,False,D-09,W-02
CR-2023-005928,2024-09-25 06:40:33,ASSAULT,AGGRAVATED ASSAULT,41.87454031648708,-87.61438061496614,ALLEY,False,False,D-10,W-33
CR-2025-002027,2023-03-18 07:55:05,BURGLARY,RESIDENTIAL,41.86280457020437,-87.62670457343012,ALLEY,False,False,D-10,W-16
CR-2024-001984,2025-07-31 08:53:09,ROBBERY,STRONGARM ROBBERY,41.82928187776152,-87.59673388847695,PARK,False,False,D-13,W-45
CR-2023-001827,2024-03-29 06:08:54,NARCOTICS,SALE/MANUFACTURE,41.78263408705678,-87.61989649259864,COMMERCIAL BUILDING,True,False,D-09,W-21
CR-2023-000579,2024-11-21 20:30:06,NARCOTICS,,41.892826482304876,-87.63467247075263,PARKING LOT,False,False,D-09,W-50
CR-2025-005243,2024-06-30 11:59:08,THEFT,FROM BUILDING,41.943552490837895,-87.63605578842838,PARK,False,False,D-11,W-35
CR-2024-001675,2024-08-09 09:51:22,ROBBERY,STRONGARM ROBBERY,41.938012072563474,-87.66211815754691,APARTMENT,False,False,D-09,W-20
CR-2025-003242,2024-08-16 08:42:37,BATTERY,AGGRAVATED BATTERY,41.888647102958544,-87.59232354274418,ALLEY,True,True,D-13,W-14
CR-2024-002299,2024-06-10 10:59:14,BATTERY,AGGRAVATED BATTERY,41.78944450185627,-87.59624520229798,SIDEWALK,True,True,D-07,W-03
CR-2025-004628,2025-07-12 21:48:12,ASSAULT,SIMPLE ASSAULT,41.93168259488763,-87.67721741621597,COMMERCIAL BUILDING,False,True,D-12,W-29
CR-2023-000906,2025-02-07 23:45:02,MOTOR VEHICLE THEFT,AUTOMOBILE,41.980644412565105,-87.63736321368269,APARTMENT,False,False,D-09,W-30
CR-2025-002651,2023-05-15 12:00:44,PETTY THEFT,SIMPLE ASSAULT,41.96555797650583,-87.64422860937864,ALLEY,False,False,D-09,W-08
CR-2025-004979,2024-05-17 23:55:42,NARCOTICS,SALE/MANUFACTURE,41.96141335257584,-87.64678178065797,PARK,True,False,D-05,W-12
CR-2025-002078,2025-03-10 20:54:06,NARCOTICS,POSSESSION OF COCAINE,41.88599805025509,-87.63696116059289,SIDEWALK,False,False,D-12,W-09
CR-2024-002812,2024-08-21 23:20:08,NARCOTICS,POSSESSION OF COCAINE,41.90383861446699,-87.63126288075618,STREET,False,False,D-15,W-02
CR-2024-002851,2024-06-26 23:26:22,MOTOR VEHICLE THEFT,TRUCK,41.78035925727045,-87.64409647328092,ALLEY,False,False,D-11,W-29
CR-2023-004875,2023-09-09 17:21:42,MOTOR VEHICLE THEFT,TRUCK,41.870830571531,-87.62764873553978,ALLEY,False,False,D-08,W-36
CR-2025-002612,2024-05-31 07:25:15,BATTERY,DOMESTIC BATTERY,41.92213486853492,-87.64589992048334,STREET,False,False,D-08,W-07
CR-2024-000649,2024-05-24 00:01:48,BATTERY,DOMESTIC BATTERY,41.88211088471108,-87.62497453290706,PARK,True,True,D-01,W-15
CR-2024-003787,2024-04-20 13:00:37,BATTERY,DOMESTIC BATTERY,41.76052972756165,-87.66398070648061,ALLEY,False,False,D-02,W-16
CR-2023-000972,2025-02-08 04:52:37,CRIMINAL DAMAGE,GRAFFITI,41.7944392972464,-87.6382402584011,PARKING LOT,False,False,D-02,W-48
CR-2025-003380,2023-12-04 19:05:15,CRIMINAL DAMAGE,TO VEHICLE,41.890396095758874,-87.63273208965379,STREET,False,False,D-07,W-44
CR-2025-002990,2025-07-31 16:56:28,ROBBERY,ARMED ROBBERY,41.863123387206855,-87.60545114964208,APARTMENT,True,False,D-04,W-42
CR-2024-003388,2025-05-08 10:11:01,ROBBERY,STRONGARM ROBBERY,41.891182296585264,-87.6249394533594,RESIDENCE,False,False,D-09,W-27
CR-2024-000382,2023-06-23 22:19:07,ROBBERY,ARMED ROBBERY,41.89533909989429,-87.6403476463769,PARKING LOT,True,False,D-07,W-37
CR-2024-000124,2025-10-01 14:50:22,ASSAULT,SIMPLE ASSAULT,41.82303635600703,-87.61887545722598,PARK,False,False,D-11,W-04
CR-2024-004021,2024-09-01 23:46:46,MOTOR VEHICLE THEFT,AUTOMOBILE,41.856471344658324,-87.61561105622094,STREET,False,False,D-08,W-13
CR-2024-005113,2025-01-02 04:18:52,CRIMINAL DAMAGE,TO VEHICLE,41.93514617033024,-87.65356477849075,PARK,True,False,D-12,W-36
CR-2024-000514,2024-07-31 17:06:57,THEFT,GRAND THEFT,41.88730276959096,-87.64514188847798,COMMERCIAL BUILDING,False,False,D-11,W-35
CR-2025-005459,2025-03-10 04:40:07,BURGLARY,RESIDENTIAL,41.753308506346734,-87.63614216370232,STREET,False,False,D-08,W-36
CR-2025-003461,2024-09-26 19:24:55,THEFT,FROM BUILDING,41.78970881785501,-87.64692954751807,PARK,False,False,D-12,W-37
CR-2025-004574,2025-12-07 11:17:57,MOTOR VEHICLE THEFT,MOTORCYCLE,41.938080380213016,-87.6469625387482,PARKING LOT,False,False,D-02,W-12
CR-2025-004199,2024-10-15 16:01:02,BATTERY,DOMESTIC BATTERY,41.88824535571513,-87.63036530681114,SIDEWALK,True,True,D-05,W-24
CR-2024-002506,2024-05-29 20:56:26,NARCOTICS,SALE/MANUFACTURE,41.878231754823474,-87.63336524975442,APARTMENT,True,False,D-06,W-27
CR-2025-000878,2024-05-22 02:11:41,BATTERY,DOMESTIC BATTERY,41.775463787134306,-87.60517813631994,PARK,True,False,D-03,W-48
CR-2024-001639,2024-05-23 16:14:15,THEFT,RETAIL THEFT,41.879293967935645,-87.62148913343326,PARKING LOT,False,False,D-11,W-14
CR-2025-004286,2024-11-19 09:52:45,NARCOTICS,POSSESSION OF COCAINE,41.956607665535735,-87.63100666439733,PARKING LOT,True,False,D-06,W-25
CR-2023-005352,2024-05-17 00:33:21,THEFT,RETAIL THEFT,41.96016314528872,-87.66942951001532,APARTMENT,True,False,D-11,W-40
CR-2025-000953,2025-05-26 13:20:55,NARCOTICS,POSSESSION OF COCAINE,41.91698247695863,-87.6778353493782,SIDEWALK,True,False,D-08,W-46
CR-2024-000631,2023-11-25 11:59:09,THEFT,PETTY THEFT,41.95917511984893,-87.67371347186159,PARKING LOT,False,False,D-09,W-38
CR-2023-004938,2025-04-02 21:09:02,NARCOTICS,POSSESSION OF HEROIN,41.90654184914382,-87.65021252467452,COMMERCIAL BUILDING,True,False,D-03,W-05
CR-2023-003648,2024-02-17 00:20:18,ROBBERY,ARMED ROBBERY,41.9319077598047,-87.67647600296495,COMMERCIAL BUILDING,True,False,D-13,W-01
CR-2024-000574,2024-07-29 12:50:49,BURGLARY,RESIDENTIAL,41.81876262658062,-87.65017403370797,PARK,False,False,D-10,W-48
CR-2025-005378,2023-04-16 13:53:30,MOTOR VEHICLE THEFT,AUTOMOBILE,41.87798939355249,-87.72909039634237,PARK,True,False,D-06,W-41
CR-2023-000189,2025-12-06 13:09:09,BATTERY,SIMPLE BATTERY,41.992196058664355,-87.6714659657071,ALLEY,False,False,D-15,W-23
CR-2025-005873,2025-10-31 21:31:35,CRIMINAL DAMAGE,TO VEHICLE,41.88438367417059,-87.67530984043218,STREET,True,False,D-04,W-33
CR-2025-001274,2024-11-25 18:41:29,BURGLARY,RESIDENTIAL,41.89342074943144,-87.59847335840695,STREET,False,False,D-02,W-47
CR-2024-002497,2023-07-11 16:28:58,ASSAULT,SIMPLE ASSAULT,41.935252548920104,-87.65627930061717,APARTMENT,False,False,D-05,W-22
CR-2024-001243,2024-07-03 20:13:57,MOTOR VEHICLE THEFT,TRUCK,41.94065738700421,-87.65620822435864,ALLEY,False,False,D-08,W-05
CR-2025-004841,2023-03-18 20:30:18,BURGLARY,RESIDENTIAL,41.89291592773887,-87.64143409542157,ALLEY,False,False,D-09,W-21
CR-2023-005376,2023-04-28 14:20:52,MOTOR VEHICLE THEFT,MOTORCYCLE,41.722687586637505,-87.65712740817558,COMMERCIAL BUILDING,False,False,D-10,W-19
CR-2023-005598,2024-10-06 10:12:07,NARCOTICS,POSSESSION OF HEROIN,41.849407229699786,-87.60314057847954,STREET,True,True,D-03,W-11
CR-2023-002784,2023-10-03 05:41:28,MOTOR VEHICLE THEFT,TRUCK,41.953862368685876,-87.67526424517023,STREET,True,False,D-12,W-41
CR-2024-005704,2024-09-25 06:07:32,ROBBERY,ARMED ROBBERY,41.94210797105116,-87.62469628752406,ALLEY,False,False,D-13,W-10
CR-2023-001182,2025-02-08 19:43:11,NARCOTICS,SALE/MANUFACTURE,41.93581473212615,-87.62462544580167,PARKING LOT,True,False,D-08,W-27
CR-2024-005911,2024-03-12 21:13:59,THEFT,PETTY THEFT,41.888944954019365,-87.61123392841377,ALLEY,False,False,D-07,W-35
CR-2025-001418,2024-08-28 11:39:44,BATTERY,SIMPLE BATTERY,41.82650341473933,-87.58835102711595,PARK,True,False,D-07,W-22
CR-2024-002875,2025-07-17 01:58:55,ROBBERY,ARMED ROBBERY,41.94749491396071,-87.6799620261003,COMMERCIAL BUILDING,False,True,D-07,W-37
CR-2023-004968,2024-09-04 01:24:15,NARCOTICS,POSSESSION OF COCAINE,41.78670155329317,-87.60754323924546,STREET,True,False,D-09,W-11
CR-2025-003575,2023-02-26 02:43:58,BATTERY,DOMESTIC BATTERY,41.8883985162013,-87.61868389328977,ALLEY,False,True,D-10,W-13
CR-2024-004981,2025-12-20 15:23:06,ROBBERY,STRONGARM ROBBERY,41.79611239936404,-87.63486268837865,APARTMENT,False,False,D-01,W-10
CR-2024-004261,2025-12-15 01:53:30,MOTOR VEHICLE THEFT,AUTOMOBILE,41.870675531736644,-87.64503993146752,COMMERCIAL BUILDING,False,False,D-05,W-03
CR-2023-005514,2023-04-17 20:59:50,NARCOTICS,,41.78802922502621,-87.62287756745718,SIDEWALK,True,False,D-10,W-08
CR-2025-000701,2025-08-31 22:18:09,ASSAULT,,41.97211408309326,-87.6409209337867,COMMERCIAL BUILDING,False,True,D-14,W-14
CR-2023-003747,2024-06-01 06:14:42,MOTOR VEHICLE THEFT,TRUCK,41.86221182437441,-87.63730391524881,APARTMENT,False,False,D-03,W-38
CR-2024-003538,2025-01-13 19:59:36,ROBBERY,STRONGARM ROBBERY,41.89011052921319,-87.59890232497395,RESIDENCE,False,False,D-08,W-03
CR-2024-001858,2024-06-24 17:56:28,THEFT,FROM BUILDING,42.013261859391896,-87.60914167498767,ALLEY,False,False,D-15,W-48
CR-2025-001619,2025-01-11 13:52:07,MOTOR VEHICLE THEFT,MOTORCYCLE,41.95209420949562,-87.63654168924978,SIDEWALK,False,False,D-04,W-13
CR-2023-001416,2024-04-09 00:49:22,CRIMINAL DAMAGE,TO VEHICLE,41.817972219212706,-87.63584982704573,ALLEY,False,False,D-08,W-30
CR-2025-002093,2024-08-23 01:50:38,PETTY THEFT,TO PROPERTY,41.99538151573402,-87.66962086872552,APARTMENT,False,False,D-11,W-16
CR-2025-001379,2025-03-02 23:13:07,ASSAULT,SIMPLE ASSAULT,41.86024892397113,-87.71569119796979,COMMERCIAL BUILDING,False,False,D-05,W-50
CR-2024-002608,2023-02-04 00:41:33,ASSAULT,AGGRAVATED ASSAULT,41.882464470952065,-87.63740512988906,RESIDENCE,False,True,D-08,W-03
CR-2023-004368,2023-12-04 08:28:51,BURGLARY,RESIDENTIAL,41.88120709155168,-87.63338909720729,PARK,False,False,D-09,W-19
CR-2023-005073,2023-11-21 11:33:27,CRIMINAL DAMAGE,TO VEHICLE,41.74966711837284,-87.63275369580045,STREET,True,False,D-13,W-43
CR-2025-004913,2024-10-16 02:16:50,MOTOR VEHICLE THEFT,MOTORCYCLE,41.852779485122035,-87.63881121895957,SIDEWALK,False,False,D-10,W-30
CR-2023-003357,2023-05-27 01:37:03,MOTOR VEHICLE THEFT,AUTOMOBILE,41.72981777130403,-87.6174793783649,APARTMENT,False,False,D-09,W-40
CR-2023-005331,2024-01-14 22:42:41,BATTERY,,41.89234462247925,-87.65552640020775,APARTMENT,True,True,D-15,W-46
CR-2024-005098,2025-06-21 23:55:16,MOTOR VEHICLE THEFT,TRUCK,41.78571294975574,-87.60323903035909,STREET,False,False,D-08,W-17
CR-2023-001476,2023-08-14 11:08:44,THEFT,FROM BUILDING,41.88900007767539,-87.69952188791113,STREET,False,False,D-02,W-20
CR-2025-001529,2024-06-12 14:44:06,MOTOR VEHICLE THEFT,MOTORCYCLE,41.7488462618481,-87.6388920177939,STREET,False,False,D-07,W-38
CR-2025-004346,2025-09-02 12:40:50,THEFT,FROM BUILDING,41.89014664540198,-87.72905205761927,PARK,False,False,D-08,W-23
CR-2023-000294,2023-10-09 05:02:26,THEFT,FROM BUILDING,41.895546044697795,-87.74230950886636,APARTMENT,False,False,D-13,W-14
CR-2023-003177,2023-12-21 10:07:54,BATTERY,SIMPLE BATTERY,41.846943202193394,-87.63332910864959,APARTMENT,True,False,D-10,W-43
CR-2025-001808,2025-04-19 11:30:51,BURGLARY,FORCIBLE ENTRY,41.7542549047833,-87.63610387744822,PARKING LOT,False,False,D-07,W-31
CR-2024-001843,2024-02-04 01:54:18,MOTOR VEHICLE THEFT,AUTOMOBILE,41.998103798333574,-87.65000449378044,COMMERCIAL BUILDING,True,False,D-11,W-46
CR-2023-001434,2024-03-25 21:55:50,NARCOTICS,POSSESSION OF HEROIN,41.88612226004519,-87.61136529246266,ALLEY,False,False,D-14,W-10
CR-2024-003337,2024-08-19 19:25:31,CRIMINAL DAMAGE,TO PROPERTY,41.89744901102285,-87.71291513934723,ALLEY,False,False,D-05,W-03
CR-2025-005837,2023-09-25 18:15:48,BATTERY,DOMESTIC BATTERY,41.7273619221972,-87.64900438246661,PARK,True,False,D-01,W-36
CR-2023-002022,2025-09-16 02:52:42,BURGLARY,RESIDENTIAL,41.802210871773866,-87.63937750722408,PARK,False,False,D-01,W-19
CR-2023-001407,2025-09-07 23:39:10,NARCOTICS,POSSESSION OF COCAINE,41.90558835565219,-87.61758772356823,PARK,False,False,D-15,W-12
CR-2024-003892,2025-04-18 08:38:17,NARCOTICS,POSSESSION OF HEROIN,41.88100109550785,-87.6289046217913,PARKING LOT,True,False,D-15,W-35
CR-2025-004025,2024-05-31 20:00:06,BURGLARY,COMMERCIAL,41.751889816768035,-87.65843541263123,COMMERCIAL BUILDING,False,False,D-14,W-48
CR-2025-005117,2023-03-29 03:27:29,NARCOTICS,POSSESSION OF COCAINE,41.74164381191753,-87.62533964270393,PARKING LOT,True,True,D-07,W-03
CR-2024-003403,2024-06-07 21:05:56,NARCOTICS,POSSESSION OF COCAINE,41.864445134871076,-87.61937252127505,PARK,True,False,D-01,W-28
CR-2025-002912,2025-01-07 04:38:33,THEFT,RETAIL THEFT,41.86985589387483,-87.75704045028816,SIDEWALK,False,False,D-01,W-43
CR-2024-002128,2023-07-05 22:22:46,NARCOTICS,SALE/MANUFACTURE,41.931678756958,-87.62681008357505,APARTMENT,True,False,D-12,W-42
CR-2024-000340,2023-09-05 08:26:10,ROBBERY,ARMED ROBBERY,41.962833441280864,-87.67788103542433,STREET,True,False,D-11,W-40
CR-2023-000915,2023-09-11 17:12:15,BATTERY,DOMESTIC BATTERY,41.79660536058142,-87.62316959671841,PARK,True,False,D-06,W-15
CR-2024-003619,2023-03-02 20:35:12,ASSAULT,AGGRAVATED ASSAULT,41.8641034088422,-87.64475397439604,PARKING LOT,True,False,D-10,W-14
CR-2024-003994,2024-11-13 08:53:31,ASSAULT,SIMPLE ASSAULT,41.95489516479067,-87.64368864625928,SIDEWALK,False,False,D-05,W-10
CR-2023-001386,2023-11-16 01:12:04,NARCOTICS,POSSESSION OF HEROIN,41.774480645922104,-87.6677154574716,ALLEY,True,False,D-10,W-07
CR-2024-002758,2023-10-30 05:54:11,BURGLARY,RESIDENTIAL,41.889682472660596,-87.71562230945993,ALLEY,False,False,D-14,W-31
CR-2025-005192,2024-09-03 00:31:20,CRIMINAL DAMAGE,GRAFFITI,41.873072852918334,-87.63183001350885,COMMERCIAL BUILDING,False,False,D-06,W-20
CR-2024-002458,2025-02-12 00:11:31,ROBBERY,STRONGARM ROBBERY,41.80546643226969,-87.63839084164414,ALLEY,False,False,D-11,W-13
CR-2025-003071,2025-02-11 06:16:37,ASSAULT,AGGRAVATED ASSAULT,41.8803017686232,-87.7146001587927,ALLEY,False,False,D-11,W-31
CR-2023-004512,2024-07-09 19:42:00,ASSAULT,SIMPLE ASSAULT,41.87880948114694,-87.61937996313823,PARKING LOT,True,False,D-06,W-43
CR-2024-000118,2024-03-20 01:18:14,ROBBERY,STRONGARM ROBBERY,41.84772286120014,-87.62700318527847,RESIDENCE,False,False,D-07,W-20
CR-2023-001221,2024-11-05 03:37:23,MOTOR VEHICLE THEFT,MOTORCYCLE,41.85871605957342,-87.61945438292132,PARKING LOT,False,False,D-11,W-03
CR-2025-002711,2023-10-15 04:12:08,BURGLARY,RESIDENTIAL,41.89198962651072,-87.6311661379053,PARK,False,False,D-10,W-35
CR-2025-003974,2023-08-05 19:28:18,NARCOTICS,SALE/MANUFACTURE,41.892737350059335,-87.62966713444497,PARKING LOT,True,False,D-03,W-43
CR-2025-002861,2023-06-29 09:47:03,MOTOR VEHICLE THEFT,TRUCK,41.866593988169,-87.6388575744624,PARK,False,False,D-05,W-12
CR-2024-001651,2025-01-18 12:19:15,BATTERY,DOMESTIC BATTERY,41.88134937463107,-87.64518629025461,PARK,True,False,D-01,W-47
CR-2023-003987,2024-04-05 04:43:48,CRIMINAL DAMAGE,TO PROPERTY,41.7808978815935,-87.62097674845187,STREET,False,False,D-02,W-16
CR-2023-002928,2025-01-08 04:22:03,ROBBERY,STRONGARM ROBBERY,41.72331064580157,-87.64195172548688,APARTMENT,False,False,D-03,W-42
CR-2023-001047,2024-01-12 18:11:42,ASSAULT,SIMPLE ASSAULT,41.80487779468551,-87.63089410716339,SIDEWALK,False,True,D-01,W-48
CR-2023-001425,2024-12-02 18:21:57,CRIMINAL DAMAGE,GRAFFITI,41.86987596807613,-87.61729999132329,ALLEY,True,False,D-14,W-02
CR-2024-005893,2023-09-14 02:31:53,NARCOTICS,POSSESSION OF HEROIN,,,SIDEWALK,True,False,D-06,W-16
CR-2025-004193,2024-04-19 01:08:33,CRIMINAL DAMAGE,TO PROPERTY,41.98100259929749,-87.64789319465342,RESIDENCE,False,False,D-05,W-22
CR-2024-005812,2025-01-12 20:56:23,ASSAULT,SIMPLE ASSAULT,41.910759805715635,-87.65717466620443,APARTMENT,False,True,D-11,W-30
CR-2023-005106,2024-04-17 02:55:21,NARCOTICS,POSSESSION OF HEROIN,41.961788767430846,-87.65754252887223,PARKING LOT,True,False,D-06,W-41
CR-2023-004074,2023-11-09 22:49:28,CRIMINAL DAMAGE,TO VEHICLE,41.78549388962056,-87.64296998930156,ALLEY,False,False,D-11,W-47
CR-2025-002006,2025-11-25 10:49:10,MOTOR VEHICLE THEFT,MOTORCYCLE,41.86287012373529,-87.72332375982815,PARKING LOT,False,False,D-12,W-02
CR-2023-003741,2024-03-30 18:30:44,ROBBERY,ARMED ROBBERY,41.86971806271673,-87.6344810789808,SIDEWALK,False,False,D-11,W-49
CR-2024-002188,2023-02-18 22:32:35,BATTERY,AGGRAVATED BATTERY,41.83791013150454,-87.6901427462473,COMMERCIAL BUILDING,True,True,D-14,W-11
CR-2024-005251,2025-09-01 23:19:04,ROBBERY,ARMED ROBBERY,,,SIDEWALK,False,False,D-02,W-07
CR-2025-001913,2023-11-14 01:05:39,ASSAULT,AGGRAVATED ASSAULT,41.860457399951684,-87.6224865955437,ALLEY,False,,D-06,W-26
CR-2025-001622,2025-07-05 08:52:03,CRIMINAL DAMAGE,GRAFFITI,41.87550797393906,-87.61822119767746,PARK,False,False,D-05,W-48
CR-2023-005340,2024-05-30 04:51:17,ROBBERY,STRONGARM ROBBERY,41.865612850674154,-87.62836974588501,PARK,False,False,D-14,W-19
CR-2025-004994,2024-07-05 00:16:41,BATTERY,DOMESTIC BATTERY,41.92878106545973,-87.67071627261228,PARK,True,False,D-14,W-10
CR-2023-005199,2023-02-27 07:47:48,MOTOR VEHICLE THEFT,AUTOMOBILE,41.87402404940196,-87.65784597492933,PARKING LOT,False,False,D-13,W-02
CR-2025-001148,2024-10-27 05:42:19,ASSAULT,AGGRAVATED ASSAULT,41.88437597331333,-87.60877602110581,PARKING LOT,True,True,D-09,W-21
CR-2025-005693,2024-07-19 03:55:44,THEFT,RETAIL THEFT,41.890864740177605,-87.61844043664338,PARKING LOT,False,False,D-13,W-30
CR-2023-003948,2023-02-09 23:44:14,NARCOTICS,SALE/MANUFACTURE,41.89805648516568,-87.6316088078271,SIDEWALK,False,False,D-04,W-36
CR-2023-001638,2024-04-05 19:14:43,NARCOTICS,SALE/MANUFACTURE,41.895652980637955,-87.62778555254128,PARKING LOT,False,False,D-11,W-38
CR-2024-004048,not-a-valid-date-string,CRIMINAL DAMAGE,TO VEHICLE,41.80773757124454,-87.59993565829531,APARTMENT,False,False,D-03,W-09
CR-2024-002878,2023-10-25 15:06:32,CRIMINAL DAMAGE,GRAFFITI,41.79316052933402,-87.63728578428204,ALLEY,False,False,D-15,W-39
CR-2024-004315,2024-05-23 20:33:21,BURGLARY,FORCIBLE ENTRY,41.74570503316301,-87.63621332251705,ALLEY,True,False,D-14,W-24
CR-2023-000561,2025-05-09 16:57:16,ASSAULT,SIMPLE ASSAULT,41.88768095333044,-87.64694507369096,COMMERCIAL BUILDING,False,False,D-03,W-13
CR-2023-002829,2025-06-20 18:51:22,PETTY THEFT,ARMED ROBBERY,41.81336168388635,-87.64578780517452,SIDEWALK,False,False,D-01,W-24
CR-2025-003887,2023-05-05 23:44:48,BATTERY,SIMPLE BATTERY,41.96471508973304,-87.64325053127435,SIDEWALK,True,False,D-06,W-21
CR-2024-002821,2023-06-07 11:57:34,CRIMINAL DAMAGE,TO VEHICLE,41.83560454564786,-87.60941215758754,PARK,False,False,D-02,W-28
CR-2023-004113,2025-04-22 02:00:15,BURGLARY,,41.76808406209166,-87.57435673458194,SIDEWALK,False,False,D-04,W-08
CR-2025-003830,2023-08-30 07:01:25,NARCOTICS,POSSESSION OF COCAINE,41.90530088369894,-87.72434319938105,STREET,True,False,D-14,W-32
CR-2025-003776,2023-12-17 01:12:31,NARCOTICS,SALE/MANUFACTURE,41.85521642437909,-87.6471124507717,RESIDENCE,False,False,D-09,W-05
CR-2023-002736,2025-04-15 00:27:22,CRIMINAL DAMAGE,TO VEHICLE,41.87387936834995,-87.73590356070773,APARTMENT,False,False,D-01,W-32
CR-2024-000319,2024-08-25 01:35:03,THEFT,FROM BUILDING,41.85875058650389,-87.64922618158096,SIDEWALK,False,False,D-12,W-38
CR-2025-004778,2025-02-23 20:14:34,MOTOR VEHICLE THEFT,AUTOMOBILE,41.85601468907734,-87.61879074282454,COMMERCIAL BUILDING,False,False,D-10,W-10
CR-2025-005510,2024-06-09 07:44:55,MOTOR VEHICLE THEFT,AUTOMOBILE,41.89058349674637,-87.75613052116626,ALLEY,False,False,D-15,W-47
CR-2023-000246,2023-05-12 08:05:38,THEFT,RETAIL THEFT,41.881992629537656,-87.74240311562392,COMMERCIAL BUILDING,False,False,D-12,W-39
CR-2023-005235,2025-05-02 02:30:25,BURGLARY,COMMERCIAL,41.885959984333766,-87.62840885401332,STREET,False,False,D-13,W-44
CR-2023-004131,2024-08-02 23:06:22,NARCOTICS,POSSESSION OF COCAINE,41.9446161963745,-87.65702675716493,APARTMENT,False,False,D-15,W-31
CR-2025-002942,2025-04-14 17:10:22,ROBBERY,,41.74193057190384,-87.58719335239756,ALLEY,False,False,D-06,W-45
CR-2024-003961,2025-05-25 03:00:53,BURGLARY,COMMERCIAL,41.85798182395298,-87.70369434507468,PARK,False,False,D-14,W-47
CR-2025-002186,2025-10-11 14:20:12,NARCOTICS,POSSESSION OF HEROIN,41.75159696999128,-87.62561654130269,ALLEY,True,False,D-12,W-02
CR-2025-003086,2025-07-19 00:56:18,NARCOTICS,POSSESSION OF COCAINE,41.872377658777644,-87.64960740165108,PARK,False,False,D-10,W-34
CR-2025-003134,2024-12-11 17:08:17,ROBBERY,ARMED ROBBERY,41.803079453060974,-87.61665056544486,PARK,False,False,D-06,W-03
CR-2024-002476,2025-04-25 20:50:39,THEFT,GRAND THEFT,41.889948795832716,-87.61525646461371,STREET,False,False,D-12,W-28
CR-2025-001070,2023-10-18 03:46:35,MOTOR VEHICLE THEFT,AUTOMOBILE,41.88356569514226,-87.72598402136659,SIDEWALK,False,False,D-14,W-43
CR-2024-004300,2024-11-03 21:42:58,MOTOR VEHICLE THEFT,AUTOMOBILE,41.76929545835733,-87.64805333621285,PARK,False,False,D-03,W-20
CR-2024-003577,2024-09-08 22:41:04,ASSAULT,AGGRAVATED ASSAULT,41.87231760138632,-87.66087065769007,RESIDENCE,False,False,D-12,W-25
CR-2025-004154,2024-06-03 21:27:15,CRIMINAL DAMAGE,GRAFFITI,41.76287087676508,-87.63562662492222,SIDEWALK,False,False,D-10,W-05
CR-2024-005065,2023-01-08 20:59:23,BATTERY,DOMESTIC BATTERY,41.787008642779874,-87.65490822992096,PARK,True,False,D-12,W-18
CR-2025-005399,2024-05-30 05:09:23,BURGLARY,FORCIBLE ENTRY,41.7799927599248,-87.59842980194666,ALLEY,False,False,D-14,W-28
CR-2025-002873,2024-02-12 00:41:18,ROBBERY,STRONGARM ROBBERY,41.76930313146673,-87.62394298980948,PARK,False,False,D-15,W-19
CR-2023-003087,2023-04-07 19:26:59,ASSAULT,AGGRAVATED ASSAULT,41.88667467734508,-87.7316395405238,RESIDENCE,False,False,D-07,W-11
CR-2025-001931,2023-09-05 17:07:31,MOTOR VEHICLE THEFT,TRUCK,41.948259100290386,-87.65961219157136,SIDEWALK,False,False,D-06,W-40
CR-2024-004147,2024-07-06 02:53:34,CRIMINAL DAMAGE,TO VEHICLE,41.89133595634685,-87.61438780984972,RESIDENCE,False,False,D-02,W-36
CR-2024-000661,2025-08-27 06:50:14,CRIMINAL DAMAGE,TO VEHICLE,41.879331021994936,-87.71814297041112,RESIDENCE,True,False,D-01,W-21
CR-2025-001496,2023-06-07 21:07:46,NARCOTICS,POSSESSION OF HEROIN,41.94984073722568,-87.65954417939803,STREET,True,False,D-11,W-44
CR-2024-005053,2025-06-27 02:33:56,NARCOTICS,SALE/MANUFACTURE,41.88654365990428,-87.63141167322692,RESIDENCE,False,False,D-05,W-02
CR-2025-002495,2024-06-25 02:39:02,ASSAULT,AGGRAVATED ASSAULT,41.84660965603372,-87.61955165477818,COMMERCIAL BUILDING,False,True,D-09,W-11
CR-2024-003664,2024-06-24 23:32:14,THEFT,PETTY THEFT,41.920887318224274,-87.66477290915302,COMMERCIAL BUILDING,False,False,D-01,W-50
CR-2024-004924,2023-12-08 21:18:36,ROBBERY,STRONGARM ROBBERY,41.8656772915419,-87.61951515411229,RESIDENCE,False,True,D-03,W-22
CR-2023-000729,2025-02-06 21:47:59,THEFT,RETAIL THEFT,41.97419505508165,-87.6418363729746,APARTMENT,False,True,D-11,W-03
CR-2025-004856,2024-02-06 16:09:36,BURGLARY,COMMERCIAL,41.85882908350374,-87.63476536501312,PARK,False,False,D-01,W-42
CR-2025-003419,2023-05-02 23:23:36,ROBBERY,ARMED ROBBERY,41.86942829811927,-87.63367012804297,STREET,False,False,D-15,W-31
CR-2025-003158,2025-04-18 11:54:54,BURGLARY,FORCIBLE ENTRY,41.99489397828647,-87.6658789352545,PARKING LOT,False,True,D-05,W-17
CR-2023-001983,2025-02-15 11:50:07,ASSAULT,AGGRAVATED ASSAULT,41.88276664986715,-87.65814473938144,ALLEY,False,False,D-01,W-16
CR-2025-004634,2025-11-28 22:12:12,ASSAULT,SIMPLE ASSAULT,41.904908599469074,-87.63630985693324,RESIDENCE,False,False,D-13,W-14
CR-2025-005309,2025-09-10 00:22:47,NARCOTICS,SALE/MANUFACTURE,41.90366490116622,-87.76091466270519,PARK,False,False,D-05,W-34
CR-2025-002033,2023-03-26 20:22:46,NARCOTICS,POSSESSION OF HEROIN,41.78363320768231,-87.6215688931655,SIDEWALK,True,False,D-01,W-07
CR-2025-003860,2023-08-02 10:49:44,ASSAULT,AGGRAVATED ASSAULT,41.77459896601837,-87.59304576997137,APARTMENT,False,False,D-08,W-03
CR-2025-005711,2023-04-05 14:27:57,MOTOR VEHICLE THEFT,AUTOMOBILE,41.943762629867486,-87.66214034691609,PARKING LOT,False,False,D-07,W-48
CR-2025-002171,2025-08-20 08:00:35,BATTERY,DOMESTIC BATTERY,41.90732513967185,-87.61442336271128,COMMERCIAL BUILDING,True,True,D-11,W-10
CR-2025-004424,2025-08-01 02:54:57,BATTERY,SIMPLE BATTERY,41.93841097614229,-87.64191829579465,ALLEY,True,False,D-12,W-21
CR-2024-000772,2025-01-07 07:40:46,ASSAULT,AGGRAVATED ASSAULT,41.86976018291349,-87.71846206339065,RESIDENCE,False,True,D-13,W-20
CR-2024-005428,2024-07-17 17:40:47,NARCOTICS,POSSESSION OF HEROIN,41.78690145478733,-87.66188595664718,ALLEY,False,False,D-02,W-23
CR-2025-002702,2023-03-10 00:17:32,ROBBERY,STRONGARM ROBBERY,41.75761150050552,-87.6288431710954,ALLEY,False,False,D-12,W-09
CR-2023-000423,2025-06-07 01:02:42,ASSAULT,SIMPLE ASSAULT,41.885805035590344,-87.6827045974816,SIDEWALK,False,False,D-12,W-36
CR-2024-003346,2025-01-09 11:00:41,BURGLARY,RESIDENTIAL,41.77295482406435,-87.6173392178147,APARTMENT,False,False,D-02,W-05
CR-2024-003397,not-a-valid-date-string,MOTOR VEHICLE THEFT,MOTORCYCLE,41.8750969811855,-87.60881158074893,PARKING LOT,False,False,D-12,W-30
CR-2023-004746,2023-10-19 21:09:53,CRIMINAL DAMAGE,GRAFFITI,41.871610107299055,-87.62391315972295,STREET,False,False,D-15,W-17
CR-2024-001357,2024-07-19 12:18:01,ASSAULT,SIMPLE ASSAULT,41.88361473939487,-87.66130039761478,PARKING LOT,True,True,D-07,W-24
CR-2024-001846,2025-03-10 01:20:47,BURGLARY,FORCIBLE ENTRY,41.89637292067632,-87.61393947541933,ALLEY,False,False,D-14,W-04
CR-2023-005163,2025-07-18 20:06:27,ASSAULT,AGGRAVATED ASSAULT,41.78236587571326,-87.6165472001089,PARKING LOT,False,False,D-04,W-20
CR-2025-000545,2024-03-25 22:23:00,CRIMINAL DAMAGE,TO VEHICLE,41.877025981108794,-87.63035833354765,PARK,False,False,D-01,W-23
CR-2024-000565,2023-07-24 20:37:51,THEFT,FROM BUILDING,41.786933930386255,-87.61845198114412,APARTMENT,False,False,D-07,W-08
CR-2025-005669,2025-04-28 23:03:12,ASSAULT,SIMPLE ASSAULT,41.928766523619345,-87.62206420571245,APARTMENT,True,False,D-14,W-45
CR-2023-002988,2024-03-09 22:54:26,ROBBERY,STRONGARM ROBBERY,41.98146619274357,-87.64283825304221,APARTMENT,False,False,D-03,W-08
CR-2023-005343,2025-10-11 15:12:36,MOTOR VEHICLE THEFT,AUTOMOBILE,,,STREET,False,False,D-10,W-34
CR-2023-003249,2025-12-03 21:10:22,ASSAULT,AGGRAVATED ASSAULT,41.94707102049381,-87.66246158892358,PARKING LOT,False,False,D-07,W-50
CR-2024-004288,2023-07-24 12:47:50,ROBBERY,ARMED ROBBERY,41.88089473635476,-87.74466496925703,STREET,False,False,D-01,W-22
CR-2025-000353,2024-05-03 17:30:47,CRIMINAL DAMAGE,GRAFFITI,41.746889266187594,-87.58513014545039,PARKING LOT,False,False,D-11,W-28
CR-2024-000043,2025-10-08 14:02:56,NARCOTICS,SALE/MANUFACTURE,41.891831031765534,-87.62486873335511,SIDEWALK,True,False,D-11,W-37
CR-2024-002317,2025-11-05 16:13:58,BURGLARY,FORCIBLE ENTRY,41.76191923367018,-87.70185639974542,ALLEY,False,True,D-09,W-12
CR-2025-003338,2024-07-26 00:48:53,CRIMINAL DAMAGE,TO PROPERTY,41.881148575450574,-87.74305055411091,COMMERCIAL BUILDING,False,False,D-10,W-13
CR-2023-000306,2024-10-25 00:21:21,NARCOTICS,SALE/MANUFACTURE,41.9539993725264,-87.67780978094596,STREET,False,False,D-14,W-22
CR-2023-004044,2024-01-16 20:27:01,THEFT,FROM BUILDING,41.789908849846945,-87.64202421378079,APARTMENT,False,False,D-15,W-47
CR-2023-000804,2025-03-21 00:18:31,THEFT,RETAIL THEFT,41.95486158546232,-87.66034707004252,STREET,False,True,D-04,W-38
CR-2023-000435,2024-01-04 00:13:15,MOTOR VEHICLE THEFT,AUTOMOBILE,41.77447631931265,-87.64895743111347,PARKING LOT,False,True,D-14,W-02
CR-2023-005247,2024-03-23 04:39:35,ROBBERY,STRONGARM ROBBERY,41.867513666566595,-87.63370912498502,PARK,False,True,D-08,W-35
CR-2024-003031,2024-12-04 11:51:03,BURGLARY,COMMERCIAL,41.87262078712695,-87.59398048441713,PARKING LOT,False,False,D-13,W-25
CR-2025-001178,2023-03-03 01:15:08,ROBBERY,ARMED ROBBERY,41.87256084291131,-87.62764917298986,PARK,False,False,D-04,W-49
CR-2023-005739,2025-12-13 20:41:52,BURGLARY,FORCIBLE ENTRY,,,ALLEY,False,False,D-15,W-15
CR-2024-001126,2023-08-18 02:39:28,ASSAULT,AGGRAVATED ASSAULT,41.91937648619897,-87.65554177895692,SIDEWALK,False,False,D-11,W-11
CR-2025-004724,2023-07-30 22:37:51,ROBBERY,ARMED ROBBERY,41.940767378091735,-87.64049748671789,COMMERCIAL BUILDING,False,False,D-11,W-13
CR-2024-004612,2023-12-30 06:37:47,ASSAULT,AGGRAVATED ASSAULT,41.85568604706401,-87.62708693332776,ALLEY,False,False,D-14,W-02
CR-2023-004437,2023-10-11 23:35:01,MOTOR VEHICLE THEFT,TRUCK,41.88893942718422,-87.73289485717756,STREET,False,False,D-01,W-33
CR-2025-003188,2023-12-08 21:43:12,ASSAULT,SIMPLE ASSAULT,41.95555322733262,-87.65400988054274,SIDEWALK,False,False,D-07,W-08
CR-2023-004614,2024-12-30 02:55:23,NARCOTICS,POSSESSION OF HEROIN,41.85157914921239,-87.62950681232803,PARK,False,False,D-01,W-33
CR-2025-003662,2024-11-30 00:54:10,ROBBERY,STRONGARM ROBBERY,41.885219502283505,-87.61918612267038,SIDEWALK,False,False,D-13,W-23
CR-2025-004718,2024-04-02 01:27:35,NARCOTICS,SALE/MANUFACTURE,41.95068952117637,-87.6574705568513,STREET,True,False,D-15,W-43
CR-2023-003006,2024-07-23 22:52:32,BURGLARY,COMMERCIAL,41.88109415627604,-87.61338730678717,APARTMENT,False,False,D-01,W-07
CR-2023-001419,2023-04-30 11:30:41,NARCOTICS,POSSESSION OF HEROIN,41.911381703501725,-87.632185678156,RESIDENCE,True,False,D-11,W-21
CR-2023-000582,2025-08-01 03:55:09,PETTY THEFT,SALE/MANUFACTURE,41.96885140864019,-87.6065049518732,ALLEY,True,False,D-08,W-43
CR-2024-004867,2023-07-23 21:31:13,MOTOR VEHICLE THEFT,MOTORCYCLE,41.89846429449575,-87.63195372383069,STREET,False,False,D-13,W-09
CR-2025-002936,2024-11-14 17:03:45,ROBBERY,STRONGARM ROBBERY,41.88708663688629,-87.74329161156929,APARTMENT,False,False,D-14,W-24
CR-2023-000489,2023-08-12 20:18:05,NARCOTICS,POSSESSION OF HEROIN,41.85434145764772,-87.61839378015785,PARKING LOT,True,False,D-08,W-44
CR-2023-001863,2025-12-02 21:55:51,NARCOTICS,POSSESSION OF COCAINE,41.88555310385762,-87.61375342817524,SIDEWALK,True,True,D-07,W-48
CR-2024-002743,2024-10-28 12:34:48,ROBBERY,ARMED ROBBERY,41.88011249623994,-87.6233748692401,STREET,False,False,D-07,W-47
CR-2023-005925,2024-08-29 01:26:15,ASSAULT,SIMPLE ASSAULT,41.88512796885358,-87.6275159593629,RESIDENCE,False,False,D-13,W-18
CR-2024-000358,2023-11-11 05:02:20,ASSAULT,AGGRAVATED ASSAULT,41.87981341472993,-87.62754547357808,RESIDENCE,False,False,D-11,W-21
CR-2024-000934,2025-06-26 20:09:03,ROBBERY,,41.9265806713957,-87.66351628575909,SIDEWALK,True,False,D-08,W-39
CR-2024-001474,2024-11-21 17:01:48,BURGLARY,COMMERCIAL,41.774227596045954,-87.66976183109288,PARKING LOT,False,True,D-03,W-35
CR-2024-004870,2025-07-07 08:08:42,NARCOTICS,POSSESSION OF COCAINE,41.86588770115104,-87.64727802999948,PARKING LOT,True,False,D-01,W-09
CR-2024-003997,2025-11-24 19:10:42,NARCOTICS,SALE/MANUFACTURE,41.76121401137969,-87.5737536083563,STREET,True,False,D-15,W-21
CR-2024-003964,2023-01-23 22:30:30,CRIMINAL DAMAGE,TO VEHICLE,41.95467446365794,-87.6849920958384,PARKING LOT,False,False,D-11,W-30
CR-2023-001734,2024-06-19 17:28:00,BATTERY,AGGRAVATED BATTERY,41.87128178421885,-87.63307979916154,COMMERCIAL BUILDING,True,False,D-06,W-11
CR-2023-000102,2025-01-18 04:32:25,THEFT,PETTY THEFT,41.85743495948065,-87.64386737559873,PARKING LOT,False,False,D-03,W-39
CR-2025-004067,2023-06-22 15:17:44,BURGLARY,COMMERCIAL,41.85305497555326,-87.72910384781545,RESIDENCE,False,False,D-10,W-39
CR-2025-000062,2025-01-04 01:12:07,MOTOR VEHICLE THEFT,AUTOMOBILE,41.79357142734501,-87.57423860935475,STREET,True,False,D-03,W-37
CR-2025-000152,2024-11-01 18:49:54,BATTERY,DOMESTIC BATTERY,41.88022377130865,-87.72478810710044,PARKING LOT,False,False,D-07,W-14
CR-2025-002210,2025-09-23 23:30:41,ASSAULT,SIMPLE ASSAULT,41.813142527691355,-87.65615136455295,ALLEY,True,False,D-05,W-01
CR-2025-002951,2025-08-17 22:12:41,THEFT,PETTY THEFT,41.94536065235368,-87.63409712362657,STREET,False,False,D-07,W-18
CR-2024-000544,2025-09-06 02:27:46,BURGLARY,RESIDENTIAL,41.87421436781269,-87.63274524773628,RESIDENCE,False,False,D-06,W-32
CR-2023-001620,2023-01-14 15:20:05,THEFT,GRAND THEFT,41.94864998643814,-87.59793193888666,SIDEWALK,False,False,D-01,W-10
CR-2023-002163,2025-05-31 11:11:58,BURGLARY,RESIDENTIAL,41.7640116266204,-87.60648667306671,APARTMENT,False,False,D-14,W-01
CR-2025-001823,2024-03-14 16:10:47,ROBBERY,ARMED ROBBERY,41.88197991721783,-87.62660890336214,STREET,False,False,D-10,W-44
CR-2025-000002,2025-07-29 17:59:24,BATTERY,DOMESTIC BATTERY,41.874587699379155,-87.63331205435423,PARKING LOT,True,False,D-01,W-43
CR-2024-003127,2024-10-29 19:53:01,NARCOTICS,POSSESSION OF COCAINE,41.872305162868294,-87.66287941559135,PARK,True,False,D-12,W-23
CR-2024-003226,2025-05-13 10:34:45,PETTY THEFT,TRUCK,41.860828634076675,-87.7380442130685,PARKING LOT,False,False,D-10,W-43
CR-2025-002993,2024-08-02 19:34:22,BATTERY,AGGRAVATED BATTERY,41.75897216084437,-87.62797688128178,PARKING LOT,True,True,D-07,W-48
CR-2023-005556,2023-08-06 02:46:20,CRIMINAL DAMAGE,TO PROPERTY,41.9490572674796,-87.66295556803419,PARKING LOT,False,False,D-09,W-20
CR-2025-001115,2024-08-15 04:24:11,NARCOTICS,SALE/MANUFACTURE,41.867830552613604,-87.61794061601256,SIDEWALK,True,False,D-14,W-13
CR-2024-003118,2024-12-16 19:40:59,MOTOR VEHICLE THEFT,AUTOMOBILE,41.8686289616665,-87.62901210447677,STREET,False,False,D-02,W-24
CR-2025-003617,2023-07-08 00:30:32,BURGLARY,FORCIBLE ENTRY,41.76319626500611,-87.59684044657511,ALLEY,False,False,D-14,W-16
CR-2024-004750,2023-06-19 00:26:41,CRIMINAL DAMAGE,TO PROPERTY,41.874083517219134,-87.60995945170016,STREET,False,True,D-02,W-01
CR-2024-000733,2025-12-22 16:34:23,CRIMINAL DAMAGE,GRAFFITI,41.91065828107833,-87.71979591246318,RESIDENCE,False,False,D-03,W-41
CR-2024-003079,2023-09-01 19:43:38,THEFT,GRAND THEFT,41.8794856518746,-87.65326933191004,RESIDENCE,False,False,D-07,W-08
CR-2024-002401,2023-06-12 22:49:37,ASSAULT,AGGRAVATED ASSAULT,41.85716827242868,-87.64041866411011,APARTMENT,False,True,D-07,W-03
CR-2023-002844,2023-05-20 23:12:50,BURGLARY,FORCIBLE ENTRY,41.92303726390049,-87.65866518268975,STREET,False,False,D-07,W-40
CR-2024-004669,2024-06-02 05:00:54,BATTERY,AGGRAVATED BATTERY,41.7797193409389,-87.62846943372915,PARK,True,False,D-14,W-43
CR-2025-001121,2025-02-01 23:42:58,BATTERY,DOMESTIC BATTERY,41.90774660876774,-87.65326362417566,RESIDENCE,False,False,D-09,W-32
CR-2025-004733,2023-08-04 22:07:43,NARCOTICS,POSSESSION OF HEROIN,41.977072672176355,-87.69249326081099,SIDEWALK,True,False,D-13,W-35
CR-2024-005314,2023-01-30 11:10:56,NARCOTICS,SALE/MANUFACTURE,41.96701774765584,-87.61908955043158,PARK,True,False,D-01,W-26
CR-2024-003466,2023-02-06 01:53:14,THEFT,GRAND THEFT,41.881812208214605,-87.6299449663197,RESIDENCE,False,False,D-15,W-26
CR-2025-001739,2024-11-14 20:38:27,ROBBERY,STRONGARM ROBBERY,41.807739758582926,-87.59434126506844,SIDEWALK,False,False,D-03,W-25
CR-2024-003385,2024-09-16 23:16:10,MOTOR VEHICLE THEFT,MOTORCYCLE,,,ALLEY,False,False,D-08,W-41
CR-2025-004664,2024-07-07 18:37:31,PETTY THEFT,DOMESTIC BATTERY,41.88147904583023,-87.62069856774691,COMMERCIAL BUILDING,True,False,D-15,W-36
CR-2025-000791,2024-07-22 07:38:46,MOTOR VEHICLE THEFT,TRUCK,41.92808356362043,-87.65406640300304,RESIDENCE,False,False,D-06,W-07
CR-2025-005438,2024-09-17 14:25:40,BATTERY,DOMESTIC BATTERY,41.88810828408957,-87.61504395934145,PARK,False,False,D-09,W-50
CR-2025-002192,2024-01-02 08:41:07,NARCOTICS,SALE/MANUFACTURE,41.8689879156857,-87.63586542989036,PARKING LOT,True,False,D-09,W-48
CR-2023-004716,2023-10-03 11:19:51,MOTOR VEHICLE THEFT,TRUCK,41.87387232725904,-87.6393531471131,STREET,False,False,D-10,W-30
CR-2024-002119,2023-01-18 22:54:47,ASSAULT,AGGRAVATED ASSAULT,95.0,-87.63097345988588,APARTMENT,False,True,D-09,W-12
CR-2025-003785,2023-03-30 07:53:38,MOTOR VEHICLE THEFT,TRUCK,41.86181378433828,-87.62935305752318,STREET,False,False,D-07,W-02
CR-2024-001282,2025-03-03 05:26:36,ASSAULT,SIMPLE ASSAULT,41.86466980516456,-87.6359215125874,COMMERCIAL BUILDING,True,False,D-15,W-37
CR-2023-003021,2025-05-12 02:45:45,CRIMINAL DAMAGE,TO VEHICLE,41.9111302088699,-87.6351413807293,SIDEWALK,False,False,D-07,W-05
CR-2025-005975,2025-04-13 10:00:57,ROBBERY,ARMED ROBBERY,41.89721095375275,-87.66808810228031,APARTMENT,False,False,D-13,W-50
CR-2024-002620,2025-08-21 22:29:12,ASSAULT,AGGRAVATED ASSAULT,41.87657007925046,-87.6424364894519,RESIDENCE,True,False,D-10,W-11
CR-2025-001466,2024-01-21 18:52:08,ROBBERY,STRONGARM ROBBERY,41.86476138757658,-87.61547049162644,ALLEY,False,False,D-11,W-08
CR-2023-004032,2024-04-30 16:25:52,MOTOR VEHICLE THEFT,AUTOMOBILE,41.75686415736933,-87.62674225501985,SIDEWALK,False,False,D-08,W-44
CR-2024-004831,2025-07-27 02:05:21,ROBBERY,ARMED ROBBERY,41.872925252570646,-87.62639456709417,PARK,False,False,D-07,W-10
CR-2025-005063,2024-06-17 22:46:31,MOTOR VEHICLE THEFT,MOTORCYCLE,41.8891106712587,-87.77590417453786,PARKING LOT,False,False,D-14,W-49
CR-2023-002742,2023-03-09 10:20:26,ASSAULT,SIMPLE ASSAULT,41.837682477801856,-87.71348728444288,RESIDENCE,False,True,D-11,W-18
CR-2025-001766,2024-10-23 06:08:45,THEFT,GRAND THEFT,41.776314219392745,-87.65997631756318,APARTMENT,False,True,D-02,W-16
CR-2024-004783,2025-10-03 11:31:23,THEFT,FROM BUILDING,41.928671190018015,-87.64496349468351,ALLEY,False,False,D-03,W-17
CR-2024-002404,2024-05-24 01:30:56,BURGLARY,COMMERCIAL,41.89950958046434,-87.63609152128988,PARK,False,False,D-11,W-45
CR-2023-003300,2024-09-06 23:15:51,THEFT,PETTY THEFT,41.922610388255805,-87.65413101038588,SIDEWALK,False,True,D-09,W-14
CR-2025-002174,2025-07-30 10:53:41,BATTERY,SIMPLE BATTERY,41.86399401625274,-87.63821141360471,PARK,True,True,D-10,W-33
CR-2023-004296,2025-12-30 18:31:27,ROBBERY,STRONGARM ROBBERY,41.82729652564201,-87.62560360246084,ALLEY,False,False,D-10,W-38
CR-2023-004482,2024-05-02 12:59:14,THEFT,PETTY THEFT,41.96174130945457,-87.68620112814813,RESIDENCE,False,False,D-01,W-40
CR-2024-000472,2025-06-28 01:03:49,NARCOTICS,POSSESSION OF HEROIN,41.91383946592886,-87.74616152579387,PARKING LOT,False,False,D-01,W-27
CR-2023-003621,2025-07-20 01:12:01,NARCOTICS,SALE/MANUFACTURE,41.93132353824991,-87.66816366684054,PARK,False,False,D-14,W-08
CR-2023-003924,2025-12-09 15:53:08,THEFT,FROM BUILDING,41.86888818081595,-87.7327796561374,ALLEY,False,False,D-15,W-41
CR-2025-003629,2024-07-06 04:32:15,ASSAULT,AGGRAVATED ASSAULT,41.7642899755851,-87.5676907521783,PARK,False,True,D-08,W-39
CR-2025-005675,2024-12-07 01:59:21,CRIMINAL DAMAGE,TO VEHICLE,41.745368506819084,-87.61553742108403,PARK,False,False,D-04,W-49
CR-2024-005437,2024-12-27 20:47:18,MOTOR VEHICLE THEFT,TRUCK,41.89938596620036,-87.6590438525909,COMMERCIAL BUILDING,True,False,D-09,W-27
CR-2024-001285,2024-01-24 19:08:25,THEFT,PETTY THEFT,41.8786735699244,-87.65152887121951,ALLEY,False,True,D-11,W-45
CR-2024-005539,2025-11-08 19:59:21,ASSAULT,AGGRAVATED ASSAULT,41.924859367370935,-87.62405290981253,ALLEY,False,False,D-02,W-01
CR-2025-001547,2023-12-07 23:32:30,CRIMINAL DAMAGE,TO PROPERTY,41.86505010670938,-87.70386963123016,COMMERCIAL BUILDING,False,False,D-14,W-32
CR-2025-002102,2024-02-12 02:58:35,THEFT,GRAND THEFT,41.78166338293685,-87.64465788190458,ALLEY,True,False,D-07,W-32
CR-2025-002768,2025-08-03 22:21:20,BURGLARY,RESIDENTIAL,41.92728721020403,-87.66237371519134,APARTMENT,False,False,D-05,W-15
CR-2023-001284,2025-02-01 13:07:15,BURGLARY,FORCIBLE ENTRY,41.89097676674985,-87.63331930854936,SIDEWALK,False,False,D-02,W-21
CR-2024-005407,2025-01-23 13:59:08,ROBBERY,,41.87120387907406,-87.6348863244179,PARKING LOT,False,False,D-13,W-16
CR-2024-001852,2024-01-18 17:02:15,BURGLARY,COMMERCIAL,41.875994374116424,-87.62518580997717,RESIDENCE,False,False,D-01,W-17
CR-2024-003880,2023-04-10 13:09:39,ROBBERY,ARMED ROBBERY,41.897813398635556,-87.61910100623805,SIDEWALK,True,False,D-08,W-32
CR-2023-003528,2024-08-04 04:20:49,THEFT,RETAIL THEFT,41.942992666064775,-87.65584768640807,SIDEWALK,False,False,D-10,W-15
CR-2023-005643,not-a-valid-date-string,BURGLARY,FORCIBLE ENTRY,41.76580739292776,-87.66314489820128,ALLEY,False,False,D-10,W-02
CR-2024-000595,2023-05-13 09:02:13,BURGLARY,FORCIBLE ENTRY,41.87968063259219,-87.64981038242378,PARK,False,False,D-11,W-01
CR-2024-003214,2025-09-24 21:34:11,BURGLARY,RESIDENTIAL,41.81272001337242,-87.64066435178007,ALLEY,False,False,D-12,W-09
CR-2024-003280,2024-03-23 20:35:07,THEFT,GRAND THEFT,41.87355672134302,-87.60960850308228,SIDEWALK,False,False,D-10,W-08
CR-2025-000578,2023-02-13 09:50:54,THEFT,RETAIL THEFT,41.86777774482234,-87.59601346291984,COMMERCIAL BUILDING,True,False,D-09,W-03
CR-2025-005300,2025-10-11 02:22:47,ROBBERY,ARMED ROBBERY,41.97217612482386,-87.66860091836006,SIDEWALK,False,False,D-10,W-37
CR-2023-003789,2023-07-15 12:17:26,BATTERY,AGGRAVATED BATTERY,41.76485174715355,-87.6647226151628,COMMERCIAL BUILDING,True,True,D-15,W-40
CR-2023-001389,2024-08-26 13:04:15,BATTERY,SIMPLE BATTERY,41.879488244402516,-87.71827005267446,PARK,True,False,D-11,W-25
CR-2023-002820,2025-10-27 21:48:10,BURGLARY,COMMERCIAL,41.798560155299896,-87.64298865713224,PARKING LOT,False,True,D-07,W-37
CR-2025-001769,2025-07-10 15:49:29,BATTERY,AGGRAVATED BATTERY,41.879717471864915,-87.7297864814588,PARKING LOT,True,False,D-06,W-30
CR-2025-003680,2025-11-11 14:07:36,THEFT,RETAIL THEFT,41.866704904733716,-87.61984530479451,SIDEWALK,False,False,D-03,W-05
CR-2024-004597,2023-03-26 01:58:49,NARCOTICS,POSSESSION OF COCAINE,41.862973504692036,-87.65274623432506,COMMERCIAL BUILDING,True,False,D-09,W-45
CR-2025-004844,2023-11-28 20:30:45,BURGLARY,FORCIBLE ENTRY,41.877827986347384,-87.62540073356493,PARKING LOT,False,False,D-03,W-23
CR-2024-002854,2024-07-17 20:57:46,THEFT,PETTY THEFT,41.866498162339504,-87.60131897527967,ALLEY,False,False,D-07,W-21
CR-2024-002215,2023-06-25 22:40:40,ASSAULT,SIMPLE ASSAULT,41.85138262378302,-87.66325702028686,ALLEY,True,True,D-12,W-17
CR-2023-002745,2023-11-24 21:58:59,ROBBERY,ARMED ROBBERY,41.94017950126994,-87.63486754031854,STREET,False,False,D-04,W-43
CR-2024-001735,2025-08-23 09:14:14,NARCOTICS,SALE/MANUFACTURE,41.94657200884982,-87.6569175699573,PARK,True,False,D-03,W-42
CR-2024-003943,2023-10-20 20:52:15,BATTERY,AGGRAVATED BATTERY,41.80816654073294,-87.67038061780474,PARK,True,True,D-03,W-42
CR-2025-004292,2025-11-07 02:44:42,NARCOTICS,SALE/MANUFACTURE,41.87411119888707,-87.62144687916448,PARK,True,False,D-03,W-42
CR-2023-002181,2025-04-06 15:52:07,NARCOTICS,SALE/MANUFACTURE,41.78581501913778,-87.59911298372937,SIDEWALK,True,False,D-02,W-18
CR-2024-005995,2025-11-28 14:50:09,THEFT,PETTY THEFT,41.93794958141181,-87.68432207972933,APARTMENT,False,False,D-06,W-20
CR-2025-002777,2025-08-02 20:07:43,BATTERY,DOMESTIC BATTERY,41.777310661520346,-87.66527319727778,STREET,True,False,D-01,W-10
CR-2023-003852,2024-11-27 23:14:06,ROBBERY,ARMED ROBBERY,41.86667359443977,-87.63429544084997,PARK,False,False,D-01,W-11
CR-2025-002225,2023-05-07 20:24:09,BATTERY,SIMPLE BATTERY,41.87067551779448,-87.63726358747464,ALLEY,True,True,D-09,W-30
CR-2025-005498,2025-11-28 06:18:02,BATTERY,DOMESTIC BATTERY,41.954905033517086,-87.63171473682841,ALLEY,True,True,D-01,W-16
CR-2024-005353,2025-06-29 02:42:05,ASSAULT,SIMPLE ASSAULT,41.87858397216157,-87.6432074983096,COMMERCIAL BUILDING,False,True,D-03,W-31
CR-2023-002502,2025-02-28 15:05:17,BATTERY,,41.96305658163644,-87.68078464238154,STREET,True,False,D-15,W-11
CR-2025-005357,2025-08-05 05:04:08,PETTY THEFT,SIMPLE BATTERY,41.94349655156297,-87.68566831397656,COMMERCIAL BUILDING,False,False,D-03,W-32
CR-2025-000587,2024-01-19 08:42:33,MOTOR VEHICLE THEFT,TRUCK,41.866790531167005,-87.634010126153,ALLEY,False,False,D-07,W-33
CR-2025-004919,2025-12-05 15:47:08,ASSAULT,SIMPLE ASSAULT,41.863117686959995,-87.64813546922481,SIDEWALK,False,False,D-14,W-50
CR-2025-005120,2025-09-27 14:47:03,BATTERY,DOMESTIC BATTERY,41.90338552631053,-87.6394936348622,STREET,True,False,D-10,W-46
CR-2024-004267,2025-07-25 13:36:35,CRIMINAL DAMAGE,GRAFFITI,41.973726605359126,-87.64110134503706,APARTMENT,False,False,D-04,W-01
CR-2024-001588,2024-02-02 19:17:12,THEFT,,41.85419786656892,-87.73592523864394,SIDEWALK,False,False,D-10,W-15
CR-2024-002005,2025-02-22 10:31:04,ROBBERY,STRONGARM ROBBERY,41.94885261705354,-87.68341126107713,ALLEY,False,False,D-01,W-36
CR-2023-005301,2025-03-18 22:46:47,BURGLARY,COMMERCIAL,41.93128514840097,-87.67901843198374,STREET,False,False,D-04,W-31
CR-2025-005324,2024-11-23 15:51:45,NARCOTICS,POSSESSION OF HEROIN,41.94114288745253,-87.68584922712238,STREET,True,False,D-14,W-50
CR-2025-003194,2025-12-10 03:43:57,THEFT,,41.9652502779291,-87.64020082467715,COMMERCIAL BUILDING,False,,D-15,W-37
CR-2025-005156,2025-09-06 02:42:55,NARCOTICS,SALE/MANUFACTURE,41.764729667054944,-87.60872715568462,PARKING LOT,True,False,D-05,W-22
CR-2023-003552,2025-04-18 19:48:25,BURGLARY,COMMERCIAL,41.88759837965173,-87.63561444748996,APARTMENT,False,False,D-08,W-37
CR-2023-004797,2025-06-13 16:07:18,NARCOTICS,SALE/MANUFACTURE,41.78147794814293,-87.64028613475813,APARTMENT,False,False,D-13,W-02
CR-2025-004691,2025-02-05 10:37:06,THEFT,PETTY THEFT,41.74742337721379,-87.65413287814994,RESIDENCE,False,False,D-07,W-39
CR-2023-001020,2023-07-20 01:46:49,THEFT,RETAIL THEFT,41.76153217172278,-87.63923206095284,COMMERCIAL BUILDING,False,True,D-14,W-18
CR-2024-004348,2025-09-19 23:17:28,BATTERY,DOMESTIC BATTERY,41.83754060404741,-87.66400178086005,COMMERCIAL BUILDING,False,False,D-02,W-19
CR-2024-000496,2023-05-13 20:58:45,NARCOTICS,SALE/MANUFACTURE,41.94345645234959,-87.66893968495995,COMMERCIAL BUILDING,False,False,D-02,W-19
CR-2024-001999,2025-12-19 07:09:59,BURGLARY,RESIDENTIAL,41.90275067233707,-87.62439028162846,APARTMENT,False,False,D-03,W-31
CR-2024-000181,2023-08-02 15:47:04,CRIMINAL DAMAGE,TO PROPERTY,41.87864231732778,-87.71966918900222,RESIDENCE,False,False,D-14,W-46
CR-2025-005213,2025-08-23 20:00:14,BATTERY,SIMPLE BATTERY,41.877496928981955,-87.63732987940273,APARTMENT,True,True,D-09,W-03
CR-2025-000875,2025-12-23 11:19:47,BURGLARY,COMMERCIAL,41.837551515605014,-87.61963187020704,SIDEWALK,False,False,D-14,W-09
CR-2023-004095,2023-04-25 08:35:34,THEFT,PETTY THEFT,41.88716077467383,-87.63595044117308,APARTMENT,True,False,D-01,W-01
CR-2025-004202,2024-02-27 05:57:39,BATTERY,SIMPLE BATTERY,41.898385438188896,-87.66527283059187,APARTMENT,True,True,D-10,W-42
CR-2023-001272,2024-11-03 00:28:49,THEFT,PETTY THEFT,41.99693432972691,-87.64664080349279,RESIDENCE,False,False,D-08,W-04
CR-2023-002550,2025-07-19 20:58:29,ASSAULT,SIMPLE ASSAULT,41.89353153487136,-87.62227472432247,ALLEY,True,False,D-13,W-39
CR-2024-002014,2024-08-22 01:37:12,NARCOTICS,POSSESSION OF COCAINE,41.90207807168145,-87.61776807312073,PARK,True,False,D-03,W-28
CR-2024-003487,2025-06-06 15:36:33,NARCOTICS,POSSESSION OF COCAINE,41.97538358097778,-87.65481136319643,PARKING LOT,True,False,D-03,W-02
CR-2023-000747,2025-03-03 23:50:23,BURGLARY,COMMERCIAL,41.90123164928852,-87.59970860667761,APARTMENT,False,False,D-12,W-09
CR-2023-001581,2024-05-07 21:57:42,BURGLARY,FORCIBLE ENTRY,41.93921819379562,-87.66919200738326,RESIDENCE,False,False,D-08,W-33
CR-2023-001050,2024-01-17 02:47:37,NARCOTICS,POSSESSION OF COCAINE,41.88374614289147,-87.64333077331537,STREET,True,False,D-07,W-43
CR-2024-000328,2025-12-22 13:59:51,MOTOR VEHICLE THEFT,TRUCK,41.779248232297824,-87.62960312717776,STREET,True,False,D-06,W-28
CR-2023-003921,2024-01-29 10:58:21,THEFT,RETAIL THEFT,41.89244657464805,-87.7340151038643,APARTMENT,False,False,D-01,W-44
CR-2023-004305,2025-03-28 05:07:07,THEFT,RETAIL THEFT,41.767424208170524,-87.61445691587575,PARK,False,False,D-10,W-03
CR-2025-004625,2025-03-03 03:23:55,BURGLARY,COMMERCIAL,41.86600220251316,-87.60464199235051,STREET,False,False,D-08,W-22
CR-2024-003820,2024-10-20 22:40:46,CRIMINAL DAMAGE,TO PROPERTY,41.847074364268536,-87.62845907081604,APARTMENT,False,False,D-13,W-26
CR-2023-005886,2024-01-13 00:24:28,BATTERY,AGGRAVATED BATTERY,41.959981231453895,-87.64595818112012,STREET,True,False,D-07,W-42
CR-2024-001417,2025-12-30 02:24:18,MOTOR VEHICLE THEFT,MOTORCYCLE,41.87444924030938,-87.63429757294412,APARTMENT,False,False,D-02,W-40
CR-2023-000564,2025-06-14 20:39:59,BATTERY,SIMPLE BATTERY,41.777296541335176,-87.62078093974242,ALLEY,True,True,D-15,W-27
CR-2023-003870,2024-08-09 23:08:24,THEFT,FROM BUILDING,41.888741164708804,-87.63190830228254,PARKING LOT,False,False,D-09,W-22
CR-2024-004195,2024-07-14 08:03:00,BATTERY,SIMPLE BATTERY,41.78879785552395,-87.63192930012437,PARKING LOT,True,False,D-10,W-31
CR-2025-003713,2025-11-02 17:34:23,ROBBERY,STRONGARM ROBBERY,41.941869282949305,-87.67871849787615,PARK,False,False,D-08,W-24
CR-2023-004809,2024-02-25 18:38:07,BURGLARY,FORCIBLE ENTRY,41.96894120853746,-87.66825744579293,STREET,True,False,D-10,W-06
CR-2025-004835,2025-07-02 10:34:44,ASSAULT,AGGRAVATED ASSAULT,41.88090660650188,-87.62397363079484,SIDEWALK,False,False,D-10,W-13
CR-2023-004872,2025-01-16 21:20:42,ROBBERY,STRONGARM ROBBERY,41.95984942823559,-87.64228068642441,PARK,False,False,D-10,W-28
CR-2023-005475,2025-11-27 00:53:30,ASSAULT,SIMPLE ASSAULT,41.86770564493204,-87.61440868838561,APARTMENT,False,False,D-06,W-47
CR-2023-003450,2024-11-02 04:01:56,BURGLARY,RESIDENTIAL,41.96733615133024,-87.65419994127933,PARKING LOT,True,False,D-10,W-46
CR-2024-003823,2023-10-10 14:46:59,ASSAULT,SIMPLE ASSAULT,41.73207485422674,-87.57788796107,ALLEY,False,False,D-15,W-42
CR-2023-005295,2025-12-21 10:32:24,ASSAULT,SIMPLE ASSAULT,41.87557169555298,-87.73357675986495,RESIDENCE,False,False,D-11,W-34
CR-2024-001645,2023-05-30 10:09:03,ROBBERY,STRONGARM ROBBERY,41.97677062690296,-87.7050561731307,PARKING LOT,False,False,D-08,W-30
CR-2024-002116,2023-06-10 13:15:00,BATTERY,SIMPLE BATTERY,41.936182847203895,-87.64521033487233,COMMERCIAL BUILDING,True,False,D-01,W-08
CR-2024-004045,2025-05-08 17:17:52,MOTOR VEHICLE THEFT,AUTOMOBILE,41.86234343556866,-87.61710822296057,APARTMENT,False,False,D-01,W-02
CR-2025-003125,2024-01-26 02:37:48,ASSAULT,AGGRAVATED ASSAULT,41.76465752592686,-87.63794569833604,SIDEWALK,True,False,D-12,W-16
CR-2024-005692,2024-10-16 11:34:05,THEFT,RETAIL THEFT,41.944336629420306,-87.65851306572732,COMMERCIAL BUILDING,True,False,D-02,W-25
CR-2024-005194,2025-11-12 00:56:50,BURGLARY,COMMERCIAL,41.905273336597915,-87.62111385548687,ALLEY,True,False,D-09,W-01
CR-2025-001598,2025-04-01 01:57:43,CRIMINAL DAMAGE,GRAFFITI,41.79671780072153,-87.67607875520147,COMMERCIAL BUILDING,False,False,D-13,W-37
CR-2025-004775,2023-11-25 06:39:25,BATTERY,DOMESTIC BATTERY,41.88351133631996,-87.62871567479313,COMMERCIAL BUILDING,False,True,D-07,W-23
CR-2023-003093,2024-10-11 20:36:05,NARCOTICS,POSSESSION OF COCAINE,41.88435202361725,-87.61229318817995,SIDEWALK,True,False,D-11,W-28
CR-2025-002258,2023-07-19 15:46:14,CRIMINAL DAMAGE,TO PROPERTY,41.87183854427016,-87.62463919117656,SIDEWALK,False,False,D-05,W-18
CR-2023-000645,2024-10-15 21:44:25,ASSAULT,AGGRAVATED ASSAULT,41.78861446511328,-87.56667501206418,PARK,False,False,D-01,W-19
CR-2023-004473,2025-05-18 07:32:22,ROBBERY,ARMED ROBBERY,41.773923436156004,-87.62437932415946,COMMERCIAL BUILDING,False,False,D-09,W-29
CR-2024-004117,2024-01-16 04:13:50,BURGLARY,COMMERCIAL,41.80530253129175,-87.6092927085841,ALLEY,False,False,D-09,W-21
CR-2025-005426,2025-07-04 18:01:00,CRIMINAL DAMAGE,TO VEHICLE,41.87502939149717,-87.63559742335484,PARK,False,False,D-12,W-49
CR-2025-004085,2025-03-13 00:18:09,NARCOTICS,POSSESSION OF HEROIN,41.869948693553354,-87.61084216091356,PARK,True,False,D-09,W-43
CR-2023-000888,2024-07-10 18:25:42,ROBBERY,ARMED ROBBERY,41.86892346363643,-87.63035555195573,APARTMENT,False,False,D-14,W-22
CR-2024-003946,2024-12-22 04:54:48,BATTERY,SIMPLE BATTERY,41.749045333714704,-87.65431611103608,SIDEWALK,True,True,D-13,W-25
CR-2024-002770,2025-09-27 10:41:00,THEFT,RETAIL THEFT,41.82112972334129,-87.58725193046489,PARKING LOT,False,False,D-02,W-40
CR-2024-000103,2024-04-11 23:30:10,NARCOTICS,POSSESSION OF HEROIN,41.791775881680216,-87.6161553512272,APARTMENT,True,False,D-02,W-13
CR-2025-001376,2023-11-05 09:30:05,ASSAULT,,41.76725486077205,-190.0,COMMERCIAL BUILDING,False,False,D-09,W-15
CR-2023-000873,2024-10-07 14:53:06,BATTERY,DOMESTIC BATTERY,41.89272796444674,-87.62228358745091,PARK,True,,D-13,W-22
CR-2025-004049,2025-09-17 20:31:57,OTHER OFFENSE,DUPLICATE ID TEST RECORD,41.95711092637985,-87.65197029454845,ALLEY,True,True,D-12,W-29
CR-2023-003588,2025-09-19 11:09:50,ASSAULT,AGGRAVATED ASSAULT,41.972141553574836,-87.67459579475259,STREET,True,False,D-09,W-37
CR-2023-002412,2023-06-02 00:36:28,BURGLARY,COMMERCIAL,41.87947233200181,-87.72255767552868,RESIDENCE,False,False,D-07,W-41
CR-2024-000187,2025-09-02 09:57:54,THEFT,GRAND THEFT,41.91039773686268,-87.64131021344332,PARK,False,False,D-04,W-13
CR-2024-003514,2023-12-25 23:52:02,ROBBERY,STRONGARM ROBBERY,,,APARTMENT,False,False,D-13,W-49
CR-2025-004694,2024-06-03 08:28:19,ROBBERY,STRONGARM ROBBERY,41.968943020717866,-87.63913280900668,COMMERCIAL BUILDING,False,False,D-14,W-15
CR-2023-005727,2024-10-27 10:49:34,THEFT,RETAIL THEFT,41.91471883767898,-87.62065735155682,COMMERCIAL BUILDING,False,False,D-02,W-29
CR-2024-001585,2024-05-17 09:22:45,ROBBERY,STRONGARM ROBBERY,41.86357657090746,-87.71595156854967,APARTMENT,False,False,D-12,W-50
CR-2023-003687,2024-07-17 15:05:09,NARCOTICS,SALE/MANUFACTURE,41.88515724494194,-87.60021483281378,PARKING LOT,False,False,D-12,W-11
CR-2024-002815,2025-09-29 14:23:10,BATTERY,SIMPLE BATTERY,41.93359019787336,-87.63800351123018,APARTMENT,False,False,D-06,W-44
CR-2024-000403,2024-10-11 22:09:16,BATTERY,AGGRAVATED BATTERY,41.88143200657451,-87.63698122932496,RESIDENCE,True,False,D-05,W-48
CR-2023-000279,2023-11-13 03:22:09,ASSAULT,AGGRAVATED ASSAULT,41.884016782135674,-87.6361147672123,APARTMENT,False,False,D-02,W-37
CR-2025-000485,2023-11-27 00:05:41,NARCOTICS,POSSESSION OF COCAINE,41.78210261037277,-87.64602629143688,ALLEY,True,False,D-07,W-11
CR-2024-004909,2025-07-04 07:49:48,BATTERY,DOMESTIC BATTERY,41.92661314724576,-87.63313110796554,PARKING LOT,False,False,D-06,W-16
CR-2023-002370,2023-12-11 22:41:25,OTHER OFFENSE,DUPLICATE ID TEST RECORD,41.88588306770661,-87.6223629246846,PARKING LOT,False,False,D-15,W-40
CR-2025-003326,2025-06-28 05:55:10,CRIMINAL DAMAGE,GRAFFITI,41.86685876019565,-87.62473350851418,RESIDENCE,False,False,D-05,W-40
CR-2024-000253,2025-02-16 18:23:39,BURGLARY,RESIDENTIAL,41.93655212151522,-87.67257981539359,APARTMENT,False,False,D-06,W-24
CR-2023-001401,2023-09-19 17:04:01,BURGLARY,RESIDENTIAL,41.955396000491355,-87.67538109193684,PARKING LOT,False,False,D-06,W-49
CR-2025-002741,2025-08-27 21:03:09,NARCOTICS,SALE/MANUFACTURE,41.780969322594636,-87.62808042917065,PARKING LOT,True,False,D-12,W-03
CR-2023-000273,2024-06-08 01:38:45,BATTERY,SIMPLE BATTERY,41.890987298289254,-87.73055481694877,APARTMENT,True,False,D-14,W-06
CR-2025-003638,2024-11-16 01:59:35,BATTERY,AGGRAVATED BATTERY,41.75253238862585,-87.63068075767991,PARKING LOT,False,False,D-15,W-35
CR-2025-001949,2025-04-24 10:57:07,ASSAULT,SIMPLE ASSAULT,41.88454011234203,-87.62410540527421,SIDEWALK,False,True,D-10,W-33
CR-2024-000334,2024-08-16 20:35:02,NARCOTICS,SALE/MANUFACTURE,41.838335452874105,-87.61342739722117,COMMERCIAL BUILDING,False,False,D-06,W-32
CR-2024-001459,2025-12-29 20:50:51,BATTERY,SIMPLE BATTERY,41.8823652157117,-87.70357430792647,COMMERCIAL BUILDING,True,,D-14,W-49
CR-2024-004483,2024-11-20 19:35:15,CRIMINAL DAMAGE,TO VEHICLE,41.941133759832226,-87.6493685464661,COMMERCIAL BUILDING,False,False,D-05,W-21
CR-2024-000589,2024-05-24 03:03:57,THEFT,FROM BUILDING,41.86327113339274,-87.64635383975823,ALLEY,False,False,D-12,W-46
CR-2025-003230,2023-06-16 17:23:08,MOTOR VEHICLE THEFT,MOTORCYCLE,41.87238854894208,-87.64884197899019,STREET,False,False,D-04,W-07
CR-2023-000939,2024-10-23 01:25:18,THEFT,PETTY THEFT,41.91473123615558,-87.67141740132992,SIDEWALK,False,False,D-04,W-44
CR-2023-002979,2023-09-17 08:05:29,BURGLARY,FORCIBLE ENTRY,41.9394869939394,-87.61422362619827,RESIDENCE,False,False,D-10,W-45
CR-2023-003540,2025-05-27 23:13:03,THEFT,PETTY THEFT,41.95525852754643,-87.63043061743308,PARKING LOT,False,False,D-14,W-31
CR-2023-003507,2023-01-21 15:33:51,CRIMINAL DAMAGE,GRAFFITI,41.87346400644893,-87.62372764886788,PARK,True,False,D-12,W-17
CR-2024-004243,2025-08-23 02:28:51,BURGLARY,FORCIBLE ENTRY,41.88435642986635,-87.64456950530527,COMMERCIAL BUILDING,False,False,D-09,W-37
CR-2024-000640,2025-05-23 23:08:53,MOTOR VEHICLE THEFT,TRUCK,41.883003736286085,-87.72964445705485,ALLEY,False,False,D-05,W-06
CR-2023-002838,2024-01-26 10:49:35,MOTOR VEHICLE THEFT,TRUCK,41.95199244545264,-87.62839704759095,PARKING LOT,False,False,D-10,W-46
CR-2025-005792,2025-08-13 18:45:36,THEFT,FROM BUILDING,41.890597179491735,-87.7074012880267,ALLEY,False,False,D-02,W-29
CR-2024-004609,2023-08-19 11:00:49,CRIMINAL DAMAGE,TO VEHICLE,41.86439711589828,-87.73434207666249,PARK,False,False,D-09,W-48
CR-2023-003306,2024-06-04 09:14:43,CRIMINAL DAMAGE,TO PROPERTY,41.92387641284375,-87.61136707890041,STREET,False,False,D-02,W-04
CR-2025-002939,2023-07-29 13:24:27,BURGLARY,FORCIBLE ENTRY,41.75846479663964,-87.62096771323107,ALLEY,False,False,D-05,W-25
CR-2023-004467,2024-07-21 13:48:57,NARCOTICS,POSSESSION OF HEROIN,41.96093754127058,-87.65627531303686,RESIDENCE,True,False,D-02,W-20
CR-2025-004550,2024-05-17 10:48:43,PETTY THEFT,FORCIBLE ENTRY,41.77037267669646,-87.60345092112351,APARTMENT,False,False,D-15,W-50
CR-2025-005573,2023-10-16 01:21:13,CRIMINAL DAMAGE,TO VEHICLE,41.86811220106506,-87.72073588417481,SIDEWALK,True,False,D-13,W-30
CR-2023-000072,2024-09-27 23:21:49,ASSAULT,SIMPLE ASSAULT,41.95359765588497,-87.63966354256445,ALLEY,False,True,D-13,W-23
CR-2023-002007,2025-08-24 04:35:41,MOTOR VEHICLE THEFT,AUTOMOBILE,41.776923316453384,-87.6434781027409,ALLEY,False,False,D-05,W-23
CR-2025-004442,2023-08-10 22:32:07,BURGLARY,COMMERCIAL,41.904169774776854,-87.62336548077178,APARTMENT,False,False,D-01,W-07
CR-2023-005877,2025-12-05 19:59:09,NARCOTICS,POSSESSION OF COCAINE,41.869811597309045,-87.70466222803638,PARKING LOT,True,False,D-15,W-05
CR-2024-001144,2025-03-31 11:02:24,ASSAULT,SIMPLE ASSAULT,41.86913734707963,-87.60846445207453,PARKING LOT,False,False,D-08,W-09
CR-2023-000567,2024-10-12 10:36:27,CRIMINAL DAMAGE,GRAFFITI,41.87620518056477,-87.7095464309708,APARTMENT,False,False,D-01,W-37
CR-2025-002687,2024-06-28 06:23:24,CRIMINAL DAMAGE,TO PROPERTY,41.78969079074094,-87.61050811329706,APARTMENT,False,False,D-07,W-41
CR-2023-004542,2024-02-09 00:21:21,ROBBERY,ARMED ROBBERY,41.89873395446457,-87.63586142967749,APARTMENT,False,False,D-12,W-43
CR-2024-000466,2023-11-18 03:26:30,BATTERY,AGGRAVATED BATTERY,41.85453574979251,-87.76647850721916,APARTMENT,True,True,D-07,W-46
CR-2024-002260,2025-07-06 06:52:00,BATTERY,AGGRAVATED BATTERY,41.87182130328692,-87.70756200591414,ALLEY,True,True,D-14,W-41
CR-2023-003123,2024-11-07 10:28:38,BATTERY,AGGRAVATED BATTERY,41.88616118004231,-87.62016548147484,APARTMENT,True,False,D-13,W-03
CR-2025-001907,2024-06-07 19:26:58,CRIMINAL DAMAGE,TO VEHICLE,41.9231100318609,-87.69116212905068,PARKING LOT,False,False,D-07,W-23
CR-2024-001570,2025-07-25 08:43:04,BURGLARY,FORCIBLE ENTRY,41.89080156162825,-87.66170841130527,RESIDENCE,False,False,D-02,W-48
CR-2023-002463,2025-07-06 00:45:15,ASSAULT,AGGRAVATED ASSAULT,41.7676864290868,-87.62303612615567,ALLEY,False,False,D-10,W-11
CR-2023-002685,2023-12-25 23:06:10,ROBBERY,STRONGARM ROBBERY,41.74784383666127,-87.65713967785081,PARK,False,False,D-02,W-19
CR-2025-002570,2025-11-26 09:34:42,CRIMINAL DAMAGE,TO VEHICLE,41.86948848987075,-87.62175379150163,COMMERCIAL BUILDING,True,False,D-04,W-13
CR-2024-000655,2024-10-03 20:29:45,MOTOR VEHICLE THEFT,MOTORCYCLE,41.9478994608251,-87.63894467401599,ALLEY,False,False,D-02,W-25
CR-2024-000034,2023-08-10 18:19:36,NARCOTICS,POSSESSION OF COCAINE,41.88710944845086,-87.7385121555829,APARTMENT,True,False,D-11,W-16
CR-2023-001452,2023-07-02 19:18:36,NARCOTICS,POSSESSION OF COCAINE,41.918056526066565,-87.64028841664957,SIDEWALK,True,False,D-12,W-33
CR-2025-001535,2024-11-01 13:12:47,NARCOTICS,POSSESSION OF HEROIN,41.8590600425518,-87.60426228012805,SIDEWALK,True,False,D-07,W-33
CR-2023-003873,2024-03-23 03:20:59,ASSAULT,SIMPLE ASSAULT,41.89938553417051,-87.62539971945516,STREET,False,True,D-14,W-49
CR-2025-003425,2023-03-25 09:14:32,PETTY THEFT,MOTORCYCLE,41.86129373121596,-87.64112299294858,STREET,False,True,D-12,W-31
CR-2024-000685,2025-07-20 13:18:02,BATTERY,AGGRAVATED BATTERY,41.944941078801534,-87.62106583039716,STREET,False,False,D-05,W-28
CR-2023-000597,2024-08-18 07:59:22,PETTY THEFT,GRAFFITI,41.91654012532937,-87.64649050524079,COMMERCIAL BUILDING,False,False,D-15,W-17
CR-2024-000892,2023-07-24 02:14:59,BURGLARY,RESIDENTIAL,41.95004879505869,-87.68445102998929,PARKING LOT,False,False,D-09,W-45
CR-2024-004192,2024-10-02 17:47:18,BURGLARY,RESIDENTIAL,41.88282172527067,-87.75314783604874,COMMERCIAL BUILDING,False,False,D-07,W-24
CR-2023-001398,2024-08-31 01:05:02,BURGLARY,COMMERCIAL,41.959862556264824,-87.69101732983867,ALLEY,False,False,D-02,W-46
CR-2024-001627,2023-11-21 12:38:05,CRIMINAL DAMAGE,GRAFFITI,41.88361429760315,-87.62757865870303,SIDEWALK,False,False,D-13,W-31
CR-2025-004478,2024-02-08 01:52:50,ASSAULT,SIMPLE ASSAULT,41.925141220262944,-87.6624483009634,APARTMENT,False,True,D-04,W-24
CR-2025-003203,2024-07-15 18:34:22,BATTERY,SIMPLE BATTERY,41.876866194504935,-87.62520323705556,SIDEWALK,True,False,D-03,W-21
CR-2023-003660,2023-06-07 21:46:35,CRIMINAL DAMAGE,GRAFFITI,41.887629937928246,-87.63156500953289,ALLEY,False,False,D-11,W-25
CR-2024-000967,2025-05-01 15:43:37,MOTOR VEHICLE THEFT,AUTOMOBILE,42.00128686694034,-87.6853594065679,ALLEY,True,True,D-03,W-47
CR-2024-005602,2023-07-31 03:13:32,MOTOR VEHICLE THEFT,MOTORCYCLE,41.975711207408644,-87.65622993162253,ALLEY,False,False,D-10,W-24
CR-2023-005424,2024-12-27 20:05:08,BATTERY,SIMPLE BATTERY,41.87386812585294,-87.63926295266026,RESIDENCE,True,True,D-13,W-41
CR-2023-004566,2024-08-03 22:32:53,ROBBERY,STRONGARM ROBBERY,41.88176147665254,-87.62569133369729,PARKING LOT,False,False,D-02,W-22
CR-2023-002625,2025-02-19 18:53:08,MOTOR VEHICLE THEFT,MOTORCYCLE,41.863613260507044,-87.63787860509946,RESIDENCE,False,False,D-11,W-24
CR-2024-004264,2025-12-11 13:17:27,BATTERY,DOMESTIC BATTERY,41.89325568969925,-87.63648636189696,PARKING LOT,True,True,D-09,W-27
CR-2025-002642,2024-06-17 20:15:34,NARCOTICS,SALE/MANUFACTURE,41.980775752793214,-87.64698346741089,COMMERCIAL BUILDING,False,False,D-09,W-05
CR-2023-003240,2025-04-16 22:43:36,ASSAULT,SIMPLE ASSAULT,41.96226435203317,-87.69585354543341,PARK,False,False,D-11,W-09
CR-2023-004887,2025-10-20 10:31:43,BATTERY,SIMPLE BATTERY,41.942358059179504,-87.62355198795169,STREET,True,True,D-09,W-12
CR-2025-005012,2023-07-30 06:44:18,THEFT,PETTY THEFT,41.88958156241563,-87.60763419557047,RESIDENCE,False,False,D-04,W-15
CR-2025-004121,2023-10-28 19:03:41,NARCOTICS,POSSESSION OF COCAINE,41.94492252359371,-87.62852815723409,ALLEY,False,False,D-08,W-04
CR-2025-000167,2024-09-21 03:15:26,MOTOR VEHICLE THEFT,AUTOMOBILE,41.89815215520152,-87.72954703286705,RESIDENCE,False,False,D-15,W-15
CR-2023-003180,2025-09-05 23:01:47,MOTOR VEHICLE THEFT,AUTOMOBILE,41.96636719136694,-87.63280446560029,PARK,False,False,D-08,W-18
CR-2024-002692,2025-03-06 16:15:02,BURGLARY,FORCIBLE ENTRY,41.89576135188625,-87.72648247238597,STREET,True,False,D-11,W-45
CR-2025-001700,2024-06-08 22:27:56,ASSAULT,SIMPLE ASSAULT,41.791185736318006,-87.61475599107004,STREET,False,True,D-08,W-09
CR-2025-001661,2024-04-25 14:23:02,CRIMINAL DAMAGE,TO VEHICLE,41.740175986873666,-87.62255060046948,ALLEY,False,True,D-03,W-25
CR-2025-000071,2023-03-28 13:58:04,ROBBERY,STRONGARM ROBBERY,41.916250335308774,-87.65160732282935,COMMERCIAL BUILDING,False,False,D-06,W-11
CR-2023-002898,2025-10-02 23:04:13,BURGLARY,FORCIBLE ENTRY,41.92457449151107,-87.63367262707048,ALLEY,False,False,D-02,W-33
CR-2023-004530,2025-12-04 11:34:20,ASSAULT,AGGRAVATED ASSAULT,41.77634742352772,-87.6280611730835,STREET,False,False,D-15,W-10
CR-2024-005275,2025-03-28 23:10:58,CRIMINAL DAMAGE,TO PROPERTY,41.86819207677456,-87.75228841349544,ALLEY,False,False,D-02,W-18
CR-2023-002067,2025-09-29 14:50:31,BURGLARY,COMMERCIAL,41.94618374879442,-87.66306486107042,PARK,True,True,D-11,W-47
CR-2023-002310,2024-12-14 14:33:46,BATTERY,AGGRAVATED BATTERY,41.87243454502335,-87.69582792217857,ALLEY,True,,D-04,W-21
CR-2024-003382,2025-03-13 05:28:17,MOTOR VEHICLE THEFT,TRUCK,41.84624010772812,-87.62359575613642,SIDEWALK,True,False,D-02,W-19
CR-2023-002166,2025-09-04 23:45:08,BURGLARY,FORCIBLE ENTRY,41.894185199365225,-87.72331036825224,ALLEY,False,False,D-04,W-04
CR-2024-002866,2023-09-19 20:22:12,ROBBERY,ARMED ROBBERY,41.80447103678877,-87.63376115464824,PARKING LOT,False,False,D-14,W-32
CR-2024-005491,2024-12-30 21:49:38,MOTOR VEHICLE THEFT,MOTORCYCLE,41.872009562683814,-87.62174230278188,STREET,False,False,D-06,W-50
CR-2024-004162,2025-12-06 22:21:58,BATTERY,AGGRAVATED BATTERY,41.94971577297298,-87.6220413710562,APARTMENT,True,False,D-10,W-25
CR-2024-000031,2023-10-05 14:16:24,ROBBERY,ARMED ROBBERY,41.92627330051988,-87.67922413248161,PARKING LOT,False,False,D-13,W-27
CR-2024-001756,2025-03-20 13:44:56,BURGLARY,COMMERCIAL,41.982640805680354,-87.69025273019656,PARKING LOT,False,False,D-06,W-28
CR-2023-004299,2025-05-20 15:06:31,BURGLARY,RESIDENTIAL,41.862072188688764,-87.62461878727534,ALLEY,False,False,D-10,W-30
CR-2023-005172,2023-12-18 22:16:35,MOTOR VEHICLE THEFT,MOTORCYCLE,41.887361429463915,-87.6399012135934,PARKING LOT,False,False,D-02,W-13
CR-2024-000430,2023-09-22 22:33:07,CRIMINAL DAMAGE,TO PROPERTY,41.95245846041703,-87.68561488229994,RESIDENCE,False,False,D-02,W-39
CR-2025-000056,2024-03-24 20:16:43,ASSAULT,SIMPLE ASSAULT,41.88168414377894,-87.68256164197527,STREET,False,False,D-10,W-24
CR-2023-002967,2023-03-25 06:24:52,CRIMINAL DAMAGE,TO VEHICLE,41.90320162828435,-87.62317379895434,PARKING LOT,False,False,D-04,W-12
CR-2025-000935,2024-07-30 12:45:28,ASSAULT,AGGRAVATED ASSAULT,41.75125738328785,-87.63437302575723,COMMERCIAL BUILDING,False,False,D-06,W-02
CR-2023-003189,2025-06-29 02:45:06,NARCOTICS,POSSESSION OF HEROIN,41.891698162356654,-87.62871621927644,ALLEY,True,False,D-15,W-49
CR-2025-001862,2023-07-13 05:41:58,BURGLARY,RESIDENTIAL,41.86940337350002,-87.71641072350288,SIDEWALK,False,False,D-02,W-08
CR-2024-000880,2024-01-27 23:08:36,ASSAULT,SIMPLE ASSAULT,41.910119361528686,-87.71354170516071,APARTMENT,True,True,D-04,W-48
CR-2023-004446,2025-04-04 19:52:49,THEFT,FROM BUILDING,41.864062531553145,-87.64593840743086,PARKING LOT,False,False,D-15,W-14
CR-2024-003652,2024-11-13 14:46:40,THEFT,PETTY THEFT,41.884943742327934,-87.67546984808865,STREET,False,False,D-04,W-08
CR-2025-001154,not-a-valid-date-string,NARCOTICS,POSSESSION OF HEROIN,41.95909011296961,-87.63754689148251,COMMERCIAL BUILDING,True,False,D-05,W-15
CR-2024-003463,2025-06-06 10:34:13,CRIMINAL DAMAGE,GRAFFITI,41.87841639121776,-87.64676600853254,RESIDENCE,False,False,D-10,W-48
CR-2025-003482,2024-12-04 21:53:48,ROBBERY,ARMED ROBBERY,41.88411138465761,-87.71722538331709,PARK,False,False,D-11,W-13
CR-2023-003309,2025-10-27 18:19:52,ROBBERY,STRONGARM ROBBERY,41.919625597978865,-87.65980525284982,SIDEWALK,False,False,D-12,W-15
CR-2023-002319,2024-02-25 23:12:16,THEFT,GRAND THEFT,41.90805322403755,-87.71194651849967,ALLEY,False,True,D-04,W-32
CR-2025-003746,2023-12-11 19:09:52,CRIMINAL DAMAGE,GRAFFITI,41.76383439238464,-87.62895542397239,ALLEY,False,False,D-05,W-42
CR-2025-005054,2025-12-19 03:05:06,ROBBERY,STRONGARM ROBBERY,41.876947018894946,-87.61009790258012,APARTMENT,False,False,D-15,W-11
CR-2023-000720,2025-03-09 00:20:27,ASSAULT,AGGRAVATED ASSAULT,41.795472031716685,-87.59966315356287,PARKING LOT,False,False,D-04,W-50
CR-2025-001802,2023-09-02 02:25:16,BURGLARY,COMMERCIAL,41.798453250038285,-87.6487724845417,ALLEY,False,False,D-14,W-33
CR-2024-002740,2025-08-18 01:56:56,BURGLARY,FORCIBLE ENTRY,41.90749755882118,-87.62304080425854,COMMERCIAL BUILDING,False,False,D-01,W-20
CR-2023-003291,2024-01-10 03:31:38,ASSAULT,SIMPLE ASSAULT,41.874050721547626,-87.65295176414779,PARK,False,False,D-04,W-32
CR-2023-004284,2025-03-14 00:37:09,BATTERY,AGGRAVATED BATTERY,,,SIDEWALK,True,True,D-08,W-17
CR-2024-003505,2023-04-08 09:09:01,CRIMINAL DAMAGE,TO PROPERTY,41.882470684772244,-87.62931722369446,SIDEWALK,False,False,D-10,W-40
CR-2023-003447,2025-04-08 12:39:31,BURGLARY,FORCIBLE ENTRY,41.867486715720595,-87.63788185456865,ALLEY,False,False,D-10,W-15
CR-2025-003734,2023-03-08 09:45:53,BATTERY,DOMESTIC BATTERY,41.87177964788345,-87.62047979890046,PARK,True,False,D-04,W-28
CR-2023-001428,2025-05-22 05:52:51,BURGLARY,FORCIBLE ENTRY,41.86733121663879,-87.6332578693777,ALLEY,True,False,D-03,W-21
CR-2023-003255,2023-07-18 01:19:51,BATTERY,DOMESTIC BATTERY,41.97942490532856,-87.63765427014802,COMMERCIAL BUILDING,False,True,D-09,W-34
CR-2024-003982,2023-02-16 23:29:10,ASSAULT,SIMPLE ASSAULT,41.86971254247412,-87.63670460143862,ALLEY,False,False,D-11,W-07
CR-2024-000988,2024-08-16 21:52:52,BATTERY,DOMESTIC BATTERY,41.90083402895975,-87.7098445236818,SIDEWALK,True,,D-13,W-08
CR-2025-005414,2025-01-10 19:30:57,ASSAULT,AGGRAVATED ASSAULT,41.86980813623683,-87.63872958546541,APARTMENT,False,False,D-04,W-37
CR-2025-000902,2023-06-16 02:30:51,BATTERY,AGGRAVATED BATTERY,41.7338215080936,-87.66860339857514,PARKING LOT,True,False,D-10,W-02
CR-2023-000798,2025-06-28 10:17:29,BURGLARY,RESIDENTIAL,41.79437885652513,-87.57756261325721,PARK,False,False,D-06,W-02
CR-2024-000733,2025-12-22 16:34:23,CRIMINAL DAMAGE,GRAFFITI,41.91065828107833,-87.71979591246318,RESIDENCE,False,False,D-03,W-41
CR-2024-001402,2023-07-15 20:30:35,NARCOTICS,POSSESSION OF COCAINE,41.876668036293665,-87.656443695002,RESIDENCE,True,False,D-11,W-33
CR-2024-001648,2025-12-09 01:09:45,MOTOR VEHICLE THEFT,AUTOMOBILE,41.82080982568021,-87.65263767199858,ALLEY,False,False,D-05,W-29
CR-2025-000506,2023-07-23 10:58:55,ASSAULT,AGGRAVATED ASSAULT,41.83078152181563,-87.64622969545225,STREET,False,False,D-13,W-34
CR-2024-000337,2024-04-22 02:09:31,THEFT,RETAIL THEFT,41.85526478949508,-87.74090070037664,STREET,False,False,D-01,W-12
CR-2025-001304,2025-06-07 00:08:46,BATTERY,DOMESTIC BATTERY,41.96634132393774,-87.62980249917442,SIDEWALK,False,False,D-10,W-08
CR-2023-002478,2023-12-22 11:20:58,CRIMINAL DAMAGE,,41.77400753672133,-87.60249775650229,APARTMENT,False,False,D-07,W-12
CR-2024-001405,2025-05-28 00:46:03,NARCOTICS,POSSESSION OF COCAINE,41.94606468168409,-87.66801115682809,APARTMENT,True,False,D-06,W-29
CR-2025-005606,2023-05-12 05:53:27,THEFT,PETTY THEFT,41.96190981694531,-87.64374966090786,APARTMENT,False,False,D-10,W-42
CR-2024-002083,2024-02-07 02:32:05,ASSAULT,AGGRAVATED ASSAULT,41.942452478415134,-87.66022766805028,SIDEWALK,False,True,D-08,W-35
CR-2024-001135,2025-03-22 15:00:35,MOTOR VEHICLE THEFT,TRUCK,41.78759191208846,-87.64118071410284,PARK,False,False,D-10,W-37
CR-2025-005678,2023-04-01 20:37:55,BATTERY,DOMESTIC BATTERY,41.78023460681197,-87.61329742575417,RESIDENCE,True,True,D-14,W-04
CR-2025-004265,2023-02-14 10:20:02,THEFT,RETAIL THEFT,41.93076078471466,-87.68415429572005,COMMERCIAL BUILDING,True,False,D-12,W-17
CR-2023-004776,2024-03-19 15:18:08,CRIMINAL DAMAGE,GRAFFITI,41.88643739041363,-87.63319791208575,RESIDENCE,False,False,D-05,W-28
CR-2023-004569,2025-11-10 19:41:01,ASSAULT,SIMPLE ASSAULT,41.76362497189776,-87.60909149950628,SIDEWALK,False,False,D-02,W-21
CR-2024-003271,2023-07-19 10:07:24,ASSAULT,AGGRAVATED ASSAULT,41.9133804885119,-87.65884983767548,PARK,False,False,D-11,W-17
CR-2025-000143,2024-05-14 16:10:21,NARCOTICS,POSSESSION OF COCAINE,41.87582322357447,-87.62097524190274,COMMERCIAL BUILDING,True,False,D-11,W-28
CR-2025-001472,2025-05-02 15:25:53,BURGLARY,FORCIBLE ENTRY,41.88296085542333,-87.64701537084724,RESIDENCE,True,,D-08,W-31
CR-2025-000569,2024-06-16 17:20:13,BATTERY,SIMPLE BATTERY,41.88706100104775,-87.61928240886535,STREET,True,False,D-01,W-40
CR-2024-005536,2024-12-10 04:57:57,ROBBERY,STRONGARM ROBBERY,41.92609747474673,-87.65383561099375,PARKING LOT,True,False,D-14,W-48
CR-2024-001921,2025-07-12 14:41:09,BATTERY,AGGRAVATED BATTERY,41.892783343378355,-87.65037614693895,SIDEWALK,True,True,D-03,W-22
CR-2024-003991,2023-05-13 04:58:31,BURGLARY,COMMERCIAL,41.87700713466739,-87.60146081806744,COMMERCIAL BUILDING,False,False,D-14,W-03
CR-2024-000292,2023-11-20 10:34:46,BATTERY,SIMPLE BATTERY,41.88082799382588,-87.6260766912055,RESIDENCE,True,False,D-15,W-27
CR-2023-000318,2023-05-06 02:08:56,THEFT,GRAND THEFT,41.79947926459905,-87.62716705082029,PARK,False,False,D-10,W-29
CR-2023-001770,2025-01-29 11:21:20,CRIMINAL DAMAGE,GRAFFITI,41.955017026092314,-87.62627997123737,RESIDENCE,False,False,D-08,W-08
CR-2024-005404,2024-11-17 07:21:27,BURGLARY,RESIDENTIAL,41.93559706989812,-87.6451397541789,SIDEWALK,False,True,D-08,W-24
CR-2023-003777,2024-04-25 15:16:11,THEFT,FROM BUILDING,41.96550403015497,-87.65001419579693,PARKING LOT,False,False,D-03,W-05
CR-2025-003269,2024-09-14 19:36:30,ROBBERY,ARMED ROBBERY,,,SIDEWALK,False,False,D-06,W-16
CR-2023-004617,2023-12-31 21:22:33,ASSAULT,AGGRAVATED ASSAULT,41.808325015919756,-87.66181168258622,PARKING LOT,False,False,D-01,W-13
CR-2025-002129,2024-08-06 02:29:01,NARCOTICS,POSSESSION OF COCAINE,41.87672440963782,-87.64311654267308,PARKING LOT,True,False,D-12,W-34
CR-2024-004234,2025-11-20 02:02:05,THEFT,PETTY THEFT,41.74867852838448,-87.64314842827231,STREET,False,False,D-12,W-20
CR-2024-005023,2024-07-30 22:30:15,CRIMINAL DAMAGE,TO VEHICLE,41.79017030840829,-87.62375784841065,APARTMENT,False,False,D-08,W-28
CR-2023-005724,2024-11-30 00:37:36,CRIMINAL DAMAGE,GRAFFITI,41.897899682230175,-87.75701551222511,PARKING LOT,False,False,D-11,W-34
CR-2023-005982,2024-11-07 16:41:05,BURGLARY,RESIDENTIAL,41.865723540500824,-87.6291030809027,COMMERCIAL BUILDING,False,False,D-02,W-32
CR-2024-003433,2023-08-16 23:39:27,ROBBERY,STRONGARM ROBBERY,41.894521977533415,-87.64188987596589,PARKING LOT,False,False,D-10,W-11
CR-2024-003697,2024-08-06 00:51:47,ROBBERY,ARMED ROBBERY,41.8787609385111,-87.65733653134266,SIDEWALK,False,False,D-01,W-16
CR-2024-003040,2023-07-29 15:49:47,ROBBERY,ARMED ROBBERY,41.97937278590048,-87.64889566844101,PARK,True,False,D-14,W-45
CR-2025-005222,2024-05-20 10:33:52,CRIMINAL DAMAGE,GRAFFITI,41.791068537553954,-87.62406716469275,STREET,False,False,D-01,W-36
CR-2024-001516,2024-10-04 12:03:38,CRIMINAL DAMAGE,TO VEHICLE,41.79023771781386,-87.65355735085637,PARK,False,False,D-12,W-22
CR-2024-000394,2024-04-27 09:56:10,MOTOR VEHICLE THEFT,MOTORCYCLE,41.877047514328126,-87.65471441400274,COMMERCIAL BUILDING,False,False,D-02,W-50
CR-2023-000879,2024-08-22 11:37:26,BURGLARY,COMMERCIAL,41.90228417386983,-87.61007628319624,ALLEY,False,False,D-10,W-32
CR-2023-000393,2025-01-13 21:55:15,MOTOR VEHICLE THEFT,TRUCK,41.890608832318236,-87.62291229881157,COMMERCIAL BUILDING,False,False,D-05,W-06
CR-2023-005772,2025-06-11 18:31:51,BATTERY,AGGRAVATED BATTERY,41.95212186041752,-87.62937486580503,APARTMENT,True,True,D-08,W-24
CR-2024-005365,2023-04-13 19:56:38,ROBBERY,STRONGARM ROBBERY,41.854545112786205,-87.62474931556869,COMMERCIAL BUILDING,False,False,D-04,W-21
CR-2023-002721,2024-04-20 06:57:04,NARCOTICS,POSSESSION OF COCAINE,41.757634668676204,-87.64252517164458,PARK,True,False,D-15,W-27
CR-2023-004311,2024-04-30 14:19:09,THEFT,RETAIL THEFT,41.873844399074535,-87.6119428752221,PARKING LOT,False,False,D-05,W-01
CR-2024-000454,2024-11-04 05:56:50,THEFT,RETAIL THEFT,41.88778226271712,-87.59735117915042,STREET,False,False,D-08,W-40
CR-2025-005261,2023-06-16 17:31:39,BURGLARY,FORCIBLE ENTRY,41.910559328550285,-87.65654272132939,STREET,False,False,D-06,W-15
CR-2024-000748,2024-10-20 22:34:37,ASSAULT,SIMPLE ASSAULT,41.91770706437946,-87.70514940784932,PARK,False,True,D-14,W-39
CR-2024-001918,2024-11-08 23:01:09,THEFT,FROM BUILDING,41.896664806362686,-87.62410348545939,ALLEY,False,False,D-09,W-03
CR-2024-003727,2025-07-11 02:22:21,THEFT,RETAIL THEFT,41.8622601528211,-87.64555082184735,SIDEWALK,False,False,D-13,W-43
CR-2023-001287,2025-10-12 10:40:53,MOTOR VEHICLE THEFT,AUTOMOBILE,41.91741189636545,-87.64647950538662,COMMERCIAL BUILDING,False,False,D-07,W-20
CR-2024-003586,2025-11-29 13:34:15,ROBBERY,ARMED ROBBERY,41.87557370431957,-87.62074531391559,PARK,False,False,D-10,W-28
CR-2025-003377,2024-02-14 12:21:23,THEFT,PETTY THEFT,41.8489764829907,-87.66557358263427,STREET,False,False,D-03,W-34
CR-2024-003895,2025-04-25 02:31:34,BATTERY,SIMPLE BATTERY,41.781749266703194,-87.64883649324709,APARTMENT,True,True,D-15,W-24
CR-2024-005281,2023-01-01 21:04:50,CRIMINAL DAMAGE,,41.87866345027072,-87.6320802835845,SIDEWALK,False,True,D-06,W-31
CR-2025-005525,2023-04-03 19:52:23,BURGLARY,FORCIBLE ENTRY,41.8150085852995,-87.67081011314531,APARTMENT,False,False,D-10,W-23
CR-2024-003439,2025-11-14 09:41:31,MOTOR VEHICLE THEFT,AUTOMOBILE,41.87358761065952,-87.65420967591922,APARTMENT,False,False,D-09,W-20
CR-2025-000137,2025-07-26 03:00:25,ROBBERY,STRONGARM ROBBERY,41.7543622837238,-87.61744741314342,PARKING LOT,False,False,D-14,W-42
CR-2025-005207,2025-10-26 03:37:22,BURGLARY,RESIDENTIAL,41.878153739027496,-87.63271995542537,SIDEWALK,False,False,D-03,W-28
CR-2025-005060,2025-05-23 04:21:32,MOTOR VEHICLE THEFT,AUTOMOBILE,41.91564757686359,-87.63705976509401,PARKING LOT,False,False,D-04,W-48
CR-2024-003262,2024-08-31 20:46:53,THEFT,GRAND THEFT,41.8948953166783,-87.62555420256612,APARTMENT,False,,D-14,W-47
CR-2025-001136,2025-10-29 09:29:15,BURGLARY,,41.93488583841677,-87.65461695165024,PARKING LOT,False,False,D-09,W-35
CR-2024-000475,2023-09-30 10:48:56,ROBBERY,STRONGARM ROBBERY,41.874481459132156,-87.62451916905229,STREET,False,False,D-07,W-33
CR-2025-004370,2024-03-29 13:34:36,CRIMINAL DAMAGE,TO PROPERTY,41.86682981795595,-87.60699862388513,PARK,False,False,D-01,W-33
CR-2025-000245,2025-03-26 23:55:42,BATTERY,DOMESTIC BATTERY,41.87798041038025,-87.60760083791665,RESIDENCE,True,False,D-13,W-22
CR-2025-002714,2024-04-10 01:56:08,BURGLARY,,41.86653199550676,-87.65640954424168,STREET,True,False,D-05,W-28
CR-2023-004815,2023-02-28 09:45:08,BURGLARY,COMMERCIAL,41.82901058259188,-87.63143277876755,ALLEY,False,False,D-02,W-38
CR-2024-004183,2023-08-18 05:09:52,BURGLARY,COMMERCIAL,41.88662966924019,-87.62405617434915,PARKING LOT,False,False,D-15,W-27
CR-2025-000758,2024-12-15 21:33:10,BATTERY,AGGRAVATED BATTERY,41.90080174614864,-87.62033782473168,RESIDENCE,False,False,D-08,W-43
CR-2023-003132,2025-07-24 23:37:56,THEFT,RETAIL THEFT,41.86979305752832,-87.72438623358782,COMMERCIAL BUILDING,False,False,D-12,W-10
CR-2025-000551,2024-11-18 00:10:34,BATTERY,SIMPLE BATTERY,41.90942562057172,-87.63189384442234,STREET,False,True,D-09,W-13
CR-2023-001524,2025-04-19 06:19:43,CRIMINAL DAMAGE,TO VEHICLE,41.88448234899861,-87.61184129614533,PARK,False,False,D-12,W-34
CR-2024-005173,2024-10-04 22:53:56,ASSAULT,SIMPLE ASSAULT,41.89658047084042,-87.70172728812476,APARTMENT,False,False,D-08,W-25
CR-2024-003757,2023-09-20 04:29:14,ASSAULT,SIMPLE ASSAULT,41.92485547165098,-87.64592919676907,STREET,False,False,D-07,W-41
CR-2023-000792,2024-08-15 04:31:51,CRIMINAL DAMAGE,TO PROPERTY,41.95697633000661,-87.64143788785474,SIDEWALK,False,False,D-05,W-44
CR-2025-002879,2023-07-30 16:33:27,MOTOR VEHICLE THEFT,MOTORCYCLE,41.76593333200947,-87.60766996137372,RESIDENCE,True,False,D-10,W-06
CR-2024-001084,2025-08-27 21:04:20,BURGLARY,COMMERCIAL,41.8745897021134,-87.6228046243833,PARKING LOT,False,False,D-03,W-41
CR-2025-002804,2024-01-06 01:33:18,CRIMINAL DAMAGE,TO PROPERTY,41.89158003740509,-87.62923455140314,PARK,False,False,D-09,W-07
CR-2024-002899,2025-09-14 12:04:48,MOTOR VEHICLE THEFT,TRUCK,41.958602487225,-87.66828729639228,SIDEWALK,False,False,D-11,W-40
CR-2023-001911,2025-10-28 06:55:00,MOTOR VEHICLE THEFT,TRUCK,41.777777674246934,-87.62443747423502,PARKING LOT,True,True,D-02,W-01
CR-2023-004902,2024-07-06 03:12:06,NARCOTICS,SALE/MANUFACTURE,41.96485145842401,-87.68153087932073,COMMERCIAL BUILDING,False,False,D-12,W-47
CR-2025-005660,2025-08-26 04:40:40,ROBBERY,ARMED ROBBERY,41.788413007632904,-87.6117324777663,APARTMENT,False,False,D-09,W-16
CR-2023-001959,2023-06-15 23:37:37,ASSAULT,,41.80263986428411,-87.63048537953182,PARKING LOT,False,False,D-12,W-04
CR-2024-003670,2025-05-29 02:17:30,BURGLARY,COMMERCIAL,41.76390900012947,-87.61870117502346,ALLEY,False,False,D-10,W-39
CR-2023-004884,2023-09-13 19:19:42,BURGLARY,RESIDENTIAL,41.89325856890573,-87.75882795237965,RESIDENCE,False,False,D-03,W-12
CR-2023-001719,2023-04-20 06:08:15,BURGLARY,COMMERCIAL,41.92263384765073,-87.64944569035715,SIDEWALK,False,False,D-15,W-03
CR-2024-002101,2024-08-20 09:41:19,CRIMINAL DAMAGE,TO PROPERTY,41.75426150998198,-87.65324359299088,COMMERCIAL BUILDING,True,False,D-01,W-41
CR-2024-003166,2024-08-06 11:33:52,CRIMINAL DAMAGE,GRAFFITI,41.87145104802774,-87.63412862675732,PARK,False,False,D-09,W-19
CR-2024-004510,2024-07-26 23:57:15,THEFT,RETAIL THEFT,41.88092946622352,-87.60567899129241,RESIDENCE,False,False,D-12,W-34
CR-2024-005077,2025-09-15 23:58:56,CRIMINAL DAMAGE,TO VEHICLE,41.78082696528454,-87.60260764377793,PARKING LOT,False,False,D-07,W-49
CR-2023-002058,2024-01-05 00:09:15,BATTERY,AGGRAVATED BATTERY,41.87445951878262,-87.65815015256774,ALLEY,False,True,D-14,W-26
CR-2024-002515,2024-06-16 10:51:47,NARCOTICS,POSSESSION OF HEROIN,41.85834955567145,-87.70432190950636,APARTMENT,False,False,D-14,W-11
CR-2024-001387,2025-10-11 03:08:50,BATTERY,DOMESTIC BATTERY,41.76662115632145,-87.63612188733424,STREET,False,True,D-08,W-43
CR-2025-000185,2024-06-27 21:15:06,THEFT,RETAIL THEFT,41.94889020348518,-87.64534003417509,PARK,False,False,D-07,W-06
CR-2024-001636,2024-09-30 09:32:31,CRIMINAL DAMAGE,GRAFFITI,41.800935188223086,-87.61097161593636,PARKING LOT,False,False,D-12,W-19
CR-2025-002438,2025-12-04 02:34:10,ASSAULT,AGGRAVATED ASSAULT,41.7453981982219,-87.61819458273102,COMMERCIAL BUILDING,False,False,D-14,W-08
CR-2025-000038,2024-07-08 09:07:46,CRIMINAL DAMAGE,TO PROPERTY,41.879405706023576,-87.634285110257,RESIDENCE,False,False,D-05,W-47
CR-2025-004091,2025-06-28 04:39:25,ROBBERY,STRONGARM ROBBERY,41.948363424823114,-87.65250035807357,PARK,False,False,D-08,W-35
CR-2024-003109,2023-04-07 16:46:30,THEFT,GRAND THEFT,41.87411659231223,-87.60924847219584,STREET,False,,D-03,W-41
CR-2024-002725,2025-02-06 22:57:15,CRIMINAL DAMAGE,GRAFFITI,41.939563021455186,-87.65308227234343,ALLEY,False,False,D-15,W-34
CR-2024-003094,2023-07-22 06:19:50,ROBBERY,ARMED ROBBERY,41.87775424165872,-87.6106213724809,SIDEWALK,False,False,D-13,W-38
CR-2025-004235,2023-08-12 01:25:44,CRIMINAL DAMAGE,TO PROPERTY,41.876964933910145,-87.6067367302145,PARK,False,False,D-05,W-46
CR-2023-000975,2024-08-07 01:07:01,ROBBERY,STRONGARM ROBBERY,41.84868541557228,-87.70418541298714,PARK,False,False,D-05,W-40
CR-2025-001736,2024-08-24 13:03:20,BATTERY,SIMPLE BATTERY,41.87888387735747,-87.64570907599595,STREET,True,False,D-14,W-07
CR-2023-003237,2023-08-13 21:48:30,THEFT,PETTY THEFT,41.91180636369584,-87.64298065987906,SIDEWALK,False,True,D-04,W-19
CR-2025-001478,2025-04-01 11:29:52,BURGLARY,RESIDENTIAL,41.96704383128521,-87.66003110574438,COMMERCIAL BUILDING,False,False,D-06,W-08
CR-2023-003537,2025-06-04 20:16:23,ASSAULT,AGGRAVATED ASSAULT,41.889078471038516,-87.61098221946429,PARKING LOT,False,False,D-04,W-49
CR-2025-003233,2023-12-23 23:59:51,NARCOTICS,POSSESSION OF COCAINE,41.931405581570445,-87.66495967852146,APARTMENT,True,False,D-15,W-45
CR-2025-004457,2023-12-02 12:01:43,BURGLARY,COMMERCIAL,41.77507862520464,-87.61816093849521,PARK,False,False,D-12,W-07
CR-2023-004293,2025-12-05 11:52:11,NARCOTICS,POSSESSION OF HEROIN,41.914152873547415,-87.76544575584576,RESIDENCE,True,False,D-14,W-01
CR-2025-002441,2023-05-13 10:48:14,BURGLARY,RESIDENTIAL,41.931352264678516,-87.64579268778616,ALLEY,False,False,D-02,W-40
CR-2023-001605,2025-02-21 00:25:16,CRIMINAL DAMAGE,GRAFFITI,41.9720698733378,-87.67886081734753,PARKING LOT,False,False,D-09,W-17
CR-2023-001992,2025-07-12 06:50:50,BURGLARY,RESIDENTIAL,41.88174323019726,-87.66103148054783,SIDEWALK,False,False,D-08,W-31
CR-2025-005798,2025-07-14 08:58:40,BATTERY,SIMPLE BATTERY,41.853547972035344,-87.59194940002901,APARTMENT,False,False,D-15,W-04
CR-2024-003088,2025-10-05 01:45:15,ASSAULT,SIMPLE ASSAULT,41.87574462757333,-87.64795241415122,COMMERCIAL BUILDING,False,True,D-11,W-40
CR-2024-005020,2023-08-02 13:09:09,MOTOR VEHICLE THEFT,TRUCK,41.781988230046025,-87.63441829472892,ALLEY,False,False,D-11,W-12
CR-2024-000406,2025-03-27 02:13:10,NARCOTICS,POSSESSION OF COCAINE,41.89980466826531,-87.62685167835232,RESIDENCE,True,False,D-07,W-48
CR-2025-001880,2024-06-23 08:20:28,ROBBERY,STRONGARM ROBBERY,41.78695205776918,-87.62927730009872,PARK,False,False,D-06,W-02
CR-2023-004650,2023-11-22 02:33:13,THEFT,RETAIL THEFT,41.789431184467276,-87.60782900136327,SIDEWALK,False,False,D-13,W-21
CR-2024-000643,2024-04-25 20:33:42,ASSAULT,AGGRAVATED ASSAULT,41.73299486567242,-87.61630021682718,SIDEWALK,False,False,D-11,W-26
CR-2025-001202,2023-08-11 16:36:30,BURGLARY,RESIDENTIAL,41.90320178135448,-87.60969308422315,PARKING LOT,False,False,D-05,W-04
CR-2025-005696,2025-04-23 05:24:07,THEFT,PETTY THEFT,41.885977539698935,-87.66562797193717,STREET,False,False,D-05,W-49
CR-2024-002002,2024-07-12 05:13:20,BURGLARY,RESIDENTIAL,41.85599654946095,-87.71623378907074,APARTMENT,False,False,D-08,W-13
CR-2025-004991,2023-10-12 21:37:22,THEFT,GRAND THEFT,41.88598905920382,-87.6261416358757,PARKING LOT,False,False,D-01,W-42
CR-2024-000175,2024-05-18 20:26:56,MOTOR VEHICLE THEFT,AUTOMOBILE,41.882763613483974,-87.60766965674576,COMMERCIAL BUILDING,True,False,D-15,W-34
CR-2025-005594,2025-03-29 04:08:43,MOTOR VEHICLE THEFT,,41.79953536494558,-87.67215534904895,ALLEY,False,False,D-07,W-37
CR-2023-003912,2023-04-07 23:14:26,THEFT,RETAIL THEFT,41.8925375388793,-87.61231607657284,PARKING LOT,False,False,D-04,W-35
CR-2024-004861,2025-03-02 22:06:45,BURGLARY,COMMERCIAL,41.781476955538274,-87.62840049952462,RESIDENCE,True,False,D-13,W-30
CR-2023-002610,2025-07-22 11:29:51,ROBBERY,ARMED ROBBERY,41.90487162558778,-87.62959824453071,COMMERCIAL BUILDING,False,False,D-10,W-49
CR-2025-000302,2023-06-29 01:11:10,BURGLARY,FORCIBLE ENTRY,41.78923587258059,-190.0,RESIDENCE,False,False,D-06,W-03
CR-2024-004414,2025-08-29 20:04:09,OTHER OFFENSE,DUPLICATE ID TEST RECORD,41.95872793335573,-87.68020102447008,STREET,False,False,D-03,W-10
CR-2024-002647,2024-05-05 19:36:11,MOTOR VEHICLE THEFT,TRUCK,41.81196861167213,-87.63322806714108,APARTMENT,False,True,D-09,W-27
CR-2025-003950,2023-12-21 23:54:24,ASSAULT,AGGRAVATED ASSAULT,41.855782074447646,-87.64667779152597,ALLEY,True,False,D-03,W-32
CR-2025-001019,2025-02-24 02:58:46,CRIMINAL DAMAGE,GRAFFITI,41.87771638531712,-87.65633613857334,PARKING LOT,False,False,D-02,W-38
CR-2025-005849,2025-05-08 21:45:34,CRIMINAL DAMAGE,TO VEHICLE,41.888318601247796,-87.75310883688023,RESIDENCE,False,False,D-14,W-45
CR-2025-004880,2025-10-11 22:38:31,MOTOR VEHICLE THEFT,MOTORCYCLE,41.85680850205183,-87.64266163644321,PARK,False,False,D-06,W-07
CR-2023-002148,2024-08-10 23:02:41,ROBBERY,ARMED ROBBERY,41.75252276579558,-87.62584330659415,STREET,False,,D-09,W-48
CR-2024-005377,2025-08-25 20:04:42,ROBBERY,ARMED ROBBERY,41.87014666036998,-87.72696265527432,PARK,False,False,D-11,W-48
CR-2024-003781,2025-05-13 10:22:05,ASSAULT,AGGRAVATED ASSAULT,41.892686659968774,-87.61670818878297,SIDEWALK,False,False,D-08,W-03
CR-2024-002920,2024-04-30 01:31:00,ASSAULT,AGGRAVATED ASSAULT,41.7878586127769,-87.65891394821543,STREET,False,False,D-07,W-40
CR-2023-004134,2023-05-18 20:03:15,ASSAULT,AGGRAVATED ASSAULT,41.86683919498261,-87.617909334734,RESIDENCE,False,True,D-03,W-37
CR-2023-001212,2023-04-26 22:07:26,BATTERY,AGGRAVATED BATTERY,41.85513338746167,-87.62208617865974,ALLEY,False,False,D-14,W-10
CR-2024-001840,2024-11-11 16:52:08,MOTOR VEHICLE THEFT,TRUCK,41.861306808074254,-87.63570294783955,COMMERCIAL BUILDING,False,False,D-10,W-41
CR-2023-004176,2023-11-15 21:25:03,ASSAULT,SIMPLE ASSAULT,41.78961903147202,-87.60973841010782,RESIDENCE,False,False,D-14,W-32
CR-2025-004112,2025-10-28 05:52:05,MOTOR VEHICLE THEFT,AUTOMOBILE,41.891915387595965,-87.6369957834515,RESIDENCE,False,False,D-05,W-23
CR-2023-001176,2023-07-23 22:03:30,THEFT,GRAND THEFT,41.96207138646401,-87.68261911422401,PARK,False,False,D-15,W-10
CR-2024-004354,2024-03-27 12:54:33,BURGLARY,RESIDENTIAL,41.97669681325651,-87.67278398540029,COMMERCIAL BUILDING,False,False,D-10,W-33
CR-2025-005336,2025-11-08 17:43:26,ASSAULT,AGGRAVATED ASSAULT,41.93094430092945,-87.67370304462915,RESIDENCE,False,True,D-10,W-07
CR-2024-005299,not-a-valid-date-string,BURGLARY,RESIDENTIAL,41.88242225062311,-87.62441727890982,RESIDENCE,False,False,D-01,W-40
CR-2024-002146,2025-08-11 02:25:18,NARCOTICS,POSSESSION OF COCAINE,41.85388698003136,-87.73065242778972,PARKING LOT,True,False,D-06,W-15
CR-2023-004509,2025-06-17 02:09:14,ROBBERY,ARMED ROBBERY,41.87518262772703,-87.6198118326444,APARTMENT,False,False,D-11,W-17
CR-2023-000159,2024-07-21 20:35:38,BURGLARY,FORCIBLE ENTRY,41.88296249528733,-87.63175214581551,SIDEWALK,False,False,D-04,W-48
CR-2025-000044,2025-06-24 08:37:27,MOTOR VEHICLE THEFT,AUTOMOBILE,41.937804795924656,-87.64503465133772,COMMERCIAL BUILDING,False,,D-14,W-11
CR-2023-003582,2024-04-10 03:42:41,CRIMINAL DAMAGE,TO PROPERTY,41.86696420444354,-87.63153995608482,APARTMENT,False,False,D-07,W-31
CR-2025-000989,2025-02-17 18:38:25,BATTERY,DOMESTIC BATTERY,41.75957805830441,-87.61882369282189,RESIDENCE,True,False,D-14,W-38
CR-2025-003833,2024-08-24 06:11:46,NARCOTICS,POSSESSION OF HEROIN,41.862065467686605,-87.7356123082252,PARK,True,False,D-12,W-12
CR-2024-000820,2025-08-19 01:35:49,MOTOR VEHICLE THEFT,AUTOMOBILE,41.948884389133454,-87.6270555888917,ALLEY,True,False,D-14,W-44
CR-2024-003157,2023-09-01 11:05:16,NARCOTICS,POSSESSION OF HEROIN,41.97042660329779,-87.64097319838919,PARKING LOT,True,False,D-07,W-11
CR-2023-003321,2024-04-18 00:16:39,BURGLARY,FORCIBLE ENTRY,41.86529756779908,-87.6398415537045,RESIDENCE,False,False,D-05,W-19
CR-2024-001789,2025-12-25 00:44:15,NARCOTICS,POSSESSION OF COCAINE,41.93209248743368,-87.67662469863798,SIDEWALK,True,False,D-05,W-34
CR-2023-003879,2024-05-28 21:23:52,THEFT,PETTY THEFT,41.856990598347615,-87.64927155855531,PARKING LOT,False,False,D-03,W-13
CR-2023-001746,2025-10-21 21:52:42,MOTOR VEHICLE THEFT,MOTORCYCLE,41.791304979684085,-87.6423829178142,SIDEWALK,False,False,D-01,W-49
CR-2023-001551,2024-01-23 08:38:52,ASSAULT,AGGRAVATED ASSAULT,41.91029065609783,-87.70762900992038,ALLEY,False,False,D-10,W-30
CR-2024-003124,2024-08-03 19:33:02,BATTERY,SIMPLE BATTERY,41.85010339387209,-87.70878108226141,COMMERCIAL BUILDING,True,False,D-09,W-06
CR-2023-001767,2025-10-30 15:48:24,ASSAULT,SIMPLE ASSAULT,41.90953765252714,-87.60588336412377,COMMERCIAL BUILDING,False,True,D-15,W-36
CR-2023-003162,2025-04-07 16:35:10,ASSAULT,AGGRAVATED ASSAULT,41.76661095152453,-87.66431814397252,PARK,False,False,D-01,W-43
CR-2024-000604,2023-09-10 13:01:11,ASSAULT,SIMPLE ASSAULT,41.85706092092301,-87.6035563488522,APARTMENT,False,True,D-11,W-07
CR-2023-001110,2024-01-10 08:23:40,CRIMINAL DAMAGE,GRAFFITI,41.76994149619947,-87.64518854514088,PARK,False,False,D-11,W-10
CR-2025-003581,2025-03-13 23:22:56,ROBBERY,STRONGARM ROBBERY,41.79260167311768,-87.66248723416322,APARTMENT,False,False,D-11,W-14
CR-2023-003228,2025-11-05 21:34:50,ROBBERY,STRONGARM ROBBERY,41.86037027005898,-87.61486039481731,APARTMENT,False,False,D-12,W-24
CR-2024-005623,2024-06-21 01:47:02,NARCOTICS,POSSESSION OF COCAINE,41.78426158168669,-87.63140961590788,APARTMENT,True,False,D-04,W-40
CR-2025-005036,2023-08-10 15:30:34,ASSAULT,SIMPLE ASSAULT,41.89838150848332,-87.71863432473121,PARK,False,True,D-12,W-45
CR-2024-005650,2024-08-15 15:36:02,ROBBERY,STRONGARM ROBBERY,41.88454756043638,-87.72626468296659,PARKING LOT,False,False,D-12,W-17
CR-2023-000837,2023-07-25 02:28:28,ASSAULT,AGGRAVATED ASSAULT,41.81928439223674,-87.63705801173029,COMMERCIAL BUILDING,True,False,D-04,W-44
CR-2024-001684,2024-04-18 00:47:35,ASSAULT,SIMPLE ASSAULT,41.956409627730125,-87.65267869627569,SIDEWALK,False,False,D-10,W-40
CR-2023-005565,2024-09-05 21:42:32,ROBBERY,ARMED ROBBERY,41.91687382006457,-87.64740485221783,COMMERCIAL BUILDING,False,False,D-08,W-02
CR-2025-001079,2023-01-29 15:25:06,ROBBERY,ARMED ROBBERY,41.8109410948751,-87.61505772348188,RESIDENCE,False,,D-08,W-43
CR-2023-002817,2023-01-26 08:59:55,CRIMINAL DAMAGE,TO VEHICLE,41.86636102103873,-87.61919451460584,SIDEWALK,False,False,D-13,W-03
CR-2025-000374,2023-03-25 02:07:24,BURGLARY,COMMERCIAL,41.93616964394016,-87.68343322193697,SIDEWALK,False,False,D-04,W-36
CR-2024-003322,2024-04-10 00:06:50,THEFT,GRAND THEFT,41.92883384100355,-87.61933039825723,ALLEY,True,False,D-08,W-23
CR-2025-003764,2023-11-13 22:28:43,MOTOR VEHICLE THEFT,MOTORCYCLE,41.918696276746,-87.6962894897134,COMMERCIAL BUILDING,False,False,D-01,W-04
CR-2023-005538,2024-03-01 21:05:41,ROBBERY,STRONGARM ROBBERY,41.76507689959409,-87.65545366078237,STREET,False,False,D-13,W-08
CR-2023-001362,2023-11-01 11:16:44,MOTOR VEHICLE THEFT,MOTORCYCLE,41.987651743810616,-87.65522608656303,PARKING LOT,False,False,D-12,W-01
CR-2025-002816,2024-10-15 10:19:12,CRIMINAL DAMAGE,TO PROPERTY,41.95142806095903,-87.64933096372037,PARK,False,False,D-08,W-09
CR-2023-002070,2025-12-29 00:39:38,THEFT,FROM BUILDING,41.887383294470354,-87.60522460401594,SIDEWALK,True,False,D-02,W-44
CR-2023-005787,2023-05-22 21:25:54,BATTERY,SIMPLE BATTERY,41.86923279755112,-87.62486976475756,SIDEWALK,True,True,D-09,W-22
CR-2025-002732,2025-02-09 10:03:53,BATTERY,DOMESTIC BATTERY,41.84859012403661,-87.63011867168915,PARK,True,False,D-08,W-15
CR-2023-005823,2025-06-18 18:51:50,BURGLARY,FORCIBLE ENTRY,41.80757407170638,-87.63062178602634,SIDEWALK,True,False,D-07,W-44
CR-2023-004635,2023-08-09 12:40:18,ROBBERY,STRONGARM ROBBERY,41.90053357604724,-87.61062347563052,STREET,False,False,D-11,W-06
CR-2025-004391,2023-08-05 22:57:21,MOTOR VEHICLE THEFT,AUTOMOBILE,41.97207098205163,-87.67859326697024,PARK,False,False,D-14,W-07
CR-2023-005790,2023-05-23 22:06:14,ROBBERY,ARMED ROBBERY,41.87614136814057,-87.62288003930448,RESIDENCE,False,False,D-03,W-25
CR-2024-002380,2025-02-04 02:37:38,CRIMINAL DAMAGE,TO VEHICLE,41.747150035065154,-87.61227899673635,RESIDENCE,False,,D-03,W-50
CR-2023-002046,2025-02-01 06:02:37,THEFT,PETTY THEFT,41.776062983852945,-87.6234610381594,APARTMENT,False,False,D-09,W-47
CR-2023-004011,2025-04-16 20:58:25,BURGLARY,RESIDENTIAL,41.73360026656095,-87.65276726733539,PARK,False,False,D-14,W-11
CR-2025-001814,2025-02-28 17:41:40,NARCOTICS,POSSESSION OF COCAINE,41.85495797727186,-87.63929132544828,PARKING LOT,True,False,D-12,W-10
CR-2024-004462,2023-05-23 07:15:15,NARCOTICS,SALE/MANUFACTURE,41.86132214773683,-87.62015716759056,COMMERCIAL BUILDING,True,False,D-08,W-13
CR-2025-004385,2024-04-09 15:23:59,MOTOR VEHICLE THEFT,TRUCK,41.87247336507585,-87.60627221521791,COMMERCIAL BUILDING,False,False,D-03,W-19
CR-2025-000827,2023-05-29 18:40:48,NARCOTICS,SALE/MANUFACTURE,41.88317725765193,-87.63423102115209,APARTMENT,False,False,D-13,W-28
CR-2025-005285,2025-11-28 15:31:26,ROBBERY,ARMED ROBBERY,41.847334017977005,-87.73629179983138,ALLEY,False,True,D-14,W-03
CR-2025-005900,2023-04-08 23:42:32,THEFT,GRAND THEFT,41.94839042563863,-87.65461712213319,COMMERCIAL BUILDING,False,False,D-14,W-31
CR-2024-004675,2024-05-30 23:06:10,BURGLARY,FORCIBLE ENTRY,41.88297172391165,-87.62260090388278,COMMERCIAL BUILDING,False,False,D-11,W-17
CR-2023-000378,2025-10-05 14:42:31,MOTOR VEHICLE THEFT,MOTORCYCLE,41.88549976851321,-87.62702745814458,PARKING LOT,False,False,D-01,W-49
CR-2024-003508,2023-06-12 16:05:08,THEFT,RETAIL THEFT,41.877573552998236,-87.64260899362691,PARKING LOT,False,False,D-11,W-38
CR-2025-002591,2025-11-10 15:02:03,THEFT,GRAND THEFT,41.87509041051762,-87.6242873438419,SIDEWALK,False,False,D-14,W-16
CR-2023-000858,2024-04-03 22:25:54,ROBBERY,ARMED ROBBERY,41.78719950826422,-87.62423750800552,PARK,False,False,D-05,W-42
CR-2024-005701,2023-10-17 23:04:33,BATTERY,AGGRAVATED BATTERY,41.935620298918664,-87.6769053411956,ALLEY,True,False,D-06,W-27
CR-2025-003701,2024-02-07 00:54:39,CRIMINAL DAMAGE,TO VEHICLE,41.876452038153474,-87.63256130300525,COMMERCIAL BUILDING,False,,D-07,W-42
CR-2023-002925,2025-09-13 00:42:43,NARCOTICS,SALE/MANUFACTURE,41.88174701982708,-87.63685305008178,ALLEY,True,False,D-14,W-14
CR-2025-003221,2025-03-31 13:48:30,BURGLARY,RESIDENTIAL,41.920733184460566,-87.6372654260572,STREET,False,False,D-03,W-11
CR-2024-003604,2024-05-13 16:00:06,CRIMINAL DAMAGE,TO PROPERTY,41.747140948841874,-87.60013265583208,SIDEWALK,True,False,D-02,W-40
CR-2024-002212,2024-08-01 04:13:37,CRIMINAL DAMAGE,GRAFFITI,41.864591144711966,-87.64679177426902,SIDEWALK,True,False,D-08,W-31
CR-2023-001494,2023-09-28 14:03:55,ROBBERY,ARMED ROBBERY,41.86114694412989,-87.59362484986633,SIDEWALK,False,False,D-05,W-11
CR-2024-002563,2025-10-31 09:08:59,THEFT,RETAIL THEFT,41.8739940612175,-87.63001405529424,ALLEY,False,False,D-07,W-26
CR-2024-002371,2023-08-05 10:28:57,NARCOTICS,POSSESSION OF HEROIN,41.94843238062714,-87.64700454218422,COMMERCIAL BUILDING,True,False,D-15,W-23
CR-2025-005486,2023-10-31 04:37:33,ASSAULT,AGGRAVATED ASSAULT,41.905561157372475,-87.62240206467266,COMMERCIAL BUILDING,False,False,D-04,W-50
CR-2024-001318,2024-08-05 07:09:11,NARCOTICS,SALE/MANUFACTURE,41.78366588978162,-87.60546723548082,RESIDENCE,False,False,D-08,W-30
CR-2024-000985,2025-06-18 21:26:24,BURGLARY,RESIDENTIAL,41.96027113444562,-87.71410777269328,COMMERCIAL BUILDING,False,False,D-08,W-19
CR-2023-005997,2025-12-22 10:32:22,BATTERY,SIMPLE BATTERY,41.88872425586156,-87.74816148370974,APARTMENT,True,False,D-02,W-14
CR-2024-004291,2023-10-16 05:59:40,PETTY THEFT,POSSESSION OF COCAINE,41.853812404152265,-87.62035390728387,STREET,True,False,D-09,W-25
CR-2023-004383,2023-01-25 02:35:03,THEFT,GRAND THEFT,41.80429069709986,-87.62431351544778,RESIDENCE,True,False,D-01,W-13
CR-2023-005088,2024-12-23 13:13:39,CRIMINAL DAMAGE,GRAFFITI,41.87693115896482,-87.62155638525904,STREET,True,False,D-07,W-14
CR-2025-004343,2023-08-03 15:44:22,MOTOR VEHICLE THEFT,AUTOMOBILE,41.75087164968105,-87.59449652652829,PARK,False,False,D-07,W-25
CR-2024-003610,2024-11-06 12:58:11,ASSAULT,AGGRAVATED ASSAULT,41.970534208485745,-87.70079242062413,STREET,False,False,D-12,W-06
CR-2023-004677,2025-12-03 12:34:50,NARCOTICS,POSSESSION OF HEROIN,41.84169653004656,-87.71821439322322,ALLEY,True,True,D-08,W-46
CR-2025-000674,2024-07-04 02:13:16,CRIMINAL DAMAGE,TO PROPERTY,41.85759681952377,-87.6331714810284,ALLEY,False,False,D-08,W-09
CR-2024-001792,2025-02-19 03:24:58,THEFT,GRAND THEFT,41.78068134374777,-87.6613376906301,ALLEY,True,False,D-07,W-48
CR-2025-003506,2023-06-06 21:30:12,BURGLARY,FORCIBLE ENTRY,41.89119225624768,-87.61881878572851,ALLEY,False,False,D-02,W-18
CR-2024-000100,2023-08-09 13:16:46,ROBBERY,STRONGARM ROBBERY,41.88346681040523,-87.62138823210448,COMMERCIAL BUILDING,True,False,D-06,W-36
CR-2025-004931,2023-06-16 21:15:05,MOTOR VEHICLE THEFT,TRUCK,41.95901603167346,-87.67676380548134,COMMERCIAL BUILDING,True,False,D-04,W-24
CR-2025-005138,2024-12-04 01:01:10,BATTERY,DOMESTIC BATTERY,41.87987525098483,-87.6239267323711,PARKING LOT,True,True,D-02,W-39
CR-2024-005146,2025-05-05 22:17:42,THEFT,PETTY THEFT,41.93080565277231,-87.65878534068933,APARTMENT,False,False,D-10,W-14
CR-2024-005014,2024-09-13 09:27:23,BATTERY,AGGRAVATED BATTERY,41.852530670627345,-87.63104700288582,PARK,True,False,D-04,W-41
CR-2024-003046,2024-01-24 14:09:16,BURGLARY,COMMERCIAL,41.77483240746077,-87.65077982575019,SIDEWALK,False,False,D-10,W-47
CR-2024-003886,2023-09-07 08:26:28,CRIMINAL DAMAGE,TO VEHICLE,41.942591170359776,-87.64641709657825,COMMERCIAL BUILDING,False,False,D-07,W-48
CR-2023-002172,2024-07-31 00:37:15,ROBBERY,ARMED ROBBERY,41.935322032233486,-87.65475373240297,RESIDENCE,False,False,D-06,W-31
CR-2023-003669,2023-08-31 00:26:12,ASSAULT,AGGRAVATED ASSAULT,41.88092485054443,-87.70510785805425,SIDEWALK,False,False,D-01,W-12
CR-2023-003612,2024-10-30 11:40:37,CRIMINAL DAMAGE,TO VEHICLE,41.778598911176005,-87.65701919126741,STREET,True,False,D-09,W-09
CR-2024-005008,2024-11-25 12:01:53,CRIMINAL DAMAGE,TO PROPERTY,41.86199460730704,-87.62292523091313,SIDEWALK,True,False,D-07,W-02
CR-2023-005901,2025-12-04 23:17:47,CRIMINAL DAMAGE,TO VEHICLE,41.87040538634049,-87.63645282399756,ALLEY,False,False,D-09,W-49
CR-2024-003481,2024-03-15 05:03:54,MOTOR VEHICLE THEFT,AUTOMOBILE,41.885583247921524,-87.63493222976692,ALLEY,False,False,D-04,W-29
CR-2023-000954,2023-06-19 22:21:01,ASSAULT,SIMPLE ASSAULT,41.74905187484002,-87.62542642263091,STREET,False,True,D-11,W-15
CR-2025-005885,2023-01-04 09:16:39,NARCOTICS,POSSESSION OF HEROIN,41.84922106681119,-87.61889316277772,APARTMENT,False,True,D-09,W-45
CR-2023-004833,2024-11-27 15:59:17,CRIMINAL DAMAGE,TO PROPERTY,41.876396178295686,-87.63553875764084,SIDEWALK,False,False,D-10,W-02
CR-2024-005896,2024-05-03 12:22:10,MOTOR VEHICLE THEFT,MOTORCYCLE,41.81829301125934,-87.6285302372173,PARK,False,False,D-13,W-28
CR-2023-004239,2025-06-29 02:10:51,ROBBERY,ARMED ROBBERY,41.91131494913835,-87.65001563845465,RESIDENCE,False,False,D-13,W-36
CR-2023-001653,2025-09-11 21:54:06,ASSAULT,AGGRAVATED ASSAULT,,,RESIDENCE,False,False,D-05,W-22
CR-2025-000725,2023-11-19 13:59:33,ASSAULT,SIMPLE ASSAULT,41.88273249518899,-87.60426677583047,ALLEY,False,True,D-04,W-20
CR-2024-003535,2025-03-12 10:32:13,MOTOR VEHICLE THEFT,AUTOMOBILE,41.89618727631074,-87.6438519285244,STREET,False,False,D-08,W-49
CR-2024-005155,2025-07-05 00:07:41,NARCOTICS,POSSESSION OF HEROIN,41.78137536123718,-87.64206036820944,COMMERCIAL BUILDING,True,False,D-06,W-28
CR-2025-000191,2025-02-01 00:50:19,BURGLARY,COMMERCIAL,41.72580260689225,-87.64214387554202,ALLEY,False,False,D-05,W-48
CR-2023-005979,2025-05-30 15:10:51,ASSAULT,SIMPLE ASSAULT,41.86560345258008,-87.70771265304482,COMMERCIAL BUILDING,False,False,D-09,W-26
CR-2025-001856,2025-08-15 00:48:02,CRIMINAL DAMAGE,,41.88231513875423,-87.66178893439232,SIDEWALK,False,False,D-06,W-48
CR-2023-004413,2025-11-25 06:13:54,BURGLARY,COMMERCIAL,41.92677173238521,-87.6485830547056,SIDEWALK,False,False,D-05,W-39
CR-2023-000096,2024-11-22 18:55:01,BATTERY,SIMPLE BATTERY,41.88445368739435,-87.74932329801682,SIDEWALK,True,False,D-07,W-40
CR-2025-003725,2025-06-12 17:03:05,ASSAULT,SIMPLE ASSAULT,41.87122962225479,-87.62266997611859,ALLEY,False,False,D-07,W-12
CR-2025-000512,2024-05-21 02:34:07,NARCOTICS,POSSESSION OF HEROIN,41.90401314755152,-87.6232551449549,ALLEY,True,False,D-05,W-10
CR-2023-003438,2025-06-02 21:03:44,NARCOTICS,SALE/MANUFACTURE,41.8863652559034,-87.64080223100018,STREET,False,False,D-15,W-05
CR-2024-005785,2024-04-16 01:17:31,THEFT,GRAND THEFT,41.8037435065717,-87.63532717102535,SIDEWALK,False,False,D-05,W-47
CR-2025-002621,2023-02-27 12:43:01,BURGLARY,RESIDENTIAL,41.79767181948503,-87.61263922432236,ALLEY,False,False,D-03,W-20
CR-2025-004646,2023-08-12 02:26:46,NARCOTICS,POSSESSION OF HEROIN,41.73972601572082,-87.61882274041504,ALLEY,False,False,D-06,W-39
CR-2024-002026,2025-08-15 21:33:27,BURGLARY,RESIDENTIAL,41.88500407437474,-87.62687736489595,PARK,True,False,D-07,W-13
CR-2023-001986,2023-10-09 00:31:06,CRIMINAL DAMAGE,GRAFFITI,41.95535123227607,-87.6535660460117,APARTMENT,True,True,D-14,W-09
CR-2023-004929,2025-09-23 13:24:41,ASSAULT,AGGRAVATED ASSAULT,41.95951484356086,-87.61421815117127,ALLEY,False,False,D-03,W-35
CR-2025-002435,2025-03-04 21:29:17,NARCOTICS,POSSESSION OF HEROIN,41.85582150925451,-87.5949971024955,RESIDENCE,True,False,D-04,W-02
CR-2023-003219,2025-08-28 05:56:21,MOTOR VEHICLE THEFT,MOTORCYCLE,41.79153342869118,-87.61580401625211,PARKING LOT,True,False,D-06,W-40
CR-2024-004222,2025-09-26 03:31:30,MOTOR VEHICLE THEFT,MOTORCYCLE,41.88092110035488,-87.64256770723672,COMMERCIAL BUILDING,False,False,D-14,W-02
CR-2023-005436,2025-08-22 22:26:08,NARCOTICS,,41.79611781861387,-87.61375655691658,RESIDENCE,False,False,D-02,W-18
CR-2025-001271,2024-07-09 21:07:21,THEFT,PETTY THEFT,41.87484474424364,-87.63442724182684,SIDEWALK,False,False,D-12,W-43
CR-2023-000150,2024-07-21 20:55:08,CRIMINAL DAMAGE,TO VEHICLE,41.75817512472695,-87.64300452600493,APARTMENT,False,False,D-08,W-10
CR-2023-003972,2025-07-28 01:06:59,BATTERY,AGGRAVATED BATTERY,41.88427348578747,-87.64392104753503,COMMERCIAL BUILDING,True,True,D-09,W-13
CR-2023-005850,2024-03-07 01:38:36,BURGLARY,FORCIBLE ENTRY,41.88715599524286,-87.6203788195465,ALLEY,False,False,D-13,W-28
CR-2023-001011,2024-12-25 22:34:03,BATTERY,DOMESTIC BATTERY,41.81291646489596,-87.66172050997798,APARTMENT,False,True,D-12,W-41
CR-2025-001916,2024-07-12 16:37:44,ROBBERY,ARMED ROBBERY,41.80480219127616,-87.66457437313154,COMMERCIAL BUILDING,False,False,D-15,W-29
CR-2025-001190,2024-06-12 12:03:01,BURGLARY,FORCIBLE ENTRY,41.86364361610684,-87.64415726372343,COMMERCIAL BUILDING,True,False,D-14,W-16
CR-2023-002295,2023-06-29 14:15:20,MOTOR VEHICLE THEFT,MOTORCYCLE,41.86889618591956,-87.62685638589001,COMMERCIAL BUILDING,False,True,D-10,W-05
CR-2024-003790,2024-05-31 18:41:44,THEFT,RETAIL THEFT,41.895938396918844,-87.61979132278856,ALLEY,True,False,D-01,W-26
CR-2025-003797,2023-12-23 00:02:20,CRIMINAL DAMAGE,GRAFFITI,41.89980416219581,-87.63971251353715,SIDEWALK,False,False,D-15,W-33
CR-2024-004744,2024-05-28 07:12:48,NARCOTICS,SALE/MANUFACTURE,41.76689463914669,-87.62227873033999,SIDEWALK,False,False,D-05,W-45
CR-2024-001384,2024-03-19 01:16:58,BATTERY,SIMPLE BATTERY,41.93807140712225,-87.65922933166856,SIDEWALK,True,False,D-11,W-43
CR-2024-003076,2023-07-12 03:18:02,ASSAULT,SIMPLE ASSAULT,41.86668546522715,-87.74257309988958,PARK,False,False,D-08,W-20
CR-2025-001562,2024-06-15 06:57:24,ROBBERY,STRONGARM ROBBERY,41.945612055986736,-87.64050693696551,RESIDENCE,False,False,D-09,W-33
CR-2024-002983,2024-09-23 20:48:30,ROBBERY,,41.89086686147571,-87.61144216122186,PARKING LOT,False,False,D-03,W-03
CR-2023-003855,2023-06-07 21:14:41,ROBBERY,STRONGARM ROBBERY,41.88658894793254,-87.75089666415259,STREET,False,False,D-11,W-15
CR-2025-003314,2023-03-25 23:57:32,CRIMINAL DAMAGE,TO PROPERTY,41.869234723164,-87.62319910106466,PARK,False,False,D-13,W-44
CR-2024-000859,2023-11-14 01:37:56,BATTERY,SIMPLE BATTERY,41.88874177725709,-87.63633229555855,PARK,True,False,D-05,W-50
CR-2025-004640,2024-07-09 15:14:17,BATTERY,DOMESTIC BATTERY,41.89525349067393,-87.62820259029566,ALLEY,True,False,D-13,W-35
CR-2024-003100,2025-06-13 00:51:05,BATTERY,AGGRAVATED BATTERY,41.86981608121832,-87.64625715474443,RESIDENCE,True,False,D-12,W-21
CR-2025-004604,2024-07-29 05:47:15,BURGLARY,RESIDENTIAL,41.88180907178163,-87.61650130760864,SIDEWALK,False,False,D-03,W-33
CR-2023-005934,2023-05-06 01:56:38,ROBBERY,STRONGARM ROBBERY,41.78732258159942,-87.61769314055879,APARTMENT,False,False,D-02,W-34
CR-2025-005945,2023-11-06 06:49:21,CRIMINAL DAMAGE,TO PROPERTY,41.76990222266083,-87.57822103217318,APARTMENT,False,False,D-14,W-03
CR-2025-000614,2023-05-02 04:52:46,ROBBERY,ARMED ROBBERY,41.89255818675193,-87.59664215497614,ALLEY,False,False,D-10,W-45
CR-2025-005516,2023-08-06 13:38:35,NARCOTICS,POSSESSION OF COCAINE,41.915046694676185,-87.63548866345114,PARKING LOT,False,False,D-07,W-29
CR-2023-003147,2024-05-17 02:02:39,BATTERY,SIMPLE BATTERY,41.85916350289247,-87.71468289475297,SIDEWALK,True,True,D-06,W-12
CR-2023-005991,2023-05-13 11:37:58,BURGLARY,COMMERCIAL,41.84024813956232,-87.63431402939456,SIDEWALK,False,False,D-15,W-21
CR-2024-005494,2024-03-22 09:30:18,MOTOR VEHICLE THEFT,MOTORCYCLE,41.89184672081497,-87.71241103367453,SIDEWALK,False,False,D-06,W-50
CR-2024-002314,2024-03-04 14:06:39,CRIMINAL DAMAGE,TO VEHICLE,41.900329258334594,-87.71924421645006,SIDEWALK,False,False,D-09,W-50
CR-2024-004507,2024-06-23 09:52:31,NARCOTICS,POSSESSION OF HEROIN,41.944121470672975,-87.67483891478763,RESIDENCE,True,False,D-10,W-20
CR-2025-001340,2024-10-23 22:40:50,MOTOR VEHICLE THEFT,TRUCK,41.961982855508765,-87.66134090998979,PARKING LOT,False,False,D-14,W-35
CR-2024-002752,2025-09-18 05:09:06,ROBBERY,STRONGARM ROBBERY,41.870845742906674,-87.61717328837824,PARKING LOT,True,False,D-10,W-38
CR-2024-005794,2025-09-21 07:17:47,BATTERY,SIMPLE BATTERY,41.87348633915655,-87.64431628509321,PARK,True,True,D-06,W-12
CR-2024-004927,2024-05-18 16:33:11,CRIMINAL DAMAGE,TO VEHICLE,41.937012971528375,-87.64346663900614,STREET,False,False,D-12,W-06
CR-2024-002176,2025-07-09 14:48:37,THEFT,RETAIL THEFT,41.94341856310694,-87.68875787802622,ALLEY,False,False,D-13,W-25
CR-2025-003401,2024-05-04 06:51:11,NARCOTICS,POSSESSION OF HEROIN,41.83829179465276,-87.69678837236583,APARTMENT,True,False,D-09,W-12
CR-2023-002607,2023-11-11 05:57:20,ROBBERY,ARMED ROBBERY,41.88350590092527,-87.62223568219923,COMMERCIAL BUILDING,False,False,D-04,W-40
CR-2025-002930,2025-12-20 15:25:24,ASSAULT,SIMPLE ASSAULT,41.89675108695781,-87.61137954685589,STREET,False,False,D-01,W-38
CR-2024-004942,2024-10-10 16:04:01,ASSAULT,AGGRAVATED ASSAULT,41.792511496738186,-87.65636235902087,RESIDENCE,False,False,D-06,W-43
CR-2025-004727,2023-05-10 00:42:44,CRIMINAL DAMAGE,GRAFFITI,41.96395595261755,-87.66994599099473,APARTMENT,False,False,D-09,W-29
CR-2023-005721,2025-12-05 11:28:21,CRIMINAL DAMAGE,TO VEHICLE,41.76530041466568,-87.61831559886323,COMMERCIAL BUILDING,False,False,D-05,W-08
CR-2023-004713,2024-10-13 23:10:05,BURGLARY,RESIDENTIAL,41.754451529111186,-87.64431057227253,RESIDENCE,False,False,D-01,W-31
CR-2024-005239,2024-03-03 21:33:59,BURGLARY,COMMERCIAL,41.906609735625835,-87.62390057292751,STREET,False,False,D-03,W-36
CR-2024-001666,2025-07-28 16:01:12,BATTERY,AGGRAVATED BATTERY,41.81864597445452,-87.61464821947766,PARKING LOT,False,False,D-06,W-31
CR-2023-005040,2023-04-19 08:20:30,BURGLARY,RESIDENTIAL,41.98537326137933,-87.68145285162187,SIDEWALK,False,False,D-06,W-46
CR-2023-001155,2024-03-05 12:38:36,BURGLARY,COMMERCIAL,41.941986647488854,-87.61939577288175,COMMERCIAL BUILDING,False,False,D-01,W-40
CR-2023-003927,2025-07-06 06:32:03,ASSAULT,AGGRAVATED ASSAULT,41.75388426568792,-87.65037738686023,APARTMENT,False,True,D-14,W-12
CR-2024-005512,2023-05-17 08:07:46,NARCOTICS,,41.95088752244602,-87.62333778208496,PARKING LOT,True,False,D-01,W-19
CR-2023-005577,2024-09-10 05:59:23,NARCOTICS,POSSESSION OF HEROIN,41.86252188714447,-87.6131080270658,APARTMENT,True,False,D-14,W-45
CR-2024-002446,2025-08-16 13:06:39,BURGLARY,FORCIBLE ENTRY,41.87034990405915,-87.72913238497303,PARKING LOT,False,False,D-03,W-24
CR-2024-000505,2025-06-30 11:07:05,BATTERY,AGGRAVATED BATTERY,41.97474788131269,-87.65134800790615,APARTMENT,True,False,D-10,W-31
CR-2023-003003,2023-12-16 14:53:37,ASSAULT,SIMPLE ASSAULT,41.873282614419416,-87.65358438560155,SIDEWALK,False,False,D-13,W-08
CR-2023-000462,2024-11-28 02:12:27,NARCOTICS,POSSESSION OF HEROIN,41.9723009325785,-87.68576373809567,STREET,True,False,D-03,W-20
CR-2023-003222,2025-12-27 00:04:18,ROBBERY,STRONGARM ROBBERY,41.8898621962453,-87.64327040839487,RESIDENCE,False,False,D-10,W-24
CR-2023-000936,2023-05-17 08:59:33,BURGLARY,,41.87505538288466,-87.71286611041916,APARTMENT,False,False,D-15,W-09
CR-2023-001191,2025-12-07 02:42:38,ROBBERY,STRONGARM ROBBERY,41.88325681822325,-87.63052978527357,RESIDENCE,False,False,D-05,W-10
CR-2025-001541,2023-01-28 01:01:54,BATTERY,SIMPLE BATTERY,41.848593954446194,-87.6465577969256,APARTMENT,False,False,D-13,W-43
CR-2024-001411,2023-07-05 14:31:18,ASSAULT,SIMPLE ASSAULT,41.77767757041315,-87.66412974617009,STREET,False,False,D-09,W-50
CR-2024-000796,2024-02-14 20:59:38,BATTERY,AGGRAVATED BATTERY,41.78981399510394,-87.60640162897285,APARTMENT,True,False,D-04,W-25
CR-2025-005639,2023-04-06 00:25:34,MOTOR VEHICLE THEFT,MOTORCYCLE,41.789553913991156,-87.6535097062871,APARTMENT,False,False,D-13,W-49
CR-2023-000816,2023-12-04 23:45:50,ROBBERY,STRONGARM ROBBERY,41.86844675251524,-87.61435058773628,PARKING LOT,False,False,D-11,W-26
CR-2023-001026,2024-01-18 12:05:35,THEFT,FROM BUILDING,41.86875390319665,-87.73236706851797,ALLEY,False,False,D-09,W-21
CR-2024-000013,2025-09-23 04:13:03,THEFT,FROM BUILDING,41.86083509633867,-87.62416452972482,PARK,False,False,D-03,W-04
CR-2025-000518,2024-11-23 21:34:54,BATTERY,AGGRAVATED BATTERY,41.85971351505497,-87.65176562320315,SIDEWALK,True,True,D-11,W-37
CR-2023-001941,2025-10-26 20:05:20,MOTOR VEHICLE THEFT,AUTOMOBILE,41.73280516041298,-87.6512579462005,SIDEWALK,False,False,D-11,W-06
CR-2024-004132,2024-08-23 17:09:59,BATTERY,DOMESTIC BATTERY,41.84071519634963,-87.73041782723742,ALLEY,False,False,D-06,W-23
CR-2025-005864,2023-08-10 22:07:41,ROBBERY,ARMED ROBBERY,41.76639618296963,-87.61569943919318,APARTMENT,False,False,D-15,W-30
CR-2024-001366,2023-01-26 12:11:12,THEFT,GRAND THEFT,41.89073185548314,-87.74273665836304,COMMERCIAL BUILDING,False,False,D-12,W-22
CR-2023-002004,2023-10-10 12:28:48,ASSAULT,SIMPLE ASSAULT,41.87077589236323,-87.62030009760893,SIDEWALK,False,False,D-07,W-37
CR-2024-005740,2023-07-31 01:49:49,ASSAULT,AGGRAVATED ASSAULT,41.87832684892377,-87.62475515546018,STREET,False,True,D-11,W-39
CR-2023-004485,2025-03-02 01:02:46,BURGLARY,FORCIBLE ENTRY,41.94057950666269,-87.62571036476278,PARKING LOT,True,False,D-08,W-44
CR-2024-004621,2024-07-08 01:12:56,MOTOR VEHICLE THEFT,AUTOMOBILE,41.87789745133111,-87.64640099481595,APARTMENT,False,False,D-12,W-46
CR-2025-000410,2025-10-28 00:42:29,ASSAULT,SIMPLE ASSAULT,41.76596778874749,-87.59376631399536,STREET,True,False,D-05,W-21
CR-2023-002331,2023-06-22 21:11:32,BATTERY,SIMPLE BATTERY,41.76476059080315,-87.64078289302878,APARTMENT,False,False,D-05,W-48
CR-2023-002649,2024-11-28 11:41:01,THEFT,FROM BUILDING,41.796308071552005,-87.62203000469037,STREET,False,False,D-04,W-03
CR-2025-000899,2023-07-11 08:35:08,ASSAULT,SIMPLE ASSAULT,41.96992014277197,-87.65487376702656,APARTMENT,True,False,D-12,W-41
CR-2024-003277,2025-10-17 21:45:48,MOTOR VEHICLE THEFT,,41.87389246919883,-87.65084299235812,ALLEY,False,False,D-09,W-44
CR-2024-005959,2025-08-14 12:16:30,BURGLARY,RESIDENTIAL,41.88671579526701,-87.63726054299711,STREET,False,False,D-14,W-44
CR-2023-004017,2023-12-07 16:28:00,NARCOTICS,SALE/MANUFACTURE,41.77073465548347,-87.57936549011849,PARK,True,False,D-01,W-35
CR-2024-005875,2023-05-22 01:57:38,BATTERY,AGGRAVATED BATTERY,41.7950580040784,-87.59213756581075,PARKING LOT,True,False,D-04,W-02
CR-2025-002807,2023-06-16 02:28:00,THEFT,RETAIL THEFT,41.870435162447066,-87.66810324394085,RESIDENCE,False,False,D-05,W-01
CR-2025-002231,2024-10-19 01:09:57,CRIMINAL DAMAGE,TO VEHICLE,41.79997763330808,-87.59992903556163,ALLEY,False,False,D-12,W-44
CR-2025-001961,2024-11-17 23:04:31,CRIMINAL DAMAGE,TO PROPERTY,41.77023933734983,-87.66928918397758,RESIDENCE,True,False,D-07,W-45
CR-2023-004944,2024-07-12 00:55:56,MOTOR VEHICLE THEFT,AUTOMOBILE,41.953519542928376,-87.6776850048444,PARKING LOT,False,False,D-14,W-38
CR-2025-003686,2023-06-18 01:55:29,BURGLARY,RESIDENTIAL,41.87219843155589,-87.65843796188466,APARTMENT,False,False,D-03,W-16
CR-2025-001625,2025-09-16 21:39:08,ROBBERY,ARMED ROBBERY,41.96046495001143,-87.64933683068018,STREET,True,,D-09,W-47
CR-2024-004987,2025-10-21 15:25:08,BATTERY,AGGRAVATED BATTERY,41.97870636188647,-87.66613546472023,APARTMENT,False,False,D-09,W-48
CR-2023-003231,2025-04-02 20:49:12,ASSAULT,SIMPLE ASSAULT,41.94503399153657,-87.64331793336272,PARKING LOT,False,False,D-09,W-34
CR-2023-000981,2025-06-13 04:37:04,CRIMINAL DAMAGE,TO VEHICLE,41.79192806070948,-87.61286961035125,PARK,True,False,D-05,W-26
CR-2025-002606,2023-07-15 15:12:42,NARCOTICS,SALE/MANUFACTURE,41.87547058205144,-87.62381023597422,SIDEWALK,True,False,D-05,W-35
CR-2024-002962,2023-09-18 11:55:18,CRIMINAL DAMAGE,TO VEHICLE,41.91335245809718,-87.6725145832679,APARTMENT,False,False,D-15,W-49
CR-2025-000239,2025-08-23 15:53:26,ASSAULT,SIMPLE ASSAULT,42.0099776161691,-87.63290850177131,SIDEWALK,False,False,D-15,W-30
CR-2024-002203,2024-03-08 00:36:39,ROBBERY,ARMED ROBBERY,41.87637163651172,-87.63557414332615,COMMERCIAL BUILDING,False,False,D-05,W-23
CR-2023-001713,2023-01-18 20:15:31,BURGLARY,FORCIBLE ENTRY,41.95345137691993,-87.62760935904812,SIDEWALK,False,False,D-11,W-42
CR-2025-003572,2023-05-19 13:41:56,ROBBERY,STRONGARM ROBBERY,41.95459453558272,-87.64578496016337,APARTMENT,False,False,D-09,W-06
CR-2025-000653,2023-08-12 20:09:51,BATTERY,SIMPLE BATTERY,41.948963623147385,-87.65548237993288,APARTMENT,False,False,D-04,W-06
CR-2025-005846,2024-03-14 02:58:42,MOTOR VEHICLE THEFT,TRUCK,41.90035835230652,-87.63683696074192,APARTMENT,False,True,D-15,W-41
CR-2025-004721,2024-05-10 08:42:23,CRIMINAL DAMAGE,TO PROPERTY,41.92895675564113,-87.65370840906887,COMMERCIAL BUILDING,False,True,D-07,W-27
CR-2023-004908,2023-07-21 09:13:22,ROBBERY,STRONGARM ROBBERY,41.950686175061186,-87.65526392987287,SIDEWALK,False,False,D-14,W-50
CR-2024-004102,2025-09-27 08:25:00,ROBBERY,STRONGARM ROBBERY,41.87212332087516,-87.63649964570222,COMMERCIAL BUILDING,False,False,D-13,W-38
CR-2025-005135,2024-05-13 00:02:28,THEFT,RETAIL THEFT,41.76972443463196,-87.63876022966055,PARK,False,False,D-06,W-46
CR-2023-005946,2025-05-27 09:41:04,ASSAULT,AGGRAVATED ASSAULT,41.7560830309826,-87.63596640834699,ALLEY,True,True,D-02,W-30
CR-2024-000487,2023-01-04 03:44:26,NARCOTICS,SALE/MANUFACTURE,41.87140724850178,-87.65814311096419,COMMERCIAL BUILDING,True,False,D-12,W-09
CR-2023-005094,2024-07-16 15:40:13,ROBBERY,ARMED ROBBERY,41.88160392621893,-87.59804795417554,STREET,False,False,D-12,W-08
CR-2024-000244,2024-07-18 21:13:26,MOTOR VEHICLE THEFT,AUTOMOBILE,41.90340712452609,-87.61657540364575,PARK,False,False,D-06,W-50
CR-2025-000683,2025-09-11 01:26:11,ASSAULT,AGGRAVATED ASSAULT,41.77821738651225,-87.65233169897684,ALLEY,False,True,D-11,W-47
CR-2025-000752,2025-11-06 13:34:43,ROBBERY,ARMED ROBBERY,41.877536676794556,-87.7350581048879,STREET,False,False,D-02,W-50
CR-2024-002158,2023-06-15 20:51:15,BURGLARY,FORCIBLE ENTRY,41.750712597526174,-87.60080227516866,STREET,False,False,D-12,W-45
CR-2024-004837,2025-04-11 23:51:05,THEFT,GRAND THEFT,41.794539782562666,-87.59188395345309,PARK,False,False,D-11,W-16
CR-2023-001542,2025-01-10 13:38:44,NARCOTICS,POSSESSION OF COCAINE,41.87725477646053,-87.72132001830302,ALLEY,True,False,D-06,W-33
CR-2025-004739,2025-02-12 21:20:55,MOTOR VEHICLE THEFT,MOTORCYCLE,41.8799095214134,-87.61413962305836,APARTMENT,False,False,D-13,W-31
CR-2025-004004,2023-05-30 06:47:17,NARCOTICS,POSSESSION OF HEROIN,41.94214327053897,-87.63468161323266,COMMERCIAL BUILDING,False,False,D-11,W-28
CR-2024-003565,2025-09-24 01:14:14,MOTOR VEHICLE THEFT,MOTORCYCLE,41.87698482005363,-87.63256827163279,PARK,False,False,D-03,W-48
CR-2024-005344,2024-08-31 09:52:07,CRIMINAL DAMAGE,TO PROPERTY,41.80918568759081,-87.64163618024135,PARK,False,False,D-04,W-07
CR-2025-001205,2025-05-09 17:25:25,BURGLARY,RESIDENTIAL,41.890381664656324,-87.60673102122381,ALLEY,False,False,D-03,W-06
CR-2023-005574,2023-01-02 22:17:36,CRIMINAL DAMAGE,GRAFFITI,41.85893943299674,-87.6161363944745,PARK,False,False,D-01,W-33
CR-2025-001988,2024-06-27 21:49:27,BATTERY,SIMPLE BATTERY,41.79155602473265,-87.59281735751522,ALLEY,False,True,D-13,W-40
CR-2025-004220,2024-01-08 14:29:55,ASSAULT,SIMPLE ASSAULT,41.866165172992616,-87.6088087311002,STREET,False,False,D-03,W-09
CR-2023-005367,2023-10-02 10:24:35,THEFT,GRAND THEFT,41.9287117390765,-87.71995130865025,STREET,False,False,D-15,W-48
CR-2024-002764,2023-10-16 01:35:27,ASSAULT,SIMPLE ASSAULT,41.87541123461965,-87.63145008248051,ALLEY,False,False,D-09,W-41
CR-2024-005500,2025-03-28 05:04:12,NARCOTICS,POSSESSION OF COCAINE,41.92483640625331,-87.64664299194959,APARTMENT,True,False,D-02,W-42
CR-2023-005043,2024-12-13 01:14:19,BURGLARY,FORCIBLE ENTRY,41.86357274529558,-87.65052653782851,COMMERCIAL BUILDING,False,False,D-02,W-41
CR-2024-001717,2023-11-17 04:45:45,ROBBERY,STRONGARM ROBBERY,41.912186520806706,-87.61646444316581,APARTMENT,False,False,D-06,W-09
CR-2023-003168,2024-09-30 23:20:11,CRIMINAL DAMAGE,GRAFFITI,41.89303639723306,-87.73490652308708,ALLEY,False,,D-13,W-07
CR-2025-003353,2025-04-04 10:10:21,ROBBERY,ARMED ROBBERY,41.94013152458727,-87.65465207572633,COMMERCIAL BUILDING,False,False,D-09,W-15
CR-2025-000173,2024-06-14 02:04:12,MOTOR VEHICLE THEFT,AUTOMOBILE,41.856378734877545,-87.65091195661564,PARKING LOT,True,False,D-01,W-11
CR-2024-001363,2025-06-10 13:12:03,ROBBERY,ARMED ROBBERY,41.893271945531126,-87.60967786126704,PARK,False,False,D-04,W-38
CR-2024-005242,2023-07-06 20:11:28,MOTOR VEHICLE THEFT,AUTOMOBILE,41.886639339849054,-87.6287249716918,ALLEY,False,False,D-15,W-38
CR-2025-003122,2024-05-22 17:17:53,BURGLARY,RESIDENTIAL,41.86902639854108,-87.62233317535873,PARKING LOT,False,,D-10,W-47
CR-2023-003795,2025-07-03 03:06:08,BATTERY,SIMPLE BATTERY,41.931470043942625,-87.64314104865988,PARKING LOT,True,False,D-09,W-19
CR-2025-004175,2023-08-22 16:14:52,BATTERY,AGGRAVATED BATTERY,41.91825548359232,-87.66643435795714,COMMERCIAL BUILDING,False,False,D-10,W-27
CR-2025-002792,2024-04-04 17:37:52,BURGLARY,COMMERCIAL,41.80808774557466,-87.64709911826169,COMMERCIAL BUILDING,False,False,D-03,W-32
CR-2023-005100,2023-10-30 20:30:42,BURGLARY,RESIDENTIAL,41.88247599088068,-87.62658833526571,ALLEY,False,False,D-13,W-29
CR-2024-000844,2025-01-22 09:57:26,NARCOTICS,POSSESSION OF COCAINE,41.882349318073196,-87.63368357460557,STREET,True,False,D-01,W-14
CR-2023-005091,2025-10-31 20:52:48,PETTY THEFT,TO PROPERTY,41.96313526690336,-87.6429227933971,APARTMENT,True,False,D-12,W-02
CR-2025-004031,2023-08-19 21:50:57,BURGLARY,FORCIBLE ENTRY,41.85555429710964,-87.61486459368444,SIDEWALK,False,False,D-13,W-44
CR-2025-002537,2023-01-03 07:34:17,NARCOTICS,POSSESSION OF COCAINE,41.88111267639674,-87.62828813391033,SIDEWALK,True,False,D-03,W-36
CR-2024-004057,2023-01-03 06:08:38,CRIMINAL DAMAGE,GRAFFITI,41.86476710452947,-87.63219622746988,PARKING LOT,False,False,D-03,W-02
CR-2025-001787,2025-12-13 17:56:41,ASSAULT,SIMPLE ASSAULT,41.92299877822576,-87.64956088291396,STREET,False,False,D-03,W-34
CR-2023-000078,2023-10-09 04:54:50,BATTERY,DOMESTIC BATTERY,41.82554436277862,-87.61715417697721,STREET,True,False,D-10,W-09
CR-2023-001908,2023-12-30 01:09:05,NARCOTICS,POSSESSION OF COCAINE,41.872357742155806,-87.63165593419413,ALLEY,False,False,D-04,W-21
CR-2025-002558,2025-11-21 22:44:05,BATTERY,SIMPLE BATTERY,41.820734098653816,-87.64373630999847,STREET,True,False,D-04,W-04
CR-2025-002519,2024-02-18 23:08:17,NARCOTICS,POSSESSION OF COCAINE,41.90245827489217,-87.62405247715363,ALLEY,True,False,D-06,W-50
CR-2025-005867,2023-08-04 21:38:17,BURGLARY,RESIDENTIAL,41.86650749403667,-87.6315099482926,RESIDENCE,False,False,D-06,W-09
CR-2025-003914,2024-05-31 23:04:23,CRIMINAL DAMAGE,GRAFFITI,41.88096686350755,-87.64704561209346,ALLEY,True,False,D-01,W-29
CR-2025-005291,2023-09-30 23:23:15,THEFT,RETAIL THEFT,41.871830990705476,-87.76681696344274,SIDEWALK,False,False,D-02,W-45
CR-2025-000998,2023-04-11 03:08:46,ASSAULT,,41.778236968518776,-87.6510468662807,PARK,False,True,D-15,W-25
CR-2025-000269,2025-09-20 22:18:34,MOTOR VEHICLE THEFT,AUTOMOBILE,41.968525856184286,-87.66683783739046,PARKING LOT,False,False,D-14,W-39
CR-2025-001538,2024-08-10 20:18:53,ROBBERY,ARMED ROBBERY,41.9639031098807,-87.64423919828295,APARTMENT,False,False,D-05,W-02
CR-2023-001572,2025-11-02 01:50:13,CRIMINAL DAMAGE,TO PROPERTY,41.95704525901268,-87.64589911625264,ALLEY,False,False,D-04,W-29
CR-2024-005635,2025-03-01 14:58:45,MOTOR VEHICLE THEFT,AUTOMOBILE,41.825653467320535,-87.6414800499569,RESIDENCE,True,False,D-04,W-50
CR-2025-002762,2024-11-24 03:58:33,NARCOTICS,POSSESSION OF HEROIN,41.75749128704297,-87.64429084341737,COMMERCIAL BUILDING,True,False,D-07,W-06
CR-2023-004440,2025-10-30 07:39:39,MOTOR VEHICLE THEFT,MOTORCYCLE,41.72498886557487,-87.63828143426676,ALLEY,True,False,D-05,W-45
CR-2023-002196,2023-05-09 11:51:48,MOTOR VEHICLE THEFT,MOTORCYCLE,41.886438123780266,-87.7364890589679,ALLEY,False,False,D-15,W-34
CR-2025-001133,2023-11-05 22:23:44,NARCOTICS,SALE/MANUFACTURE,41.851421186239904,-87.62500522261122,RESIDENCE,True,False,D-14,W-07
CR-2024-003805,2025-06-04 03:05:06,THEFT,GRAND THEFT,41.78478639487778,-87.72120913228572,STREET,False,False,D-02,W-04
CR-2024-002536,2024-12-20 02:25:39,THEFT,RETAIL THEFT,41.88724289067813,-87.65313060600762,PARKING LOT,False,False,D-11,W-29
CR-2023-004515,2025-11-19 04:36:00,CRIMINAL DAMAGE,TO PROPERTY,41.87791963956631,-87.63339333788406,PARK,False,False,D-09,W-19
CR-2024-002581,2024-09-19 18:56:24,CRIMINAL DAMAGE,GRAFFITI,41.946560864347916,-87.6549794943541,PARK,False,False,D-06,W-23
CR-2024-005134,2023-01-10 16:10:50,NARCOTICS,POSSESSION OF HEROIN,41.87587665666736,-87.6222210798524,APARTMENT,True,False,D-07,W-06
CR-2025-000320,2025-03-18 20:24:25,NARCOTICS,POSSESSION OF COCAINE,41.941684306014196,-87.62191956949421,RESIDENCE,True,False,D-07,W-24
CR-2025-003545,2024-04-27 11:05:37,BURGLARY,FORCIBLE ENTRY,41.7669780884839,-87.58707210324533,PARK,False,True,D-01,W-39
CR-2024-004771,2024-12-11 07:31:43,MOTOR VEHICLE THEFT,TRUCK,41.8898473348402,-87.63833315462796,PARKING LOT,False,False,D-14,W-14
CR-2023-003495,2023-03-01 01:58:28,ASSAULT,SIMPLE ASSAULT,41.88692115012752,-87.615364822461,RESIDENCE,False,False,D-10,W-32
CR-2025-004571,2025-10-04 23:21:19,ASSAULT,SIMPLE ASSAULT,41.8850800914444,-87.73394081470055,ALLEY,False,False,D-15,W-08
CR-2023-004953,2025-02-14 01:18:49,THEFT,GRAND THEFT,41.8876482981031,-87.59496086162106,RESIDENCE,False,False,D-01,W-15
CR-2023-001302,2025-02-08 00:00:08,NARCOTICS,POSSESSION OF HEROIN,41.76329136525717,-87.6336131339414,SIDEWALK,True,False,D-14,W-36
CR-2025-000395,2025-11-02 02:38:46,ROBBERY,STRONGARM ROBBERY,41.78964045547831,-87.62380780782092,STREET,False,False,D-08,W-42
CR-2023-005646,2023-02-04 12:01:30,NARCOTICS,SALE/MANUFACTURE,41.97194417574834,-87.61861730871274,PARK,True,True,D-01,W-25
CR-2025-004244,2025-06-04 00:00:16,BURGLARY,RESIDENTIAL,41.88666711863058,-87.6406522993363,APARTMENT,False,False,D-13,W-07
CR-2025-001604,2023-02-24 06:26:32,MOTOR VEHICLE THEFT,AUTOMOBILE,41.801409964709876,-87.61771936701705,SIDEWALK,True,False,D-15,W-45
CR-2025-000107,2024-04-21 01:21:45,MOTOR VEHICLE THEFT,AUTOMOBILE,41.77101826888399,-87.61002576948768,RESIDENCE,True,False,D-15,W-11
CR-2024-002281,2025-07-19 17:30:52,ASSAULT,AGGRAVATED ASSAULT,41.756491683535195,-87.62351744156999,APARTMENT,False,False,D-14,W-34
CR-2024-002413,2024-06-15 04:32:08,NARCOTICS,POSSESSION OF COCAINE,41.950090102913855,-87.63934010900775,PARK,False,False,D-15,W-50
CR-2024-001357,2024-07-19 12:18:01,ASSAULT,SIMPLE ASSAULT,41.88361473939487,-87.66130039761478,PARKING LOT,True,True,D-07,W-24
CR-2025-005999,2024-06-28 08:12:13,CRIMINAL DAMAGE,TO PROPERTY,41.77638260317957,-87.6526578455687,STREET,False,False,D-04,W-32
CR-2024-000535,2024-07-26 05:01:34,BATTERY,DOMESTIC BATTERY,41.77772698552802,-87.61707397931943,COMMERCIAL BUILDING,False,True,D-11,W-41
CR-2024-002881,2025-01-27 02:33:56,ASSAULT,AGGRAVATED ASSAULT,41.92877348126965,-87.68339633887855,COMMERCIAL BUILDING,False,True,D-07,W-14
CR-2024-002887,2023-06-10 07:10:21,CRIMINAL DAMAGE,GRAFFITI,41.786600247555434,-87.66157111908812,APARTMENT,False,False,D-01,W-28
CR-2025-002663,2024-02-11 23:24:38,THEFT,PETTY THEFT,41.87128036595,-87.72297955788453,SIDEWALK,False,False,D-01,W-09
CR-2025-003917,2024-12-09 07:42:16,THEFT,RETAIL THEFT,41.78434295502718,-87.64961625850727,SIDEWALK,False,False,D-04,W-34
CR-2023-000081,2025-03-01 02:01:20,BATTERY,DOMESTIC BATTERY,41.97157191158015,-87.67171364636702,RESIDENCE,True,,D-14,W-31
CR-2025-004589,2025-05-14 06:26:35,MOTOR VEHICLE THEFT,AUTOMOBILE,41.862700617756744,-87.63667205484762,ALLEY,False,False,D-07,W-46
CR-2023-000993,2024-04-11 19:27:08,BURGLARY,,41.96290191573696,-87.6449764342577,PARK,False,False,D-01,W-40
CR-2025-003761,2024-01-24 18:44:17,MOTOR VEHICLE THEFT,AUTOMOBILE,41.880747262754944,-87.62303160975796,STREET,False,False,D-09,W-34
CR-2025-004601,2023-03-23 19:13:00,MOTOR VEHICLE THEFT,TRUCK,41.8707408164896,-87.63404138991444,COMMERCIAL BUILDING,False,False,D-09,W-30
CR-2025-002072,2024-06-05 01:42:38,THEFT,FROM BUILDING,41.9180217834982,-87.70791460273658,ALLEY,False,False,D-11,W-34
CR-2024-005380,2023-11-29 13:58:11,BATTERY,DOMESTIC BATTERY,41.89741454596021,-87.71909785604942,APARTMENT,True,True,D-09,W-28
CR-2023-002034,2024-03-10 21:33:09,BURGLARY,RESIDENTIAL,41.749169188373074,-87.60265035572043,COMMERCIAL BUILDING,True,False,D-09,W-06
CR-2023-004419,2025-06-29 09:56:15,CRIMINAL DAMAGE,GRAFFITI,41.906163328898074,-87.71624194979488,APARTMENT,False,False,D-01,W-50
CR-2023-001245,2025-07-07 07:36:37,ASSAULT,AGGRAVATED ASSAULT,41.87789243380859,-87.64014591661096,RESIDENCE,False,True,D-12,W-07
CR-2024-004636,2023-05-06 09:52:51,ASSAULT,AGGRAVATED ASSAULT,41.863084856832764,-87.61430215203455,APARTMENT,True,False,D-01,W-48
CR-2024-003562,2024-03-04 17:29:07,ASSAULT,,41.9752436026249,-87.69398175490919,COMMERCIAL BUILDING,False,False,D-15,W-25
CR-2023-000507,2025-09-27 02:37:34,BATTERY,SIMPLE BATTERY,41.91184734845697,-87.72333760589767,ALLEY,True,False,D-03,W-01
CR-2023-000147,2025-11-01 20:43:31,NARCOTICS,SALE/MANUFACTURE,41.78782538714913,-87.64632273988153,PARK,True,False,D-13,W-49
CR-2023-004935,2024-06-01 22:00:37,ROBBERY,STRONGARM ROBBERY,41.78036522293429,-87.65969571415143,SIDEWALK,False,False,D-04,W-10
CR-2023-001275,2023-02-01 17:08:53,THEFT,GRAND THEFT,41.91668033375524,-87.69289848770278,PARK,True,False,D-03,W-27
CR-2025-000590,2024-07-03 15:50:13,ROBBERY,STRONGARM ROBBERY,41.78339735377884,-87.59419994284139,SIDEWALK,False,False,D-09,W-45
CR-2025-004868,2024-09-03 07:00:56,ROBBERY,ARMED ROBBERY,41.78936286397893,-87.64141627630322,SIDEWALK,False,False,D-13,W-35
CR-2024-000133,2023-05-31 02:24:45,ASSAULT,AGGRAVATED ASSAULT,41.90258616955898,-87.65125212066941,ALLEY,True,False,D-08,W-24
CR-2023-004278,2024-09-09 13:17:23,ROBBERY,STRONGARM ROBBERY,41.87281319402544,-87.59757554704319,PARK,False,True,D-09,W-32
CR-2023-005076,2023-03-25 03:39:22,MOTOR VEHICLE THEFT,AUTOMOBILE,41.871245122492624,-87.65092340152461,ALLEY,False,False,D-13,W-16
CR-2024-001426,2025-03-05 11:27:25,BURGLARY,RESIDENTIAL,41.92630274413875,-87.65088917145972,APARTMENT,False,False,D-13,W-10
CR-2025-002366,2025-08-27 17:32:18,ROBBERY,STRONGARM ROBBERY,41.92747757829875,-87.64583185168574,ALLEY,False,False,D-08,W-31
CR-2024-005161,2025-07-17 08:31:50,MOTOR VEHICLE THEFT,AUTOMOBILE,41.89365507986554,-87.6339322347277,APARTMENT,False,False,D-06,W-14
CR-2023-003138,2023-09-20 06:49:54,ASSAULT,SIMPLE ASSAULT,41.89175323675497,-87.63255292258236,PARKING LOT,False,False,D-01,W-18
CR-2023-005061,2024-03-07 11:45:20,CRIMINAL DAMAGE,TO VEHICLE,41.88858818658008,-87.65391461965785,ALLEY,False,False,D-14,W-48
CR-2024-002980,2023-02-09 18:41:35,BATTERY,SIMPLE BATTERY,41.86591181344817,-87.59822053855812,COMMERCIAL BUILDING,True,False,D-15,W-11
CR-2023-002706,2025-04-22 02:24:52,NARCOTICS,SALE/MANUFACTURE,41.93311626426724,-87.63777652136613,ALLEY,False,False,D-01,W-01
CR-2024-004345,2024-12-13 13:46:34,CRIMINAL DAMAGE,TO PROPERTY,41.79166338446128,-87.6239565336301,STREET,True,False,D-02,W-49
CR-2023-000774,2024-01-27 18:55:46,ROBBERY,STRONGARM ROBBERY,41.96372160556769,-87.63076133552231,COMMERCIAL BUILDING,False,False,D-07,W-10
CR-2025-004679,2024-03-10 10:43:22,MOTOR VEHICLE THEFT,AUTOMOBILE,41.87217429721746,-87.62516429747464,PARK,False,False,D-06,W-09
CR-2023-001053,2023-07-13 13:07:32,NARCOTICS,POSSESSION OF HEROIN,41.930387585307045,-87.64253216148784,PARKING LOT,True,False,D-10,W-21
CR-2025-004790,2025-02-18 04:39:42,ASSAULT,AGGRAVATED ASSAULT,41.90009663586783,-87.65093823697038,STREET,False,True,D-13,W-03
CR-2025-002849,2025-09-28 17:58:12,THEFT,PETTY THEFT,41.87871058126385,-87.71586976665151,SIDEWALK,False,False,D-12,W-38
CR-2023-000573,2024-06-05 03:01:34,THEFT,GRAND THEFT,41.86165587369658,-87.65140076323891,PARKING LOT,True,False,D-06,W-09
CR-2024-005131,2023-08-11 02:14:07,THEFT,GRAND THEFT,41.88696635796988,-87.6321461391819,PARKING LOT,True,False,D-04,W-17
CR-2025-003416,2024-08-26 07:04:50,BATTERY,DOMESTIC BATTERY,41.925360049048415,-87.653118340593,SIDEWALK,True,False,D-13,W-23
CR-2023-002142,2025-07-05 22:24:48,NARCOTICS,POSSESSION OF HEROIN,41.932818145212465,-87.65123528090828,STREET,True,False,D-05,W-36
CR-2023-001797,2024-11-17 22:51:11,ROBBERY,,41.896988498596805,-87.61260338694399,COMMERCIAL BUILDING,False,False,D-03,W-06
CR-2024-004213,2025-02-22 05:14:58,MOTOR VEHICLE THEFT,AUTOMOBILE,41.890557472009796,-87.64338695820057,SIDEWALK,False,False,D-12,W-45
CR-2023-000429,not-a-valid-date-string,MOTOR VEHICLE THEFT,MOTORCYCLE,41.87065998520294,-87.7155072272804,RESIDENCE,True,False,D-12,W-30
CR-2023-003861,2025-01-29 11:05:01,CRIMINAL DAMAGE,GRAFFITI,41.78303100125162,-87.62868695339176,COMMERCIAL BUILDING,False,False,D-13,W-28
CR-2023-002211,2025-08-17 17:01:50,BATTERY,DOMESTIC BATTERY,41.9735080721892,-87.63638260712631,PARK,True,False,D-13,W-23
CR-2025-003410,2025-03-26 05:10:15,ASSAULT,AGGRAVATED ASSAULT,41.907980549539396,-87.60229155180964,PARK,False,True,D-13,W-13
CR-2023-001062,2023-08-29 02:09:16,CRIMINAL DAMAGE,TO PROPERTY,41.7794616473203,-87.61532202212062,PARKING LOT,False,False,D-06,W-18
CR-2023-000735,2025-08-16 10:19:00,BATTERY,AGGRAVATED BATTERY,41.80881578716614,-87.64424457260799,SIDEWALK,True,False,D-10,W-05
CR-2025-001544,2024-04-21 22:46:11,ASSAULT,AGGRAVATED ASSAULT,41.909377962719226,-87.65242824126989,SIDEWALK,False,True,D-14,W-31
CR-2023-004926,2024-03-27 09:18:54,NARCOTICS,POSSESSION OF COCAINE,41.88840161105755,-87.63942732105917,SIDEWALK,False,False,D-11,W-48
CR-2025-003185,2023-10-12 20:20:40,ROBBERY,ARMED ROBBERY,41.87421591805133,-87.63261789101513,RESIDENCE,True,False,D-02,W-09
CR-2025-003932,2023-11-27 23:26:12,NARCOTICS,POSSESSION OF HEROIN,41.87234021678955,-87.74521652598985,PARK,True,False,D-04,W-49
CR-2025-001127,2025-11-18 22:47:35,THEFT,PETTY THEFT,41.859314098333805,-87.62434552176063,COMMERCIAL BUILDING,False,True,D-12,W-48
CR-2025-000413,2025-03-19 09:08:00,CRIMINAL DAMAGE,TO VEHICLE,41.818389303643265,-87.64207150067884,APARTMENT,False,False,D-11,W-10
CR-2025-000644,2023-07-17 07:56:57,BURGLARY,COMMERCIAL,41.86073940108887,-87.76565203067315,PARKING LOT,False,False,D-03,W-30
CR-2023-002061,2023-08-04 20:48:47,BATTERY,AGGRAVATED BATTERY,41.8924668742171,-87.626685949729,PARKING LOT,False,False,D-14,W-49
CR-2024-005302,2023-03-10 09:04:43,NARCOTICS,,41.88084371845431,-87.6576059836183,COMMERCIAL BUILDING,True,False,D-03,W-01
CR-2025-001298,2024-07-31 07:12:43,ASSAULT,AGGRAVATED ASSAULT,41.86899949557852,-87.62663074461581,ALLEY,False,True,D-06,W-36
CR-2025-004526,2025-07-18 19:44:48,BATTERY,SIMPLE BATTERY,41.94698189274945,-87.66200333946452,ALLEY,True,False,D-07,W-25
CR-2025-004925,2024-03-13 13:17:14,THEFT,FROM BUILDING,41.868512096993754,-87.63214414505057,PARKING LOT,False,False,D-13,W-43
CR-2023-002439,2024-05-06 14:50:20,THEFT,FROM BUILDING,41.76186549412326,-87.60480434939937,RESIDENCE,False,False,D-11,W-07
CR-2023-002268,2023-11-09 02:16:07,ROBBERY,STRONGARM ROBBERY,41.881350246784464,-87.63435025101217,STREET,False,False,D-15,W-09
CR-2025-003143,2023-07-29 15:08:02,CRIMINAL DAMAGE,TO PROPERTY,41.8618764232028,-87.71432131793495,PARK,False,False,D-08,W-22
CR-2025-002852,2023-08-16 11:10:29,CRIMINAL DAMAGE,GRAFFITI,41.77031985182892,-87.68114481097263,PARK,False,False,D-13,W-50
CR-2024-003181,2023-08-10 20:50:42,BURGLARY,COMMERCIAL,41.93814822406043,-87.64163575191998,RESIDENCE,False,True,D-13,W-45
CR-2024-003415,2024-06-05 08:47:25,NARCOTICS,POSSESSION OF HEROIN,41.789957921704115,-87.64776824017514,RESIDENCE,True,False,D-15,W-38
CR-2024-005200,2024-08-22 04:08:09,ASSAULT,AGGRAVATED ASSAULT,41.77731741943047,-87.63096470982286,PARKING LOT,False,False,D-09,W-18
CR-2024-003532,2023-11-26 18:34:32,BURGLARY,COMMERCIAL,41.88164335469396,-87.64388733354656,ALLEY,False,False,D-12,W-01
CR-2023-003576,2025-06-01 10:27:24,BATTERY,AGGRAVATED BATTERY,41.86494954371572,-87.61989310071473,ALLEY,True,False,D-09,W-24
CR-2025-002831,2024-03-30 02:02:07,ROBBERY,STRONGARM ROBBERY,41.77908406703559,-87.66596367342497,APARTMENT,False,False,D-06,W-12
CR-2024-003814,2023-07-19 18:32:12,ASSAULT,AGGRAVATED ASSAULT,41.91627486423196,-87.64740084059353,ALLEY,True,False,D-07,W-45
CR-2025-004904,2024-09-20 00:21:13,CRIMINAL DAMAGE,GRAFFITI,41.84701797325856,-87.63287398711363,PARKING LOT,False,False,D-12,W-39
CR-2024-001321,2025-01-21 16:29:26,ASSAULT,AGGRAVATED ASSAULT,41.93144732142762,-87.66834177777186,STREET,False,False,D-03,W-01
CR-2023-000852,2025-12-01 21:38:49,CRIMINAL DAMAGE,TO VEHICLE,41.789145466423214,-87.63503144136547,COMMERCIAL BUILDING,False,False,D-09,W-20
CR-2025-004892,2025-05-08 02:03:42,ROBBERY,STRONGARM ROBBERY,41.74021075514659,-87.6239014035621,RESIDENCE,False,False,D-15,W-03
CR-2025-003995,2023-08-14 12:13:11,BURGLARY,FORCIBLE ENTRY,41.97258461294448,-87.6557857299134,PARK,False,False,D-05,W-07
CR-2025-004184,2025-05-09 23:42:05,ROBBERY,ARMED ROBBERY,41.980928614692175,-87.65057913872351,PARKING LOT,False,False,D-15,W-22
CR-2023-003150,2023-11-20 04:41:45,BURGLARY,FORCIBLE ENTRY,41.87477600458423,-87.65141472451788,SIDEWALK,False,False,D-11,W-20
CR-2025-005318,2023-05-04 11:20:28,ROBBERY,ARMED ROBBERY,41.932537306727724,-87.67911491601473,COMMERCIAL BUILDING,False,False,D-03,W-50
CR-2025-000284,2024-06-29 13:59:36,BATTERY,SIMPLE BATTERY,41.73213020197436,-87.63778783710104,COMMERCIAL BUILDING,True,True,D-06,W-39
CR-2023-000033,2023-11-09 07:42:07,CRIMINAL DAMAGE,TO PROPERTY,41.777099746960495,-87.6039116775527,PARKING LOT,False,False,D-12,W-46
CR-2024-004087,2023-04-19 00:06:00,PETTY THEFT,STRONGARM ROBBERY,41.871038673513134,-87.61298217786145,COMMERCIAL BUILDING,True,True,D-05,W-33
CR-2023-004860,2024-07-09 02:24:17,ASSAULT,AGGRAVATED ASSAULT,41.94190760651204,-87.65054536544187,STREET,False,False,D-03,W-27
CR-2023-000702,2023-05-13 10:13:14,ASSAULT,AGGRAVATED ASSAULT,41.968320953716116,-87.67043590177138,ALLEY,False,False,D-08,W-37
CR-2025-000833,2025-01-10 01:04:17,BATTERY,DOMESTIC BATTERY,41.9284139553541,-87.66539549842456,RESIDENCE,False,False,D-11,W-28
CR-2025-005990,2024-11-29 13:32:18,MOTOR VEHICLE THEFT,MOTORCYCLE,41.745666023526645,-87.63611275760849,PARK,False,False,D-15,W-26
CR-2024-005854,2023-07-23 07:44:35,BATTERY,AGGRAVATED BATTERY,41.970927868994444,-87.6572721679801,RESIDENCE,False,False,D-01,W-46
CR-2024-001591,2024-12-02 02:58:28,CRIMINAL DAMAGE,GRAFFITI,41.86073394308645,-87.7328542060379,PARKING LOT,True,False,D-14,W-42
CR-2024-003856,2025-10-01 11:13:25,ROBBERY,ARMED ROBBERY,41.94345328072207,-87.6486353893002,RESIDENCE,False,False,D-07,W-38
CR-2025-003110,2024-07-14 04:22:43,BURGLARY,COMMERCIAL,41.97238599145843,-87.65594553788205,APARTMENT,True,False,D-14,W-50
CR-2024-002287,2024-05-27 01:07:38,ROBBERY,ARMED ROBBERY,41.933412846211546,-87.65973073195167,STREET,True,False,D-14,W-22
CR-2023-000471,2023-01-22 08:58:08,ROBBERY,STRONGARM ROBBERY,41.961404023559176,-87.65728351727559,ALLEY,True,False,D-12,W-29
CR-2024-003703,2025-11-12 21:27:19,ASSAULT,SIMPLE ASSAULT,41.87246749939887,-87.61930803629657,PARKING LOT,True,False,D-03,W-48
CR-2023-005052,2023-05-07 02:10:57,ROBBERY,STRONGARM ROBBERY,41.75744459920571,-87.64265660022944,RESIDENCE,False,,D-12,W-28
CR-2025-003056,2023-10-04 12:11:44,MOTOR VEHICLE THEFT,TRUCK,41.88530880137642,-87.64289483450334,RESIDENCE,False,False,D-03,W-25
CR-2025-002483,2023-03-29 10:27:31,CRIMINAL DAMAGE,TO VEHICLE,41.75541341895035,-87.60101887706091,APARTMENT,False,False,D-15,W-34
CR-2023-000786,2024-04-22 06:05:24,ROBBERY,ARMED ROBBERY,,,APARTMENT,False,False,D-12,W-12
CR-2025-000692,2023-06-10 20:22:05,CRIMINAL DAMAGE,GRAFFITI,41.89395771669617,-87.72151273355269,PARKING LOT,False,False,D-08,W-44
CR-2025-001742,2023-07-01 14:42:02,ROBBERY,STRONGARM ROBBERY,41.92818803560142,-87.66560436787616,COMMERCIAL BUILDING,False,,D-05,W-38
CR-2024-003373,2024-07-17 05:08:42,BATTERY,SIMPLE BATTERY,41.755034547451245,-87.61604452623887,PARKING LOT,True,True,D-11,W-33
CR-2023-000636,2025-07-18 00:26:16,MOTOR VEHICLE THEFT,MOTORCYCLE,41.86171530852992,-87.63454612674542,STREET,False,True,D-03,W-05
CR-2025-005591,2024-08-10 21:23:17,NARCOTICS,POSSESSION OF HEROIN,41.96367805817151,-87.66310788934234,RESIDENCE,True,False,D-05,W-50
CR-2025-002801,2025-05-16 06:22:36,BURGLARY,FORCIBLE ENTRY,41.77355312081114,-87.6047420949553,APARTMENT,False,False,D-15,W-46
CR-2024-002521,2024-08-07 19:18:50,BURGLARY,COMMERCIAL,41.94499228469223,-87.67155647180672,RESIDENCE,False,False,D-06,W-20
CR-2024-000760,2023-06-18 15:06:20,MOTOR VEHICLE THEFT,MOTORCYCLE,41.896415505432884,-87.62106853444797,PARK,False,False,D-13,W-44
CR-2025-001406,2023-03-30 02:09:28,NARCOTICS,POSSESSION OF HEROIN,41.91189932433336,-87.73268236979013,COMMERCIAL BUILDING,True,False,D-10,W-36
CR-2024-001630,2023-02-08 20:18:30,NARCOTICS,POSSESSION OF HEROIN,41.94363779127376,-87.65437994505493,STREET,True,True,D-02,W-27
CR-2024-004495,2025-07-24 21:05:52,ASSAULT,SIMPLE ASSAULT,41.98042148612329,-87.6374631884081,PARKING LOT,False,False,D-11,W-38
CR-2025-002066,2023-06-02 01:01:28,ROBBERY,STRONGARM ROBBERY,41.89415547740345,-87.61072161367092,SIDEWALK,False,False,D-05,W-27
CR-2024-001966,2025-11-09 00:26:19,ROBBERY,ARMED ROBBERY,41.80108759918535,-87.60997883364222,STREET,True,False,D-05,W-05
CR-2023-002409,2024-01-19 01:04:43,ROBBERY,STRONGARM ROBBERY,41.887514094463434,-87.63399261194945,RESIDENCE,False,True,D-14,W-07
CR-2024-000142,2024-12-14 15:46:44,MOTOR VEHICLE THEFT,TRUCK,41.910095500619846,-87.65908131699284,STREET,False,False,D-14,W-22
CR-2024-003115,2023-02-13 03:38:36,NARCOTICS,SALE/MANUFACTURE,41.88246804132707,-87.63525359942373,APARTMENT,True,False,D-03,W-37
CR-2025-003641,2023-06-28 14:24:47,ROBBERY,STRONGARM ROBBERY,41.987738339250164,-87.65608288053936,APARTMENT,False,False,D-15,W-44
CR-2024-001090,2023-04-13 00:35:29,NARCOTICS,POSSESSION OF COCAINE,41.87524941447498,-87.63516168134215,COMMERCIAL BUILDING,True,False,D-08,W-38
CR-2025-002264,2023-03-17 08:52:05,BURGLARY,,41.94733786396606,-87.66631963607077,COMMERCIAL BUILDING,False,False,D-05,W-50
CR-2023-005865,2025-03-16 03:06:29,ASSAULT,AGGRAVATED ASSAULT,41.86264870917644,-87.5931134564633,PARK,False,False,D-14,W-04
CR-2025-004943,2025-05-16 19:35:43,ASSAULT,SIMPLE ASSAULT,41.94559448828899,-87.66201031664066,SIDEWALK,False,False,D-09,W-44
CR-2024-002050,2024-07-11 16:08:05,THEFT,GRAND THEFT,41.8555966720783,-87.64148255564231,RESIDENCE,False,False,D-06,W-23
CR-2023-002223,2023-07-11 23:31:11,CRIMINAL DAMAGE,GRAFFITI,41.93083473494353,-87.65330226091181,PARK,False,False,D-12,W-27
CR-2024-004633,2025-07-06 01:16:50,THEFT,PETTY THEFT,41.874396225087665,-87.65868966727668,RESIDENCE,False,False,D-14,W-37
CR-2024-000697,2024-11-09 05:46:04,THEFT,PETTY THEFT,41.7697669612172,-87.62438299235338,COMMERCIAL BUILDING,False,False,D-14,W-25
CR-2025-002132,2025-06-27 07:16:32,CRIMINAL DAMAGE,TO PROPERTY,41.87720260784705,-87.62239659693499,PARK,True,False,D-10,W-41
CR-2025-005540,2025-08-11 22:05:14,THEFT,RETAIL THEFT,41.891434816237755,-87.60384223072258,ALLEY,False,False,D-15,W-17
CR-2025-002528,2025-02-17 05:34:41,THEFT,PETTY THEFT,,,APARTMENT,False,False,D-03,W-35
CR-2024-001996,2023-08-02 22:12:07,NARCOTICS,POSSESSION OF HEROIN,41.84846768343175,-87.6185335081824,PARKING LOT,True,False,D-12,W-44
CR-2024-004498,2023-07-11 04:35:17,BURGLARY,RESIDENTIAL,41.90160991919948,-87.69830795082768,SIDEWALK,True,False,D-05,W-28
CR-2023-001503,2025-11-13 07:25:34,NARCOTICS,POSSESSION OF HEROIN,41.791050907235444,-87.66768259972346,COMMERCIAL BUILDING,True,True,D-05,W-25
CR-2025-001925,2024-11-15 18:53:23,MOTOR VEHICLE THEFT,AUTOMOBILE,41.76578343982333,-87.61665862880892,COMMERCIAL BUILDING,False,True,D-05,W-26
CR-2023-003273,2025-12-25 04:56:13,PETTY THEFT,FROM BUILDING,41.91681127402565,-87.67165783684277,STREET,False,False,D-07,W-48
CR-2023-001533,2023-05-27 20:48:15,BURGLARY,FORCIBLE ENTRY,41.90442399607471,-87.62952397553825,COMMERCIAL BUILDING,False,False,D-11,W-25
CR-2024-001297,2025-06-03 15:46:38,MOTOR VEHICLE THEFT,AUTOMOBILE,41.9653686176441,-87.7002377866797,STREET,False,False,D-10,W-45
CR-2025-002273,2023-01-10 21:25:41,NARCOTICS,POSSESSION OF COCAINE,41.946390485588566,-87.65644781406003,APARTMENT,False,True,D-02,W-26
CR-2023-002445,2023-01-14 01:12:05,ROBBERY,ARMED ROBBERY,41.7583480997043,-87.65948211166305,COMMERCIAL BUILDING,True,False,D-09,W-39
CR-2025-002822,2023-04-09 01:18:01,ASSAULT,AGGRAVATED ASSAULT,41.963610122391685,-87.69015895060973,STREET,True,False,D-04,W-07
CR-2025-000332,2025-06-23 22:02:04,BATTERY,DOMESTIC BATTERY,41.76107885543307,-87.6263392443077,PARK,True,False,D-11,W-41
CR-2025-002999,2024-08-23 05:49:24,NARCOTICS,POSSESSION OF COCAINE,41.88511925633198,-87.64735421059595,SIDEWALK,True,False,D-07,W-22
CR-2025-002855,2023-12-19 06:15:19,ROBBERY,ARMED ROBBERY,41.87940524720589,-87.64534215357963,COMMERCIAL BUILDING,False,False,D-03,W-50
CR-2025-004865,2023-11-29 22:59:12,NARCOTICS,POSSESSION OF HEROIN,41.85760614113079,-87.7060815302713,ALLEY,False,False,D-02,W-17
CR-2024-004570,2024-10-03 17:31:57,CRIMINAL DAMAGE,GRAFFITI,41.87807567424555,-87.63245752172672,PARK,True,False,D-10,W-34
CR-2024-005707,2023-06-29 01:00:52,NARCOTICS,POSSESSION OF HEROIN,41.87861590692962,-87.63943348717666,SIDEWALK,False,True,D-09,W-28
CR-2023-000840,2023-04-13 08:59:16,MOTOR VEHICLE THEFT,AUTOMOBILE,41.884155951355055,-87.63016293409586,COMMERCIAL BUILDING,False,False,D-04,W-27
CR-2024-000901,2024-07-19 10:48:00,THEFT,PETTY THEFT,41.76118983082724,-87.66684285981533,STREET,True,False,D-12,W-41
CR-2024-003370,2025-10-27 02:01:10,CRIMINAL DAMAGE,TO VEHICLE,41.852440949683455,-87.63569635301053,COMMERCIAL BUILDING,False,False,D-01,W-23
CR-2025-004547,2025-10-30 01:54:25,THEFT,PETTY THEFT,41.972728947745544,-87.65218976792472,ALLEY,False,False,D-10,W-11
CR-2024-000541,2023-08-19 15:07:14,BATTERY,AGGRAVATED BATTERY,41.87327547423174,-87.59864878024659,PARKING LOT,True,False,D-15,W-06
CR-2024-004336,2024-02-15 01:33:57,NARCOTICS,POSSESSION OF COCAINE,41.77721383603612,-87.59915970612069,PARKING LOT,True,False,D-11,W-36
CR-2024-004516,2025-07-25 10:32:50,BATTERY,AGGRAVATED BATTERY,41.88543767525957,-87.64749665124062,PARKING LOT,True,False,D-05,W-40
CR-2025-000011,2024-07-24 21:34:08,MOTOR VEHICLE THEFT,AUTOMOBILE,41.7805882051172,-87.66461870465534,COMMERCIAL BUILDING,False,False,D-07,W-23
CR-2023-000627,2024-10-05 02:16:49,BURGLARY,COMMERCIAL,41.80959172481183,-87.65924102546728,RESIDENCE,False,False,D-14,W-40
CR-2023-004608,2025-04-07 20:17:41,MOTOR VEHICLE THEFT,MOTORCYCLE,41.90231764302218,-87.72205705152572,RESIDENCE,False,False,D-03,W-13
CR-2025-000014,2023-05-21 19:55:15,NARCOTICS,POSSESSION OF HEROIN,41.86978850358146,-87.73215048749628,APARTMENT,True,True,D-02,W-27
CR-2024-004189,2024-08-11 00:17:57,NARCOTICS,SALE/MANUFACTURE,41.89517383554267,-87.72274718851665,COMMERCIAL BUILDING,True,False,D-03,W-31
CR-2024-002233,2025-10-20 13:13:28,NARCOTICS,POSSESSION OF COCAINE,41.890851189986265,-87.62353478871641,COMMERCIAL BUILDING,False,False,D-13,W-22
CR-2023-001611,2024-02-21 18:32:16,NARCOTICS,SALE/MANUFACTURE,41.813163403599916,-87.6116199274979,COMMERCIAL BUILDING,True,False,D-12,W-38
CR-2025-004316,2024-09-09 10:21:11,BURGLARY,,41.81678534538371,-87.60033782103167,PARK,False,False,D-01,W-42
CR-2023-004812,2025-05-18 15:15:47,BURGLARY,FORCIBLE ENTRY,41.85969478884068,-87.6399985884512,PARK,False,False,D-05,W-01
CR-2023-004065,2025-11-24 08:14:42,ROBBERY,STRONGARM ROBBERY,41.87400489877967,-87.62102468001568,ALLEY,False,False,D-01,W-28
CR-2025-005912,2023-10-29 13:27:31,NARCOTICS,SALE/MANUFACTURE,41.7509442015161,-87.60845196293961,PARKING LOT,True,False,D-10,W-16
CR-2024-004642,2025-08-09 02:55:37,THEFT,GRAND THEFT,41.884158160205175,-87.77228888642632,RESIDENCE,True,False,D-11,W-26
CR-2023-005457,2025-01-13 20:50:17,NARCOTICS,SALE/MANUFACTURE,41.75889266795981,-87.62944819920625,STREET,False,False,D-10,W-17
CR-2023-003756,2025-01-31 10:13:21,BURGLARY,RESIDENTIAL,41.78433019843821,-87.6406191805978,STREET,False,False,D-05,W-06
CR-2025-001412,2024-05-08 18:25:24,CRIMINAL DAMAGE,TO PROPERTY,41.77758988873556,-87.58639736209362,STREET,False,False,D-14,W-23
CR-2023-004689,2024-09-12 14:13:56,BURGLARY,COMMERCIAL,41.87210344232836,-87.62744281324447,ALLEY,False,False,D-13,W-07
CR-2023-000186,2025-09-10 06:13:10,BURGLARY,RESIDENTIAL,41.9774228721559,-87.63611458347829,ALLEY,False,False,D-08,W-43
CR-2023-000681,2025-03-17 17:31:42,THEFT,GRAND THEFT,41.78188950921035,-87.65332672352204,RESIDENCE,False,False,D-06,W-33
CR-2025-002594,2023-07-31 21:56:59,ASSAULT,AGGRAVATED ASSAULT,41.86433035843084,-87.60383245552349,PARK,False,False,D-12,W-06
CR-2025-000074,2024-10-23 20:28:04,MOTOR VEHICLE THEFT,TRUCK,41.958838831312335,-87.64936030653533,SIDEWALK,False,False,D-02,W-20
CR-2024-001183,2023-06-11 20:52:19,THEFT,,41.87006297805422,-87.65541036936389,PARKING LOT,False,False,D-09,W-23
CR-2024-002155,2023-12-25 06:10:54,ROBBERY,STRONGARM ROBBERY,41.87876538196274,-87.6559856114929,SIDEWALK,False,False,D-11,W-14
CR-2024-003865,2024-01-11 20:19:17,BATTERY,DOMESTIC BATTERY,41.9012410455092,-87.62614787384295,COMMERCIAL BUILDING,True,False,D-12,W-32
CR-2025-003383,2024-10-07 12:04:55,NARCOTICS,POSSESSION OF HEROIN,41.910133800951165,-87.62556948671187,SIDEWALK,True,False,D-01,W-29
CR-2023-005139,2025-12-21 02:37:49,BURGLARY,COMMERCIAL,41.78233353311413,-87.59925893386287,COMMERCIAL BUILDING,False,False,D-11,W-34
CR-2024-002728,2023-05-26 15:49:59,BURGLARY,RESIDENTIAL,41.86867018542389,-87.63396270428291,RESIDENCE,False,False,D-02,W-41
CR-2024-004099,2025-11-08 23:45:11,BURGLARY,COMMERCIAL,41.83406172449712,-87.62700876043466,PARKING LOT,False,False,D-04,W-20
CR-2024-005668,2023-07-20 05:46:44,BATTERY,AGGRAVATED BATTERY,41.881543589616115,-87.64066545447706,APARTMENT,True,False,D-08,W-31
CR-2025-004673,2023-04-02 05:12:54,NARCOTICS,SALE/MANUFACTURE,41.8830630054261,-87.61855350057266,PARK,True,False,D-09,W-46
CR-2024-003541,2025-05-30 06:56:23,BATTERY,AGGRAVATED BATTERY,41.759415616868495,-87.64529721456329,RESIDENCE,True,True,D-07,W-41
CR-2024-003967,2023-01-07 16:53:03,ROBBERY,ARMED ROBBERY,41.875254597598214,-87.6170562320343,SIDEWALK,True,False,D-07,W-47
CR-2023-003348,2024-01-03 21:53:24,NARCOTICS,POSSESSION OF HEROIN,41.898547068416164,-87.70660769839161,COMMERCIAL BUILDING,True,False,D-14,W-24
CR-2024-005254,2025-12-04 00:08:24,MOTOR VEHICLE THEFT,AUTOMOBILE,41.95824008108206,-87.67792137259869,COMMERCIAL BUILDING,False,False,D-05,W-49
CR-2023-001530,2025-06-20 02:48:13,BURGLARY,,41.886314158702504,-87.73289148727889,PARK,True,False,D-14,W-23
CR-2025-000884,2025-06-14 01:27:29,ASSAULT,SIMPLE ASSAULT,41.781980120169614,-190.0,STREET,False,False,D-04,W-27
CR-2025-003254,2025-12-09 22:34:29,NARCOTICS,POSSESSION OF HEROIN,41.92393559539876,-87.62680744535845,PARK,True,False,D-02,W-07
CR-2023-004005,2023-01-26 13:18:52,BURGLARY,COMMERCIAL,41.942638744032976,-87.64667954083978,RESIDENCE,False,False,D-06,W-21
CR-2024-004618,2024-12-09 02:56:45,ASSAULT,AGGRAVATED ASSAULT,41.79230973047119,-87.67077867911989,PARK,False,False,D-09,W-20
CR-2023-002694,2023-09-24 18:43:30,BATTERY,DOMESTIC BATTERY,41.85813942303004,-87.66246951598292,STREET,True,True,D-07,W-19
CR-2025-005618,2023-03-20 10:12:16,CRIMINAL DAMAGE,TO VEHICLE,41.85839708302469,-87.629206454138,RESIDENCE,False,False,D-02,W-23
CR-2024-005752,2023-07-26 01:47:05,BURGLARY,COMMERCIAL,41.906043036821,-87.6279300490989,APARTMENT,False,,D-13,W-37
CR-2025-002054,2025-06-16 16:19:25,NARCOTICS,POSSESSION OF COCAINE,41.87509471133309,-87.62632236861798,SIDEWALK,True,False,D-15,W-44
CR-2025-000548,2023-01-28 09:03:56,THEFT,GRAND THEFT,41.949972703806324,-87.69526401369063,STREET,False,False,D-15,W-30
CR-2025-000179,2025-03-21 18:19:20,ASSAULT,SIMPLE ASSAULT,41.786967964008454,-87.64968077358881,COMMERCIAL BUILDING,False,False,D-11,W-21
CR-2023-000312,2025-06-22 21:09:10,BURGLARY,RESIDENTIAL,41.901997799399595,-87.63746823514647,ALLEY,False,False,D-06,W-18
CR-2024-001009,2024-07-03 01:27:16,BURGLARY,FORCIBLE ENTRY,41.88763127045314,-87.6483888759228,PARK,False,False,D-04,W-05
CR-2025-005555,2025-01-19 21:33:06,THEFT,RETAIL THEFT,41.757609568995335,-87.60484686686175,COMMERCIAL BUILDING,False,False,D-08,W-06
CR-2025-000089,2023-11-24 00:38:43,MOTOR VEHICLE THEFT,AUTOMOBILE,41.87413014750143,-87.58899746250115,APARTMENT,False,False,D-07,W-37
CR-2024-001165,2023-09-09 01:03:56,ASSAULT,AGGRAVATED ASSAULT,41.87369049578504,-87.63087398877788,PARK,False,True,D-06,W-45
CR-2024-003553,2024-01-05 20:47:16,BURGLARY,,41.730525897068986,-87.63273403739124,SIDEWALK,False,True,D-11,W-45
CR-2025-004280,2024-04-11 12:49:07,ROBBERY,STRONGARM ROBBERY,,,PARK,False,False,D-03,W-13
CR-2025-002168,2024-07-11 21:31:42,BATTERY,AGGRAVATED BATTERY,41.91517833168866,-87.645234958705,PARKING LOT,True,True,D-04,W-30
CR-2025-000308,2024-07-28 00:24:40,ASSAULT,AGGRAVATED ASSAULT,41.87974092191908,-87.61891350064153,ALLEY,False,False,D-12,W-21
CR-2023-003039,2025-09-18 19:47:53,NARCOTICS,SALE/MANUFACTURE,41.921668629993704,-87.62856685284481,PARKING LOT,False,False,D-05,W-28
CR-2025-005132,2024-06-07 23:40:17,BURGLARY,RESIDENTIAL,41.79799170374297,-87.61898156865772,APARTMENT,False,True,D-15,W-23
CR-2023-001905,2024-11-16 07:20:21,NARCOTICS,POSSESSION OF COCAINE,41.863192059877484,-87.62349712685658,RESIDENCE,True,False,D-03,W-41
CR-2025-003905,2024-09-30 18:21:28,BURGLARY,COMMERCIAL,41.88675608275753,-87.63247034935097,PARK,True,False,D-05,W-34
CR-2023-000519,2025-09-26 01:39:29,ROBBERY,STRONGARM ROBBERY,95.0,-87.61409352546082,STREET,False,False,D-07,W-23
CR-2023-002271,2023-11-13 13:28:58,NARCOTICS,POSSESSION OF COCAINE,41.850783708960584,-87.63876501524882,PARKING LOT,False,False,D-14,W-08
CR-2024-005575,2024-06-14 15:28:36,MOTOR VEHICLE THEFT,TRUCK,41.777050380461596,-87.63923300536467,STREET,True,False,D-13,W-23
CR-2024-005749,2023-03-31 20:01:27,BATTERY,SIMPLE BATTERY,41.87626086199562,-87.73471260037782,COMMERCIAL BUILDING,True,False,D-04,W-36
CR-2025-002627,2025-05-15 21:26:57,THEFT,FROM BUILDING,41.86588171686111,-87.74730894642252,PARKING LOT,False,False,D-01,W-16
CR-2023-000225,2025-03-08 21:00:41,BATTERY,DOMESTIC BATTERY,41.94714641805454,-87.63619715358998,ALLEY,True,False,D-05,W-44
CR-2024-001057,2023-09-25 16:21:56,THEFT,RETAIL THEFT,41.88921236518131,-87.63749820349707,APARTMENT,True,False,D-01,W-23
CR-2023-002892,2024-12-26 03:55:41,CRIMINAL DAMAGE,TO VEHICLE,41.775447941633466,-87.61422159705191,COMMERCIAL BUILDING,False,False,D-09,W-43
CR-2024-005236,2025-12-11 08:06:17,ROBBERY,STRONGARM ROBBERY,41.93845938618668,-87.6743631500951,STREET,False,False,D-15,W-05
CR-2023-005157,2025-10-27 14:26:37,CRIMINAL DAMAGE,GRAFFITI,41.762556449254824,-87.60611492573788,SIDEWALK,False,False,D-04,W-38
CR-2023-002169,2025-09-26 05:39:03,MOTOR VEHICLE THEFT,TRUCK,41.847148952712814,-87.63456025738364,PARK,False,False,D-02,W-45
CR-2025-003239,2025-02-11 05:31:18,BATTERY,DOMESTIC BATTERY,41.874439574717435,-87.62537921120646,APARTMENT,True,True,D-02,W-25
CR-2024-001030,2025-11-01 04:36:09,ASSAULT,AGGRAVATED ASSAULT,41.96541795924336,-87.65804743576798,STREET,False,True,D-12,W-04
CR-2025-002378,2024-06-01 14:51:28,MOTOR VEHICLE THEFT,MOTORCYCLE,41.74146855887054,-87.59697651058333,PARKING LOT,True,False,D-04,W-40
CR-2024-005431,2024-07-05 19:47:36,NARCOTICS,SALE/MANUFACTURE,41.88037741311164,-87.73280977696844,ALLEY,True,False,D-05,W-19
CR-2025-002012,2024-07-08 19:48:05,THEFT,RETAIL THEFT,41.93482713877412,-87.66166475055485,COMMERCIAL BUILDING,False,False,D-07,W-19
CR-2025-005831,2023-05-30 02:40:28,CRIMINAL DAMAGE,GRAFFITI,41.90132012331228,-87.63922664033733,SIDEWALK,False,False,D-05,W-49
CR-2023-001041,2025-01-19 20:14:42,BATTERY,,41.856442177758,-87.66424271429706,COMMERCIAL BUILDING,True,False,D-04,W-20
CR-2023-002691,2023-10-11 00:09:46,CRIMINAL DAMAGE,GRAFFITI,41.7561807582298,-87.58688687913492,STREET,True,False,D-13,W-43
CR-2023-000483,2025-03-19 23:31:19,BATTERY,,41.76199019244852,-87.58397648917723,ALLEY,True,False,D-04,W-49
CR-2025-000344,2025-08-29 15:42:59,THEFT,PETTY THEFT,41.96261919936407,-87.64641473377027,SIDEWALK,False,False,D-10,W-49
CR-2023-001245,2025-07-07 07:36:37,ASSAULT,AGGRAVATED ASSAULT,41.87789243380859,-87.64014591661096,RESIDENCE,False,True,D-12,W-07
CR-2024-004474,2023-06-26 11:01:40,ROBBERY,ARMED ROBBERY,41.787219011965924,-87.6150042887793,RESIDENCE,False,False,D-10,W-50
CR-2024-000217,2023-02-21 12:42:03,CRIMINAL DAMAGE,TO PROPERTY,41.8164589263024,-87.62714763048952,RESIDENCE,False,False,D-03,W-04
CR-2023-002328,2025-06-27 13:12:33,THEFT,RETAIL THEFT,41.94209406689428,-87.67412045401332,ALLEY,True,False,D-03,W-43
CR-2023-003015,2025-12-05 15:19:49,BATTERY,DOMESTIC BATTERY,41.85359115561411,-87.63617247021288,COMMERCIAL BUILDING,True,False,D-04,W-50
CR-2023-002940,2023-05-03 21:13:12,BATTERY,DOMESTIC BATTERY,41.842044970983494,-87.60891316087776,APARTMENT,True,False,D-06,W-28
CR-2023-000408,2025-06-08 20:02:32,ROBBERY,STRONGARM ROBBERY,41.785576256646735,-87.60675923010942,RESIDENCE,False,False,D-11,W-34
CR-2025-004829,2023-11-29 12:41:49,MOTOR VEHICLE THEFT,TRUCK,41.89767252144979,-87.62777235637986,PARK,False,False,D-09,W-39
CR-2024-004150,2023-07-21 02:00:45,BURGLARY,FORCIBLE ENTRY,41.97747680474244,-87.66489929285424,SIDEWALK,False,False,D-11,W-20
CR-2024-005860,2024-10-14 20:34:17,BATTERY,SIMPLE BATTERY,41.87489344627907,-87.64484952746463,COMMERCIAL BUILDING,True,False,D-04,W-17
CR-2024-001600,2025-03-26 23:55:21,ASSAULT,AGGRAVATED ASSAULT,41.783529388420746,-87.6183638783954,RESIDENCE,False,False,D-12,W-49
CR-2024-001876,2024-07-20 00:29:13,THEFT,FROM BUILDING,41.896892639516416,-87.6365233692445,STREET,False,False,D-03,W-46
CR-2024-005986,2023-10-18 00:23:24,ASSAULT,SIMPLE ASSAULT,41.86321252335699,-87.74151905049108,COMMERCIAL BUILDING,False,True,D-04,W-42
CR-2025-002918,2024-08-10 10:24:53,BURGLARY,FORCIBLE ENTRY,41.91030650613069,-87.62641175609889,ALLEY,False,False,D-12,W-37
CR-2024-000529,2023-03-31 04:35:45,BURGLARY,FORCIBLE ENTRY,41.8903848027827,-87.73357105797756,PARKING LOT,False,False,D-15,W-28
CR-2025-003956,2023-10-01 08:18:37,THEFT,GRAND THEFT,41.77359775825199,-87.61544492482727,RESIDENCE,False,False,D-13,W-11
CR-2023-004161,2025-05-15 07:35:06,MOTOR VEHICLE THEFT,MOTORCYCLE,41.824090770141765,-87.58796428430695,SIDEWALK,True,False,D-15,W-38
CR-2024-004663,2024-07-28 18:19:48,MOTOR VEHICLE THEFT,MOTORCYCLE,41.86613842824395,-87.61368205314655,PARK,False,False,D-12,W-28
CR-2023-000087,2023-04-08 20:07:51,ROBBERY,STRONGARM ROBBERY,41.78581726998325,-87.6083204187741,PARK,False,False,D-03,W-32
CR-2023-003342,2023-07-27 22:29:25,ASSAULT,AGGRAVATED ASSAULT,41.87834187181851,-87.627650405425,COMMERCIAL BUILDING,False,True,D-07,W-15
CR-2024-002503,2023-03-18 17:26:08,BURGLARY,FORCIBLE ENTRY,41.96936965302101,-87.64554450357831,PARKING LOT,False,False,D-08,W-35
CR-2024-001867,2025-10-19 19:04:16,THEFT,PETTY THEFT,,,COMMERCIAL BUILDING,True,False,D-13,W-17
CR-2023-005628,2025-04-08 19:48:19,MOTOR VEHICLE THEFT,AUTOMOBILE,41.837158934226146,-87.62972192107158,APARTMENT,False,False,D-06,W-37
CR-2025-005642,2025-05-10 20:55:47,BATTERY,AGGRAVATED BATTERY,41.86842656212034,-87.64074155573272,PARK,True,False,D-07,W-31
CR-2024-001279,2025-07-08 00:48:18,CRIMINAL DAMAGE,TO PROPERTY,41.88301731759265,-87.61593594790693,SIDEWALK,True,False,D-12,W-49
CR-2024-001261,2024-06-20 21:19:31,NARCOTICS,SALE/MANUFACTURE,41.883612224982116,-87.6345029452926,APARTMENT,True,False,D-09,W-17
CR-2024-005824,2024-03-26 00:51:14,ASSAULT,AGGRAVATED ASSAULT,41.88121880101076,-87.61501077425028,PARK,False,True,D-11,W-20
CR-2023-001239,2024-05-02 19:16:34,THEFT,GRAND THEFT,41.858020913004154,-87.61940622065453,RESIDENCE,False,False,D-04,W-12
CR-2023-003969,2024-01-26 20:15:36,NARCOTICS,POSSESSION OF COCAINE,41.900531873678645,-87.63406938256381,SIDEWALK,True,False,D-13,W-24
CR-2023-003390,2025-02-19 13:35:32,THEFT,FROM BUILDING,41.97243863339079,-87.65512423114735,SIDEWALK,False,False,D-11,W-33
CR-2023-005169,2024-11-11 08:50:32,THEFT,FROM BUILDING,41.76570746470198,-87.65718213809268,APARTMENT,True,False,D-06,W-14
CR-2025-001334,2025-12-31 07:38:49,BURGLARY,FORCIBLE ENTRY,41.886384499065194,-87.6204155359953,SIDEWALK,False,True,D-13,W-28
CR-2023-001878,2023-10-07 15:50:36,MOTOR VEHICLE THEFT,TRUCK,41.879651571939625,-87.59916885939785,RESIDENCE,False,False,D-13,W-37
CR-2025-005720,2023-08-09 04:58:28,ROBBERY,STRONGARM ROBBERY,41.94800939221066,-87.66957257786409,PARK,True,True,D-15,W-20
CR-2023-002664,2024-04-01 02:59:12,THEFT,RETAIL THEFT,41.88523382653893,-87.65600343537018,ALLEY,False,False,D-12,W-34
CR-2025-002717,2023-06-09 02:00:54,MOTOR VEHICLE THEFT,MOTORCYCLE,41.96215865944103,-87.66755966542542,SIDEWALK,False,False,D-03,W-45
CR-2023-002400,2025-12-10 12:22:41,BURGLARY,COMMERCIAL,95.0,-87.65644790730148,COMMERCIAL BUILDING,False,False,D-07,W-06
CR-2023-004155,2024-10-24 13:50:38,NARCOTICS,SALE/MANUFACTURE,41.86456018460019,-87.58932506746095,SIDEWALK,True,False,D-13,W-08
CR-2023-000267,2024-03-22 03:27:20,THEFT,,41.762604097304944,-87.62781503321709,ALLEY,False,False,D-01,W-38
CR-2024-005125,2025-03-15 21:49:17,CRIMINAL DAMAGE,TO VEHICLE,41.93723733480685,-87.63541242538015,APARTMENT,False,False,D-03,W-31
CR-2023-003765,2024-09-26 10:38:46,BURGLARY,RESIDENTIAL,41.897012742799994,-87.62055004035294,APARTMENT,False,False,D-04,W-11
CR-2024-005791,2024-10-21 20:16:23,MOTOR VEHICLE THEFT,AUTOMOBILE,41.93968285290037,-87.64601358878346,APARTMENT,False,False,D-08,W-28
CR-2023-004854,2024-05-03 10:51:57,ASSAULT,SIMPLE ASSAULT,41.921501444258695,-87.67680206096233,RESIDENCE,False,False,D-13,W-09
CR-2025-001385,2023-06-20 00:19:41,ASSAULT,SIMPLE ASSAULT,41.8750121085368,-87.6409986751981,COMMERCIAL BUILDING,False,False,D-07,W-35
CR-2024-003157,2023-09-01 11:05:16,NARCOTICS,POSSESSION OF HEROIN,41.97042660329779,-87.64097319838919,PARKING LOT,True,False,D-07,W-11
CR-2024-000799,2025-09-04 11:53:46,NARCOTICS,SALE/MANUFACTURE,41.87841190561513,-87.64072004411844,COMMERCIAL BUILDING,True,False,D-06,W-40
CR-2025-003539,2023-12-31 18:38:32,NARCOTICS,POSSESSION OF COCAINE,41.88648085755417,-87.63214716064185,PARKING LOT,True,False,D-08,W-02
CR-2023-005610,2025-12-15 13:41:09,BATTERY,AGGRAVATED BATTERY,41.86425391405527,-87.63384240633556,COMMERCIAL BUILDING,True,True,D-10,W-34
CR-2023-001959,2023-06-15 23:37:37,ASSAULT,SIMPLE ASSAULT,41.80263986428411,-87.63048537953182,PARKING LOT,False,False,D-12,W-04
CR-2023-005310,2023-09-27 04:03:12,THEFT,FROM BUILDING,41.87301965577358,-87.71883724681008,APARTMENT,False,False,D-08,W-03
CR-2023-002289,2024-06-24 03:01:09,ASSAULT,AGGRAVATED ASSAULT,41.937072108175705,-87.63866766427638,ALLEY,True,False,D-12,W-28
CR-2025-001946,2024-11-22 13:53:05,ROBBERY,STRONGARM ROBBERY,41.86610089239947,-87.65842003205685,APARTMENT,False,,D-06,W-47
CR-2025-003107,2023-12-21 05:12:42,MOTOR VEHICLE THEFT,TRUCK,41.86451528975306,-87.75644484208084,SIDEWALK,False,False,D-15,W-31
CR-2023-002688,2024-09-07 21:19:57,BATTERY,SIMPLE BATTERY,41.84319988293738,-87.68523581135503,APARTMENT,False,False,D-14,W-29
CR-2025-001487,2023-08-14 22:37:01,BURGLARY,FORCIBLE ENTRY,41.89177044083262,-87.62821369313093,ALLEY,False,False,D-11,W-20
CR-2025-002408,2024-06-23 02:26:00,ASSAULT,AGGRAVATED ASSAULT,41.811910350244595,-87.65086089120851,PARKING LOT,False,False,D-15,W-36
CR-2024-000958,2023-03-08 10:05:32,MOTOR VEHICLE THEFT,TRUCK,41.75920540620229,-190.0,APARTMENT,False,False,D-09,W-12
CR-2025-001589,2023-05-09 22:01:12,THEFT,PETTY THEFT,41.8981556242526,-87.717618694408,APARTMENT,False,False,D-07,W-24
CR-2025-004355,2024-03-01 00:12:01,ROBBERY,STRONGARM ROBBERY,41.87642229343871,-87.63659035222764,ALLEY,False,False,D-09,W-38
CR-2024-003685,2023-03-20 01:28:58,THEFT,RETAIL THEFT,41.88435936376562,-87.72585217091248,ALLEY,False,False,D-14,W-14
CR-2025-004307,2023-10-17 04:04:14,ROBBERY,ARMED ROBBERY,41.877920039830585,-87.64447034535284,COMMERCIAL BUILDING,False,False,D-14,W-16
CR-2024-000094,2025-04-18 18:20:41,BATTERY,AGGRAVATED BATTERY,41.931464125638634,-87.68559694449371,PARKING LOT,True,False,D-09,W-41
CR-2023-004215,2025-04-24 11:55:21,ROBBERY,ARMED ROBBERY,41.75974118476837,-87.630969710002,APARTMENT,False,False,D-12,W-40
CR-2024-001579,2025-08-22 21:21:55,NARCOTICS,,41.89802961242373,-87.62510223289203,RESIDENCE,True,False,D-05,W-50
CR-2025-004037,2023-06-19 20:35:33,ASSAULT,AGGRAVATED ASSAULT,41.84701467227456,-87.62748952237474,RESIDENCE,False,True,D-12,W-33
CR-2024-002908,2025-06-27 07:49:36,ASSAULT,AGGRAVATED ASSAULT,41.93210487994353,-87.65177699096225,RESIDENCE,False,True,D-08,W-28
CR-2023-002637,2025-08-22 03:48:23,CRIMINAL DAMAGE,TO PROPERTY,41.8719529813431,-87.61804961934214,COMMERCIAL BUILDING,True,False,D-06,W-01
CR-2023-004185,2023-06-01 20:14:04,ROBBERY,ARMED ROBBERY,41.769249430053236,-87.65189387602834,APARTMENT,False,False,D-04,W-39
CR-2024-005818,2025-03-15 21:05:00,ROBBERY,STRONGARM ROBBERY,41.777663335716916,-87.63529446684817,STREET,True,False,D-10,W-33
CR-2025-005027,2024-03-16 01:45:34,MOTOR VEHICLE THEFT,AUTOMOBILE,41.9263109634429,-87.64662916779055,PARKING LOT,False,False,D-02,W-36
CR-2024-005230,2025-06-16 00:12:06,ASSAULT,AGGRAVATED ASSAULT,41.747234200122335,-87.65374127415411,STREET,True,True,D-01,W-40
CR-2023-005274,2024-07-20 05:18:04,ASSAULT,AGGRAVATED ASSAULT,41.872287630276425,-87.61911243336863,SIDEWALK,False,True,D-01,W-30
CR-2023-004266,2025-07-14 00:42:29,THEFT,PETTY THEFT,41.95800127235808,-87.62763610969341,COMMERCIAL BUILDING,False,False,D-05,W-44
CR-2025-001715,2023-08-12 22:59:51,BURGLARY,RESIDENTIAL,41.88509817967176,-87.60960661365696,APARTMENT,False,False,D-11,W-41
CR-2023-005466,2025-04-14 07:04:31,ASSAULT,SIMPLE ASSAULT,41.74975064535799,-87.62643273708129,COMMERCIAL BUILDING,False,True,D-12,W-18
CR-2023-001365,2025-09-22 17:29:06,THEFT,,41.973017490263096,-87.62159971442583,PARKING LOT,False,False,D-13,W-30
CR-2025-000923,2023-10-20 19:33:53,BURGLARY,COMMERCIAL,41.81054269602162,-87.65065437120536,STREET,True,False,D-09,W-01
CR-2025-000704,2025-07-23 05:38:17,BURGLARY,RESIDENTIAL,41.770833004028944,-87.63527082541138,ALLEY,False,False,D-05,W-04
CR-2024-005263,2025-12-16 08:18:36,NARCOTICS,,41.76482297307369,-87.6526641129632,PARKING LOT,True,False,D-11,W-24
CR-2024-001117,2025-07-06 15:44:57,ASSAULT,AGGRAVATED ASSAULT,41.924176561414384,-87.64068471761867,APARTMENT,False,False,D-12,W-21
CR-2024-001435,2024-06-02 17:48:13,NARCOTICS,POSSESSION OF COCAINE,,,COMMERCIAL BUILDING,True,False,D-03,W-45
CR-2025-001730,2025-10-02 13:36:26,THEFT,RETAIL THEFT,41.82129307194527,-87.58156778263067,SIDEWALK,False,False,D-05,W-22
CR-2023-001704,2024-11-09 17:21:46,BATTERY,,41.94395050206443,-87.61436275608561,RESIDENCE,True,False,D-12,W-11
CR-2024-001807,2024-07-09 19:44:44,NARCOTICS,POSSESSION OF COCAINE,41.79622139389544,-87.61063406136353,PARK,False,False,D-03,W-40
CR-2025-005957,2024-08-17 19:50:20,CRIMINAL DAMAGE,GRAFFITI,41.86154362156097,-87.62590606529952,STREET,False,False,D-01,W-39
CR-2023-002040,2023-10-12 02:59:41,BATTERY,SIMPLE BATTERY,41.79474152561935,-87.64645499186528,APARTMENT,True,False,D-07,W-11
CR-2023-004743,2024-05-25 02:52:27,NARCOTICS,POSSESSION OF COCAINE,41.87566906846945,-87.61187233882733,APARTMENT,True,False,D-09,W-37
CR-2025-004430,2023-09-14 08:03:19,BURGLARY,RESIDENTIAL,41.88253899860519,-87.62776856747921,RESIDENCE,False,False,D-01,W-31
CR-2023-004890,2023-08-03 19:26:04,NARCOTICS,POSSESSION OF COCAINE,41.87123484510518,-87.61372786104619,SIDEWALK,True,False,D-03,W-28
CR-2023-003681,2025-05-11 15:12:28,THEFT,RETAIL THEFT,41.893993483589355,-87.63812920745359,STREET,False,False,D-15,W-24
CR-2024-000628,2023-04-12 07:02:11,MOTOR VEHICLE THEFT,,41.90318858580257,-87.62351471485951,APARTMENT,True,False,D-05,W-17
CR-2023-002592,2025-11-09 11:16:40,BURGLARY,COMMERCIAL,41.9692086178529,-87.69440097540637,SIDEWALK,False,False,D-05,W-24
CR-2023-003762,2023-09-13 13:05:01,MOTOR VEHICLE THEFT,AUTOMOBILE,41.77707231744978,-87.64876927297713,APARTMENT,False,False,D-03,W-48
CR-2024-001237,2025-03-20 20:10:29,ASSAULT,AGGRAVATED ASSAULT,41.882657278934076,-87.61897656242311,APARTMENT,False,True,D-12,W-41
CR-2025-004298,2024-05-24 01:32:46,NARCOTICS,POSSESSION OF COCAINE,41.871556054517306,-87.61407824861097,APARTMENT,False,False,D-09,W-03
CR-2024-002614,2025-03-25 03:09:13,ASSAULT,AGGRAVATED ASSAULT,41.79390532414361,-87.60505169861962,ALLEY,False,False,D-03,W-41
CR-2023-003867,2025-08-12 09:02:03,THEFT,FROM BUILDING,41.87986561127692,-87.65487641909992,APARTMENT,False,False,D-11,W-11
CR-2024-004519,2023-08-08 19:22:17,BURGLARY,COMMERCIAL,41.79825056935178,-87.62918701991852,RESIDENCE,False,False,D-14,W-35
CR-2023-005148,2023-08-08 21:57:48,MOTOR VEHICLE THEFT,MOTORCYCLE,41.84276444764809,-87.60618120463357,COMMERCIAL BUILDING,False,False,D-01,W-04
CR-2024-003712,2025-05-04 23:59:55,MOTOR VEHICLE THEFT,MOTORCYCLE,41.848305416798425,-87.7171842387691,STREET,False,False,D-11,W-13
CR-2025-002726,2024-10-31 09:13:50,ROBBERY,STRONGARM ROBBERY,41.982491841865944,-87.67746224916517,PARKING LOT,False,False,D-08,W-41
CR-2024-005341,2023-06-14 17:59:16,THEFT,,41.94480739254549,-87.63971738748823,RESIDENCE,False,False,D-09,W-14
CR-2023-004842,2025-12-01 23:12:21,ASSAULT,AGGRAVATED ASSAULT,41.932803866485244,-87.63546147380225,SIDEWALK,False,False,D-03,W-05
CR-2023-003459,2024-09-04 01:06:07,THEFT,FROM BUILDING,41.90436388912891,-87.63027277769993,STREET,False,False,D-13,W-41
CR-2024-003502,2024-12-07 00:27:42,THEFT,PETTY THEFT,41.88871186566297,-87.61814602461467,SIDEWALK,False,False,D-14,W-36
CR-2025-001673,2024-03-30 20:36:58,BURGLARY,FORCIBLE ENTRY,41.87383423025591,-87.60594126891074,APARTMENT,False,False,D-08,W-34
CR-2025-003209,2023-06-24 00:30:54,MOTOR VEHICLE THEFT,MOTORCYCLE,41.88547168266342,-87.63323621546382,ALLEY,False,False,D-03,W-47
CR-2024-000091,2024-05-26 03:11:31,NARCOTICS,SALE/MANUFACTURE,41.86203661252909,-87.62256291377136,SIDEWALK,True,False,D-10,W-19
CR-2025-002498,2023-01-14 20:49:57,CRIMINAL DAMAGE,TO PROPERTY,41.96262821158931,-87.59304179597912,ALLEY,False,False,D-05,W-38
CR-2024-005224,2023-03-31 11:49:53,BURGLARY,COMMERCIAL,41.87299489275676,-87.63318583947418,SIDEWALK,False,True,D-06,W-19
CR-2023-001761,2025-05-20 05:41:08,MOTOR VEHICLE THEFT,TRUCK,41.929086703929535,-87.62271667270198,STREET,True,False,D-06,W-34
CR-2025-001934,2023-12-18 01:43:17,MOTOR VEHICLE THEFT,TRUCK,41.95119774465678,-87.63537763570177,ALLEY,True,False,D-07,W-38
CR-2023-001743,2023-03-13 16:52:51,ROBBERY,STRONGARM ROBBERY,41.90105292798295,-87.61982609256548,STREET,False,False,D-05,W-22
CR-2023-002364,2025-06-28 01:16:04,NARCOTICS,SALE/MANUFACTURE,41.980253399965655,-87.65491311858376,ALLEY,True,False,D-15,W-01
CR-2023-003999,2025-03-29 02:36:46,ROBBERY,STRONGARM ROBBERY,41.981458261024606,-87.61374444829603,PARKING LOT,False,False,D-02,W-44
CR-2025-002453,2023-10-06 13:12:59,BATTERY,AGGRAVATED BATTERY,41.871662428761326,-87.74766286366773,PARKING LOT,False,True,D-06,W-13
CR-2023-004947,2023-01-12 01:32:14,BURGLARY,COMMERCIAL,41.878144401295,-87.74090955395411,RESIDENCE,True,False,D-04,W-05
CR-2025-005564,2024-12-21 18:22:05,BURGLARY,RESIDENTIAL,41.867581256833944,-87.615157919649,STREET,False,False,D-08,W-36
CR-2023-003933,2025-10-05 16:49:22,ASSAULT,AGGRAVATED ASSAULT,41.9656036527679,-87.63909479911248,PARKING LOT,True,True,D-11,W-35
CR-2024-004912,2024-10-26 00:52:41,BATTERY,DOMESTIC BATTERY,41.87742958444121,-87.75451424448208,PARKING LOT,False,False,D-02,W-36
CR-2025-004859,2024-01-29 02:26:49,BATTERY,DOMESTIC BATTERY,41.887022815600965,-87.63899817838714,RESIDENCE,True,False,D-12,W-22
CR-2025-001343,2023-03-17 03:37:08,CRIMINAL DAMAGE,TO PROPERTY,41.79063168974521,-87.66738930308018,RESIDENCE,False,False,D-04,W-15
CR-2025-003692,2024-08-31 15:12:11,BURGLARY,RESIDENTIAL,41.87611847420495,-87.72124566906389,COMMERCIAL BUILDING,False,False,D-13,W-31
CR-2025-003302,2024-01-24 02:04:23,MOTOR VEHICLE THEFT,AUTOMOBILE,41.947206913760155,-87.68933331716575,ALLEY,True,False,D-12,W-38
CR-2025-002426,2024-01-30 23:55:41,BURGLARY,COMMERCIAL,41.79217565237236,-87.62527807990206,SIDEWALK,False,False,D-10,W-46
CR-2025-004319,2025-01-25 20:34:11,BATTERY,AGGRAVATED BATTERY,41.79163238309105,-87.64440178038342,ALLEY,True,False,D-03,W-31
CR-2023-003096,2023-06-25 01:39:41,BATTERY,SIMPLE BATTERY,41.93492419788681,-87.6361492567344,SIDEWALK,False,True,D-09,W-17
CR-2025-005576,2024-09-17 07:52:40,ASSAULT,SIMPLE ASSAULT,41.92392510306687,-87.70485012237258,SIDEWALK,True,False,D-09,W-18
CR-2024-002686,2025-07-08 15:06:44,MOTOR VEHICLE THEFT,AUTOMOBILE,41.861656695126975,-87.6308180707255,RESIDENCE,False,False,D-01,W-05
CR-2024-005233,2025-05-22 06:10:01,THEFT,GRAND THEFT,41.93201316814531,-87.63213056007054,APARTMENT,False,False,D-01,W-30
CR-2024-003112,2023-03-07 00:49:34,BATTERY,AGGRAVATED BATTERY,41.88591134180538,-87.63471709689816,PARKING LOT,True,False,D-06,W-10
CR-2023-001866,2023-09-24 06:38:00,MOTOR VEHICLE THEFT,TRUCK,41.84782268203417,-87.62762404381061,STREET,True,False,D-04,W-40
CR-2025-005789,2023-08-18 11:29:39,ROBBERY,STRONGARM ROBBERY,41.97272013077823,-87.66968643373616,PARKING LOT,False,False,D-10,W-50
CR-2024-000814,2024-12-12 09:43:48,MOTOR VEHICLE THEFT,MOTORCYCLE,41.94975711021055,-87.63824452649756,PARKING LOT,False,False,D-05,W-09
CR-2024-003496,2025-06-20 15:04:20,ASSAULT,AGGRAVATED ASSAULT,41.80254720391387,-87.60215945140231,SIDEWALK,False,True,D-15,W-09
CR-2023-000783,2025-07-10 21:42:58,ROBBERY,ARMED ROBBERY,41.879104860758375,-87.62206091173444,RESIDENCE,False,False,D-02,W-12
CR-2023-001377,2024-10-25 08:42:18,NARCOTICS,SALE/MANUFACTURE,41.876990786515876,-87.63657489214239,COMMERCIAL BUILDING,True,False,D-07,W-07
CR-2024-005821,2025-08-08 21:04:16,BURGLARY,COMMERCIAL,41.816638099817474,-87.70316882671852,SIDEWALK,False,False,D-15,W-19
CR-2025-005168,2023-05-19 18:21:47,MOTOR VEHICLE THEFT,TRUCK,41.86580974512651,-87.69767647420394,ALLEY,False,False,D-09,W-20
CR-2025-000299,2024-01-02 22:19:19,MOTOR VEHICLE THEFT,TRUCK,41.93951413479848,-87.6477539901391,ALLEY,False,False,D-01,W-40
CR-2025-002552,2025-05-27 23:40:23,MOTOR VEHICLE THEFT,TRUCK,41.95640471711054,-87.65126694189742,STREET,False,False,D-04,W-26
CR-2024-005890,2025-12-24 11:24:52,CRIMINAL DAMAGE,TO PROPERTY,41.77690377116281,-87.64429012865511,PARKING LOT,False,False,D-11,W-19
CR-2025-001331,2023-04-28 11:24:22,BURGLARY,COMMERCIAL,41.88705842327381,-87.64402522006337,RESIDENCE,False,False,D-05,W-05
CR-2024-002653,2024-11-12 11:44:42,THEFT,FROM BUILDING,41.876164488273055,-87.64257493261502,PARK,False,False,D-12,W-07
CR-2024-005974,2024-05-07 16:59:30,CRIMINAL DAMAGE,TO PROPERTY,41.93190078626817,-87.67931637999669,COMMERCIAL BUILDING,False,False,D-12,W-24
CR-2025-002786,2024-03-01 22:11:10,ROBBERY,ARMED ROBBERY,41.941518720865915,-87.662790683015,COMMERCIAL BUILDING,False,False,D-10,W-12
CR-2024-001507,2023-09-20 16:30:07,CRIMINAL DAMAGE,TO VEHICLE,41.86934601010481,-87.61422431723472,ALLEY,False,False,D-07,W-42
CR-2023-003675,2023-05-15 18:14:43,BURGLARY,FORCIBLE ENTRY,,,STREET,False,False,D-12,W-03
CR-2023-000690,2023-02-07 22:04:39,BURGLARY,FORCIBLE ENTRY,41.795848146783484,-87.64119778520364,PARK,False,False,D-06,W-35
CR-2025-002525,2025-03-18 07:30:49,MOTOR VEHICLE THEFT,AUTOMOBILE,41.962981272900045,-87.64827669064745,RESIDENCE,False,False,D-12,W-49
CR-2025-003821,2024-02-02 12:32:06,MOTOR VEHICLE THEFT,MOTORCYCLE,41.939548214144516,-87.65514544213649,ALLEY,False,False,D-04,W-02
CR-2024-003736,2023-06-22 20:23:01,CRIMINAL DAMAGE,TO VEHICLE,41.92367043426815,-87.62981119544303,SIDEWALK,False,False,D-03,W-32
CR-2023-002145,2025-12-21 15:55:41,ASSAULT,AGGRAVATED ASSAULT,41.791615209330836,-87.63975773299887,PARK,False,True,D-06,W-22
CR-2025-004817,2025-04-22 00:42:02,ROBBERY,ARMED ROBBERY,,,RESIDENCE,False,False,D-05,W-37
CR-2023-003351,2024-05-29 15:38:53,BATTERY,DOMESTIC BATTERY,41.904004441050965,-87.68329363009465,STREET,True,False,D-02,W-47
CR-2024-000751,2024-05-31 23:38:31,NARCOTICS,SALE/MANUFACTURE,41.75844502791444,-87.62908436143528,RESIDENCE,False,False,D-08,W-20
CR-2024-001477,2024-11-08 06:46:46,BATTERY,SIMPLE BATTERY,,,PARKING LOT,True,True,D-14,W-11
CR-2025-003275,2023-11-23 19:59:14,BATTERY,DOMESTIC BATTERY,41.877856653236066,-87.61244749328445,COMMERCIAL BUILDING,True,False,D-08,W-45
CR-2024-004063,2024-03-30 16:42:34,ROBBERY,ARMED ROBBERY,41.89128521231836,-87.64399736193982,STREET,True,False,D-02,W-26
CR-2023-000048,2025-10-17 22:45:17,NARCOTICS,POSSESSION OF COCAINE,41.885930164987165,-87.72220100510076,APARTMENT,True,False,D-04,W-39
CR-2025-002960,2025-07-18 01:47:00,BATTERY,SIMPLE BATTERY,41.896884254929354,-87.62738050686006,ALLEY,True,False,D-15,W-45
CR-2025-004511,2024-08-14 22:27:20,BURGLARY,FORCIBLE ENTRY,41.927687918879094,-87.63767882215885,APARTMENT,False,True,D-08,W-23
CR-2023-001674,2023-06-01 14:45:48,NARCOTICS,POSSESSION OF HEROIN,41.89282076322107,-87.72936591880996,SIDEWALK,True,False,D-02,W-18
CR-2023-005208,2023-09-14 00:05:46,BURGLARY,FORCIBLE ENTRY,41.97384856765633,-87.65095188294546,STREET,False,False,D-10,W-20
CR-2023-002358,2025-08-22 02:35:45,THEFT,,41.92359069587167,-87.70558338038647,PARKING LOT,True,False,D-12,W-16
CR-2024-002548,2023-06-04 23:40:55,CRIMINAL DAMAGE,TO VEHICLE,41.891437307371824,-87.64662626654284,RESIDENCE,False,False,D-01,W-32
CR-2025-001169,not-a-valid-date-string,BURGLARY,RESIDENTIAL,41.948541263172565,-87.66850642278946,COMMERCIAL BUILDING,False,False,D-14,W-46
CR-2025-004781,2023-09-14 23:08:07,NARCOTICS,POSSESSION OF HEROIN,41.959824484204724,-87.627487128081,RESIDENCE,True,False,D-01,W-04
CR-2024-005017,2023-01-16 01:04:34,BATTERY,DOMESTIC BATTERY,41.84844767646579,-87.63722822647007,STREET,True,False,D-15,W-36
CR-2025-001325,2025-08-02 23:31:04,ASSAULT,SIMPLE ASSAULT,41.8644836572978,-87.60701074114537,PARK,True,False,D-14,W-19
CR-2024-002953,2023-04-08 16:32:30,CRIMINAL DAMAGE,TO VEHICLE,41.87545799744674,-87.67329270819803,RESIDENCE,False,False,D-04,W-46
CR-2024-004159,2024-04-28 13:33:21,MOTOR VEHICLE THEFT,MOTORCYCLE,41.86572062058754,-87.63719377412424,SIDEWALK,False,False,D-02,W-25
CR-2023-001224,2024-06-23 20:41:48,CRIMINAL DAMAGE,TO PROPERTY,41.75930585836034,-87.6462635263079,STREET,False,False,D-05,W-15
CR-2024-003274,2024-09-03 08:24:31,NARCOTICS,SALE/MANUFACTURE,41.78868023318093,-87.6144554557343,APARTMENT,True,False,D-11,W-11
CR-2023-002037,2025-08-11 00:17:00,BURGLARY,RESIDENTIAL,41.871410844292086,-87.6281028931442,STREET,False,False,D-09,W-12
CR-2023-000351,2024-11-12 16:27:48,BURGLARY,FORCIBLE ENTRY,41.867921813570234,-87.75225230333454,APARTMENT,False,False,D-15,W-22
CR-2024-005545,2024-10-11 16:38:48,ROBBERY,ARMED ROBBERY,41.88546505918937,-87.62485265408698,STREET,False,False,D-11,W-22
CR-2025-001100,2024-06-15 22:24:14,BATTERY,SIMPLE BATTERY,41.905165221646804,-87.63266355687591,PARKING LOT,True,True,D-15,W-12
CR-2023-002247,2024-10-08 17:56:37,MOTOR VEHICLE THEFT,MOTORCYCLE,41.89095053720364,-87.60463934368292,SIDEWALK,True,False,D-06,W-49
CR-2025-005003,2024-05-16 19:21:35,BURGLARY,RESIDENTIAL,41.80392051244421,-87.64854180180868,STREET,True,False,D-04,W-18
CR-2025-002255,2023-02-04 22:42:41,ROBBERY,ARMED ROBBERY,41.86029509917542,-87.6139327872877,SIDEWALK,False,False,D-11,W-36
CR-2023-000657,2025-12-10 15:55:35,NARCOTICS,POSSESSION OF COCAINE,41.878255289297655,-87.64947754348526,ALLEY,True,False,D-15,W-44
CR-2023-005835,2023-01-05 22:30:35,ROBBERY,,41.9161326352759,-87.65514653613357,ALLEY,False,False,D-08,W-24
CR-2025-001886,2023-01-21 06:28:35,CRIMINAL DAMAGE,GRAFFITI,41.75934991268723,-87.64799257793702,SIDEWALK,False,False,D-07,W-32
CR-2025-001937,2025-10-26 22:44:21,MOTOR VEHICLE THEFT,TRUCK,41.86700942888812,-87.6119215099838,RESIDENCE,False,False,D-01,W-40
CR-2025-004061,2024-04-19 18:09:55,THEFT,GRAND THEFT,41.88813668240926,-87.72715151811256,PARKING LOT,False,False,D-05,W-05
CR-2024-000646,2024-07-02 16:54:50,NARCOTICS,POSSESSION OF HEROIN,41.9482785817692,-87.63853018451097,PARKING LOT,True,False,D-07,W-29
CR-2024-004033,2025-04-13 08:07:16,NARCOTICS,POSSESSION OF HEROIN,41.895566176108034,-87.61591484863429,ALLEY,True,False,D-04,W-28
CR-2025-002477,2024-08-31 14:53:12,NARCOTICS,POSSESSION OF HEROIN,41.95493710801221,-87.68308597460421,ALLEY,True,False,D-01,W-11
CR-2025-000041,2024-08-13 22:55:29,BATTERY,DOMESTIC BATTERY,41.900268410671124,-87.63757405327411,SIDEWALK,False,False,D-11,W-13
CR-2025-004130,2025-01-05 17:14:01,BATTERY,DOMESTIC BATTERY,41.87032043003774,-87.60402454006355,ALLEY,True,True,D-13,W-43
CR-2024-002032,2023-09-18 00:42:29,ASSAULT,SIMPLE ASSAULT,41.862749460058076,-87.73829184494792,ALLEY,False,False,D-11,W-05
CR-2024-002038,2024-04-27 21:44:15,ASSAULT,AGGRAVATED ASSAULT,41.94113766677689,-87.6954491372149,APARTMENT,False,False,D-05,W-29
CR-2024-005329,2024-08-31 04:24:28,BATTERY,SIMPLE BATTERY,41.888191351808,-87.64747859177156,SIDEWALK,True,True,D-13,W-21
CR-2023-002709,2023-12-25 16:31:16,THEFT,FROM BUILDING,41.87033434677984,-87.74812394785853,STREET,False,False,D-01,W-40
CR-2023-003285,2025-12-29 15:20:30,BATTERY,AGGRAVATED BATTERY,41.876104952541056,-87.6496133842376,SIDEWALK,True,False,D-05,W-33
CR-2025-002648,2024-04-13 06:37:38,ROBBERY,ARMED ROBBERY,41.87929360302414,-87.61841763375755,COMMERCIAL BUILDING,False,False,D-01,W-46
CR-2025-005762,2025-10-18 11:39:16,NARCOTICS,POSSESSION OF COCAINE,41.865804274656995,-87.62475605573222,PARKING LOT,True,False,D-03,W-50
CR-2024-004438,2024-02-11 16:32:30,OTHER OFFENSE,DUPLICATE ID TEST RECORD,41.87563387701408,-87.74893923972685,PARK,True,False,D-06,W-12
CR-2025-000581,2024-06-15 01:19:04,BURGLARY,COMMERCIAL,41.74416068833091,-87.67013496867392,COMMERCIAL BUILDING,False,False,D-03,W-38
CR-2023-005799,2023-09-23 01:22:21,THEFT,FROM BUILDING,41.86997613698039,-87.7290689534502,ALLEY,False,False,D-11,W-24
CR-2023-001830,2025-06-16 02:50:42,MOTOR VEHICLE THEFT,AUTOMOBILE,41.94119921462486,-87.6698615419571,STREET,False,False,D-03,W-39
CR-2023-005931,2025-02-27 09:22:39,BATTERY,AGGRAVATED BATTERY,41.8918182461395,-87.69743180777996,SIDEWALK,True,False,D-05,W-35
CR-2025-004559,2023-06-14 10:03:12,MOTOR VEHICLE THEFT,TRUCK,41.876852423420985,-87.60913997455708,ALLEY,False,False,D-13,W-33
CR-2025-000893,2023-02-13 21:11:52,ASSAULT,SIMPLE ASSAULT,41.77116977307375,-87.64780391013977,RESIDENCE,False,True,D-03,W-19
CR-2024-003700,2025-08-03 00:29:16,BATTERY,DOMESTIC BATTERY,41.93579714339715,-87.64381916138231,RESIDENCE,False,False,D-12,W-32
CR-2025-002567,2023-11-13 12:30:57,CRIMINAL DAMAGE,TO VEHICLE,41.854366652498804,-87.62904658451252,RESIDENCE,False,False,D-11,W-50
CR-2023-000270,2023-11-25 02:28:18,BURGLARY,FORCIBLE ENTRY,41.89063538168098,-87.64674560281986,STREET,False,False,D-12,W-12
CR-2023-001602,2023-06-19 00:28:15,ROBBERY,ARMED ROBBERY,41.929353672385226,-87.66883990276916,PARKING LOT,False,False,D-04,W-50
CR-2025-001895,2023-08-29 04:28:09,BURGLARY,FORCIBLE ENTRY,41.96012331600785,-87.66354827636432,APARTMENT,False,False,D-01,W-02
CR-2023-000621,not-a-valid-date-string,BURGLARY,FORCIBLE ENTRY,41.86937478629078,-87.64502135096039,ALLEY,True,False,D-07,W-32
CR-2025-004730,2024-08-27 14:04:29,CRIMINAL DAMAGE,GRAFFITI,41.95602489310324,-87.65611212463357,SIDEWALK,False,False,D-07,W-49
CR-2023-002013,2024-07-24 18:53:07,NARCOTICS,SALE/MANUFACTURE,41.866382654328035,-87.63369700211152,RESIDENCE,False,False,D-04,W-29
CR-2023-003762,2023-09-13 13:05:01,MOTOR VEHICLE THEFT,AUTOMOBILE,41.77707231744978,-87.64876927297713,APARTMENT,False,False,D-03,W-48
CR-2024-003244,2025-06-06 22:52:09,ASSAULT,SIMPLE ASSAULT,41.95644536154403,-87.62888008420919,PARKING LOT,False,True,D-02,W-30
CR-2023-001626,2025-06-27 02:10:01,MOTOR VEHICLE THEFT,TRUCK,41.79486650421608,-87.60254704187282,PARK,False,False,D-13,W-20
CR-2024-001060,2023-03-25 12:25:59,ASSAULT,SIMPLE ASSAULT,41.99665230843226,-87.63960791424203,COMMERCIAL BUILDING,False,True,D-10,W-19
CR-2025-003656,2023-04-24 15:49:43,NARCOTICS,POSSESSION OF HEROIN,41.95287853747893,-87.69423050572718,COMMERCIAL BUILDING,True,False,D-11,W-21
CR-2023-002304,2025-09-16 18:04:33,BURGLARY,COMMERCIAL,41.79605883887536,-87.64997231685065,COMMERCIAL BUILDING,False,True,D-04,W-48
CR-2025-003395,2023-10-02 15:07:52,NARCOTICS,SALE/MANUFACTURE,41.776686394635426,-87.64034728540383,SIDEWALK,True,False,D-13,W-10
CR-2024-002332,2024-10-26 18:54:17,BURGLARY,FORCIBLE ENTRY,41.89353151362249,-87.72973944569817,SIDEWALK,True,True,D-11,W-20
CR-2024-000418,2023-11-28 19:44:47,BATTERY,DOMESTIC BATTERY,41.97941000985628,-87.67526708081478,RESIDENCE,True,False,D-02,W-27
CR-2023-000768,2023-03-31 18:09:21,BURGLARY,RESIDENTIAL,41.88580400159855,-87.63779051259493,APARTMENT,False,False,D-07,W-10
CR-2024-005917,2025-01-17 21:04:39,MOTOR VEHICLE THEFT,AUTOMOBILE,41.742801776937696,-87.62851772799065,ALLEY,False,False,D-04,W-48
CR-2023-000669,2025-01-20 16:42:25,NARCOTICS,SALE/MANUFACTURE,41.76919557953647,-87.62473959444061,ALLEY,True,False,D-03,W-47
CR-2025-000818,2023-07-17 06:01:18,BATTERY,SIMPLE BATTERY,41.863773161309766,-87.6234460140161,ALLEY,True,False,D-02,W-28
CR-2023-005211,2024-02-13 11:15:33,ROBBERY,STRONGARM ROBBERY,41.77923551213471,-87.62933207722398,RESIDENCE,True,False,D-03,W-43
CR-2023-005025,2023-08-11 00:28:21,MOTOR VEHICLE THEFT,MOTORCYCLE,41.91296206635507,-87.6425625968321,COMMERCIAL BUILDING,False,False,D-08,W-35
CR-2023-003174,2023-07-24 09:20:41,ASSAULT,AGGRAVATED ASSAULT,41.860557790561955,-87.64061455162705,COMMERCIAL BUILDING,False,False,D-05,W-07
CR-2025-005804,2023-02-08 23:54:13,BATTERY,SIMPLE BATTERY,41.74686272567828,-87.6477202917756,RESIDENCE,True,False,D-09,W-08
CR-2024-003367,2023-08-03 06:07:53,ASSAULT,SIMPLE ASSAULT,41.96069889278063,-87.64510633845515,ALLEY,True,True,D-04,W-36
CR-2023-002910,2025-09-06 19:55:48,CRIMINAL DAMAGE,GRAFFITI,41.779742976372525,-87.6222851604739,APARTMENT,False,False,D-09,W-29
CR-2025-000659,2023-05-18 00:12:12,BATTERY,DOMESTIC BATTERY,,,ALLEY,True,False,D-03,W-05
CR-2024-004468,2025-09-20 18:41:58,ROBBERY,STRONGARM ROBBERY,41.86280647785841,-87.6865633219883,APARTMENT,False,False,D-05,W-08
CR-2025-000881,2023-04-06 23:25:08,CRIMINAL DAMAGE,TO PROPERTY,41.88195780550023,-87.75573538461416,STREET,False,False,D-14,W-45
CR-2025-000713,2025-06-20 08:15:10,ROBBERY,STRONGARM ROBBERY,41.917611728338926,-87.74675775058299,PARK,False,False,D-13,W-43
CR-2023-003744,2023-12-16 09:00:04,MOTOR VEHICLE THEFT,TRUCK,41.88185942348155,-87.61767143489665,SIDEWALK,False,False,D-08,W-36
CR-2025-002300,2024-08-18 20:56:50,CRIMINAL DAMAGE,GRAFFITI,41.87486059219475,-87.6157378376124,STREET,False,False,D-14,W-44
CR-2023-001947,2024-10-16 17:41:39,BATTERY,,41.872204208644085,-87.61477552262187,PARK,True,False,D-12,W-22
CR-2024-005797,2023-07-06 23:02:44,MOTOR VEHICLE THEFT,MOTORCYCLE,41.878288636544006,-87.61678908260504,ALLEY,False,False,D-15,W-32
CR-2024-000286,2023-10-30 09:44:51,BATTERY,AGGRAVATED BATTERY,41.95493854747528,-87.65968201057618,STREET,True,False,D-04,W-14
CR-2024-001528,2024-11-27 08:32:29,CRIMINAL DAMAGE,TO PROPERTY,41.870600157969236,-87.72322099743114,COMMERCIAL BUILDING,False,False,D-07,W-28
CR-2023-002970,2024-03-07 10:10:56,MOTOR VEHICLE THEFT,AUTOMOBILE,41.85828682466934,-87.61822897307644,COMMERCIAL BUILDING,False,False,D-07,W-35
CR-2023-004791,2023-10-09 17:35:37,NARCOTICS,POSSESSION OF COCAINE,41.917748035308044,-87.64991387620876,RESIDENCE,False,False,D-06,W-02
CR-2025-003521,2025-02-25 00:18:26,BATTERY,,41.885011958654246,-87.65263501477423,PARKING LOT,True,False,D-10,W-36
CR-2023-005421,2023-06-23 21:08:21,ASSAULT,AGGRAVATED ASSAULT,,,COMMERCIAL BUILDING,False,False,D-03,W-09
CR-2025-002324,2023-12-23 01:25:41,MOTOR VEHICLE THEFT,TRUCK,41.91606573250104,-87.6598876466371,APARTMENT,True,False,D-02,W-15
CR-2025-005009,2023-11-28 02:39:57,CRIMINAL DAMAGE,TO PROPERTY,41.93410385482017,-87.61940950303216,APARTMENT,False,False,D-09,W-14
CR-2023-003816,2025-07-29 06:05:55,CRIMINAL DAMAGE,TO PROPERTY,41.89257990000742,-87.6192349568522,RESIDENCE,False,False,D-05,W-21
CR-2025-002978,not-a-valid-date-string,CRIMINAL DAMAGE,GRAFFITI,41.945937271292955,-87.64324839464042,RESIDENCE,False,False,D-15,W-47
CR-2025-002057,2025-05-04 02:19:17,THEFT,GRAND THEFT,41.81964105327782,-87.6383168895988,APARTMENT,False,False,D-09,W-02
CR-2023-004083,2023-05-31 22:45:26,CRIMINAL DAMAGE,TO PROPERTY,41.82254647425683,-87.6109331293778,APARTMENT,False,False,D-02,W-06
CR-2025-003857,2023-07-27 20:03:27,BURGLARY,RESIDENTIAL,41.81137874551369,-87.61231129799076,STREET,False,False,D-12,W-26
CR-2023-000123,2025-05-05 09:21:14,NARCOTICS,SALE/MANUFACTURE,41.76702636722098,-87.64533323081434,PARK,True,False,D-06,W-17
CR-2024-000778,2024-02-20 23:13:19,BATTERY,AGGRAVATED BATTERY,41.96667169252466,-87.6713635790136,PARKING LOT,True,False,D-08,W-22
CR-2025-003872,2025-07-15 13:05:48,MOTOR VEHICLE THEFT,AUTOMOBILE,41.78854277101328,-87.64924725247724,ALLEY,False,False,D-11,W-43
CR-2024-003598,2024-04-09 23:05:49,BATTERY,AGGRAVATED BATTERY,41.95740311267893,-190.0,PARK,True,True,D-15,W-05
CR-2025-003731,2023-08-05 03:25:51,ASSAULT,AGGRAVATED ASSAULT,41.92478055032671,-87.67833362218069,RESIDENCE,False,False,D-07,W-06
CR-2023-005316,2024-04-14 20:12:30,MOTOR VEHICLE THEFT,TRUCK,41.873123318423424,-87.65272886944389,SIDEWALK,False,False,D-06,W-06
CR-2025-003101,2025-01-10 06:23:15,ROBBERY,STRONGARM ROBBERY,41.91247866900228,-87.60178806993758,PARK,False,False,D-06,W-45
CR-2024-001981,2023-04-07 22:18:14,THEFT,RETAIL THEFT,41.878839624972805,-87.61826740486048,SIDEWALK,False,False,D-13,W-34
CR-2025-001040,2023-03-31 15:28:45,CRIMINAL DAMAGE,TO VEHICLE,41.948410559177134,-87.64327586502141,STREET,False,False,D-10,W-44
CR-2023-002883,2024-02-04 09:50:21,THEFT,GRAND THEFT,41.88749652008681,-87.63099862678995,COMMERCIAL BUILDING,True,False,D-10,W-27
CR-2025-005978,2023-03-03 00:48:24,ASSAULT,AGGRAVATED ASSAULT,41.97609742187588,-87.64736744121556,PARKING LOT,True,False,D-05,W-05
CR-2024-005827,2023-03-09 02:28:43,THEFT,GRAND THEFT,41.84623959386182,-87.64015018899723,COMMERCIAL BUILDING,True,False,D-01,W-27
CR-2024-003808,2023-05-23 10:34:53,THEFT,RETAIL THEFT,,,APARTMENT,False,False,D-03,W-27
CR-2025-003458,2025-10-01 21:58:17,ASSAULT,AGGRAVATED ASSAULT,41.86177383146491,-87.59139245560966,APARTMENT,False,True,D-09,W-15
CR-2023-002376,2023-08-21 06:49:03,ROBBERY,ARMED ROBBERY,41.7730020867672,-87.63917213111262,ALLEY,False,False,D-06,W-32
CR-2025-001685,2025-04-09 15:43:59,CRIMINAL DAMAGE,TO VEHICLE,41.87693834808911,-87.64772940645399,SIDEWALK,False,False,D-15,W-30
CR-2023-002361,2023-08-05 23:31:49,MOTOR VEHICLE THEFT,,41.77955511881935,-87.63658910813166,SIDEWALK,False,False,D-02,W-25
CR-2023-002814,2024-07-17 03:30:08,ASSAULT,,41.8660039091484,-87.72029734722086,PARK,False,True,D-05,W-05
CR-2024-000250,2024-03-23 18:47:43,CRIMINAL DAMAGE,TO PROPERTY,41.802054438688295,-87.58126458398826,APARTMENT,False,False,D-04,W-15
CR-2025-000029,2023-06-15 04:24:44,ASSAULT,SIMPLE ASSAULT,41.88306895147106,-87.61516682309316,COMMERCIAL BUILDING,False,False,D-01,W-14
CR-2024-003007,2024-11-29 21:06:35,ROBBERY,ARMED ROBBERY,41.88922205658107,-87.74240357243455,STREET,True,False,D-03,W-13
CR-2024-003331,2024-01-23 23:03:10,ROBBERY,STRONGARM ROBBERY,41.891063725770486,-87.67041315783072,COMMERCIAL BUILDING,False,False,D-02,W-17
CR-2023-003108,2023-09-22 13:11:59,CRIMINAL DAMAGE,TO VEHICLE,41.87828335322623,-87.64774998388427,COMMERCIAL BUILDING,False,False,D-14,W-36
CR-2024-002668,2025-02-24 22:14:25,MOTOR VEHICLE THEFT,AUTOMOBILE,41.87041198834031,-87.64182291385157,COMMERCIAL BUILDING,True,False,D-05,W-31
CR-2024-004423,2025-05-24 17:49:31,MOTOR VEHICLE THEFT,MOTORCYCLE,41.87441238264882,-87.7247137008444,STREET,False,False,D-13,W-41
CR-2023-001632,2023-08-21 14:11:25,BURGLARY,RESIDENTIAL,41.88808125235538,-87.60068173845305,PARKING LOT,False,False,D-01,W-01
CR-2024-002341,2024-06-25 17:57:49,BURGLARY,RESIDENTIAL,41.81567586727043,-87.6464873805042,STREET,True,False,D-14,W-26
CR-2023-004905,2024-04-25 04:50:57,BATTERY,DOMESTIC BATTERY,41.86965185398937,-87.64032935947444,RESIDENCE,True,False,D-05,W-41
CR-2023-005124,2024-07-18 00:38:46,CRIMINAL DAMAGE,GRAFFITI,41.798876701828554,-87.62884671373912,PARK,False,False,D-13,W-36
CR-2023-003270,2023-11-16 17:32:41,NARCOTICS,POSSESSION OF HEROIN,41.88230068014047,-87.66991850692231,COMMERCIAL BUILDING,True,False,D-05,W-12
CR-2025-000464,2024-09-15 02:43:35,ASSAULT,SIMPLE ASSAULT,41.81803810073086,-87.63064375652682,PARK,True,True,D-15,W-25
CR-2025-004454,2023-05-10 05:06:48,ASSAULT,AGGRAVATED ASSAULT,41.959695525286286,-87.64161027732894,SIDEWALK,False,False,D-03,W-16
CR-2024-003682,2025-12-18 23:21:49,MOTOR VEHICLE THEFT,MOTORCYCLE,41.89367018790974,-87.61833680194992,APARTMENT,False,False,D-08,W-42
CR-2023-000267,2024-03-22 03:27:20,THEFT,GRAND THEFT,41.762604097304944,-87.62781503321709,ALLEY,False,False,D-01,W-38
CR-2024-000088,2023-07-30 02:18:19,MOTOR VEHICLE THEFT,MOTORCYCLE,41.77922504729695,-87.59266164807107,RESIDENCE,False,False,D-01,W-47
CR-2025-005453,2024-06-05 11:05:07,ROBBERY,,41.8655775513418,-87.62475097858658,ALLEY,False,False,D-09,W-45
CR-2025-000095,2024-09-14 05:59:45,CRIMINAL DAMAGE,TO PROPERTY,41.872562730862796,-87.71148482170217,SIDEWALK,False,False,D-11,W-36
CR-2025-002795,2023-07-17 01:00:18,ROBBERY,STRONGARM ROBBERY,41.93733645509305,-87.66037903412794,ALLEY,False,False,D-11,W-18
CR-2025-004820,2023-12-27 01:57:53,BATTERY,DOMESTIC BATTERY,41.84997947146319,-87.72016688241364,ALLEY,False,True,D-01,W-48
CR-2024-003409,2024-06-28 12:43:48,ASSAULT,AGGRAVATED ASSAULT,41.77884077709668,-87.64259017240234,SIDEWALK,True,False,D-10,W-45
CR-2025-003941,2024-02-08 15:58:51,CRIMINAL DAMAGE,TO VEHICLE,41.897383733515426,-87.63065591937146,ALLEY,False,True,D-11,W-20
CR-2023-002580,2025-07-19 23:42:10,BURGLARY,RESIDENTIAL,41.78572526793736,-87.68086600093866,COMMERCIAL BUILDING,False,False,D-14,W-16
CR-2025-004520,2025-03-27 00:17:17,ASSAULT,SIMPLE ASSAULT,41.88135033646247,-87.62536501672777,APARTMENT,False,False,D-10,W-25
CR-2023-004173,2023-07-26 09:37:23,MOTOR VEHICLE THEFT,,41.87382439401741,-87.72121077834485,APARTMENT,False,False,D-07,W-45
CR-2023-001563,2024-05-01 02:42:03,NARCOTICS,SALE/MANUFACTURE,41.849459658687394,-87.61002546512721,RESIDENCE,False,True,D-02,W-07
CR-2025-002465,2024-01-06 10:25:55,ASSAULT,SIMPLE ASSAULT,41.89454820677346,-87.66266880776749,STREET,True,False,D-01,W-12
CR-2025-005237,2024-10-11 00:08:50,THEFT,RETAIL THEFT,41.955659914068654,-87.67877260785093,RESIDENCE,False,False,D-06,W-28
CR-2023-003387,2024-06-29 16:24:54,ASSAULT,AGGRAVATED ASSAULT,41.92646249841232,-87.63885867843935,COMMERCIAL BUILDING,False,False,D-04,W-41
CR-2024-002164,2023-12-31 05:50:11,BATTERY,AGGRAVATED BATTERY,41.82138589957522,-87.63904487567355,RESIDENCE,True,False,D-11,W-23
CR-2024-003625,2025-08-02 21:30:09,BATTERY,SIMPLE BATTERY,41.95512555778495,-87.67004058722306,ALLEY,True,True,D-05,W-23
CR-2025-005954,2025-07-07 13:35:57,THEFT,FROM BUILDING,41.86775516742649,-87.63059818654409,STREET,False,False,D-13,W-16
CR-2023-005064,2024-10-12 08:34:11,BATTERY,DOMESTIC BATTERY,41.951722812261565,-87.67829482910736,STREET,True,False,D-12,W-05
CR-2023-005070,2025-06-12 19:52:50,NARCOTICS,POSSESSION OF COCAINE,41.87541978668588,-87.6185066337776,RESIDENCE,True,False,D-08,W-01
CR-2023-001233,2023-06-08 01:01:55,BATTERY,AGGRAVATED BATTERY,41.93313427791643,-87.65454124329105,STREET,False,False,D-02,W-26
CR-2023-001347,2024-10-22 01:34:28,BATTERY,,41.95507719933137,-87.62667266436337,COMMERCIAL BUILDING,False,False,D-10,W-05
CR-2023-003258,2024-03-04 11:20:19,BURGLARY,COMMERCIAL,41.98224693144926,-87.65241347056548,ALLEY,False,False,D-02,W-10
CR-2023-005853,2024-02-23 15:09:29,MOTOR VEHICLE THEFT,MOTORCYCLE,41.86672002197686,-87.62046431322291,ALLEY,False,False,D-06,W-40
CR-2024-005719,2023-12-16 20:37:03,CRIMINAL DAMAGE,TO VEHICLE,41.78818016908675,-87.62854422507158,STREET,False,False,D-11,W-49
CR-2025-001712,2025-11-29 21:53:09,ROBBERY,STRONGARM ROBBERY,41.91287976491903,-87.63402118024878,ALLEY,False,False,D-13,W-16
CR-2023-003063,2023-09-03 08:32:19,THEFT,PETTY THEFT,41.89567715214911,-87.60732853549769,STREET,False,False,D-13,W-29
CR-2024-000388,2024-08-10 20:43:38,PETTY THEFT,TO PROPERTY,41.86719294236263,-87.63351277953328,RESIDENCE,False,False,D-14,W-20
CR-2023-000012,2023-07-21 01:21:51,BATTERY,SIMPLE BATTERY,41.86993425913212,-87.62813616115436,PARK,True,True,D-08,W-16
CR-2024-002968,2023-11-28 20:56:11,CRIMINAL DAMAGE,TO PROPERTY,41.97294069194098,-87.68691207881618,STREET,False,False,D-01,W-40
CR-2024-005176,2025-05-02 08:51:15,ROBBERY,ARMED ROBBERY,41.77555551568697,-87.65051096170167,PARK,False,True,D-07,W-39
CR-2025-004469,2025-06-02 07:38:45,ASSAULT,AGGRAVATED ASSAULT,41.88917574300091,-87.72965868996118,STREET,False,False,D-11,W-37
CR-2025-001043,2024-11-28 04:24:04,THEFT,PETTY THEFT,41.938237196047055,-87.65825560637634,PARK,False,False,D-11,W-02
CR-2024-000289,2023-06-30 05:29:35,THEFT,PETTY THEFT,41.855921206313305,-87.6126436893519,SIDEWALK,False,False,D-03,W-02
CR-2025-000266,2024-10-01 10:46:02,BATTERY,AGGRAVATED BATTERY,41.94707840402705,-87.67952032399525,SIDEWALK,True,False,D-14,W-43
CR-2023-004956,2024-06-27 11:02:14,BURGLARY,FORCIBLE ENTRY,41.86733220178469,-87.61786204281488,PARKING LOT,False,False,D-12,W-16
CR-2023-005454,2023-08-05 22:12:38,ASSAULT,SIMPLE ASSAULT,41.937539561072285,-87.66923882920275,COMMERCIAL BUILDING,True,True,D-15,W-07
CR-2023-004320,2025-10-10 04:43:08,CRIMINAL DAMAGE,TO PROPERTY,41.90235567386783,-87.64135637198707,COMMERCIAL BUILDING,False,False,D-09,W-49
CR-2025-001061,2024-02-07 21:49:12,CRIMINAL DAMAGE,GRAFFITI,41.94801479240531,-87.66055781658416,STREET,False,False,D-03,W-30
CR-2024-002893,2025-12-11 09:01:14,ASSAULT,AGGRAVATED ASSAULT,41.87867451354255,-87.69193957929438,PARKING LOT,True,True,D-01,W-21
CR-2025-003050,2025-03-05 21:14:31,PETTY THEFT,PETTY THEFT,41.7642035923773,-87.62323472878084,PARK,False,False,D-10,W-04
CR-2023-000030,2025-06-11 15:21:42,NARCOTICS,SALE/MANUFACTURE,41.87091238643232,-87.63258488464996,PARK,False,False,D-09,W-02
CR-2024-003175,2025-06-06 10:28:17,NARCOTICS,SALE/MANUFACTURE,41.91979945436336,-87.64536987032484,PARK,True,False,D-04,W-44
CR-2023-002835,2025-10-10 21:03:51,MOTOR VEHICLE THEFT,MOTORCYCLE,41.841335378160494,-87.62784984033159,COMMERCIAL BUILDING,False,False,D-03,W-49
CR-2023-003525,2025-06-24 06:59:13,NARCOTICS,SALE/MANUFACTURE,41.892616917035056,-87.62381511763748,COMMERCIAL BUILDING,True,,D-08,W-22
CR-2025-000509,2024-03-05 22:52:02,CRIMINAL DAMAGE,TO VEHICLE,41.87329479037709,-87.62343751080398,SIDEWALK,False,False,D-03,W-39
CR-2023-003408,2025-04-14 22:48:09,THEFT,RETAIL THEFT,41.72978659904743,-87.66602864311555,STREET,True,False,D-01,W-46
CR-2025-005348,2025-09-12 18:10:56,THEFT,GRAND THEFT,41.975959486678505,-87.61232587412125,SIDEWALK,True,False,D-15,W-37
CR-2023-001473,2023-11-22 20:51:39,CRIMINAL DAMAGE,GRAFFITI,41.781030236240845,-87.70377839927252,SIDEWALK,False,False,D-12,W-28
CR-2024-005596,2024-03-30 01:09:09,THEFT,RETAIL THEFT,41.87389142440102,-87.63904041315577,APARTMENT,False,False,D-13,W-45
CR-2025-003614,2023-09-11 16:10:18,BATTERY,SIMPLE BATTERY,41.782916248508826,-87.61244342544602,RESIDENCE,True,False,D-01,W-05
CR-2025-005993,2023-08-19 15:19:42,MOTOR VEHICLE THEFT,AUTOMOBILE,41.87926045595427,-87.61646104862862,PARK,False,False,D-02,W-03
CR-2023-002343,2025-08-22 05:11:22,THEFT,PETTY THEFT,41.8661579479522,-87.644050952462,ALLEY,False,False,D-09,W-04
CR-2024-003772,2025-07-14 13:48:25,BATTERY,DOMESTIC BATTERY,41.969563401876485,-87.64588980305243,PARKING LOT,False,False,D-04,W-20
CR-2024-003313,2024-07-27 12:34:12,ROBBERY,ARMED ROBBERY,41.88370300525118,-87.60796848274127,ALLEY,False,True,D-12,W-17
CR-2025-005069,2024-03-24 00:27:39,MOTOR VEHICLE THEFT,TRUCK,41.96875914104859,-87.68122097385647,PARKING LOT,False,False,D-03,W-18
CR-2024-003058,2023-02-24 05:04:55,BATTERY,DOMESTIC BATTERY,41.964847009417916,-87.67203960708879,STREET,False,True,D-14,W-09
CR-2024-002605,2025-03-26 08:25:40,ASSAULT,AGGRAVATED ASSAULT,41.879707548728895,-87.64597769112048,RESIDENCE,False,True,D-12,W-47
CR-2025-004565,2023-02-17 22:04:22,BURGLARY,FORCIBLE ENTRY,41.97281101207862,-87.61502891410703,PARKING LOT,True,False,D-15,W-25
CR-2024-003193,2023-03-18 05:46:59,BURGLARY,FORCIBLE ENTRY,41.87773402149146,-87.6511334447426,COMMERCIAL BUILDING,False,False,D-14,W-30
CR-2023-000045,2023-03-17 14:16:20,BATTERY,AGGRAVATED BATTERY,41.7813269387337,-87.60478387523668,STREET,True,False,D-07,W-04
CR-2025-003170,2025-11-15 02:16:32,ROBBERY,ARMED ROBBERY,41.86393398172996,-87.72894600040347,STREET,False,False,D-03,W-19
CR-2025-002750,2025-11-12 06:19:01,MOTOR VEHICLE THEFT,AUTOMOBILE,41.7964785635555,-87.61566981705252,ALLEY,False,False,D-06,W-40
CR-2025-003791,2025-12-23 23:09:16,MOTOR VEHICLE THEFT,AUTOMOBILE,41.877676731815946,-87.60933510633744,STREET,False,False,D-10,W-26
CR-2023-003714,2025-08-03 02:51:45,NARCOTICS,POSSESSION OF HEROIN,41.88424290067078,-87.75492511956072,SIDEWALK,True,False,D-04,W-02
CR-2025-001631,2023-11-11 01:50:38,CRIMINAL DAMAGE,TO VEHICLE,41.930307712500124,-87.63184486309464,ALLEY,False,False,D-14,W-41
CR-2025-001253,2024-02-02 05:53:18,THEFT,PETTY THEFT,41.85262736063272,-87.59788301048158,ALLEY,True,False,D-10,W-15
CR-2025-005579,2023-11-27 18:20:49,BURGLARY,COMMERCIAL,41.795288858957214,-87.5838582780471,STREET,True,False,D-02,W-22
CR-2023-004491,2023-08-07 11:02:45,BURGLARY,FORCIBLE ENTRY,41.87661918658317,-87.61740366513713,STREET,False,False,D-01,W-50
CR-2025-001064,2024-04-05 07:12:52,THEFT,GRAND THEFT,41.88883071973162,-87.61902721411438,PARKING LOT,False,False,D-07,W-02
CR-2025-004976,2023-03-07 22:47:49,CRIMINAL DAMAGE,TO VEHICLE,41.756653880726475,-87.65301948895613,APARTMENT,False,False,D-07,W-03
CR-2023-001254,2023-12-30 04:53:29,BATTERY,SIMPLE BATTERY,41.856280661408256,-87.75070424322138,APARTMENT,True,True,D-01,W-27
CR-2023-002523,2025-02-20 00:34:10,THEFT,GRAND THEFT,41.84698270473476,-87.63013052296007,ALLEY,False,True,D-11,W-42
CR-2025-000221,2024-10-12 16:11:33,BATTERY,DOMESTIC BATTERY,41.847088368499406,-87.6311368005927,COMMERCIAL BUILDING,True,True,D-04,W-43
CR-2025-000455,2024-11-09 23:25:11,THEFT,FROM BUILDING,41.87348332647571,-87.62651274508504,PARKING LOT,True,False,D-05,W-29
CR-2023-005826,2024-09-18 19:29:03,MOTOR VEHICLE THEFT,TRUCK,41.88210463674692,-87.60462139053477,PARK,False,True,D-04,W-25
CR-2023-000282,2025-10-30 02:18:50,NARCOTICS,POSSESSION OF HEROIN,41.89611820883246,-87.63592113059532,ALLEY,True,False,D-09,W-26
CR-2023-000405,2024-11-04 00:43:07,NARCOTICS,POSSESSION OF COCAINE,41.94466256711677,-87.66409462116548,ALLEY,False,False,D-02,W-30
CR-2023-001335,2023-11-10 17:13:23,OTHER OFFENSE,DUPLICATE ID TEST RECORD,41.86764842272356,-87.62106960149373,STREET,True,False,D-08,W-14
CR-2025-005150,2024-04-28 02:29:49,NARCOTICS,POSSESSION OF HEROIN,41.9067123600883,-87.64446046176226,SIDEWALK,False,False,D-06,W-21
CR-2024-001624,2023-11-11 07:31:04,BURGLARY,FORCIBLE ENTRY,41.784624909811484,-87.67544753628496,PARKING LOT,False,False,D-11,W-30
CR-2024-004489,2025-03-17 19:25:19,MOTOR VEHICLE THEFT,AUTOMOBILE,41.794539614841874,-87.63458178971084,PARKING LOT,False,False,D-07,W-35
CR-2025-003689,2025-01-16 18:47:22,ASSAULT,AGGRAVATED ASSAULT,41.88668667959233,-87.62384429995177,SIDEWALK,False,False,D-14,W-45
CR-2023-002877,2025-03-05 01:56:04,ASSAULT,SIMPLE ASSAULT,41.87707586512256,-87.74566088858485,PARK,True,False,D-09,W-36
CR-2024-002773,2023-02-28 00:44:22,THEFT,PETTY THEFT,41.82979683837954,-87.6172755480463,ALLEY,False,False,D-11,W-29
CR-2025-003119,2025-06-07 13:59:07,BURGLARY,FORCIBLE ENTRY,41.86676073939962,-87.62439337485561,PARK,True,False,D-06,W-20
CR-2024-004069,2023-05-10 21:01:09,MOTOR VEHICLE THEFT,MOTORCYCLE,41.85384242164932,-87.62460530934663,PARK,False,False,D-07,W-19
CR-2025-001844,2025-07-02 12:48:24,NARCOTICS,POSSESSION OF HEROIN,41.81078476844998,-87.63279286083943,COMMERCIAL BUILDING,True,False,D-05,W-39
CR-2025-005390,2023-06-17 02:23:51,ASSAULT,,41.859401570507615,-87.65426601437792,PARK,False,True,D-06,W-35
CR-2024-000085,2024-11-11 04:34:21,ASSAULT,AGGRAVATED ASSAULT,41.86458874026674,-87.74158458512937,PARK,False,False,D-02,W-46
CR-2023-003531,2024-12-12 19:40:07,BURGLARY,RESIDENTIAL,41.76111741932626,-87.62607189459627,APARTMENT,False,False,D-08,W-31
CR-2024-002236,2025-04-19 12:34:48,ROBBERY,ARMED ROBBERY,41.97429971169634,-87.6444155929532,ALLEY,False,False,D-12,W-15
CR-2024-002107,2025-07-17 07:37:18,THEFT,RETAIL THEFT,41.94930982952661,-87.64413327153576,PARK,False,False,D-11,W-03
CR-2025-000134,2024-07-06 03:11:27,MOTOR VEHICLE THEFT,MOTORCYCLE,41.93959911026606,-87.65268518845427,COMMERCIAL BUILDING,True,False,D-09,W-06
CR-2023-001872,2025-05-10 02:48:33,ROBBERY,STRONGARM ROBBERY,41.8631727727722,-87.63252254743203,PARKING LOT,False,False,D-08,W-38
CR-2024-002293,2024-10-12 20:22:30,THEFT,GRAND THEFT,41.89342273089173,-87.61601627718012,ALLEY,False,False,D-15,W-32
CR-2023-004578,2025-06-14 00:49:44,BURGLARY,RESIDENTIAL,41.786720555919175,-87.61465582225246,PARK,True,False,D-10,W-45
CR-2025-002534,2024-09-06 21:21:13,ROBBERY,STRONGARM ROBBERY,41.77838598606624,-87.62177040817204,PARKING LOT,False,False,D-07,W-09
CR-2024-001960,2024-11-20 03:54:52,CRIMINAL DAMAGE,GRAFFITI,41.90593254972192,-87.62643647883198,PARKING LOT,False,False,D-02,W-38
CR-2024-005833,2025-01-10 16:51:22,ASSAULT,SIMPLE ASSAULT,41.79996935075248,-87.64246815700866,ALLEY,False,False,D-07,W-48
CR-2024-000850,2024-06-06 06:04:10,THEFT,FROM BUILDING,41.78766575248184,-87.61677032174632,ALLEY,False,False,D-03,W-44
CR-2025-002738,2025-10-08 10:18:50,THEFT,RETAIL THEFT,41.77431748226184,-87.62949485861303,RESIDENCE,False,False,D-10,W-26
CR-2024-000037,2025-07-06 00:14:25,CRIMINAL DAMAGE,TO PROPERTY,41.713406372397756,-87.60845243739062,PARKING LOT,False,False,D-07,W-48
CR-2023-004611,2024-08-25 14:23:15,NARCOTICS,POSSESSION OF COCAINE,41.80237392945587,-87.66724435200274,PARKING LOT,True,True,D-06,W-38
CR-2024-000832,2024-02-12 08:27:40,MOTOR VEHICLE THEFT,MOTORCYCLE,41.89755491819842,-87.63014302093448,COMMERCIAL BUILDING,False,False,D-03,W-08
CR-2023-000387,2023-05-03 16:29:09,CRIMINAL DAMAGE,TO VEHICLE,41.79444524905543,-87.66825561799726,SIDEWALK,False,False,D-14,W-05
CR-2024-004954,2024-04-26 11:19:59,BURGLARY,COMMERCIAL,41.89971269962782,-87.70144747555989,ALLEY,True,,D-08,W-31
CR-2023-004251,2025-07-27 13:27:36,CRIMINAL DAMAGE,GRAFFITI,41.98630297224218,-87.6605632254412,SIDEWALK,False,False,D-15,W-32
CR-2023-003261,2025-06-07 15:11:28,CRIMINAL DAMAGE,GRAFFITI,41.76968451585536,-87.60882383958484,SIDEWALK,False,False,D-15,W-08
CR-2023-001665,2023-08-01 09:21:58,BATTERY,DOMESTIC BATTERY,41.80174429053464,-87.66764324466727,RESIDENCE,True,True,D-14,W-38
CR-2024-005074,2025-03-14 23:38:28,THEFT,GRAND THEFT,41.852112581075495,-87.63569801505524,RESIDENCE,False,False,D-10,W-22
CR-2023-004638,2023-02-25 13:36:36,THEFT,RETAIL THEFT,41.939908036679554,-87.64734724996447,STREET,True,False,D-15,W-30
CR-2024-004999,2025-09-22 03:21:30,ROBBERY,STRONGARM ROBBERY,41.88553648359524,-87.62013417319693,SIDEWALK,False,False,D-05,W-49
CR-2024-003073,2025-12-18 07:12:51,ROBBERY,ARMED ROBBERY,41.780491226537414,-87.63829447528809,PARK,False,False,D-04,W-17
CR-2025-000140,2025-05-06 17:23:44,BATTERY,SIMPLE BATTERY,41.781737933631284,-87.61244673313698,PARKING LOT,True,False,D-10,W-42
CR-2024-005836,2023-03-12 08:39:00,ROBBERY,,41.92189685689605,-87.6131982672133,APARTMENT,True,False,D-03,W-09
CR-2024-004729,2025-09-03 02:43:41,ASSAULT,SIMPLE ASSAULT,41.893781903607234,-87.63282129850116,COMMERCIAL BUILDING,False,False,D-09,W-40
CR-2024-003319,2024-08-31 02:14:57,BURGLARY,COMMERCIAL,41.94045769336864,-87.65612943555998,RESIDENCE,False,False,D-10,W-48
CR-2024-005629,2023-06-09 01:40:22,NARCOTICS,POSSESSION OF HEROIN,41.87120592051864,-87.64574888029797,ALLEY,True,False,D-11,W-42
CR-2024-000775,2025-04-24 01:21:35,ASSAULT,AGGRAVATED ASSAULT,41.87879722662336,-87.73056612750318,COMMERCIAL BUILDING,False,False,D-12,W-14
CR-2023-004506,2023-10-01 16:09:30,ASSAULT,AGGRAVATED ASSAULT,41.715878824835684,-87.62527978095801,APARTMENT,False,False,D-11,W-02
CR-2023-004704,2025-10-03 03:20:24,CRIMINAL DAMAGE,GRAFFITI,41.87225894657712,-87.60946291990854,STREET,False,False,D-12,W-28
CR-2025-001151,2023-03-04 07:33:13,NARCOTICS,POSSESSION OF HEROIN,41.769300718201194,-87.62274499484371,ALLEY,True,False,D-11,W-34
CR-2023-004194,2024-11-02 01:53:41,ASSAULT,SIMPLE ASSAULT,41.76416865673012,-87.66033504295739,STREET,False,False,D-10,W-44
CR-2024-002689,2024-01-31 18:01:24,THEFT,FROM BUILDING,41.88723103383687,-87.63815695858858,SIDEWALK,True,False,D-03,W-49
CR-2023-002520,2024-07-22 09:59:47,ASSAULT,AGGRAVATED ASSAULT,41.791377395403444,-87.67130677079109,PARK,False,True,D-02,W-16
CR-2025-004499,2023-11-17 01:52:11,BURGLARY,COMMERCIAL,41.868270230775416,-87.71247872824821,PARK,False,False,D-03,W-29
CR-2023-000549,2024-07-10 02:08:47,CRIMINAL DAMAGE,TO PROPERTY,41.96672655349405,-87.64837023048204,APARTMENT,False,False,D-09,W-39
CR-2024-002947,2024-01-03 00:23:24,BATTERY,AGGRAVATED BATTERY,41.95741925269553,-87.63516539857545,ALLEY,True,False,D-02,W-23
CR-2023-000453,2023-10-24 01:52:53,THEFT,RETAIL THEFT,41.857702157885306,-87.61860619650959,APARTMENT,False,False,D-02,W-22
CR-2024-004366,2023-09-09 19:46:40,ROBBERY,STRONGARM ROBBERY,41.88587091918456,-87.76074783979314,APARTMENT,False,False,D-14,W-16
CR-2023-005715,2025-12-20 20:13:58,NARCOTICS,SALE/MANUFACTURE,41.77218305306187,-87.62030816144387,PARK,True,False,D-09,W-03
CR-2025-003584,2024-03-12 07:38:41,BATTERY,SIMPLE BATTERY,41.97010444527323,-87.65452889662431,ALLEY,True,False,D-13,W-28
CR-2024-004480,2025-02-28 13:45:27,NARCOTICS,POSSESSION OF COCAINE,41.957608312996854,-87.65809084085855,RESIDENCE,True,False,D-12,W-26
CR-2025-004760,2023-06-09 02:41:49,ASSAULT,AGGRAVATED ASSAULT,41.80464010903549,-87.57943823874578,RESIDENCE,False,False,D-12,W-24
CR-2024-004177,2023-09-29 15:22:22,BATTERY,SIMPLE BATTERY,41.992268991005766,-87.63618592057772,APARTMENT,True,False,D-12,W-38
CR-2025-004847,2025-09-06 01:12:38,ROBBERY,STRONGARM ROBBERY,41.87463820771846,-87.64175480003222,APARTMENT,False,False,D-10,W-33
CR-2023-003849,2023-06-30 22:02:45,NARCOTICS,POSSESSION OF HEROIN,41.9572979179002,-87.63828561211078,APARTMENT,True,False,D-13,W-48
CR-2024-005899,2023-03-31 02:40:38,ROBBERY,ARMED ROBBERY,41.9829860173209,-87.68512159847222,COMMERCIAL BUILDING,False,False,D-10,W-22
CR-2023-002133,2025-09-06 01:25:52,MOTOR VEHICLE THEFT,AUTOMOBILE,41.954217941151796,-87.69521063560903,ALLEY,False,False,D-01,W-38
CR-2023-001773,2024-08-27 22:09:03,CRIMINAL DAMAGE,TO VEHICLE,41.79607664489647,-87.59233647851804,RESIDENCE,False,False,D-10,W-17
CR-2025-003749,2024-09-16 23:40:24,THEFT,GRAND THEFT,41.83649277590099,-87.63249429582109,RESIDENCE,False,False,D-02,W-32
CR-2025-005432,2024-07-28 01:15:24,BATTERY,AGGRAVATED BATTERY,41.77764798502859,-87.59220727754096,PARK,True,False,D-02,W-02
CR-2024-001849,2023-01-14 19:09:58,BURGLARY,COMMERCIAL,41.802228201808525,-190.0,APARTMENT,False,False,D-05,W-45
CR-2023-000057,2024-10-31 23:12:08,ROBBERY,STRONGARM ROBBERY,41.77409097588047,-87.62146131644167,SIDEWALK,False,,D-13,W-19
CR-2024-002971,2024-07-04 06:24:10,BATTERY,SIMPLE BATTERY,41.778927748617186,-87.66761084620622,COMMERCIAL BUILDING,True,False,D-02,W-20
CR-2024-001396,2023-05-01 21:51:48,BATTERY,AGGRAVATED BATTERY,41.871905032667854,-87.64370047463271,RESIDENCE,True,False,D-04,W-33
CR-2025-003608,2023-12-26 22:43:32,THEFT,PETTY THEFT,41.86922907905243,-87.6064720219878,PARK,False,False,D-05,W-39
CR-2023-003591,2024-07-03 18:44:38,ROBBERY,STRONGARM ROBBERY,41.889046594055515,-87.64376502567448,PARK,True,False,D-05,W-01
CR-2025-004907,2023-11-10 07:55:04,BATTERY,SIMPLE BATTERY,41.775568032119274,-87.623862839311,STREET,True,True,D-15,W-19
CR-2023-005676,2023-04-16 00:53:51,THEFT,PETTY THEFT,41.817757061040275,-87.59475547245094,PARK,False,False,D-13,W-28
CR-2025-004076,2023-08-11 23:43:52,BATTERY,AGGRAVATED BATTERY,41.766289432917574,-87.66699731999049,ALLEY,True,True,D-06,W-34
CR-2025-001262,2025-03-22 23:34:48,MOTOR VEHICLE THEFT,MOTORCYCLE,41.89719242703559,-87.71821161803024,PARKING LOT,False,False,D-07,W-30
CR-2024-001693,2024-03-19 04:32:19,BATTERY,DOMESTIC BATTERY,41.75849456888645,-87.62704642342577,RESIDENCE,True,True,D-10,W-38
CR-2025-005552,2024-07-05 16:45:27,THEFT,,41.79586374136553,-87.67587164138754,COMMERCIAL BUILDING,False,False,D-07,W-12
CR-2024-004966,2025-08-22 03:55:40,BATTERY,AGGRAVATED BATTERY,41.89242417671375,-87.73990225328308,APARTMENT,True,False,D-01,W-45
CR-2024-005965,2023-11-07 23:54:54,BATTERY,AGGRAVATED BATTERY,41.87072350081016,-87.59714059828677,ALLEY,False,False,D-08,W-36
CR-2025-000560,2025-08-27 06:55:01,NARCOTICS,POSSESSION OF COCAINE,41.894682888994375,-87.6119945454166,RESIDENCE,True,False,D-07,W-06
CR-2025-004082,2024-08-13 00:49:02,BURGLARY,RESIDENTIAL,41.84877364141128,-87.6730294097389,PARKING LOT,False,False,D-13,W-39
CR-2024-005356,2025-02-27 10:19:54,THEFT,GRAND THEFT,41.74312029166911,-87.67708040715524,SIDEWALK,True,False,D-10,W-29
CR-2025-002924,2024-07-26 02:51:49,ROBBERY,ARMED ROBBERY,41.86401388157828,-87.73707707346514,COMMERCIAL BUILDING,False,False,D-01,W-16
CR-2024-005929,2025-07-12 18:16:23,BURGLARY,COMMERCIAL,41.872219283259994,-87.62937519604483,APARTMENT,False,False,D-12,W-45
CR-2023-003018,2024-05-12 14:44:34,ROBBERY,ARMED ROBBERY,41.80046358711538,-87.67137433596292,SIDEWALK,False,False,D-11,W-04
CR-2025-002597,2025-11-01 13:40:47,BATTERY,DOMESTIC BATTERY,41.847361685139525,-87.7346157814845,PARK,False,,D-12,W-21
CR-2024-003097,2025-08-24 22:39:35,BATTERY,DOMESTIC BATTERY,41.71108468590474,-87.63273639232914,STREET,True,False,D-02,W-25
CR-2024-005866,2024-03-18 06:51:17,BURGLARY,FORCIBLE ENTRY,41.96712760269233,-87.65915212877522,STREET,False,True,D-04,W-01
CR-2024-005608,2024-08-03 05:38:18,NARCOTICS,SALE/MANUFACTURE,41.97048955407675,-87.6578431719375,COMMERCIAL BUILDING,False,False,D-04,W-26
CR-2025-003431,2023-02-08 15:17:57,BURGLARY,,41.90710039621572,-87.62594873802007,COMMERCIAL BUILDING,False,False,D-03,W-16
CR-2024-005458,2025-10-24 07:48:09,ASSAULT,SIMPLE ASSAULT,41.77801449648271,-87.642176652956,PARK,False,False,D-11,W-15
CR-2024-002152,2025-10-24 11:23:17,BATTERY,DOMESTIC BATTERY,41.92225260435538,-87.6872574426899,PARKING LOT,True,False,D-15,W-16
CR-2023-003759,2025-03-13 19:06:42,NARCOTICS,POSSESSION OF COCAINE,41.842415059388706,-87.61974925492277,ALLEY,False,False,D-12,W-25
CR-2025-000986,2024-06-29 07:11:48,ROBBERY,STRONGARM ROBBERY,41.88793851164795,-87.62687895707923,SIDEWALK,False,False,D-10,W-29
CR-2023-005142,2024-07-01 15:07:54,NARCOTICS,POSSESSION OF COCAINE,41.87992217868994,-87.62508966096271,APARTMENT,True,False,D-05,W-09
CR-2025-002180,2024-11-16 11:45:14,THEFT,FROM BUILDING,41.8827110535458,-87.64216918375652,COMMERCIAL BUILDING,False,False,D-06,W-37
CR-2024-005674,2024-02-14 20:36:39,ROBBERY,ARMED ROBBERY,41.89886757443977,-87.62601949030098,STREET,False,False,D-12,W-48
CR-2024-003139,2023-02-04 14:59:49,ROBBERY,ARMED ROBBERY,41.85996201933141,-87.62894887475055,ALLEY,False,False,D-09,W-15
CR-2024-001915,2025-05-22 18:29:04,BATTERY,SIMPLE BATTERY,41.87506213659403,-87.63772445569995,ALLEY,False,False,D-12,W-39
CR-2025-003998,2025-06-27 21:21:41,THEFT,RETAIL THEFT,41.883004917699054,-87.64232686755959,ALLEY,False,False,D-02,W-30
CR-2023-000726,2025-04-06 20:53:16,ROBBERY,ARMED ROBBERY,41.78491882948722,-87.56395792214549,PARKING LOT,True,False,D-12,W-10
CR-2024-003025,2024-01-20 12:37:58,NARCOTICS,POSSESSION OF HEROIN,41.97594361873009,-87.63489926986196,APARTMENT,True,False,D-08,W-05
CR-2025-003953,2023-03-03 02:05:34,ROBBERY,STRONGARM ROBBERY,41.87938392055917,-87.63397559451413,PARKING LOT,False,False,D-05,W-34
CR-2024-005503,2023-08-17 10:36:10,NARCOTICS,POSSESSION OF COCAINE,41.87110071547737,-87.64085352028349,SIDEWALK,True,False,D-09,W-25
CR-2024-004864,2025-11-23 22:23:25,MOTOR VEHICLE THEFT,MOTORCYCLE,41.93914934067373,-87.64754640241934,ALLEY,False,False,D-01,W-21
CR-2023-001914,2023-04-21 21:40:57,MOTOR VEHICLE THEFT,MOTORCYCLE,41.895828366394404,-87.62258637860877,PARK,False,False,D-01,W-23
CR-2023-004494,2025-07-11 12:22:21,ASSAULT,SIMPLE ASSAULT,41.90096775771674,-87.63647419586343,RESIDENCE,False,False,D-08,W-40
CR-2023-002991,2024-07-05 18:06:55,THEFT,FROM BUILDING,41.907970556276254,-87.62390629734178,COMMERCIAL BUILDING,False,False,D-15,W-20
CR-2024-000520,2023-11-11 13:31:00,ASSAULT,AGGRAVATED ASSAULT,41.90335891537187,-87.63668326394304,COMMERCIAL BUILDING,False,False,D-15,W-12
CR-2023-001500,2024-12-26 12:47:25,NARCOTICS,POSSESSION OF COCAINE,41.91024384884245,-87.67250770021559,STREET,True,False,D-08,W-07
CR-2023-005445,2024-04-26 16:58:44,ASSAULT,AGGRAVATED ASSAULT,41.95005729683738,-87.64583326648889,RESIDENCE,True,False,D-06,W-18
CR-2025-002888,2025-06-21 21:16:19,BATTERY,SIMPLE BATTERY,41.79020169595649,-87.63789935210966,SIDEWALK,True,False,D-02,W-48
CR-2024-001681,2024-05-28 21:44:53,BATTERY,DOMESTIC BATTERY,41.91252215004264,-87.68240895006224,COMMERCIAL BUILDING,True,False,D-03,W-24
CR-2023-005736,2024-07-24 03:14:07,THEFT,RETAIL THEFT,41.749832239016804,-87.63304109486197,ALLEY,False,False,D-13,W-01
CR-2023-002028,2024-08-15 11:25:06,ROBBERY,ARMED ROBBERY,41.900032939080766,-87.62307046353229,COMMERCIAL BUILDING,False,False,D-06,W-30
CR-2023-000723,2024-06-06 16:29:01,THEFT,RETAIL THEFT,41.765684582956254,-87.61434089953113,COMMERCIAL BUILDING,False,False,D-06,W-20
CR-2023-002265,2023-08-03 11:16:18,ROBBERY,ARMED ROBBERY,41.95176030681065,-87.63639576930777,COMMERCIAL BUILDING,False,False,D-06,W-17
CR-2025-004808,2025-11-21 01:11:48,MOTOR VEHICLE THEFT,TRUCK,41.9687078465735,-87.67873662600945,RESIDENCE,False,False,D-07,W-38
CR-2025-001745,2023-05-26 17:43:27,ROBBERY,ARMED ROBBERY,41.77072456705976,-87.63433641948376,ALLEY,False,False,D-07,W-08
CR-2024-005269,2024-11-30 07:44:44,THEFT,PETTY THEFT,41.85081423477047,-87.6017720921789,APARTMENT,False,False,D-07,W-31
CR-2025-005021,2024-10-09 02:13:45,CRIMINAL DAMAGE,TO VEHICLE,41.94321556373992,-87.65281230466184,APARTMENT,False,False,D-15,W-19
CR-2025-000773,2024-04-09 12:40:22,CRIMINAL DAMAGE,TO PROPERTY,41.92843229121623,-87.6492641620036,COMMERCIAL BUILDING,False,False,D-07,W-30
CR-2024-005566,2025-11-07 13:59:54,MOTOR VEHICLE THEFT,MOTORCYCLE,41.8835381463664,-87.61236027911971,APARTMENT,False,False,D-06,W-47
CR-2024-003862,2023-07-25 04:42:50,MOTOR VEHICLE THEFT,TRUCK,41.90265817467055,-87.65127032270581,PARK,False,False,D-12,W-32
CR-2024-000355,2025-07-26 02:57:11,BURGLARY,RESIDENTIAL,41.88126526200804,-87.63125069667807,SIDEWALK,True,False,D-03,W-14
CR-2024-004696,2023-09-26 01:42:21,THEFT,RETAIL THEFT,41.94403988737758,-87.65592522828308,RESIDENCE,False,True,D-04,W-22
CR-2024-002479,2024-01-18 17:36:22,BURGLARY,RESIDENTIAL,41.94736954142951,-87.64523819262752,SIDEWALK,False,False,D-04,W-29
CR-2025-003881,2025-06-20 20:36:46,BURGLARY,RESIDENTIAL,41.92788070365038,-87.64315421969796,APARTMENT,False,False,D-01,W-35
CR-2024-004960,2025-08-01 11:09:10,CRIMINAL DAMAGE,GRAFFITI,41.862655835433664,-87.626396020843,PARK,False,False,D-11,W-41
CR-2023-005388,2025-07-24 21:41:32,MOTOR VEHICLE THEFT,AUTOMOBILE,41.854516541838834,-87.63441191350023,PARK,False,False,D-09,W-25
CR-2025-003095,2023-02-05 21:22:47,BATTERY,DOMESTIC BATTERY,41.89434499907776,-87.64594571781103,COMMERCIAL BUILDING,False,False,D-10,W-46
CR-2025-001979,2024-08-27 12:28:23,MOTOR VEHICLE THEFT,MOTORCYCLE,41.80682084438825,-87.62433959575641,SIDEWALK,True,False,D-12,W-20
CR-2023-005949,2023-08-30 03:55:50,MOTOR VEHICLE THEFT,AUTOMOBILE,41.73614562246521,-87.60307071318671,ALLEY,False,False,D-10,W-24
CR-2024-000889,2025-06-01 17:04:06,ASSAULT,SIMPLE ASSAULT,41.939813955509656,-87.66914841959748,STREET,False,False,D-12,W-05
CR-2025-000383,2025-08-19 18:20:24,PETTY THEFT,POSSESSION OF COCAINE,41.94770023019006,-87.61988398728728,PARK,True,False,D-06,W-32
CR-2024-005842,2025-07-03 01:50:39,ROBBERY,ARMED ROBBERY,41.80847251223469,-87.6163255913543,STREET,False,False,D-12,W-33
CR-2025-002036,2024-01-24 11:17:23,THEFT,GRAND THEFT,41.74046038008877,-87.63262261447704,APARTMENT,False,False,D-14,W-38
CR-2025-004094,2025-06-02 23:44:54,MOTOR VEHICLE THEFT,TRUCK,41.8883350817309,-87.6156013449464,APARTMENT,False,False,D-15,W-20
CR-2024-002491,2025-09-13 22:27:47,ASSAULT,AGGRAVATED ASSAULT,41.882401611685744,-87.63200807918028,ALLEY,False,True,D-07,W-11
CR-2024-005773,2024-09-29 23:14:11,BATTERY,AGGRAVATED BATTERY,41.95287047525083,-87.68497958118934,RESIDENCE,True,False,D-10,W-29
CR-2025-003290,2024-03-05 12:45:35,BATTERY,SIMPLE BATTERY,41.87541769061638,-87.72248930404233,RESIDENCE,False,False,D-15,W-12
CR-2024-005434,2024-12-10 01:17:04,CRIMINAL DAMAGE,TO VEHICLE,41.867430201341804,-87.62087303221129,PARK,False,False,D-06,W-04
CR-2025-004988,2024-03-24 01:06:46,NARCOTICS,SALE/MANUFACTURE,41.90321406149107,-87.64331381677832,COMMERCIAL BUILDING,True,False,D-07,W-33
CR-2024-002713,2024-05-14 23:02:19,ROBBERY,STRONGARM ROBBERY,41.967678138681514,-87.65570197503538,ALLEY,False,False,D-05,W-24
CR-2025-005801,2025-02-16 05:15:46,THEFT,PETTY THEFT,41.86150483764385,-87.62827516357652,ALLEY,False,False,D-13,W-28
CR-2023-002154,2025-06-13 20:12:09,ROBBERY,ARMED ROBBERY,41.944461563840065,-87.66459162156231,RESIDENCE,False,False,D-09,W-21
CR-2023-005283,2023-09-10 21:49:01,ROBBERY,STRONGARM ROBBERY,41.89743697753156,-87.61995390151765,PARKING LOT,False,False,D-08,W-21
CR-2025-001031,2023-05-10 20:59:45,ROBBERY,STRONGARM ROBBERY,41.88395697274893,-87.63134832629399,STREET,False,False,D-03,W-18
CR-2023-002895,2024-03-18 10:36:18,ROBBERY,STRONGARM ROBBERY,41.91588911932876,-87.70543143141073,APARTMENT,False,False,D-10,W-27
CR-2023-003993,2024-11-11 03:01:06,ROBBERY,ARMED ROBBERY,41.88140946206461,-87.63508131621181,PARK,False,False,D-07,W-10
CR-2025-000434,2024-07-22 20:10:45,THEFT,FROM BUILDING,41.961570885453455,-87.61509590922466,ALLEY,False,False,D-10,W-35
CR-2023-003069,2024-01-30 12:18:50,MOTOR VEHICLE THEFT,AUTOMOBILE,41.87875743199191,-87.61546295882331,APARTMENT,True,True,D-03,W-25
CR-2025-002588,2024-07-05 13:23:51,MOTOR VEHICLE THEFT,MOTORCYCLE,41.922368240343935,-87.69236036965795,RESIDENCE,False,False,D-08,W-19
CR-2025-000311,2025-08-14 01:49:42,BURGLARY,RESIDENTIAL,41.9860404899295,-87.62839159907689,SIDEWALK,False,False,D-04,W-13
CR-2024-003934,2025-03-19 02:16:18,THEFT,PETTY THEFT,41.86076822309274,-87.61892378433329,PARK,False,False,D-02,W-22
CR-2025-002504,2025-05-21 22:59:14,ASSAULT,AGGRAVATED ASSAULT,41.93371533356058,-87.65813059274676,COMMERCIAL BUILDING,True,False,D-13,W-13
CR-2023-000417,2024-04-20 16:58:43,ROBBERY,STRONGARM ROBBERY,41.8775797266892,-87.62628677901195,SIDEWALK,False,False,D-07,W-44
CR-2023-001617,2024-01-05 01:37:08,ASSAULT,SIMPLE ASSAULT,41.85889316643497,-87.62695780268169,ALLEY,False,True,D-15,W-06
CR-2023-000153,2025-07-30 00:54:10,MOTOR VEHICLE THEFT,TRUCK,41.89726497343683,-87.63867357083254,COMMERCIAL BUILDING,False,False,D-03,W-42
CR-2023-001539,2024-12-27 02:28:22,CRIMINAL DAMAGE,TO PROPERTY,41.8816103668153,-87.63352792927112,PARKING LOT,False,False,D-11,W-50
CR-2023-000594,2024-12-04 19:50:29,ROBBERY,STRONGARM ROBBERY,41.88635078148537,-87.64432516682295,STREET,False,False,D-08,W-44
CR-2024-002140,2025-07-05 21:29:24,NARCOTICS,POSSESSION OF HEROIN,41.91827756277978,-87.75411390155215,COMMERCIAL BUILDING,False,False,D-09,W-37
CR-2023-005625,2024-03-04 20:58:23,THEFT,FROM BUILDING,41.8109838644322,-87.63158969736618,PARK,True,False,D-14,W-28
CR-2025-001055,2023-05-02 08:17:31,BURGLARY,FORCIBLE ENTRY,41.86993828996829,-87.63224189359109,RESIDENCE,False,False,D-12,W-08
CR-2024-000907,2025-12-12 05:03:17,THEFT,PETTY THEFT,41.77218673380236,-87.65127980563538,SIDEWALK,False,False,D-09,W-34
CR-2024-000268,2025-01-30 02:31:05,ROBBERY,ARMED ROBBERY,41.865193799520746,-87.63556833316345,RESIDENCE,False,False,D-03,W-32
CR-2023-005883,2024-09-24 18:28:52,ASSAULT,SIMPLE ASSAULT,41.94464596788252,-87.67607468868324,APARTMENT,False,True,D-05,W-23
CR-2024-004924,2023-12-08 21:18:36,ROBBERY,STRONGARM ROBBERY,41.8656772915419,-87.61951515411229,RESIDENCE,False,True,D-03,W-22
CR-2023-005097,2024-11-11 02:23:16,THEFT,FROM BUILDING,41.941707922909394,-87.64398734196226,SIDEWALK,False,False,D-07,W-49
CR-2025-000443,2025-01-13 01:57:45,CRIMINAL DAMAGE,TO VEHICLE,41.88685892277989,-87.63518938136181,COMMERCIAL BUILDING,True,False,D-09,W-32
CR-2024-003154,2024-03-01 14:00:52,NARCOTICS,POSSESSION OF COCAINE,41.94703107014667,-87.65472448871837,APARTMENT,True,False,D-11,W-30
CR-2024-005962,2024-04-16 12:32:54,THEFT,FROM BUILDING,41.87064685808988,-87.62869169595814,RESIDENCE,False,False,D-01,W-19
CR-2025-002333,2024-06-06 12:50:37,ASSAULT,AGGRAVATED ASSAULT,41.93556666359739,-87.62199296164752,PARK,False,False,D-08,W-49
CR-2023-005031,2024-12-27 20:10:27,BURGLARY,FORCIBLE ENTRY,41.9661115416339,-87.61966630427067,PARKING LOT,False,False,D-06,W-06
CR-2025-003059,2025-01-05 07:10:02,CRIMINAL DAMAGE,GRAFFITI,41.7926991064833,-87.63760245070657,COMMERCIAL BUILDING,False,True,D-10,W-34
CR-2023-001935,2023-09-08 14:10:51,ASSAULT,SIMPLE ASSAULT,41.92059556149693,-87.65214477121413,ALLEY,False,False,D-07,W-22
CR-2023-002130,2025-10-06 17:59:28,ASSAULT,SIMPLE ASSAULT,41.80384080192301,-87.63616985589346,STREET,False,False,D-15,W-41
CR-2025-004622,2023-08-29 23:11:47,ASSAULT,SIMPLE ASSAULT,41.87360459756101,-87.64125197954964,COMMERCIAL BUILDING,False,True,D-13,W-25
CR-2024-000757,2023-12-30 16:52:28,THEFT,PETTY THEFT,41.87911174765483,-87.7290914551509,ALLEY,False,False,D-05,W-07
CR-2025-002507,2023-06-25 16:14:21,MOTOR VEHICLE THEFT,TRUCK,41.94993218140903,-87.66553527115884,PARK,False,False,D-03,W-45
CR-2025-000686,2024-11-22 21:52:01,BURGLARY,RESIDENTIAL,41.857521482856036,-87.65400342096815,COMMERCIAL BUILDING,True,False,D-11,W-03
CR-2024-002134,2025-05-28 17:54:10,ROBBERY,ARMED ROBBERY,41.860417612678305,-87.71017062027377,RESIDENCE,False,False,D-07,W-27
CR-2023-001200,2024-02-24 23:54:09,BURGLARY,RESIDENTIAL,41.867273936699945,-87.62714768691791,COMMERCIAL BUILDING,True,False,D-09,W-11
CR-2024-003199,2024-10-02 21:51:12,CRIMINAL DAMAGE,TO VEHICLE,,,APARTMENT,False,False,D-01,W-13
CR-2025-002318,2025-07-02 00:26:43,MOTOR VEHICLE THEFT,AUTOMOBILE,41.95886446371474,-87.67970641379888,COMMERCIAL BUILDING,False,False,D-02,W-07
CR-2023-000750,2023-05-13 05:28:35,THEFT,,41.96396722152333,-87.66632371432657,RESIDENCE,True,False,D-12,W-18
CR-2025-004082,2024-08-13 00:49:02,BURGLARY,RESIDENTIAL,41.84877364141128,-87.6730294097389,PARKING LOT,False,False,D-13,W-39
CR-2024-002539,2023-02-25 01:17:40,CRIMINAL DAMAGE,TO VEHICLE,41.787260962871215,-87.5920482025411,RESIDENCE,False,False,D-15,W-22
CR-2025-001835,2023-07-11 05:35:27,THEFT,PETTY THEFT,41.968989149631966,-87.63785369239943,ALLEY,False,False,D-11,W-46
CR-2023-002436,2024-06-03 16:44:14,THEFT,PETTY THEFT,41.9235091499983,-87.65064263825145,PARK,True,False,D-08,W-22
CR-2025-001118,2023-11-11 00:56:25,ROBBERY,ARMED ROBBERY,41.87831409601755,-87.64410909129096,RESIDENCE,True,,D-12,W-11
CR-2024-004456,2024-10-10 15:38:23,ASSAULT,SIMPLE ASSAULT,41.874754614781004,-87.62556945684307,SIDEWALK,False,True,D-10,W-35
CR-2024-005287,2023-05-29 00:15:16,BATTERY,SIMPLE BATTERY,41.75107339747032,-87.61817340133148,RESIDENCE,True,False,D-08,W-41
CR-2023-002787,2025-05-05 05:13:13,BURGLARY,COMMERCIAL,95.0,-87.69444677178268,PARKING LOT,False,False,D-06,W-26
CR-2023-005223,2023-07-28 04:42:49,ASSAULT,SIMPLE ASSAULT,41.96387095230214,-87.67631882332378,COMMERCIAL BUILDING,False,True,D-13,W-27
CR-2024-003352,2023-04-06 01:00:01,CRIMINAL DAMAGE,GRAFFITI,41.77266575937069,-87.65807606625712,SIDEWALK,False,False,D-03,W-09
CR-2025-003140,2024-10-25 13:53:47,MOTOR VEHICLE THEFT,TRUCK,41.879801840600855,-87.62701243556646,ALLEY,False,False,D-15,W-16
CR-2023-001884,2025-05-25 08:02:29,CRIMINAL DAMAGE,GRAFFITI,41.79551756863333,-87.64282302093419,SIDEWALK,False,False,D-09,W-13
CR-2024-000196,2025-03-24 18:32:42,ROBBERY,,41.85829650189469,-87.60232811851219,ALLEY,False,False,D-05,W-41
CR-2023-004098,2025-04-13 18:43:27,THEFT,FROM BUILDING,41.794991718825564,-87.57706641401076,RESIDENCE,False,False,D-01,W-17
CR-2024-004624,2023-03-20 02:47:21,BATTERY,SIMPLE BATTERY,41.81214485913013,-87.6708895112406,SIDEWALK,False,False,D-05,W-49
CR-2024-005101,2024-04-21 05:12:27,BATTERY,SIMPLE BATTERY,41.95818261113298,-87.65419658724257,SIDEWALK,True,False,D-01,W-09
CR-2023-002658,2023-05-10 17:14:34,BURGLARY,FORCIBLE ENTRY,41.91819917576029,-87.65971076458312,ALLEY,False,False,D-05,W-15
CR-2025-004109,2025-03-12 02:43:20,THEFT,PETTY THEFT,41.943985424860834,-87.6819535688205,ALLEY,False,False,D-09,W-46
CR-2024-003829,2023-03-18 14:47:57,NARCOTICS,POSSESSION OF HEROIN,41.797894680923825,-87.64998818895045,PARK,True,False,D-09,W-46
CR-2023-001341,2025-08-05 16:37:04,ROBBERY,STRONGARM ROBBERY,41.94181104427306,-87.64066258591423,SIDEWALK,False,False,D-13,W-46
CR-2023-003099,2023-12-12 22:36:47,BATTERY,SIMPLE BATTERY,41.94242359821941,-87.66246488755814,APARTMENT,True,True,D-03,W-16
CR-2024-002926,2025-09-19 09:51:32,BATTERY,SIMPLE BATTERY,41.96064664428005,-87.67487176779977,APARTMENT,False,False,D-10,W-39
CR-2025-004802,2023-07-21 13:24:02,ASSAULT,SIMPLE ASSAULT,41.89602885099162,-87.69945650526331,ALLEY,False,False,D-08,W-09
CR-2025-000254,2024-01-04 18:36:43,CRIMINAL DAMAGE,,41.78011304069862,-87.64977375291028,APARTMENT,False,False,D-04,W-10
CR-2024-003724,2025-01-03 01:30:06,ROBBERY,,41.89665771200434,-87.63361714114968,SIDEWALK,False,False,D-09,W-10
CR-2023-002283,2025-06-27 04:56:04,CRIMINAL DAMAGE,TO PROPERTY,41.8959444355818,-87.74902530476041,STREET,False,False,D-02,W-49
CR-2025-003707,2024-07-12 10:55:03,ROBBERY,ARMED ROBBERY,41.912431859913205,-87.65624855048355,ALLEY,True,False,D-08,W-08
CR-2023-001791,2024-06-02 02:11:34,BATTERY,DOMESTIC BATTERY,41.90690551253217,-87.64814342529334,APARTMENT,True,False,D-02,W-27
CR-2023-003513,2024-03-09 10:23:07,CRIMINAL DAMAGE,TO PROPERTY,41.886188509575256,-87.74719074826598,STREET,True,False,D-15,W-20
CR-2024-003838,2025-05-22 01:11:45,ASSAULT,SIMPLE ASSAULT,41.94410924670964,-87.72732170208918,PARKING LOT,False,False,D-15,W-39
CR-2023-004269,2023-07-07 21:26:04,ROBBERY,STRONGARM ROBBERY,41.88308122192126,-87.62010805485964,PARKING LOT,False,False,D-01,W-15
CR-2023-000774,2024-01-27 18:55:46,ROBBERY,STRONGARM ROBBERY,41.96372160556769,-87.63076133552231,COMMERCIAL BUILDING,False,False,D-07,W-10
CR-2024-004681,2023-11-08 08:14:33,ROBBERY,STRONGARM ROBBERY,41.880074891413926,-87.72439224664687,SIDEWALK,False,False,D-05,W-34
CR-2024-001513,2024-07-02 18:54:02,BURGLARY,FORCIBLE ENTRY,41.9522084777985,-87.6463156255743,STREET,False,False,D-10,W-23
CR-2023-001560,2025-11-14 20:59:09,NARCOTICS,POSSESSION OF HEROIN,41.76681096290384,-87.64430417292887,STREET,True,True,D-13,W-12
CR-2023-002355,2024-07-17 18:57:28,ROBBERY,STRONGARM ROBBERY,41.869649686235775,-87.71623445446828,PARK,False,True,D-02,W-46
CR-2023-005904,2024-01-26 04:15:41,BATTERY,DOMESTIC BATTERY,41.89992059848401,-87.71124769466424,ALLEY,False,False,D-13,W-30
CR-2023-003837,2024-05-22 18:19:35,PETTY THEFT,DOMESTIC BATTERY,41.865522490754245,-87.64093730166655,RESIDENCE,False,False,D-01,W-19
CR-2024-004381,2025-02-14 23:07:40,MOTOR VEHICLE THEFT,MOTORCYCLE,41.86028670249838,-87.62111635272896,PARKING LOT,False,True,D-13,W-11
CR-2024-005167,2023-09-05 23:15:59,THEFT,PETTY THEFT,41.88110050680969,-87.63080515062587,ALLEY,False,False,D-06,W-10
CR-2024-000019,2023-12-29 13:47:59,ROBBERY,STRONGARM ROBBERY,41.74569534877754,-87.62407846910328,APARTMENT,False,False,D-02,W-25
CR-2023-004683,2025-11-04 20:38:39,ROBBERY,STRONGARM ROBBERY,41.87325386385985,-87.60976644316695,SIDEWALK,False,False,D-07,W-34
CR-2024-001912,2023-11-10 04:35:37,MOTOR VEHICLE THEFT,TRUCK,41.86804827199319,-87.61222423127926,APARTMENT,False,False,D-08,W-16
CR-2023-003630,2025-04-20 23:54:17,ROBBERY,STRONGARM ROBBERY,41.90785450478654,-87.62962179348223,SIDEWALK,False,False,D-11,W-25
CR-2023-005277,2024-07-15 12:39:53,ASSAULT,AGGRAVATED ASSAULT,41.80413964919728,-87.66686433772647,STREET,True,True,D-03,W-38
CR-2024-002041,2024-11-07 16:18:51,MOTOR VEHICLE THEFT,TRUCK,41.90328012010059,-87.65847460825978,ALLEY,False,False,D-10,W-03
CR-2025-000161,2024-05-03 01:59:27,BATTERY,AGGRAVATED BATTERY,41.93203558633533,-87.61345225448629,STREET,True,False,D-12,W-12
CR-2023-004719,2025-06-12 15:11:38,ASSAULT,AGGRAVATED ASSAULT,41.96493677261418,-87.6573801845545,PARK,False,False,D-03,W-50
CR-2025-005393,2023-01-24 20:01:33,ROBBERY,ARMED ROBBERY,41.969548545742285,-87.65691631146326,STREET,False,False,D-08,W-26
CR-2023-005154,2023-02-12 00:12:04,BATTERY,SIMPLE BATTERY,41.875779645032985,-87.61909183833865,RESIDENCE,True,False,D-15,W-14
CR-2023-002487,2025-04-17 07:30:13,ASSAULT,AGGRAVATED ASSAULT,41.85410333268552,-87.75162902684818,PARK,False,True,D-14,W-41
CR-2025-001784,2025-10-28 23:41:54,THEFT,FROM BUILDING,41.78450849141945,-87.60639956113097,PARK,False,False,D-04,W-49
CR-2024-003799,2023-10-30 08:07:24,ASSAULT,SIMPLE ASSAULT,41.89301448240032,-87.6259790329393,COMMERCIAL BUILDING,False,,D-15,W-30
CR-2025-003683,2023-08-07 22:46:30,BATTERY,DOMESTIC BATTERY,41.98295927670763,-87.66468692932852,PARKING LOT,False,False,D-02,W-24
CR-2023-003885,2025-08-09 02:32:33,THEFT,RETAIL THEFT,,,PARKING LOT,True,False,D-02,W-38
CR-2024-003391,2025-11-13 07:23:52,MOTOR VEHICLE THEFT,AUTOMOBILE,41.87896796071141,-87.63378388949894,ALLEY,False,False,D-07,W-43
CR-2023-000297,2025-07-12 00:37:57,CRIMINAL DAMAGE,TO PROPERTY,41.893663099163874,-87.63745024598282,PARKING LOT,False,False,D-13,W-11
CR-2025-003866,2024-04-06 23:46:28,THEFT,,41.94031685681041,-87.65526410254243,ALLEY,False,False,D-09,W-17
CR-2024-005713,2025-03-10 10:42:40,BATTERY,DOMESTIC BATTERY,41.82828328166617,-87.63865332949459,PARKING LOT,True,False,D-03,W-48
CR-2023-001260,2024-06-29 02:00:38,ROBBERY,ARMED ROBBERY,41.95190422837817,-87.59559481994793,PARKING LOT,False,False,D-12,W-18
CR-2023-000216,2024-03-21 06:45:18,ROBBERY,ARMED ROBBERY,41.87575067698,-87.71398423939567,RESIDENCE,False,False,D-06,W-46
CR-2024-005158,2025-03-07 02:33:03,NARCOTICS,POSSESSION OF COCAINE,41.97285423585664,-87.68867427724692,STREET,False,False,D-09,W-34
CR-2023-000711,2025-05-03 23:59:16,MOTOR VEHICLE THEFT,TRUCK,41.87262570905686,-87.64238814501009,SIDEWALK,False,False,D-12,W-21
CR-2024-002662,2025-01-08 17:36:13,ROBBERY,STRONGARM ROBBERY,41.783859837929434,-87.62922955883464,STREET,False,False,D-05,W-41
CR-2025-004832,2023-07-08 03:35:50,THEFT,PETTY THEFT,41.86922185900486,-87.61068591611898,STREET,False,False,D-07,W-13
CR-2023-001956,2023-06-03 01:21:11,BURGLARY,FORCIBLE ENTRY,41.89324207682894,-87.6424741215789,APARTMENT,False,False,D-15,W-24
CR-2024-000433,2023-11-02 23:51:39,NARCOTICS,POSSESSION OF COCAINE,41.88238798086088,-87.6247831481502,COMMERCIAL BUILDING,True,True,D-11,W-29
CR-2023-000252,2024-07-16 15:48:58,BURGLARY,COMMERCIAL,41.868340361463176,-87.63710688075648,RESIDENCE,True,False,D-08,W-35
CR-2025-004928,2025-01-27 11:16:59,MOTOR VEHICLE THEFT,MOTORCYCLE,,,RESIDENCE,False,,D-09,W-40
CR-2023-000231,2025-09-24 17:41:38,BATTERY,AGGRAVATED BATTERY,41.761406862300184,-87.62365050223165,RESIDENCE,False,True,D-12,W-41
CR-2025-001610,2024-11-30 14:36:50,MOTOR VEHICLE THEFT,AUTOMOBILE,41.86234788890597,-87.61843757275994,APARTMENT,False,False,D-11,W-02
CR-2025-000926,2023-07-30 09:32:56,BURGLARY,FORCIBLE ENTRY,41.92452726336487,-87.6369169165278,APARTMENT,False,False,D-02,W-12
CR-2023-005769,2024-09-22 03:02:15,MOTOR VEHICLE THEFT,MOTORCYCLE,41.887488981439596,-87.60925197664957,COMMERCIAL BUILDING,False,True,D-13,W-04
CR-2024-003043,2025-11-28 01:48:34,BURGLARY,COMMERCIAL,41.8750129621552,-87.75476042801357,PARKING LOT,False,False,D-08,W-44
CR-2024-004828,2025-07-09 14:27:14,ROBBERY,STRONGARM ROBBERY,41.96053885216773,-87.69213838157863,COMMERCIAL BUILDING,True,False,D-01,W-35
CR-2025-004307,2023-10-17 04:04:14,OTHER OFFENSE,DUPLICATE ID TEST RECORD,41.877920039830585,-87.64447034535284,COMMERCIAL BUILDING,False,False,D-14,W-16
CR-2024-005488,2025-12-22 14:14:44,NARCOTICS,POSSESSION OF COCAINE,41.889387250656114,-87.63862162898387,APARTMENT,True,False,D-01,W-13
CR-2023-003354,2023-12-28 13:59:39,MOTOR VEHICLE THEFT,TRUCK,41.81545636510087,-87.6362613479057,PARK,False,False,D-11,W-47
CR-2024-005182,2023-03-15 06:47:46,NARCOTICS,POSSESSION OF HEROIN,41.86392636915973,-87.62011303537595,PARKING LOT,False,False,D-13,W-43
CR-2025-005210,2023-03-17 11:22:53,THEFT,GRAND THEFT,41.899613192707434,-87.71974450038168,SIDEWALK,False,False,D-04,W-02
CR-2025-000863,2025-02-02 10:30:49,CRIMINAL DAMAGE,TO VEHICLE,41.870060548323295,-87.61767913302579,SIDEWALK,False,False,D-10,W-40
CR-2024-004090,2024-03-26 21:16:57,NARCOTICS,SALE/MANUFACTURE,41.82947729262007,-87.62534259964288,COMMERCIAL BUILDING,True,True,D-07,W-03
CR-2024-004522,2025-06-02 04:56:41,THEFT,GRAND THEFT,41.87357710556346,-87.6520665860229,ALLEY,False,False,D-03,W-24
CR-2024-001801,2025-07-23 22:52:05,ROBBERY,ARMED ROBBERY,41.83014530239465,-87.62898292952607,ALLEY,False,False,D-08,W-03
CR-2023-003690,2024-03-12 18:31:09,CRIMINAL DAMAGE,TO VEHICLE,41.96703331933736,-87.64739252637628,RESIDENCE,False,False,D-03,W-46
CR-2024-002323,2023-03-10 10:59:40,ROBBERY,ARMED ROBBERY,41.855530761500994,-87.72752191123118,PARKING LOT,False,False,D-07,W-31
CR-2024-003526,2024-09-22 15:42:05,ASSAULT,SIMPLE ASSAULT,41.8938507356233,-87.62493012646746,PARKING LOT,False,False,D-04,W-40
CR-2023-003402,2023-06-26 20:45:29,THEFT,PETTY THEFT,41.86514030226386,-87.6316979886962,APARTMENT,False,False,D-12,W-50
CR-2025-000092,2025-10-02 06:54:04,MOTOR VEHICLE THEFT,AUTOMOBILE,,,PARK,False,False,D-14,W-21
CR-2024-004576,2023-06-17 20:01:30,CRIMINAL DAMAGE,TO VEHICLE,41.80378537976124,-87.61461095185425,PARK,False,False,D-09,W-32
CR-2025-005360,2025-09-16 12:39:46,ASSAULT,SIMPLE ASSAULT,41.944536895503006,-87.69486769833146,RESIDENCE,False,True,D-02,W-19
CR-2024-004579,2023-06-22 22:56:19,MOTOR VEHICLE THEFT,AUTOMOBILE,41.899067664605475,-87.6119324043259,APARTMENT,False,False,D-05,W-22
CR-2023-001824,2023-12-29 03:06:43,ROBBERY,STRONGARM ROBBERY,41.88984310602423,-87.63626688354363,APARTMENT,False,False,D-09,W-35
CR-2025-004022,2025-11-30 01:44:21,BURGLARY,COMMERCIAL,41.967463525086586,-87.639518495972,RESIDENCE,False,False,D-05,W-48
CR-2025-005504,2024-03-23 00:42:41,BURGLARY,COMMERCIAL,41.8772615530008,-87.63097886193954,PARK,False,False,D-05,W-42
CR-2023-001860,2024-06-19 14:16:45,CRIMINAL DAMAGE,GRAFFITI,41.89303372271004,-87.60425241085123,STREET,False,False,D-06,W-42
CR-2024-002431,2025-09-09 09:03:21,THEFT,RETAIL THEFT,41.93465971800601,-87.68231111928685,STREET,False,False,D-03,W-16
CR-2024-005659,2024-02-13 20:03:11,ASSAULT,AGGRAVATED ASSAULT,41.87705222197725,-87.64176228246016,STREET,False,True,D-09,W-36
CR-2024-000298,2023-09-11 02:28:40,ROBBERY,ARMED ROBBERY,41.94300250129413,-87.67487527431564,COMMERCIAL BUILDING,False,False,D-10,W-11
CR-2025-001238,2023-02-14 05:00:42,BATTERY,DOMESTIC BATTERY,41.876444405270796,-87.70074130806022,RESIDENCE,True,True,D-13,W-05
CR-2025-001049,2023-08-27 02:28:14,ASSAULT,SIMPLE ASSAULT,41.85479361850976,-87.61753165512962,PARKING LOT,False,False,D-08,W-22
CR-2025-005051,2023-08-23 20:20:19,NARCOTICS,SALE/MANUFACTURE,41.90634798616158,-87.66877079295794,PARKING LOT,False,False,D-10,W-30
CR-2024-003931,2024-05-25 23:24:08,ROBBERY,ARMED ROBBERY,41.92007462281319,-87.668155527658,STREET,False,False,D-08,W-07
CR-2024-000670,2024-06-30 02:02:17,CRIMINAL DAMAGE,GRAFFITI,41.95161147962099,-87.65523907959692,RESIDENCE,False,False,D-01,W-20
CR-2024-002365,2023-08-03 21:16:07,MOTOR VEHICLE THEFT,AUTOMOBILE,41.86026554870698,-87.63054820231193,STREET,False,False,D-02,W-45
CR-2024-000004,2025-04-01 08:58:36,ROBBERY,ARMED ROBBERY,41.76716314035163,-87.61543599891036,COMMERCIAL BUILDING,False,False,D-03,W-17
CR-2025-005294,2023-12-04 23:33:45,THEFT,RETAIL THEFT,41.95637425603581,-87.66270044931674,COMMERCIAL BUILDING,False,False,D-10,W-05
CR-2023-001017,2023-10-26 03:07:00,ASSAULT,SIMPLE ASSAULT,41.894003148612484,-87.58840509941633,STREET,True,False,D-07,W-30
CR-2023-001332,2024-08-29 00:54:53,CRIMINAL DAMAGE,TO VEHICLE,41.95766412584198,-87.6826427561292,COMMERCIAL BUILDING,True,False,D-14,W-21
CR-2023-001518,2025-05-28 14:44:08,BATTERY,AGGRAVATED BATTERY,41.77033626997856,-87.6247384057251,SIDEWALK,False,False,D-03,W-20
CR-2024-002695,2023-02-25 02:33:00,BATTERY,SIMPLE BATTERY,41.867608781898156,-87.62737452209943,APARTMENT,False,False,D-10,W-25
CR-2024-004963,2024-03-23 01:43:41,BATTERY,DOMESTIC BATTERY,41.865584395815574,-87.6333186854443,SIDEWALK,True,False,D-08,W-07
CR-2023-004365,2025-03-15 01:29:52,ROBBERY,STRONGARM ROBBERY,41.939375623461125,-87.65791601187453,APARTMENT,False,False,D-10,W-42
CR-2023-002088,2023-05-19 09:53:17,ASSAULT,AGGRAVATED ASSAULT,41.87796067157649,-87.6251952839097,PARK,False,False,D-04,W-46
CR-2023-000330,2023-01-18 02:06:33,BATTERY,DOMESTIC BATTERY,41.936926759862395,-87.6662371788248,APARTMENT,True,True,D-01,W-02
CR-2023-005661,2025-12-07 03:47:34,ASSAULT,AGGRAVATED ASSAULT,41.95125376824403,-87.62322596289066,APARTMENT,False,False,D-15,W-44
CR-2024-000895,2023-12-17 11:11:43,NARCOTICS,POSSESSION OF HEROIN,41.84997241295532,-87.6280746088128,RESIDENCE,True,False,D-02,W-28
CR-2025-003128,2024-05-03 05:38:29,THEFT,GRAND THEFT,41.8989464620092,-87.64997814506214,ALLEY,False,False,D-04,W-46
CR-2024-003940,2025-05-04 17:11:01,THEFT,GRAND THEFT,41.921998456245255,-87.66007505204126,ALLEY,False,False,D-01,W-43
CR-2023-000348,2024-08-27 19:50:40,ASSAULT,SIMPLE ASSAULT,41.88299199533363,-87.64856670364578,PARK,False,True,D-08,W-30
CR-2025-000761,2024-01-21 02:37:47,ASSAULT,AGGRAVATED ASSAULT,41.77323789752875,-87.65298598091809,STREET,True,True,D-04,W-23
CR-2025-001763,2025-07-27 20:06:06,OTHER OFFENSE,DUPLICATE ID TEST RECORD,41.87703712087828,-87.68967768591305,ALLEY,True,False,D-11,W-19
CR-2025-004592,2025-12-14 04:00:08,BATTERY,AGGRAVATED BATTERY,41.87751877134367,-87.72809002309114,APARTMENT,True,False,D-05,W-08
CR-2023-004386,2025-03-13 12:31:11,BURGLARY,FORCIBLE ENTRY,41.86627928565151,-87.61994606400488,RESIDENCE,False,False,D-01,W-01
CR-2025-003164,2025-08-10 01:40:21,NARCOTICS,POSSESSION OF COCAINE,41.89898058127381,-87.62813305937055,APARTMENT,True,False,D-03,W-12
CR-2023-005046,2024-08-16 23:27:35,THEFT,PETTY THEFT,41.841227458541766,-87.64451147265494,COMMERCIAL BUILDING,False,False,D-08,W-30
CR-2023-000624,2025-11-28 08:24:29,CRIMINAL DAMAGE,TO VEHICLE,41.88480814641223,-87.75490612163166,SIDEWALK,False,False,D-02,W-16
CR-2023-001281,2025-07-14 15:23:17,NARCOTICS,POSSESSION OF COCAINE,41.86421863060911,-87.62596924366488,APARTMENT,False,False,D-01,W-25
CR-2025-004232,2024-12-31 22:09:30,THEFT,PETTY THEFT,41.89292913190249,-87.6355170654501,APARTMENT,False,False,D-04,W-47
CR-2023-004659,2025-01-27 11:50:18,THEFT,GRAND THEFT,41.76730363926235,-87.65645465959446,RESIDENCE,False,False,D-07,W-10
CR-2024-003568,2025-06-29 14:24:53,NARCOTICS,POSSESSION OF COCAINE,41.8688544907221,-87.73790118873634,APARTMENT,True,False,D-14,W-34
CR-2023-000618,2023-04-27 02:28:11,BURGLARY,RESIDENTIAL,41.90326551221115,-87.63810382362563,APARTMENT,False,False,D-07,W-31
CR-2025-002279,2024-02-09 18:39:00,ASSAULT,SIMPLE ASSAULT,41.870922376359964,-87.7151027310627,PARKING LOT,False,False,D-07,W-12
CR-2024-004588,2024-05-01 05:56:51,BURGLARY,FORCIBLE ENTRY,41.97355226225153,-87.66596904891551,SIDEWALK,False,False,D-07,W-41
CR-2023-002193,2025-06-08 02:42:00,ROBBERY,ARMED ROBBERY,41.867805812963674,-87.6512900693461,STREET,False,False,D-03,W-08
CR-2023-000366,2024-05-16 00:17:31,BATTERY,DOMESTIC BATTERY,41.78910631889286,-87.67156459010594,PARK,True,False,D-11,W-44
CR-2025-002846,2024-07-18 23:45:05,ASSAULT,AGGRAVATED ASSAULT,41.78719119167815,-87.65517893921727,SIDEWALK,False,True,D-12,W-30
CR-2024-001024,2025-07-29 00:34:27,BATTERY,AGGRAVATED BATTERY,41.94184210566974,-87.65219618632281,PARK,False,True,D-01,W-24
CR-2025-001172,2025-11-08 03:16:43,BURGLARY,COMMERCIAL,41.845799856201936,-87.6133427093237,APARTMENT,False,False,D-15,W-02
CR-2023-000648,2023-05-10 20:13:23,CRIMINAL DAMAGE,TO VEHICLE,41.8018769120747,-87.63625686360471,COMMERCIAL BUILDING,False,False,D-13,W-11
CR-2024-000634,2025-01-11 02:32:04,ROBBERY,STRONGARM ROBBERY,41.93368940114821,-87.63057813649579,PARK,False,False,D-14,W-09
CR-2023-003090,2025-03-25 01:12:58,BURGLARY,COMMERCIAL,41.892562338262586,-87.63438167053663,ALLEY,False,False,D-08,W-46
CR-2025-005195,2024-06-05 21:16:53,ROBBERY,ARMED ROBBERY,41.840732578877734,-87.61154914761254,PARKING LOT,False,False,D-08,W-48
CR-2025-000521,2025-06-18 05:47:27,THEFT,FROM BUILDING,41.805867020835784,-87.62996271173752,APARTMENT,True,False,D-03,W-26
CR-2023-001716,2025-08-11 12:58:43,CRIMINAL DAMAGE,TO PROPERTY,41.791956265900446,-87.63144788116108,STREET,False,False,D-07,W-38
CR-2024-002527,2023-03-04 10:19:17,CRIMINAL DAMAGE,TO PROPERTY,41.858701545525555,-87.74708754265365,PARKING LOT,False,False,D-11,W-30
CR-2025-005246,2024-11-29 19:08:41,MOTOR VEHICLE THEFT,MOTORCYCLE,41.75170267469727,-87.64610605451288,RESIDENCE,False,False,D-13,W-28
CR-2025-002096,2025-08-20 10:44:34,ROBBERY,ARMED ROBBERY,41.8110023948487,-87.68965980176338,APARTMENT,False,False,D-08,W-25
CR-2023-000738,2025-07-19 04:48:58,ROBBERY,STRONGARM ROBBERY,41.87842293332506,-87.71934841600968,STREET,False,False,D-02,W-41
CR-2024-003952,2024-06-12 18:15:27,ROBBERY,STRONGARM ROBBERY,41.89478951457805,-87.63086680436246,PARK,True,False,D-02,W-39
CR-2024-001762,2025-07-06 00:10:50,BURGLARY,RESIDENTIAL,41.7643554491652,-87.65834699911024,RESIDENCE,False,False,D-15,W-27
CR-2024-003574,2024-05-05 00:50:05,MOTOR VEHICLE THEFT,MOTORCYCLE,41.89859584117782,-87.64086605057028,SIDEWALK,True,False,D-07,W-06
CR-2023-004332,2024-10-15 21:34:23,BATTERY,SIMPLE BATTERY,41.873227131102524,-87.61690553819719,SIDEWALK,True,False,D-06,W-48
CR-2025-003212,2025-07-30 02:01:26,NARCOTICS,SALE/MANUFACTURE,41.86984119399499,-87.62215466153164,SIDEWALK,True,True,D-13,W-25
CR-2023-000003,2025-12-29 23:29:24,BURGLARY,FORCIBLE ENTRY,41.81838032038768,-87.60981413177119,APARTMENT,False,False,D-13,W-04
CR-2024-001231,2025-05-16 05:18:10,ROBBERY,ARMED ROBBERY,41.885333734290214,-87.64836493633491,COMMERCIAL BUILDING,False,False,D-06,W-12
CR-2023-001059,2024-07-19 02:25:10,ASSAULT,SIMPLE ASSAULT,41.71484165853012,-87.63377569406501,APARTMENT,False,False,D-01,W-33
CR-2025-003083,2025-07-30 06:15:13,THEFT,FROM BUILDING,41.97111895691888,-87.65837995330395,PARK,False,False,D-13,W-41
CR-2023-005670,2025-08-31 21:07:43,ASSAULT,SIMPLE ASSAULT,41.87919004471926,-87.73617844691552,STREET,False,True,D-05,W-08
CR-2025-000932,2025-03-11 12:03:07,NARCOTICS,SALE/MANUFACTURE,41.89766510364318,-87.65473737982053,ALLEY,True,False,D-06,W-02
CR-2023-003111,not-a-valid-date-string,BURGLARY,,41.87679372910786,-87.60160188175868,STREET,False,False,D-05,W-04
CR-2023-005667,2023-01-28 20:39:48,MOTOR VEHICLE THEFT,TRUCK,41.85672543242277,-87.64441678821416,STREET,True,False,D-02,W-14
CR-2024-005092,2025-04-11 01:00:47,ROBBERY,STRONGARM ROBBERY,41.86866149354919,-87.58608836176347,STREET,False,False,D-05,W-21
CR-2024-002278,2023-02-06 12:39:56,BATTERY,SIMPLE BATTERY,41.92828797248621,-87.64809671632108,PARK,True,,D-07,W-34
CR-2025-000230,2023-12-12 00:50:14,NARCOTICS,POSSESSION OF COCAINE,41.82801812832291,-87.62811841120072,RESIDENCE,True,False,D-08,W-30
CR-2023-001707,2023-12-29 12:05:28,PETTY THEFT,FORCIBLE ENTRY,41.93739769434127,-87.65824050846861,APARTMENT,True,False,D-06,W-35
CR-2023-003699,2023-06-03 21:23:47,BURGLARY,COMMERCIAL,41.887464351022444,-87.70232052367453,ALLEY,False,False,D-04,W-45
CR-2025-003938,2025-06-25 10:56:36,CRIMINAL DAMAGE,TO VEHICLE,41.8692130181693,-87.62489391437684,SIDEWALK,False,False,D-04,W-07
CR-2023-002985,2024-09-08 05:41:27,CRIMINAL DAMAGE,TO VEHICLE,41.89273570066504,-87.62978866738818,APARTMENT,True,False,D-10,W-02
CR-2024-003523,2025-06-26 11:01:43,THEFT,RETAIL THEFT,41.77920424205707,-87.63132186253483,COMMERCIAL BUILDING,False,False,D-06,W-17
CR-2024-005887,2025-10-25 22:50:31,MOTOR VEHICLE THEFT,TRUCK,41.81147321054865,-87.64562579725761,ALLEY,False,False,D-02,W-27
CR-2025-005234,2023-06-24 21:02:55,NARCOTICS,POSSESSION OF COCAINE,41.97287587245026,-87.6363140700325,PARKING LOT,True,False,D-02,W-13
CR-2025-004136,2024-01-13 04:46:27,BATTERY,AGGRAVATED BATTERY,41.93775712219654,-87.66307136440982,RESIDENCE,True,True,D-15,W-35
CR-2025-004148,2025-10-03 15:18:23,NARCOTICS,SALE/MANUFACTURE,41.91613341637941,-87.72010926133184,RESIDENCE,True,False,D-05,W-12
CR-2024-000484,2025-01-24 22:24:59,NARCOTICS,SALE/MANUFACTURE,41.877497630740336,-87.65126162653178,PARK,True,False,D-11,W-46
CR-2025-004256,2025-09-22 01:20:03,ROBBERY,ARMED ROBBERY,41.78484573851896,-87.61700936701122,RESIDENCE,False,False,D-11,W-50
CR-2025-004652,2024-01-21 20:50:19,ASSAULT,SIMPLE ASSAULT,41.96830335330317,-87.63655265171492,PARKING LOT,False,True,D-11,W-48
CR-2025-001220,2025-03-05 22:45:50,CRIMINAL DAMAGE,TO VEHICLE,41.82263959760513,-87.59446364803274,PARKING LOT,False,False,D-02,W-01
CR-2024-004990,2025-06-20 18:59:07,CRIMINAL DAMAGE,TO VEHICLE,41.76775511715433,-87.64159305842074,STREET,False,False,D-06,W-16
CR-2024-000445,2024-01-28 21:44:43,BURGLARY,FORCIBLE ENTRY,41.964809643623944,-87.64515451937785,PARK,True,False,D-11,W-42
CR-2025-004451,2024-03-08 12:36:05,NARCOTICS,SALE/MANUFACTURE,41.86345069526205,-87.62739596713874,APARTMENT,False,False,D-01,W-10
CR-2025-004460,2024-10-10 14:13:19,ROBBERY,STRONGARM ROBBERY,41.82098286439819,-87.61918079092372,STREET,False,False,D-01,W-39
CR-2025-005258,2025-01-11 02:39:13,BATTERY,,41.861174876446015,-87.61071275003727,PARK,True,False,D-05,W-36
CR-2024-001840,2024-11-11 16:52:08,MOTOR VEHICLE THEFT,TRUCK,41.861306808074254,-87.63570294783955,COMMERCIAL BUILDING,False,False,D-10,W-41
CR-2023-002232,2024-11-24 17:00:20,THEFT,PETTY THEFT,41.8693997550102,-87.64714623725116,COMMERCIAL BUILDING,False,False,D-05,W-17
CR-2023-002802,2023-11-24 06:17:15,ASSAULT,AGGRAVATED ASSAULT,41.88438139940192,-87.62649124693394,PARK,True,False,D-13,W-49
CR-2024-001669,2023-02-04 07:48:51,MOTOR VEHICLE THEFT,TRUCK,41.88564176640343,-87.6028545876561,ALLEY,False,False,D-06,W-32
CR-2023-002529,2023-11-30 00:54:24,ROBBERY,ARMED ROBBERY,41.876022316330896,-87.63615835063484,PARKING LOT,False,False,D-07,W-39
CR-2025-005909,2025-03-23 23:18:52,ROBBERY,STRONGARM ROBBERY,41.87990912821421,-87.61986539655028,ALLEY,False,False,D-12,W-43
CR-2024-004435,2023-03-16 02:01:11,BATTERY,AGGRAVATED BATTERY,41.893969410707584,-87.62857233498205,SIDEWALK,False,True,D-01,W-29
CR-2025-005474,2023-06-02 10:00:06,ASSAULT,SIMPLE ASSAULT,41.86676808797911,-87.59630326124302,APARTMENT,False,False,D-03,W-19
CR-2025-002522,2025-07-31 20:30:17,THEFT,RETAIL THEFT,41.890520882223406,-87.61373379249396,ALLEY,False,False,D-02,W-17
CR-2025-003227,2025-11-20 20:25:21,BATTERY,SIMPLE BATTERY,41.918269494839215,-87.67538581126988,PARK,True,True,D-08,W-13
CR-2024-004378,2023-10-20 20:50:59,ROBBERY,ARMED ROBBERY,41.87064024280464,-87.62538876941811,SIDEWALK,False,False,D-09,W-12
CR-2025-005123,2024-04-02 23:50:33,BATTERY,SIMPLE BATTERY,41.85811325328503,-87.62032872090592,ALLEY,False,False,D-07,W-43
CR-2024-000526,2023-04-16 09:23:17,ROBBERY,STRONGARM ROBBERY,41.88551045279424,-87.62588989351265,STREET,False,True,D-11,W-48
CR-2025-001514,2024-07-24 23:40:09,ASSAULT,AGGRAVATED ASSAULT,41.766154832670225,-87.62813897470735,PARKING LOT,True,False,D-02,W-39
CR-2025-003569,2025-06-12 01:20:45,THEFT,PETTY THEFT,41.93784011956469,-87.62823861679666,PARKING LOT,False,False,D-12,W-19
CR-2025-001421,2025-06-23 00:52:30,NARCOTICS,POSSESSION OF HEROIN,41.90025401639178,-87.64731669326902,RESIDENCE,True,False,D-02,W-35
CR-2025-000638,2025-11-09 02:00:37,ROBBERY,STRONGARM ROBBERY,41.91288994309973,-87.62390023240908,PARK,False,False,D-05,W-50
CR-2023-004461,2024-07-04 01:03:36,BURGLARY,RESIDENTIAL,41.75170628311616,-87.63209730908089,ALLEY,True,False,D-04,W-46
CR-2024-004747,2024-04-25 02:06:42,ASSAULT,AGGRAVATED ASSAULT,41.8639290612573,-87.74866983592126,COMMERCIAL BUILDING,False,False,D-01,W-38
CR-2025-005732,2023-08-30 15:52:30,BATTERY,AGGRAVATED BATTERY,41.86109402968472,-87.63252874180857,PARK,True,True,D-07,W-01
CR-2024-005188,2024-08-01 03:25:48,BURGLARY,FORCIBLE ENTRY,41.80291533081259,-87.60921256410069,SIDEWALK,False,False,D-05,W-42
CR-2025-000356,2025-12-02 20:26:43,ASSAULT,AGGRAVATED ASSAULT,41.869926213697866,-87.62381295828472,PARK,False,True,D-04,W-05
CR-2023-002457,2024-11-27 02:24:42,CRIMINAL DAMAGE,GRAFFITI,41.74710202497218,-87.62371508581325,RESIDENCE,True,False,D-10,W-34
CR-2023-001356,2025-05-17 17:26:31,ROBBERY,ARMED ROBBERY,41.88559796185611,-87.65078959262203,PARK,False,False,D-11,W-20
CR-2023-004497,2025-04-25 05:34:57,ASSAULT,SIMPLE ASSAULT,,,PARKING LOT,False,False,D-14,W-13
CR-2024-002245,2025-06-27 22:25:10,THEFT,PETTY THEFT,41.88403131478083,-87.64416353432523,PARK,False,False,D-12,W-10
CR-2025-005780,2023-08-01 17:11:37,ROBBERY,STRONGARM ROBBERY,41.78317967859364,-87.65757356365958,PARKING LOT,False,False,D-01,W-44
CR-2025-005186,2024-07-22 20:02:27,CRIMINAL DAMAGE,GRAFFITI,41.78716533152726,-87.64313374881253,SIDEWALK,False,False,D-03,W-16
CR-2023-001395,2024-01-04 08:44:32,MOTOR VEHICLE THEFT,AUTOMOBILE,41.79377573664589,-87.64293557632772,STREET,False,False,D-07,W-27
CR-2025-001760,2023-03-01 23:00:32,MOTOR VEHICLE THEFT,TRUCK,41.95845489614982,-87.7051654164066,SIDEWALK,False,False,D-12,W-01
CR-2024-005137,2023-03-27 14:15:57,THEFT,FROM BUILDING,41.933187986711495,-87.64388118012116,COMMERCIAL BUILDING,False,False,D-10,W-39
CR-2025-000806,2025-11-12 12:12:48,BURGLARY,COMMERCIAL,41.89134664665721,-87.6309675579552,SIDEWALK,False,False,D-08,W-02
CR-2023-000213,2025-07-15 03:42:14,THEFT,FROM BUILDING,41.8636261480913,-87.61950922810003,SIDEWALK,False,False,D-02,W-03
CR-2024-002788,2024-12-18 12:37:10,ROBBERY,ARMED ROBBERY,41.93503713903345,-87.65143241096152,SIDEWALK,False,False,D-05,W-32
CR-2025-002375,2024-05-11 01:00:08,MOTOR VEHICLE THEFT,MOTORCYCLE,41.970478670934035,-87.66042561648503,STREET,False,False,D-05,W-24
CR-2024-003835,2023-04-22 04:01:30,BATTERY,SIMPLE BATTERY,41.79764363688596,-87.67937253081267,COMMERCIAL BUILDING,True,False,D-07,W-29
CR-2025-005420,2025-03-06 23:44:35,CRIMINAL DAMAGE,TO VEHICLE,41.85890528227476,-87.64666300145421,STREET,False,False,D-06,W-47
CR-2025-003977,2025-02-14 23:55:58,THEFT,PETTY THEFT,41.898380590489616,-87.59830888719246,ALLEY,False,False,D-13,W-09
CR-2024-002869,2025-06-19 04:37:28,ROBBERY,ARMED ROBBERY,41.76319640652077,-87.62652665532428,COMMERCIAL BUILDING,False,False,D-15,W-42
CR-2024-003292,2023-04-05 02:12:21,MOTOR VEHICLE THEFT,MOTORCYCLE,41.98028355912408,-87.653229236921,APARTMENT,False,False,D-12,W-48
CR-2024-003889,2025-12-25 21:25:31,ASSAULT,,41.87468343531315,-87.64390023898186,PARK,True,False,D-05,W-42
CR-2025-002135,2023-04-16 09:05:49,BURGLARY,COMMERCIAL,41.87611795116648,-87.63765596954157,PARKING LOT,False,False,D-12,W-01
CR-2025-000083,2025-07-25 02:57:31,THEFT,GRAND THEFT,41.79945150399986,-87.58158017543366,SIDEWALK,False,False,D-04,W-37
CR-2023-001344,2024-07-16 22:59:54,NARCOTICS,SALE/MANUFACTURE,41.88945183019981,-87.6206129680898,PARK,False,False,D-06,W-03
CR-2025-001301,2024-11-25 23:17:26,MOTOR VEHICLE THEFT,TRUCK,41.86916347700114,-87.74831399986363,RESIDENCE,False,False,D-06,W-45
CR-2023-005214,2025-12-18 04:20:55,CRIMINAL DAMAGE,GRAFFITI,41.89469692656218,-87.64855324038842,PARK,False,False,D-06,W-15
CR-2024-004732,2025-08-18 06:53:53,ASSAULT,SIMPLE ASSAULT,41.886152112038374,-87.64854347367886,STREET,False,True,D-07,W-41
CR-2025-005396,2024-02-01 05:07:35,BATTERY,DOMESTIC BATTERY,41.94949389730749,-87.64647160480214,APARTMENT,False,False,D-12,W-40
CR-2025-004340,2024-04-04 16:09:16,THEFT,PETTY THEFT,41.75079695352848,-87.62643646400457,PARK,False,False,D-07,W-18
CR-2025-001724,2025-04-21 01:11:44,CRIMINAL DAMAGE,TO PROPERTY,41.94064600167183,-87.66357231331259,RESIDENCE,False,False,D-15,W-37
CR-2024-005029,2024-09-29 14:46:54,NARCOTICS,POSSESSION OF COCAINE,41.885270567227884,-87.65139412196199,COMMERCIAL BUILDING,True,False,D-09,W-24
CR-2023-002544,2024-03-02 18:25:52,BURGLARY,FORCIBLE ENTRY,41.87936777713723,-87.64050377004861,PARK,False,False,D-03,W-20
CR-2024-004774,2023-12-19 13:09:17,BURGLARY,FORCIBLE ENTRY,41.868686899958846,-87.66060229822985,SIDEWALK,True,False,D-15,W-32
CR-2024-002767,2025-12-06 05:13:09,NARCOTICS,,41.945191612360496,-87.6052819900413,SIDEWALK,True,False,D-12,W-44
CR-2024-005290,2025-02-18 02:53:18,PETTY THEFT,MOTORCYCLE,41.86177047735412,-87.58777940515547,PARKING LOT,False,False,D-07,W-12
CR-2025-000602,2023-04-19 22:09:35,MOTOR VEHICLE THEFT,AUTOMOBILE,41.87883290105489,-87.62919112463194,RESIDENCE,False,False,D-15,W-01
CR-2025-004445,2024-09-21 11:38:23,NARCOTICS,SALE/MANUFACTURE,41.771343265197935,-87.61572832094832,RESIDENCE,True,False,D-01,W-46
CR-2024-001978,2023-03-06 23:49:08,THEFT,FROM BUILDING,41.8767058369008,-87.63339252883033,SIDEWALK,False,False,D-02,W-12
CR-2024-003220,2024-05-21 21:36:20,ASSAULT,AGGRAVATED ASSAULT,41.84960494578712,-87.63172395220727,COMMERCIAL BUILDING,False,False,D-04,W-40
CR-2024-003793,2023-08-12 08:09:52,BURGLARY,COMMERCIAL,41.86251169754014,-87.6175302768332,PARK,False,False,D-04,W-28
CR-2025-001715,2023-08-12 22:59:51,BURGLARY,RESIDENTIAL,41.88509817967176,-87.60960661365696,APARTMENT,False,False,D-11,W-41
CR-2023-004707,2025-06-05 20:33:41,PETTY THEFT,SIMPLE ASSAULT,41.92391225453284,-87.67315546614552,STREET,True,False,D-07,W-15
CR-2024-002218,2024-04-26 10:27:29,ROBBERY,STRONGARM ROBBERY,41.80823605691581,-87.63581361803405,PARK,False,False,D-12,W-09
CR-2024-002716,2023-10-10 23:30:30,THEFT,GRAND THEFT,41.950541149059845,-87.66220293762275,SIDEWALK,False,False,D-15,W-42
CR-2023-000141,2025-05-31 03:16:14,CRIMINAL DAMAGE,TO PROPERTY,41.90189025224218,-87.6483672324824,PARK,False,False,D-09,W-10
CR-2023-000357,2025-11-30 20:37:21,ROBBERY,STRONGARM ROBBERY,41.947647305951506,-87.63323396235967,PARK,False,False,D-15,W-20
CR-2025-003104,2024-08-02 22:27:19,CRIMINAL DAMAGE,TO PROPERTY,41.87715089060155,-87.6396962296188,STREET,False,False,D-11,W-47
CR-2023-004014,2025-01-27 06:56:19,MOTOR VEHICLE THEFT,AUTOMOBILE,41.85372318111676,-87.62855632220243,SIDEWALK,False,False,D-15,W-30
CR-2025-004214,2025-02-17 22:29:37,CRIMINAL DAMAGE,GRAFFITI,41.734414026864414,-87.64232510204566,STREET,False,False,D-11,W-02
CR-2024-001879,2024-08-03 02:05:01,ASSAULT,AGGRAVATED ASSAULT,41.95394716923929,-87.65574557958367,PARK,False,True,D-14,W-39
CR-2024-002359,2023-05-24 22:20:39,NARCOTICS,POSSESSION OF HEROIN,41.79697067237464,-87.62620502104492,RESIDENCE,True,False,D-04,W-45
CR-2025-003047,2023-03-01 19:25:59,THEFT,FROM BUILDING,41.949843064736434,-87.64053525538367,APARTMENT,False,False,D-03,W-28
CR-2023-005892,2024-04-09 21:02:15,BATTERY,DOMESTIC BATTERY,41.861054372499446,-87.62632527892583,RESIDENCE,True,False,D-06,W-19
CR-2024-003142,2024-01-26 22:00:54,BATTERY,AGGRAVATED BATTERY,41.93651578255237,-87.66762286916098,ALLEY,True,True,D-12,W-46
CR-2024-003775,2025-07-20 22:39:48,BURGLARY,,41.95524212079301,-87.61695481703147,PARKING LOT,False,False,D-08,W-25
CR-2023-005973,2023-02-01 23:13:46,BURGLARY,FORCIBLE ENTRY,41.88675893550802,-87.6515636939289,SIDEWALK,False,False,D-03,W-18
CR-2023-000093,2024-12-12 22:34:18,BURGLARY,RESIDENTIAL,41.79073094061434,-87.63082072281642,RESIDENCE,False,False,D-02,W-13
CR-2025-004673,2023-04-02 05:12:54,NARCOTICS,SALE/MANUFACTURE,41.8830630054261,-87.61855350057266,PARK,True,False,D-09,W-46
CR-2024-005863,2025-05-21 00:10:56,NARCOTICS,SALE/MANUFACTURE,41.95898599867887,-87.62817786571578,APARTMENT,True,False,D-05,W-39
CR-2025-001292,2024-12-11 02:24:12,BURGLARY,RESIDENTIAL,41.97032938467622,-87.66781354574992,ALLEY,False,False,D-01,W-23
CR-2024-000952,2023-09-27 15:23:08,CRIMINAL DAMAGE,GRAFFITI,41.946253957119914,-87.64634566148379,PARKING LOT,False,False,D-15,W-22
CR-2024-005518,2023-10-21 01:03:20,MOTOR VEHICLE THEFT,MOTORCYCLE,41.94612350455385,-87.64664054143913,SIDEWALK,False,False,D-12,W-12
CR-2024-000997,2023-05-14 16:16:38,THEFT,PETTY THEFT,41.78768620518854,-87.60224624404209,PARK,False,False,D-05,W-06
CR-2024-003145,2023-05-15 02:08:39,ASSAULT,AGGRAVATED ASSAULT,41.772864235881876,-87.59233043607753,STREET,False,False,D-15,W-44
CR-2023-005622,2024-07-21 22:37:08,ASSAULT,SIMPLE ASSAULT,41.81133243834814,-87.6309844035005,PARKING LOT,False,True,D-15,W-12
CR-2025-004964,2025-03-11 00:00:36,THEFT,PETTY THEFT,41.88842389566159,-87.62158391531894,ALLEY,False,False,D-08,W-06
CR-2024-002149,2024-10-19 14:04:20,ROBBERY,STRONGARM ROBBERY,41.75428363037882,-190.0,RESIDENCE,False,False,D-01,W-41
CR-2024-005026,2024-09-17 17:32:58,NARCOTICS,POSSESSION OF COCAINE,41.86803477731507,-87.64623758744506,COMMERCIAL BUILDING,False,False,D-15,W-26
CR-2023-005085,2023-07-09 23:30:23,ROBBERY,ARMED ROBBERY,41.98379826135311,-87.63710074918279,ALLEY,False,False,D-09,W-50
CR-2023-000276,2025-04-30 23:40:36,ROBBERY,STRONGARM ROBBERY,41.808094551541494,-87.62263947891748,COMMERCIAL BUILDING,False,False,D-03,W-36
CR-2023-000996,2024-01-31 22:01:50,NARCOTICS,POSSESSION OF COCAINE,41.808622834286865,-87.61129240381997,PARK,False,,D-15,W-48
CR-2024-004651,2024-03-25 11:15:00,CRIMINAL DAMAGE,GRAFFITI,41.959086944269075,-87.69066830851276,RESIDENCE,False,False,D-02,W-13
CR-2023-003918,2025-07-09 00:57:23,CRIMINAL DAMAGE,TO VEHICLE,41.88865238222338,-87.63096732154204,RESIDENCE,False,False,D-05,W-17
CR-2023-003282,2023-04-18 16:35:27,NARCOTICS,POSSESSION OF COCAINE,41.778353581313944,-87.6113192156549,SIDEWALK,False,False,D-12,W-38
CR-2025-000908,2024-06-13 20:30:31,CRIMINAL DAMAGE,,41.845822768980064,-87.64058729978863,APARTMENT,False,False,D-05,W-16
CR-2023-005016,2025-04-17 12:52:04,CRIMINAL DAMAGE,TO PROPERTY,41.79150912664296,-190.0,SIDEWALK,False,False,D-11,W-44
CR-2023-001794,2024-06-30 21:06:41,PETTY THEFT,MOTORCYCLE,41.80988960016104,-87.63890574195256,APARTMENT,False,False,D-09,W-24
CR-2023-004581,2025-03-28 03:44:55,THEFT,RETAIL THEFT,41.96182035609836,-87.63394004443882,PARK,False,False,D-04,W-02
CR-2024-000022,2024-01-25 08:27:00,CRIMINAL DAMAGE,TO PROPERTY,41.91882956019265,-87.66969688416789,PARKING LOT,False,False,D-02,W-47
CR-2025-000338,not-a-valid-date-string,CRIMINAL DAMAGE,TO VEHICLE,41.751135603863354,-87.58519323891441,COMMERCIAL BUILDING,False,False,D-12,W-44
CR-2023-004602,2023-10-28 22:52:52,BURGLARY,FORCIBLE ENTRY,41.86128654539348,-87.65537163616342,STREET,True,False,D-07,W-40
CR-2024-003760,2023-04-17 16:18:29,THEFT,GRAND THEFT,41.89288099567175,-87.6535876846058,COMMERCIAL BUILDING,True,True,D-09,W-33
CR-2024-002509,2024-08-20 00:50:32,THEFT,FROM BUILDING,41.880429874987996,-87.62382779102316,SIDEWALK,True,False,D-10,W-36
CR-2025-000446,2025-04-13 08:33:29,MOTOR VEHICLE THEFT,TRUCK,41.969733493791786,-87.63191408819108,STREET,False,,D-05,W-27
CR-2025-003152,2023-05-12 07:37:05,BURGLARY,RESIDENTIAL,41.84554783546547,-87.709287759498,RESIDENCE,False,False,D-11,W-26
CR-2025-003131,2025-06-27 13:05:11,ROBBERY,STRONGARM ROBBERY,41.8757324373524,-87.62517561904542,PARKING LOT,False,False,D-08,W-37
CR-2025-002393,2024-07-10 17:16:26,ROBBERY,STRONGARM ROBBERY,41.89375726157477,-87.73861187689263,PARK,False,,D-07,W-04
CR-2023-004962,2023-04-02 05:17:49,BURGLARY,RESIDENTIAL,41.87879956049849,-87.63761339355855,APARTMENT,False,False,D-11,W-29
CR-2023-004992,2024-11-22 06:20:21,MOTOR VEHICLE THEFT,TRUCK,41.92454053257962,-87.66315452476852,PARK,False,False,D-14,W-43
CR-2024-001162,2024-03-28 11:53:42,ROBBERY,ARMED ROBBERY,41.77876009952927,-87.6122814586102,PARK,False,True,D-14,W-43
CR-2023-004056,2023-11-26 18:35:18,BURGLARY,RESIDENTIAL,41.734978282514966,-87.66072456443136,ALLEY,False,False,D-04,W-14
CR-2024-004672,2024-11-26 02:08:36,MOTOR VEHICLE THEFT,TRUCK,41.94902126852798,-87.6585353456233,COMMERCIAL BUILDING,False,False,D-11,W-39
CR-2023-002382,2023-04-03 14:19:53,BATTERY,SIMPLE BATTERY,41.928511429564004,-87.65030903620803,SIDEWALK,True,True,D-06,W-35
CR-2023-005964,2025-07-08 01:14:39,BATTERY,SIMPLE BATTERY,41.8695986069595,-87.74188301000945,SIDEWALK,False,False,D-07,W-32
CR-2023-002964,2023-10-07 06:22:58,BURGLARY,RESIDENTIAL,41.89581484857959,-87.62375088155444,RESIDENCE,False,False,D-04,W-41
CR-2024-002836,2024-10-12 07:32:06,ROBBERY,ARMED ROBBERY,41.93557771479551,-87.59881338817993,COMMERCIAL BUILDING,False,False,D-13,W-39
CR-2023-000384,2025-10-26 21:39:19,ROBBERY,STRONGARM ROBBERY,41.868695494133185,-87.60261327163005,ALLEY,False,False,D-05,W-17
CR-2025-005690,2025-09-06 08:17:45,THEFT,RETAIL THEFT,41.88528271359827,-87.63020821198567,STREET,False,,D-09,W-01
CR-2024-005746,2025-04-18 17:34:58,MOTOR VEHICLE THEFT,TRUCK,41.88149814126397,-87.6103312524151,COMMERCIAL BUILDING,False,False,D-03,W-47
CR-2023-001146,2025-02-01 19:27:20,ASSAULT,SIMPLE ASSAULT,41.78103295356413,-87.64920664304103,APARTMENT,False,True,D-08,W-06
CR-2024-003550,2023-07-19 21:17:02,MOTOR VEHICLE THEFT,MOTORCYCLE,41.874799729585106,-87.63171110308585,APARTMENT,False,False,D-15,W-49
CR-2025-002249,2023-12-16 09:30:06,MOTOR VEHICLE THEFT,AUTOMOBILE,41.84555483873412,-87.64771284101639,COMMERCIAL BUILDING,False,False,D-14,W-34
CR-2025-002411,2024-08-01 22:54:57,MOTOR VEHICLE THEFT,TRUCK,41.865414903432594,-87.6300114844886,COMMERCIAL BUILDING,False,False,D-08,W-10
CR-2023-003732,2025-02-20 01:06:01,NARCOTICS,POSSESSION OF HEROIN,41.9097694450115,-87.64270848105721,APARTMENT,True,False,D-06,W-49
CR-2024-005443,2025-07-07 06:45:24,ASSAULT,SIMPLE ASSAULT,41.865532654082486,-87.64247054498055,COMMERCIAL BUILDING,False,True,D-08,W-50
CR-2023-003876,2025-04-09 13:57:56,ASSAULT,AGGRAVATED ASSAULT,41.799150680962654,-87.64712152709501,PARK,True,True,D-01,W-01
CR-2023-001818,2025-01-23 06:03:32,MOTOR VEHICLE THEFT,AUTOMOBILE,41.87301316581095,-87.62424908327097,RESIDENCE,False,False,D-11,W-10
CR-2023-005511,2023-08-20 17:50:02,ROBBERY,STRONGARM ROBBERY,41.797978557517744,-87.60593797074418,PARKING LOT,False,,D-10,W-40
CR-2025-002246,2025-04-08 11:33:10,ROBBERY,STRONGARM ROBBERY,41.86926001652859,-87.63667957954152,STREET,False,False,D-02,W-48
CR-2023-002679,2023-05-10 09:40:13,BATTERY,DOMESTIC BATTERY,41.73372396512671,-87.63587113251675,ALLEY,True,False,D-13,W-46
CR-2024-004708,2024-09-11 16:26:37,ROBBERY,STRONGARM ROBBERY,41.98308083908845,-87.64761581556701,COMMERCIAL BUILDING,False,False,D-07,W-44
CR-2023-001104,2025-01-20 01:52:35,BURGLARY,COMMERCIAL,41.87340412954216,-87.62981062891865,RESIDENCE,False,False,D-14,W-49
CR-2024-002923,2024-06-08 10:27:21,ASSAULT,,41.9220090513871,-87.64471532598446,ALLEY,False,False,D-10,W-20
CR-2023-002808,2025-07-25 21:18:46,ROBBERY,ARMED ROBBERY,41.87557422616291,-87.63469018743726,RESIDENCE,True,False,D-15,W-47
CR-2023-005664,2025-03-23 12:16:16,THEFT,RETAIL THEFT,41.866148281509965,-87.6366759754482,APARTMENT,False,False,D-14,W-01
CR-2024-003778,2025-10-05 20:21:51,MOTOR VEHICLE THEFT,AUTOMOBILE,41.89780673264858,-87.63003207461091,PARK,False,,D-15,W-03
CR-2024-005932,2024-03-11 04:19:39,ASSAULT,AGGRAVATED ASSAULT,41.77457966620266,-87.6572266105458,ALLEY,False,True,D-05,W-06
CR-2025-005147,2024-03-27 15:04:31,BURGLARY,COMMERCIAL,41.95046235164891,-87.66072593126295,APARTMENT,False,False,D-05,W-42
CR-2024-000349,2025-04-12 06:18:15,BATTERY,SIMPLE BATTERY,41.96688054038414,-87.65899804272885,SIDEWALK,True,False,D-10,W-48
CR-2023-003129,2025-12-23 17:41:47,BATTERY,SIMPLE BATTERY,41.75381402741251,-87.6372838074772,PARK,True,False,D-14,W-07
CR-2024-003919,2023-05-09 01:31:33,BATTERY,DOMESTIC BATTERY,41.7720012137076,-87.63804309590233,ALLEY,True,False,D-10,W-16
CR-2025-003497,2024-03-20 04:57:13,NARCOTICS,POSSESSION OF COCAINE,41.76312886123023,-87.63644667012393,SIDEWALK,False,True,D-03,W-47
CR-2024-004120,2025-10-17 15:01:13,BURGLARY,COMMERCIAL,41.88129236598005,-87.62995528434863,ALLEY,False,False,D-08,W-17
CR-2024-000790,2024-03-20 03:30:09,BURGLARY,COMMERCIAL,41.88110853795847,-87.61257043975857,PARK,False,False,D-14,W-36
CR-2024-003169,2024-12-16 01:39:18,THEFT,RETAIL THEFT,,,APARTMENT,False,False,D-12,W-36
CR-2024-004504,2023-11-27 17:53:10,BATTERY,,41.88267726253813,-87.61257863700403,PARK,True,True,D-01,W-20
CR-2023-000105,2024-07-14 09:43:34,NARCOTICS,POSSESSION OF COCAINE,41.79317226276733,-87.6006108589955,RESIDENCE,True,,D-12,W-06
CR-2024-005728,2023-01-07 18:31:50,MOTOR VEHICLE THEFT,MOTORCYCLE,41.9151111834349,-87.71197622807966,COMMERCIAL BUILDING,False,False,D-10,W-45
CR-2024-005677,2025-03-16 05:52:00,CRIMINAL DAMAGE,TO PROPERTY,41.96308851705619,-87.62685154089428,PARKING LOT,False,False,D-14,W-34
CR-2023-003486,2023-06-13 07:35:56,MOTOR VEHICLE THEFT,AUTOMOBILE,41.91501609844295,-87.70594691725346,PARK,False,False,D-08,W-17
CR-2025-000665,2025-02-22 11:47:00,CRIMINAL DAMAGE,TO PROPERTY,41.90106126248516,-87.61151857222454,APARTMENT,True,False,D-02,W-24
CR-2025-005468,2024-01-20 18:43:25,NARCOTICS,POSSESSION OF COCAINE,41.888402412431795,-87.63577490519323,RESIDENCE,True,True,D-15,W-40
CR-2023-003696,2024-06-22 12:21:46,CRIMINAL DAMAGE,TO VEHICLE,41.922244468697045,-87.66220208193639,STREET,False,False,D-08,W-39
CR-2024-003859,2024-05-22 01:51:40,ASSAULT,SIMPLE ASSAULT,41.87360727443679,-87.64833554533074,ALLEY,True,False,D-06,W-23
CR-2023-004680,2024-07-24 16:34:12,BATTERY,SIMPLE BATTERY,41.81449884613853,-87.59365575879272,PARKING LOT,True,False,D-06,W-15
CR-2025-003323,2025-06-13 05:26:58,CRIMINAL DAMAGE,TO PROPERTY,41.959458104571986,-87.67403184012487,SIDEWALK,False,False,D-04,W-20
CR-2023-005655,2023-03-28 00:56:02,CRIMINAL DAMAGE,TO VEHICLE,41.77575451621129,-87.65582728320906,COMMERCIAL BUILDING,False,False,D-13,W-08
CR-2025-002783,2023-02-25 02:59:07,ROBBERY,STRONGARM ROBBERY,41.89441565639237,-87.61942572137318,SIDEWALK,False,False,D-10,W-10
CR-2024-005413,2023-01-25 21:40:58,ASSAULT,SIMPLE ASSAULT,41.872519035120035,-87.62558663310098,APARTMENT,True,True,D-11,W-06
CR-2023-002019,2025-07-27 13:05:58,ROBBERY,STRONGARM ROBBERY,41.77834249290705,-87.64622213856438,SIDEWALK,False,False,D-05,W-24
CR-2023-001422,2024-12-29 18:55:08,NARCOTICS,SALE/MANUFACTURE,41.95273551127525,-87.67724605055265,SIDEWALK,True,False,D-04,W-32
CR-2025-000437,2024-10-28 05:03:19,NARCOTICS,POSSESSION OF HEROIN,41.8776030954069,-87.60288163204724,COMMERCIAL BUILDING,False,,D-14,W-08
CR-2023-005922,2024-10-13 10:44:36,THEFT,GRAND THEFT,41.87917131248872,-87.63143272937604,STREET,False,False,D-06,W-01
CR-2025-002447,not-a-valid-date-string,NARCOTICS,POSSESSION OF HEROIN,41.862136699897746,-87.62994767212976,RESIDENCE,False,False,D-13,W-32
CR-2024-003406,2024-08-07 04:24:46,OTHER OFFENSE,DUPLICATE ID TEST RECORD,41.86553891412027,-87.66140333671939,PARK,True,False,D-07,W-27
CR-2024-000295,2025-02-18 23:39:47,THEFT,PETTY THEFT,41.94983132474439,-87.6648531489353,STREET,False,False,D-09,W-26
CR-2024-004486,2023-06-06 23:32:32,ROBBERY,ARMED ROBBERY,41.86821464260011,-87.60987030382684,COMMERCIAL BUILDING,False,False,D-10,W-20
CR-2023-001101,2024-01-26 13:42:47,ASSAULT,SIMPLE ASSAULT,41.7968939485537,-87.66133182394678,APARTMENT,False,True,D-05,W-27
CR-2024-000097,2025-09-18 14:38:09,ROBBERY,STRONGARM ROBBERY,41.78322952314628,-87.61936706550678,PARKING LOT,False,False,D-06,W-33
CR-2024-003763,2023-07-13 01:23:48,BATTERY,SIMPLE BATTERY,41.89888687002414,-87.73416083542743,STREET,False,False,D-13,W-33
CR-2025-002204,2024-01-17 13:13:42,ROBBERY,STRONGARM ROBBERY,41.95921817037122,-87.63777661665617,PARKING LOT,False,False,D-12,W-01
CR-2024-000247,2025-06-18 00:42:59,BURGLARY,RESIDENTIAL,41.90094686115905,-87.62171634934474,APARTMENT,False,False,D-06,W-16
CR-2024-000460,2024-06-27 20:57:05,BURGLARY,FORCIBLE ENTRY,41.969872634997195,-87.67583030598821,ALLEY,False,,D-02,W-08
CR-2024-000151,2024-07-04 20:28:04,BATTERY,AGGRAVATED BATTERY,41.963345872102465,-87.64309259469132,SIDEWALK,True,False,D-08,W-32
CR-2023-004830,2023-07-06 17:19:20,ROBBERY,ARMED ROBBERY,41.77760113072748,-87.62196629131276,PARK,False,False,D-01,W-04
CR-2025-003635,2023-01-28 12:24:22,ROBBERY,STRONGARM ROBBERY,41.852334917774556,-87.62625786385182,ALLEY,True,False,D-14,W-27
CR-2024-003202,2023-07-12 20:11:01,PETTY THEFT,COMMERCIAL,41.79193623497649,-87.5955757731611,COMMERCIAL BUILDING,False,False,D-13,W-15
CR-2025-005948,2024-01-20 23:38:04,ASSAULT,SIMPLE ASSAULT,41.77061901727804,-87.62201899746948,RESIDENCE,False,False,D-08,W-08
CR-2025-001091,2023-03-09 00:22:20,CRIMINAL DAMAGE,TO PROPERTY,41.875394124773564,-87.60920727287986,COMMERCIAL BUILDING,False,False,D-10,W-12
CR-2025-005717,2023-07-12 22:48:21,BATTERY,AGGRAVATED BATTERY,41.8529074581063,-87.64792455273489,SIDEWALK,True,False,D-01,W-43
CR-2024-000829,2024-12-14 09:21:33,NARCOTICS,POSSESSION OF COCAINE,41.86300186152081,-87.61270182158307,COMMERCIAL BUILDING,True,False,D-10,W-09
CR-2024-004657,2023-09-29 11:44:35,BATTERY,AGGRAVATED BATTERY,41.876154904219575,-87.65284796035573,PARK,True,True,D-10,W-26
CR-2023-002475,2025-02-10 09:18:50,ASSAULT,AGGRAVATED ASSAULT,41.8817030876592,-87.61100300762848,PARK,False,True,D-02,W-19
CR-2023-001158,2024-12-14 16:33:47,BATTERY,DOMESTIC BATTERY,41.89068410750705,-87.63905879779821,RESIDENCE,True,False,D-08,W-47
CR-2024-005569,2025-05-26 04:50:27,CRIMINAL DAMAGE,TO VEHICLE,41.937641120673334,-87.65895803134848,STREET,False,False,D-03,W-31
CR-2024-004945,2024-06-17 12:12:04,ROBBERY,ARMED ROBBERY,41.8968792118177,-87.61606264327604,RESIDENCE,False,False,D-01,W-42
CR-2023-005391,2024-10-06 20:54:52,ASSAULT,SIMPLE ASSAULT,41.86698255997048,-87.61768390666025,PARKING LOT,False,True,D-06,W-42
CR-2024-004252,2024-03-10 14:43:11,BATTERY,DOMESTIC BATTERY,41.92095180524878,-87.66141264884813,COMMERCIAL BUILDING,False,False,D-05,W-13
CR-2025-003017,2023-11-19 06:39:01,BATTERY,AGGRAVATED BATTERY,41.85669760134828,-87.62875994257428,COMMERCIAL BUILDING,True,False,D-15,W-25
CR-2023-003810,2025-06-29 02:38:04,ASSAULT,AGGRAVATED ASSAULT,41.86606592249098,-87.63736950613435,ALLEY,False,True,D-13,W-39
CR-2023-000891,2025-07-10 06:59:15,BATTERY,SIMPLE BATTERY,41.74128199064923,-87.60999860090776,APARTMENT,True,False,D-09,W-11
CR-2025-000077,2024-11-16 02:35:43,NARCOTICS,POSSESSION OF COCAINE,41.88249608709948,-87.6405152712704,RESIDENCE,True,False,D-03,W-23
CR-2025-005141,2024-11-14 16:34:20,THEFT,,41.89373285865475,-87.62630072438368,STREET,False,,D-03,W-07
CR-2024-001633,2025-12-16 23:51:19,ASSAULT,SIMPLE ASSAULT,41.930833538456405,-87.66286015798036,APARTMENT,False,False,D-11,W-49
CR-2023-004950,2023-04-30 06:14:59,BURGLARY,FORCIBLE ENTRY,41.892119820610056,-87.62425111580494,PARKING LOT,False,True,D-02,W-50
CR-2023-002055,2024-12-30 23:20:21,ASSAULT,AGGRAVATED ASSAULT,41.80755075360355,-87.64843428712115,COMMERCIAL BUILDING,False,False,D-03,W-25
CR-2023-000819,2023-02-25 12:31:48,BATTERY,AGGRAVATED BATTERY,41.90903787378865,-87.64581299371382,ALLEY,True,False,D-12,W-41
CR-2024-000910,2024-09-26 08:55:02,NARCOTICS,POSSESSION OF COCAINE,41.87823737459234,-87.72551666610674,COMMERCIAL BUILDING,True,False,D-06,W-49
CR-2025-005216,2025-08-12 21:55:04,MOTOR VEHICLE THEFT,MOTORCYCLE,41.954710458818404,-87.65625717855305,APARTMENT,True,False,D-08,W-23
CR-2023-002259,2024-06-16 11:58:45,THEFT,FROM BUILDING,41.787608543481156,-87.65144575166065,COMMERCIAL BUILDING,False,False,D-06,W-07
CR-2025-000680,2023-07-16 12:48:59,ASSAULT,AGGRAVATED ASSAULT,41.77851725377067,-87.61451771250998,SIDEWALK,False,False,D-07,W-39
CR-2024-000991,2024-05-24 23:39:27,THEFT,FROM BUILDING,41.9358656555082,-87.63805213055234,SIDEWALK,False,False,D-03,W-36
CR-2023-003951,2025-08-23 20:35:38,CRIMINAL DAMAGE,GRAFFITI,41.78862047275659,-87.65834683315765,APARTMENT,False,False,D-07,W-42
CR-2024-002290,2023-06-16 21:02:23,MOTOR VEHICLE THEFT,AUTOMOBILE,41.95258940167295,-87.67499068100963,APARTMENT,False,False,D-14,W-44
CR-2024-000835,2024-12-25 07:35:37,ROBBERY,ARMED ROBBERY,41.87451601851246,-87.63530236617723,COMMERCIAL BUILDING,False,False,D-03,W-06
CR-2024-000265,2025-02-20 00:49:45,CRIMINAL DAMAGE,TO PROPERTY,41.79486481146944,-87.67053800155674,PARK,False,False,D-04,W-30
CR-2024-003250,2023-10-27 11:26:52,MOTOR VEHICLE THEFT,TRUCK,41.97294547644162,-87.67950321005962,RESIDENCE,False,False,D-03,W-06
CR-2023-004107,2024-07-23 21:46:23,THEFT,RETAIL THEFT,41.87148057299182,-87.72258229045887,APARTMENT,False,False,D-09,W-25
CR-2023-005166,2025-12-04 20:24:21,ROBBERY,ARMED ROBBERY,41.90653261018987,-87.63205492560645,ALLEY,False,False,D-10,W-16
CR-2023-005487,2025-09-13 20:16:08,ASSAULT,,41.92903328273493,-87.65033389048527,SIDEWALK,False,True,D-10,W-03
CR-2024-001702,2023-10-17 17:38:07,NARCOTICS,SALE/MANUFACTURE,41.88463963084251,-87.6677836912783,ALLEY,True,False,D-07,W-40
CR-2023-004458,2024-02-13 09:03:05,CRIMINAL DAMAGE,TO PROPERTY,41.912333633745675,-87.7360389018447,ALLEY,False,False,D-11,W-50
CR-2023-000972,2025-02-08 04:52:37,CRIMINAL DAMAGE,GRAFFITI,41.7944392972464,-87.6382402584011,PARKING LOT,False,False,D-02,W-48
CR-2025-003224,2024-11-02 22:45:08,ASSAULT,SIMPLE ASSAULT,41.84004971889484,-87.72085257287807,ALLEY,True,False,D-05,W-33
CR-2023-000696,2024-02-14 10:04:57,THEFT,GRAND THEFT,41.98866774495053,-87.65256929337835,PARK,False,False,D-04,W-12
CR-2025-003146,2024-03-10 23:51:30,NARCOTICS,SALE/MANUFACTURE,41.88568336779823,-87.62325646442798,STREET,True,False,D-13,W-08
CR-2024-001594,2025-03-08 00:32:30,NARCOTICS,POSSESSION OF COCAINE,41.96625907740218,-87.61870759596567,PARK,True,False,D-07,W-43
CR-2023-002256,2023-03-18 20:38:50,BURGLARY,FORCIBLE ENTRY,41.86926331800829,-87.64383394448144,COMMERCIAL BUILDING,False,False,D-14,W-42
CR-2025-002336,2025-05-01 15:19:54,BURGLARY,COMMERCIAL,41.95800521002812,-87.6764021535096,PARK,False,False,D-05,W-03
CR-2024-000955,2023-05-22 06:21:30,THEFT,GRAND THEFT,41.9830502999897,-87.61067399707615,COMMERCIAL BUILDING,False,False,D-02,W-19
CR-2024-005776,2023-12-30 20:59:52,ASSAULT,AGGRAVATED ASSAULT,41.89574016477797,-87.612778470777,RESIDENCE,False,False,D-04,W-16
CR-2023-002853,2025-12-30 20:31:55,BURGLARY,FORCIBLE ENTRY,41.80324315577131,-87.62153005549196,SIDEWALK,False,False,D-06,W-41
CR-2023-000273,2024-06-08 01:38:45,PETTY THEFT,SIMPLE BATTERY,41.890987298289254,-87.73055481694877,APARTMENT,True,False,D-14,W-06
CR-2024-003688,2024-04-20 09:06:16,MOTOR VEHICLE THEFT,TRUCK,41.88506376857185,-87.6206629672142,RESIDENCE,False,False,D-03,W-33
CR-2025-003902,2025-10-31 15:00:48,BATTERY,AGGRAVATED BATTERY,41.875691605857476,-87.63812929153902,STREET,True,False,D-14,W-05
CR-2023-003711,2024-10-13 13:36:22,CRIMINAL DAMAGE,TO PROPERTY,41.92571657709444,-87.63471639127744,APARTMENT,False,False,D-14,W-11
CR-2023-000759,2023-03-27 11:58:30,BATTERY,DOMESTIC BATTERY,41.86273719763506,-87.60198861150499,PARKING LOT,False,False,D-12,W-35
CR-2023-004788,2023-08-03 16:50:22,BURGLARY,FORCIBLE ENTRY,41.851615263861746,-87.71334258090481,SIDEWALK,False,False,D-01,W-31
CR-2023-000918,2023-10-13 13:52:46,ASSAULT,SIMPLE ASSAULT,41.92552547585358,-87.65312880588446,RESIDENCE,True,False,D-06,W-22
CR-2023-004371,2023-12-17 17:57:25,THEFT,GRAND THEFT,41.78217798311688,-87.60687893542998,APARTMENT,False,False,D-14,W-50
CR-2024-000793,2025-05-28 19:08:33,BURGLARY,COMMERCIAL,41.78331103888193,-87.63817569597708,RESIDENCE,False,False,D-02,W-02
CR-2023-003369,2025-03-21 01:24:37,THEFT,FROM BUILDING,42.00710812412777,-87.67585847530022,STREET,False,False,D-02,W-37
CR-2025-001289,2025-04-08 03:31:31,MOTOR VEHICLE THEFT,AUTOMOBILE,41.9540127280898,-87.62012759031609,ALLEY,False,False,D-01,W-15
CR-2025-002345,2023-07-20 17:44:24,ROBBERY,ARMED ROBBERY,41.876859274641554,-87.62615362408509,RESIDENCE,False,False,D-15,W-17
CR-2025-003191,2025-07-15 06:31:16,ROBBERY,ARMED ROBBERY,41.93809658201816,-87.65783037793908,PARK,False,False,D-03,W-47
CR-2024-001924,2024-08-11 20:33:38,BURGLARY,FORCIBLE ENTRY,41.875850889213815,-87.65129727721788,COMMERCIAL BUILDING,False,False,D-11,W-19
CR-2023-000615,2023-08-02 01:14:41,ROBBERY,STRONGARM ROBBERY,41.93725016429984,-87.68269605959158,APARTMENT,True,False,D-13,W-13
CR-2023-003534,2025-11-04 00:20:39,BATTERY,SIMPLE BATTERY,41.909501156986174,-87.76435332945704,PARKING LOT,True,True,D-14,W-44
CR-2024-002551,2025-12-27 23:06:41,BATTERY,AGGRAVATED BATTERY,41.88182487713774,-87.62862823397147,PARKING LOT,False,True,D-11,W-44
CR-2023-003783,2025-11-20 20:12:56,ROBBERY,STRONGARM ROBBERY,41.874148735640766,-87.74894999799588,APARTMENT,False,False,D-07,W-03
CR-2024-001129,2025-04-14 23:21:40,BATTERY,DOMESTIC BATTERY,41.833724150580714,-87.72331893335766,COMMERCIAL BUILDING,True,False,D-04,W-28
CR-2023-003909,2024-04-24 19:06:48,NARCOTICS,SALE/MANUFACTURE,41.93942608634761,-87.65061481471086,RESIDENCE,False,False,D-09,W-50
CR-2025-000287,2025-12-14 01:03:18,CRIMINAL DAMAGE,GRAFFITI,41.96498811162367,-87.69952270618016,STREET,False,False,D-02,W-25
CR-2025-000431,2025-04-16 03:36:18,THEFT,GRAND THEFT,41.901312578019954,-87.60286183490356,SIDEWALK,False,False,D-08,W-02
CR-2023-003072,2024-10-16 20:27:13,BURGLARY,COMMERCIAL,41.79366860838776,-87.63450284328138,COMMERCIAL BUILDING,False,False,D-03,W-12
CR-2024-000391,2025-05-16 06:11:13,BURGLARY,COMMERCIAL,41.956003957020116,-87.64308828509432,STREET,False,False,D-02,W-21
CR-2023-000138,2025-03-15 11:36:12,ASSAULT,SIMPLE ASSAULT,41.88418307452032,-87.73770390378886,PARK,False,True,D-13,W-19
CR-2025-002384,2023-09-21 06:09:51,CRIMINAL DAMAGE,TO VEHICLE,41.80463532752388,-87.60908245182324,APARTMENT,True,False,D-01,W-50
CR-2024-005767,2023-04-11 22:57:44,ASSAULT,AGGRAVATED ASSAULT,41.80318360711354,-87.59412245233744,STREET,False,False,D-15,W-07
CR-2024-000943,2025-06-06 23:44:16,BURGLARY,FORCIBLE ENTRY,41.86595594720118,-87.62343908433304,PARKING LOT,False,False,D-09,W-41
CR-2024-005989,2023-03-10 08:45:56,BATTERY,AGGRAVATED BATTERY,41.955533352145,-87.61056057845876,SIDEWALK,True,False,D-10,W-30
CR-2023-002832,2024-06-06 00:01:43,BURGLARY,RESIDENTIAL,41.766709164476126,-87.66490634662321,PARK,False,False,D-12,W-34
CR-2025-003566,2025-03-19 00:43:48,THEFT,FROM BUILDING,41.960246590940265,-87.65331372370098,STREET,False,False,D-11,W-38
CR-2023-005418,2024-03-27 02:00:55,CRIMINAL DAMAGE,GRAFFITI,41.76166808442119,-87.64612490375316,SIDEWALK,False,False,D-13,W-46
CR-2023-003012,2023-06-11 22:32:11,BURGLARY,FORCIBLE ENTRY,41.770955977649564,-87.6260855371997,ALLEY,False,False,D-04,W-02
CR-2023-005685,2025-09-29 04:44:47,CRIMINAL DAMAGE,TO PROPERTY,41.86662726157538,-87.65673974101877,PARK,False,False,D-08,W-13
CR-2024-000064,2023-08-21 23:28:49,ROBBERY,ARMED ROBBERY,41.95039302730175,-87.66536951308233,APARTMENT,False,True,D-13,W-43
CR-2025-005654,2023-01-06 08:19:39,CRIMINAL DAMAGE,GRAFFITI,41.93858387067007,-87.6779197477697,COMMERCIAL BUILDING,False,False,D-15,W-43
CR-2023-000666,2024-07-13 01:41:30,NARCOTICS,POSSESSION OF HEROIN,41.87675802832326,-87.7000669295367,SIDEWALK,True,False,D-10,W-02
CR-2023-005133,2024-05-26 08:06:41,NARCOTICS,POSSESSION OF HEROIN,41.872921206546856,-87.72914492684826,SIDEWALK,True,False,D-14,W-32
CR-2025-004862,2025-03-23 11:01:25,MOTOR VEHICLE THEFT,TRUCK,41.76013432945058,-87.63648873527998,PARKING LOT,False,False,D-12,W-22
CR-2024-000883,2025-11-28 21:42:12,ASSAULT,SIMPLE ASSAULT,41.91066414076247,-87.63243828718649,APARTMENT,False,False,D-11,W-16
CR-2024-000313,2024-05-16 05:39:57,ROBBERY,STRONGARM ROBBERY,41.86325592769612,-87.6316868038015,STREET,False,False,D-02,W-25
CR-2023-005358,2024-01-17 10:02:49,NARCOTICS,,41.949324232073415,-87.64032127772388,ALLEY,True,False,D-06,W-18
CR-2024-002047,2025-05-12 20:11:45,BURGLARY,COMMERCIAL,41.896621278710676,-87.64527932863142,COMMERCIAL BUILDING,False,False,D-14,W-50
CR-2025-003509,2025-02-14 21:24:25,MOTOR VEHICLE THEFT,TRUCK,41.90382829334477,-87.72590641363446,ALLEY,False,False,D-02,W-26
CR-2025-003770,2023-07-28 00:20:52,MOTOR VEHICLE THEFT,MOTORCYCLE,,,RESIDENCE,False,False,D-04,W-44
CR-2023-001575,2025-05-03 08:38:23,NARCOTICS,POSSESSION OF COCAINE,41.96523967390904,-87.66268414400895,SIDEWALK,True,False,D-08,W-36
CR-2024-003376,2025-10-07 05:02:15,ASSAULT,AGGRAVATED ASSAULT,41.87413181151943,-87.62431360020861,SIDEWALK,False,True,D-02,W-29
CR-2025-004814,2023-04-26 23:07:42,ASSAULT,AGGRAVATED ASSAULT,41.75732025719583,-87.57799665285008,STREET,False,False,D-03,W-08
CR-2025-000707,2025-06-25 20:51:40,MOTOR VEHICLE THEFT,,41.868447226544305,-87.61588239807878,COMMERCIAL BUILDING,False,False,D-03,W-22
CR-2025-002948,2025-08-28 07:27:57,BURGLARY,RESIDENTIAL,41.73962119122206,-87.60196214784251,ALLEY,False,False,D-08,W-33
CR-2023-003102,2025-06-18 07:45:10,CRIMINAL DAMAGE,TO VEHICLE,41.85968281523539,-87.69842189847654,SIDEWALK,False,False,D-08,W-36
CR-2025-001400,2025-06-13 09:44:59,ROBBERY,STRONGARM ROBBERY,41.95207669032645,-87.60143932672038,STREET,False,False,D-04,W-02
CR-2024-004207,2023-08-28 11:26:48,CRIMINAL DAMAGE,GRAFFITI,41.936835758035606,-87.64939718041325,STREET,False,False,D-01,W-41
CR-2023-002565,2024-08-26 22:45:27,MOTOR VEHICLE THEFT,TRUCK,41.884640086628345,-87.61714240735537,PARK,False,False,D-10,W-27
CR-2025-002207,2023-10-02 16:55:29,MOTOR VEHICLE THEFT,AUTOMOBILE,41.78391149078534,-87.61377736609364,STREET,False,False,D-06,W-02
CR-2023-005658,2024-05-18 19:32:13,BURGLARY,FORCIBLE ENTRY,41.89170176400013,-87.62371224599961,APARTMENT,False,False,D-02,W-04
CR-2023-000537,2024-07-31 00:56:11,NARCOTICS,SALE/MANUFACTURE,41.96832533638894,-87.66517513166322,ALLEY,True,False,D-08,W-42
CR-2025-001046,2024-12-13 00:13:24,ROBBERY,STRONGARM ROBBERY,41.88743310716065,-87.64688249676671,COMMERCIAL BUILDING,False,False,D-09,W-17
CR-2024-003715,2025-08-14 17:46:29,NARCOTICS,POSSESSION OF HEROIN,41.88131484879096,-87.75251178434061,COMMERCIAL BUILDING,True,False,D-09,W-21
CR-2024-002734,2024-07-12 21:13:25,BURGLARY,FORCIBLE ENTRY,41.87471988154484,-87.72465446220605,ALLEY,True,False,D-13,W-03
CR-2025-003986,2024-12-04 20:41:57,MOTOR VEHICLE THEFT,TRUCK,41.762530755609404,-87.64176521248244,PARKING LOT,False,False,D-11,W-22
CR-2025-002681,2023-06-05 16:19:29,ASSAULT,SIMPLE ASSAULT,41.87902825029331,-87.64371329996217,COMMERCIAL BUILDING,False,False,D-09,W-28
CR-2023-000054,2025-05-18 22:54:19,CRIMINAL DAMAGE,TO PROPERTY,41.78533875976807,-87.63086114789417,ALLEY,False,False,D-10,W-19
CR-2023-005184,2025-01-23 09:53:08,ROBBERY,,41.85755804338016,-87.60332761174313,PARKING LOT,False,False,D-03,W-44
CR-2023-003897,2025-09-05 13:44:16,BATTERY,AGGRAVATED BATTERY,41.879207951516165,-87.61189620196785,PARKING LOT,True,True,D-05,W-12
CR-2023-005781,2025-02-18 02:24:10,NARCOTICS,POSSESSION OF HEROIN,41.924700961175475,-87.62320130996491,APARTMENT,True,False,D-08,W-26
CR-2023-000168,2023-06-23 18:08:40,NARCOTICS,POSSESSION OF HEROIN,41.93189005606415,-87.66172771683306,STREET,True,False,D-04,W-19
CR-2024-005524,2025-12-11 01:58:17,CRIMINAL DAMAGE,GRAFFITI,41.875301401204176,-87.59723210708407,PARKING LOT,False,False,D-05,W-06
CR-2024-002710,2025-07-01 15:01:44,PETTY THEFT,AUTOMOBILE,41.949078054473645,-87.67910815471349,ALLEY,False,False,D-06,W-38
CR-2024-000493,2023-07-25 23:38:12,ASSAULT,SIMPLE ASSAULT,41.90065097452651,-87.61663956564136,ALLEY,False,False,D-09,W-30
CR-2025-004349,2025-09-27 08:43:21,BATTERY,AGGRAVATED BATTERY,41.776304687889926,-87.6585115121308,COMMERCIAL BUILDING,True,True,D-11,W-35
CR-2024-005425,2023-05-02 21:57:51,BATTERY,AGGRAVATED BATTERY,41.8651335452949,-87.61940836345438,APARTMENT,True,False,D-12,W-08
CR-2024-004156,2023-01-14 09:50:08,OTHER OFFENSE,DUPLICATE ID TEST RECORD,41.88173106005432,-87.64256462621023,APARTMENT,False,False,D-06,W-31
CR-2023-002238,2024-06-02 08:50:46,NARCOTICS,POSSESSION OF HEROIN,41.87229894482338,-87.71328183585156,APARTMENT,False,False,D-06,W-31
CR-2023-002244,2025-05-20 07:59:30,MOTOR VEHICLE THEFT,AUTOMOBILE,41.966022934416266,-87.65527348622531,APARTMENT,False,False,D-07,W-02
CR-2025-001505,2025-04-02 23:53:05,ROBBERY,ARMED ROBBERY,41.77655909528152,-87.59585508381144,RESIDENCE,False,False,D-10,W-08
CR-2023-005313,2025-10-23 22:18:22,CRIMINAL DAMAGE,TO PROPERTY,41.89759806865296,-87.64051062615667,APARTMENT,False,False,D-12,W-21
CR-2023-002121,2024-09-14 15:04:41,CRIMINAL DAMAGE,TO VEHICLE,41.936602153644884,-87.64132622372965,PARKING LOT,False,,D-01,W-13
CR-2025-004706,2023-07-29 23:08:46,CRIMINAL DAMAGE,TO PROPERTY,41.79286738207305,-87.63911596300103,COMMERCIAL BUILDING,False,False,D-03,W-26
CR-2024-002395,2023-01-18 22:33:11,ROBBERY,ARMED ROBBERY,41.943087908794276,-87.66329756477336,RESIDENCE,False,False,D-09,W-34
CR-2024-002059,2024-03-20 21:49:00,ASSAULT,SIMPLE ASSAULT,41.87127807923934,-87.6453970979654,STREET,False,True,D-10,W-28
CR-2025-001751,2023-01-07 22:38:27,ASSAULT,AGGRAVATED ASSAULT,41.878778340635,-87.62903203147178,ALLEY,False,False,D-05,W-25
CR-2024-002272,2024-02-02 02:31:22,MOTOR VEHICLE THEFT,AUTOMOBILE,41.88726381401895,-87.71638234500416,COMMERCIAL BUILDING,False,False,D-14,W-39
CR-2024-001153,2023-05-09 10:28:44,BURGLARY,COMMERCIAL,41.887200845887044,-87.6325479492808,APARTMENT,False,,D-08,W-33
CR-2024-002656,2025-10-18 12:17:57,THEFT,FROM BUILDING,41.86602357228455,-87.62697286358473,SIDEWALK,False,False,D-15,W-26
CR-2023-002751,2023-05-08 08:13:14,NARCOTICS,SALE/MANUFACTURE,41.880581054904496,-87.65053026353038,RESIDENCE,False,False,D-06,W-09
CR-2025-005582,2024-08-15 02:44:04,MOTOR VEHICLE THEFT,TRUCK,41.99377983223319,-87.65153092807141,COMMERCIAL BUILDING,False,False,D-04,W-23
CR-2023-000825,2023-05-17 21:26:07,THEFT,,41.88679449759821,-87.62491305525127,SIDEWALK,True,False,D-01,W-24
CR-2023-001116,2024-11-08 00:01:51,ASSAULT,SIMPLE ASSAULT,41.729647404557205,-87.60668506654252,COMMERCIAL BUILDING,False,False,D-02,W-40
CR-2023-002430,2025-03-14 20:29:24,BURGLARY,COMMERCIAL,41.87096306833993,-87.64219167987572,COMMERCIAL BUILDING,False,False,D-04,W-47
CR-2024-000316,2023-03-03 02:22:30,OTHER OFFENSE,DUPLICATE ID TEST RECORD,41.875729881521316,-87.63620321604921,PARKING LOT,False,False,D-02,W-26
CR-2023-000588,2023-04-11 20:59:27,CRIMINAL DAMAGE,TO PROPERTY,41.852705647787076,-87.63127509440193,RESIDENCE,False,False,D-08,W-34
CR-2023-005958,2025-12-27 21:43:26,NARCOTICS,POSSESSION OF HEROIN,41.963877543468854,-87.63847917446077,RESIDENCE,True,True,D-07,W-33
CR-2024-001969,2023-09-23 03:23:04,THEFT,PETTY THEFT,41.87285841009175,-87.64138853123134,COMMERCIAL BUILDING,True,True,D-05,W-08
CR-2025-000191,2025-02-01 00:50:19,BURGLARY,COMMERCIAL,41.72580260689225,-87.64214387554202,ALLEY,False,False,D-05,W-48
CR-2024-003004,2025-05-26 07:32:06,CRIMINAL DAMAGE,,41.89520101769743,-87.64235635200423,PARKING LOT,False,False,D-02,W-03
CR-2023-004737,2024-05-10 14:42:40,MOTOR VEHICLE THEFT,AUTOMOBILE,41.846197497683015,-87.62932567039135,PARKING LOT,False,False,D-13,W-13
CR-2025-002108,2023-01-13 00:23:10,BURGLARY,RESIDENTIAL,41.91401965385812,-87.73557178747969,COMMERCIAL BUILDING,False,False,D-05,W-32
CR-2024-004888,2025-08-28 06:03:02,THEFT,RETAIL THEFT,41.88409994829416,-87.62731211459803,ALLEY,False,False,D-01,W-17
CR-2023-005190,2024-07-20 16:37:50,BATTERY,AGGRAVATED BATTERY,41.9953821711605,-87.63630221863501,PARK,True,False,D-01,W-40
CR-2024-005221,2023-03-17 07:54:37,BATTERY,AGGRAVATED BATTERY,41.776724619417045,-87.64357807078311,APARTMENT,True,False,D-04,W-02
CR-2025-000500,2025-10-25 22:54:45,MOTOR VEHICLE THEFT,MOTORCYCLE,41.81388388591465,-87.60588415792719,PARK,False,False,D-01,W-22
CR-2023-004794,2025-03-16 10:55:02,NARCOTICS,SALE/MANUFACTURE,41.72742098790769,-87.60903746655232,COMMERCIAL BUILDING,True,False,D-06,W-32
CR-2025-002696,2024-02-05 20:38:31,CRIMINAL DAMAGE,TO VEHICLE,41.87964287866899,-87.6275598713341,COMMERCIAL BUILDING,True,False,D-04,W-22
CR-2023-003615,2024-02-03 23:48:51,BATTERY,SIMPLE BATTERY,41.927617776632644,-87.62154903889527,RESIDENCE,False,False,D-15,W-33
CR-2023-003492,2023-10-06 01:29:23,BURGLARY,FORCIBLE ENTRY,41.92331678026009,-87.66640033403088,PARKING LOT,False,False,D-01,W-16
CR-2024-002737,2025-10-26 16:06:04,CRIMINAL DAMAGE,TO VEHICLE,41.774653691058056,-87.58808150095425,RESIDENCE,False,False,D-04,W-34
CR-2024-004015,2023-03-14 17:59:53,BATTERY,DOMESTIC BATTERY,41.8718762558282,-87.60727070552217,APARTMENT,True,False,D-08,W-30
CR-2025-000635,2024-08-10 10:05:26,NARCOTICS,SALE/MANUFACTURE,41.900243582170695,-87.71593551382367,PARK,True,False,D-15,W-12
CR-2023-002514,2025-03-16 00:12:17,ASSAULT,AGGRAVATED ASSAULT,41.89742113587279,-87.62958236501106,APARTMENT,False,False,D-03,W-41
CR-2023-001752,2024-12-16 13:56:04,ROBBERY,,41.93836431614377,-87.68274931095767,COMMERCIAL BUILDING,True,False,D-15,W-16
CR-2024-003949,2024-11-05 22:28:49,ROBBERY,ARMED ROBBERY,41.921597502086904,-87.6650135748915,STREET,False,False,D-02,W-03
CR-2024-004411,2023-07-02 02:16:09,ROBBERY,STRONGARM ROBBERY,41.95370327845493,-87.66827997040946,COMMERCIAL BUILDING,False,False,D-13,W-09
CR-2024-000172,2023-09-06 00:49:14,ASSAULT,SIMPLE ASSAULT,41.76712404235954,-87.62319875156606,PARKING LOT,False,False,D-02,W-38
CR-2024-004786,2025-09-11 09:02:45,BURGLARY,COMMERCIAL,41.87075878648259,-87.67097949330508,SIDEWALK,False,False,D-03,W-17
CR-2023-001593,2023-10-03 05:04:16,CRIMINAL DAMAGE,TO VEHICLE,41.86014817030361,-87.61639453465916,SIDEWALK,False,False,D-02,W-12
CR-2024-001270,2025-05-07 14:24:38,ASSAULT,SIMPLE ASSAULT,41.934208402905014,-87.6804700982135,PARK,False,False,D-10,W-34
CR-2024-005968,2023-07-30 13:14:43,THEFT,GRAND THEFT,41.79869363185022,-87.64329757124526,RESIDENCE,False,False,D-13,W-40
CR-2024-000220,2024-06-06 00:45:59,ASSAULT,SIMPLE ASSAULT,41.883860981734095,-87.63029042122142,PARKING LOT,False,False,D-11,W-40
CR-2025-003434,2025-12-02 08:13:17,MOTOR VEHICLE THEFT,TRUCK,41.87112200760354,-87.7507022538243,COMMERCIAL BUILDING,False,False,D-05,W-20
CR-2024-000367,2023-02-05 08:03:09,ROBBERY,STRONGARM ROBBERY,41.80462889093314,-87.61718506293968,RESIDENCE,False,False,D-06,W-27
CR-2023-004560,2025-07-27 08:50:55,ASSAULT,SIMPLE ASSAULT,41.724100533593,-87.66455586253768,RESIDENCE,False,True,D-14,W-27
CR-2023-005589,2024-06-19 02:15:05,BURGLARY,RESIDENTIAL,41.76985707530457,-87.62453325561953,PARK,False,False,D-07,W-07
CR-2024-004936,2025-04-18 23:44:42,NARCOTICS,SALE/MANUFACTURE,41.87330139082996,-87.60893749677736,ALLEY,True,False,D-07,W-17
CR-2024-004819,2024-04-05 22:52:25,ROBBERY,STRONGARM ROBBERY,41.868933724062856,-87.63341086455983,ALLEY,False,False,D-04,W-19
CR-2025-002693,2023-08-31 08:15:26,THEFT,FROM BUILDING,41.97542031504974,-87.68555057930597,APARTMENT,False,False,D-02,W-08
CR-2023-001515,2024-01-09 22:51:02,BATTERY,DOMESTIC BATTERY,41.89863345293174,-87.66846496824667,APARTMENT,True,True,D-05,W-07
CR-2023-001392,2024-03-28 01:06:37,ROBBERY,STRONGARM ROBBERY,41.9386559415761,-87.66233842635633,COMMERCIAL BUILDING,False,False,D-09,W-19
CR-2024-004204,2025-06-24 02:30:14,CRIMINAL DAMAGE,GRAFFITI,41.935858143504554,-87.65611835070389,STREET,False,False,D-12,W-29
CR-2024-004282,2023-11-06 04:10:55,BATTERY,AGGRAVATED BATTERY,41.84278275615956,-87.62952621308716,STREET,True,False,D-01,W-45
CR-2023-002547,2024-03-26 11:21:26,ROBBERY,ARMED ROBBERY,41.87852802550938,-87.73312654792285,STREET,False,False,D-11,W-49
CR-2023-002739,2024-05-27 13:54:07,ASSAULT,AGGRAVATED ASSAULT,41.87086529643596,-87.61331524963838,PARKING LOT,False,True,D-08,W-38
CR-2024-001087,2025-07-18 12:33:30,CRIMINAL DAMAGE,TO VEHICLE,41.86557285647555,-87.59845691917458,PARK,False,False,D-13,W-39
CR-2023-005868,2023-08-01 18:23:44,NARCOTICS,POSSESSION OF COCAINE,41.770400406941214,-87.58017638615001,ALLEY,True,False,D-08,W-12
CR-2025-003350,2023-04-09 19:17:54,NARCOTICS,SALE/MANUFACTURE,41.89596636024719,-87.63200280281883,RESIDENCE,True,False,D-12,W-39
CR-2023-005940,2024-06-10 00:43:38,ASSAULT,SIMPLE ASSAULT,41.950066907019504,-87.66196760111215,PARKING LOT,False,True,D-15,W-43
CR-2024-003205,2025-02-01 05:22:53,ASSAULT,AGGRAVATED ASSAULT,41.78988715120021,-87.63145774618637,RESIDENCE,False,False,D-12,W-18
CR-2023-004884,2023-09-13 19:19:42,OTHER OFFENSE,DUPLICATE ID TEST RECORD,41.89325856890573,-87.75882795237965,RESIDENCE,False,False,D-03,W-12
CR-2025-001391,2023-12-09 10:41:31,BURGLARY,RESIDENTIAL,41.860051987169165,-87.64543066618364,PARKING LOT,False,False,D-02,W-46
CR-2025-003452,2023-06-23 21:41:23,MOTOR VEHICLE THEFT,TRUCK,41.769719901644706,-87.62181090237083,PARK,False,False,D-12,W-16
CR-2023-003081,2025-11-04 00:29:20,THEFT,RETAIL THEFT,41.92337601726732,-87.68595036553658,APARTMENT,False,False,D-08,W-16
CR-2024-001543,2024-09-30 23:28:27,BATTERY,DOMESTIC BATTERY,41.947268230222,-87.63092058420412,COMMERCIAL BUILDING,True,False,D-05,W-47
CR-2024-001747,2023-03-23 04:54:26,BURGLARY,RESIDENTIAL,41.885772493630434,-87.6007726893991,PARK,False,False,D-06,W-22
CR-2024-004699,2025-02-11 22:24:34,BURGLARY,FORCIBLE ENTRY,41.937740125611484,-87.64250194085696,ALLEY,False,False,D-15,W-07
CR-2025-003035,2024-09-04 11:44:37,ASSAULT,AGGRAVATED ASSAULT,41.88674677017684,-87.6524283395232,APARTMENT,False,False,D-03,W-42
CR-2024-003583,2023-04-21 16:07:13,ROBBERY,ARMED ROBBERY,41.82634718231647,-87.63184531346035,RESIDENCE,True,False,D-02,W-34
CR-2024-001255,2023-02-13 16:31:42,THEFT,FROM BUILDING,41.88532799092578,-87.62159102803933,COMMERCIAL BUILDING,True,False,D-07,W-04
CR-2023-001845,2024-08-27 01:57:23,MOTOR VEHICLE THEFT,AUTOMOBILE,41.886100388670584,-87.61720797243223,RESIDENCE,False,False,D-04,W-22
CR-2024-000184,2025-09-15 22:41:10,NARCOTICS,POSSESSION OF HEROIN,41.87956514147824,-87.64139514675783,PARKING LOT,True,False,D-12,W-36
CR-2024-004231,2024-06-28 21:15:12,ROBBERY,ARMED ROBBERY,41.88497583514936,-87.64637162010463,SIDEWALK,False,False,D-12,W-34
CR-2025-003590,2025-05-03 06:22:43,MOTOR VEHICLE THEFT,AUTOMOBILE,41.9546888918175,-87.66247916770358,ALLEY,True,False,D-14,W-38
CR-2024-001450,2023-07-16 01:45:53,ASSAULT,AGGRAVATED ASSAULT,41.87741731632048,-87.63616354500097,STREET,True,True,D-10,W-46
CR-2024-005542,2025-10-25 08:52:30,BURGLARY,RESIDENTIAL,41.9748668184498,-87.65596136002723,APARTMENT,False,False,D-14,W-29
CR-2024-002482,2024-11-16 03:33:43,ASSAULT,AGGRAVATED ASSAULT,41.76250780701346,-87.63489278112142,RESIDENCE,True,True,D-15,W-44
CR-2024-002089,2025-12-28 13:22:37,ROBBERY,ARMED ROBBERY,41.98466815397031,-87.66215757723114,PARKING LOT,False,False,D-10,W-18
CR-2025-005102,2024-08-05 23:12:26,ASSAULT,AGGRAVATED ASSAULT,41.94838783035355,-87.63136745758345,COMMERCIAL BUILDING,False,True,D-03,W-47
CR-2024-001390,2023-06-18 10:03:26,OTHER OFFENSE,DUPLICATE ID TEST RECORD,41.89121775611199,-87.63954647840272,ALLEY,True,False,D-06,W-22
CR-2023-000345,2025-07-17 01:03:59,ASSAULT,SIMPLE ASSAULT,41.76987584585452,-87.6000167549159,PARK,False,True,D-04,W-47
CR-2024-003658,2024-03-12 02:01:14,NARCOTICS,POSSESSION OF COCAINE,41.864176700489786,-87.61114857582847,SIDEWALK,True,False,D-01,W-35
CR-2025-001616,2024-11-28 07:37:40,THEFT,FROM BUILDING,41.86203721371974,-87.6011287136929,PARKING LOT,False,False,D-09,W-01
CR-2023-001725,2024-01-12 04:28:23,ROBBERY,ARMED ROBBERY,41.93884708834792,-87.68040270743947,PARK,False,True,D-11,W-30
CR-2023-005496,2023-04-17 12:25:29,ASSAULT,AGGRAVATED ASSAULT,41.76403317532095,-87.63956421047554,APARTMENT,False,True,D-02,W-36
CR-2025-000125,2023-06-02 21:00:26,ASSAULT,,41.859186740684976,-87.61603207079418,RESIDENCE,True,False,D-06,W-04
CR-2025-002165,2025-03-14 17:52:10,NARCOTICS,SALE/MANUFACTURE,41.962027246531505,-87.6783738456268,PARKING LOT,False,False,D-13,W-04
CR-2025-001970,2023-04-07 23:09:43,ASSAULT,SIMPLE ASSAULT,41.95598306237452,-87.63069555648698,PARKING LOT,False,False,D-12,W-30
CR-2023-001209,2025-10-13 23:52:29,NARCOTICS,POSSESSION OF HEROIN,41.7886673980232,-87.66216180320778,ALLEY,False,False,D-15,W-10
CR-2025-000749,2024-04-11 23:44:41,CRIMINAL DAMAGE,TO PROPERTY,41.89346093788718,-87.62091209576198,STREET,False,False,D-10,W-28
CR-2025-004433,2024-03-10 08:24:03,MOTOR VEHICLE THEFT,MOTORCYCLE,41.78584956100547,-87.65018684726414,PARK,False,False,D-04,W-27
CR-2025-002987,2025-05-07 22:05:47,BURGLARY,COMMERCIAL,41.88480472575515,-87.63937878737718,RESIDENCE,False,False,D-11,W-14
CR-2025-001328,2025-06-29 04:51:07,THEFT,PETTY THEFT,41.9265613219921,-87.63749504998327,RESIDENCE,False,False,D-03,W-01
CR-2023-003186,2025-11-18 17:39:01,CRIMINAL DAMAGE,TO PROPERTY,41.80687236494827,-87.59713928933282,APARTMENT,False,False,D-12,W-10
CR-2025-002954,2023-10-12 14:13:50,MOTOR VEHICLE THEFT,AUTOMOBILE,41.82068368938594,-87.65153439199743,PARKING LOT,True,False,D-03,W-42
CR-2024-003196,2023-04-22 02:46:44,THEFT,PETTY THEFT,41.8542478725398,-87.63976976646254,PARKING LOT,False,False,D-07,W-30
CR-2025-001310,2023-05-07 11:16:19,BATTERY,SIMPLE BATTERY,41.88866759809738,-87.61796414968937,PARKING LOT,True,False,D-01,W-46
CR-2023-004878,2025-04-09 08:24:16,NARCOTICS,POSSESSION OF HEROIN,41.963871154124135,-87.6652141189315,COMMERCIAL BUILDING,True,False,D-01,W-14
CR-2023-001932,2025-08-19 03:09:49,THEFT,PETTY THEFT,41.94096284235442,-87.6698692324336,STREET,False,False,D-07,W-41
CR-2023-001068,2024-07-19 04:49:45,BATTERY,AGGRAVATED BATTERY,41.87962784442893,-87.60656469772758,ALLEY,False,True,D-11,W-17
CR-2024-000259,2025-08-27 17:49:25,BATTERY,SIMPLE BATTERY,41.87958998458144,-87.61852919314943,RESIDENCE,True,False,D-07,W-20
CR-2024-004255,2025-07-06 23:17:35,CRIMINAL DAMAGE,TO PROPERTY,41.87814590175108,-87.6210306557127,APARTMENT,False,False,D-01,W-29
CR-2025-005726,2025-01-31 00:36:30,BURGLARY,COMMERCIAL,41.733581800873175,-87.65481333190525,COMMERCIAL BUILDING,False,False,D-08,W-08
CR-2023-000363,2025-12-11 10:37:48,NARCOTICS,POSSESSION OF HEROIN,41.878376508995984,-87.62458627441958,SIDEWALK,True,False,D-12,W-37
CR-2024-003904,2025-06-17 16:18:36,CRIMINAL DAMAGE,TO VEHICLE,41.981185130334836,-87.69375543544125,APARTMENT,False,False,D-12,W-20
CR-2023-002901,2024-04-28 02:17:43,THEFT,FROM BUILDING,41.94018963034541,-87.61892202935599,ALLEY,False,False,D-11,W-41
CR-2024-004096,2025-01-29 21:44:34,ROBBERY,STRONGARM ROBBERY,41.7771290788021,-87.62672187831868,PARKING LOT,False,False,D-15,W-05
CR-2023-000066,2025-08-29 02:05:05,NARCOTICS,POSSESSION OF HEROIN,41.752342407156846,-87.61716018923413,PARKING LOT,False,False,D-10,W-36
CR-2025-000770,2025-01-28 01:06:43,CRIMINAL DAMAGE,TO VEHICLE,41.87768727642425,-87.60321622604995,STREET,False,False,D-02,W-15
CR-2024-002827,2023-11-09 18:18:54,NARCOTICS,POSSESSION OF COCAINE,41.86483483668309,-87.74140439378792,SIDEWALK,True,False,D-02,W-28
CR-2023-002805,2024-07-18 06:14:56,THEFT,FROM BUILDING,41.79538828673973,-87.58483720499181,PARK,False,False,D-13,W-41
CR-2024-001942,2023-11-27 12:53:21,ROBBERY,STRONGARM ROBBERY,41.94711844471703,-87.64457418180966,RESIDENCE,True,False,D-02,W-15
CR-2024-005332,2025-10-13 06:14:20,THEFT,GRAND THEFT,41.888264556528874,-87.62991511095527,PARK,False,False,D-10,W-45
CR-2024-003643,2025-08-19 20:16:01,ASSAULT,SIMPLE ASSAULT,41.89422832311773,-87.61409085387162,RESIDENCE,False,True,D-15,W-38
CR-2023-002589,2025-07-27 12:57:03,CRIMINAL DAMAGE,TO PROPERTY,41.945902262293,-87.65498604408084,STREET,False,False,D-13,W-44
CR-2023-002766,2024-10-30 00:53:06,NARCOTICS,POSSESSION OF HEROIN,41.897832624364106,-87.62664255551618,APARTMENT,True,False,D-15,W-18
CR-2025-003503,2023-11-17 01:04:50,BURGLARY,RESIDENTIAL,41.81909787652798,-87.59516365880947,RESIDENCE,False,False,D-10,W-23
CR-2024-003613,2023-09-06 07:24:53,BATTERY,SIMPLE BATTERY,41.947252050724266,-87.65631601577239,PARKING LOT,True,False,D-05,W-08
CR-2023-001461,2023-09-13 23:42:27,CRIMINAL DAMAGE,,41.8770954486699,-87.72805538718795,PARKING LOT,False,False,D-02,W-26
CR-2025-002120,2023-05-12 22:41:59,ASSAULT,SIMPLE ASSAULT,41.911562044540844,-87.63745864800536,STREET,False,True,D-07,W-28
CR-2023-004899,2025-11-28 19:43:22,ROBBERY,ARMED ROBBERY,41.94609623342447,-87.67896171030499,SIDEWALK,False,False,D-14,W-24
CR-2025-001805,2025-01-09 14:19:25,ASSAULT,SIMPLE ASSAULT,41.77975068527681,-87.626215684954,STREET,False,,D-12,W-31
CR-2024-000205,2025-02-07 20:34:39,THEFT,PETTY THEFT,41.796690371952224,-87.65711605229595,STREET,True,False,D-08,W-25
CR-2025-004241,2024-07-14 02:13:56,NARCOTICS,POSSESSION OF COCAINE,41.82671720335892,-87.66212114452333,RESIDENCE,True,False,D-01,W-25
CR-2024-003307,2023-01-31 00:52:13,ROBBERY,ARMED ROBBERY,41.889612190168314,-87.62982571230503,STREET,False,False,D-11,W-06
CR-2025-001124,2025-03-05 20:55:25,BURGLARY,FORCIBLE ENTRY,41.87526319413835,-87.61597524832113,COMMERCIAL BUILDING,False,False,D-11,W-12
CR-2025-003695,2024-06-16 01:55:31,BURGLARY,FORCIBLE ENTRY,41.97405589937678,-87.65373985163042,PARK,False,False,D-14,W-15
CR-2023-004356,2023-09-23 02:31:15,ASSAULT,SIMPLE ASSAULT,41.92504269385417,-87.66186750518834,APARTMENT,False,False,D-14,W-47
CR-2023-003036,2025-09-06 21:19:28,NARCOTICS,POSSESSION OF HEROIN,41.952099411501464,-87.64624487295846,ALLEY,False,False,D-04,W-05
CR-2025-003527,2025-02-21 00:11:35,MOTOR VEHICLE THEFT,TRUCK,41.88024485952214,-87.65569015928,PARK,False,False,D-09,W-06
CR-2023-004359,2023-02-12 18:29:59,BURGLARY,RESIDENTIAL,41.79198309456822,-87.6490147585587,APARTMENT,False,False,D-02,W-43
CR-2024-004084,2023-02-07 07:13:14,MOTOR VEHICLE THEFT,MOTORCYCLE,41.93333592436818,-87.65757184323404,COMMERCIAL BUILDING,True,False,D-12,W-01
CR-2023-004230,2024-11-22 19:29:29,ROBBERY,ARMED ROBBERY,41.86684384808368,-87.66223048449892,SIDEWALK,False,False,D-13,W-21
CR-2025-004532,2023-02-13 07:19:51,BATTERY,AGGRAVATED BATTERY,41.957527119462654,-87.66264149292036,STREET,True,True,D-10,W-12
CR-2023-005307,2023-09-30 20:58:20,BATTERY,DOMESTIC BATTERY,41.95203562465174,-87.64941162044632,PARK,True,False,D-15,W-30
CR-2023-001083,2024-10-25 04:42:04,CRIMINAL DAMAGE,TO PROPERTY,41.86593713733185,-87.64866366788372,STREET,False,False,D-07,W-15
CR-2025-002018,2023-03-31 13:31:17,NARCOTICS,POSSESSION OF HEROIN,41.79182366289371,-87.63453783157381,APARTMENT,True,,D-01,W-18
CR-2025-005783,2023-06-17 02:49:51,NARCOTICS,SALE/MANUFACTURE,41.95209537300498,-87.66025832051486,STREET,True,False,D-14,W-23
CR-2023-002760,2024-10-12 20:12:43,BURGLARY,RESIDENTIAL,41.86691086810287,-87.63972312163773,PARK,False,False,D-11,W-05
CR-2024-004876,2023-04-15 17:49:53,CRIMINAL DAMAGE,,41.926886990328505,-87.64856833909082,STREET,True,False,D-02,W-25
CR-2025-002270,2023-11-06 12:19:02,ASSAULT,SIMPLE ASSAULT,41.92759612560368,-87.61639609851446,ALLEY,False,True,D-07,W-31
CR-2025-000047,2024-05-05 22:35:00,NARCOTICS,POSSESSION OF HEROIN,41.87221837770302,-87.65175272422198,ALLEY,True,False,D-14,W-10
CR-2024-003421,2024-04-11 15:44:27,BATTERY,AGGRAVATED BATTERY,41.98582148964616,-87.67231768178077,COMMERCIAL BUILDING,False,False,D-14,W-32
CR-2024-005956,2024-12-27 12:39:09,ASSAULT,SIMPLE ASSAULT,41.775525244300574,-87.64694097844027,ALLEY,False,True,D-01,W-15
CR-2024-001957,2023-07-31 17:59:32,CRIMINAL DAMAGE,,41.918419680790834,-87.6571368952867,RESIDENCE,False,False,D-11,W-28
CR-2025-004529,2023-01-13 23:37:40,ASSAULT,SIMPLE ASSAULT,41.74184421440807,-87.60020836042382,PARK,False,True,D-05,W-42
CR-2023-005580,2024-11-02 22:02:53,THEFT,RETAIL THEFT,41.97490009309891,-87.67474670007633,SIDEWALK,False,False,D-12,W-07
CR-2024-000754,2023-09-02 10:25:36,NARCOTICS,POSSESSION OF COCAINE,41.87942610329438,-87.60763704878417,PARK,True,False,D-02,W-20
CR-2023-004521,2025-06-25 00:44:19,ASSAULT,SIMPLE ASSAULT,41.884149494062505,-87.65718486993497,PARKING LOT,False,True,D-12,W-48
CR-2024-002707,2023-06-07 02:13:14,THEFT,PETTY THEFT,41.93421137685343,-87.6424080913517,COMMERCIAL BUILDING,False,False,D-07,W-42
CR-2023-004773,2025-11-29 20:12:45,ROBBERY,STRONGARM ROBBERY,41.888169052050586,-87.61860964070526,ALLEY,False,False,D-10,W-31
CR-2025-004196,2025-08-28 19:46:27,BURGLARY,FORCIBLE ENTRY,41.90171220179049,-87.63498860921001,SIDEWALK,True,False,D-14,W-08
CR-2024-002137,2024-04-19 20:31:18,CRIMINAL DAMAGE,TO PROPERTY,41.72835503400095,-87.63153201796754,APARTMENT,False,False,D-01,W-36
CR-2025-004481,2023-08-08 21:31:38,THEFT,PETTY THEFT,41.881951748859876,-87.63322708815714,APARTMENT,True,False,D-08,W-41
CR-2025-000977,2023-01-27 16:46:42,ROBBERY,STRONGARM ROBBERY,41.869165080589354,-87.60918342860244,STREET,False,False,D-06,W-46
CR-2024-004756,2023-11-06 05:42:15,ASSAULT,AGGRAVATED ASSAULT,41.96798519488574,-87.66029311076437,STREET,False,False,D-11,W-09
CR-2023-002682,2025-07-31 19:29:34,ROBBERY,ARMED ROBBERY,41.8752463873338,-87.65226170002909,PARKING LOT,False,False,D-01,W-02
CR-2024-002473,2025-03-12 20:09:43,BURGLARY,RESIDENTIAL,41.76040572090068,-87.66236526517277,COMMERCIAL BUILDING,False,False,D-12,W-41
CR-2025-004583,2023-05-24 06:52:41,THEFT,PETTY THEFT,41.85928966021358,-87.64478404564369,ALLEY,False,False,D-05,W-01
CR-2025-001694,2025-07-21 18:53:22,MOTOR VEHICLE THEFT,MOTORCYCLE,41.89102454186747,-87.6277140940202,PARKING LOT,True,False,D-14,W-10
CR-2025-001010,2024-08-24 20:47:10,MOTOR VEHICLE THEFT,,41.878998989454,-87.62563934593064,COMMERCIAL BUILDING,False,False,D-15,W-31
CR-2024-002347,2024-06-03 04:59:18,CRIMINAL DAMAGE,GRAFFITI,41.77412819451117,-87.6339548919095,PARK,False,,D-12,W-19
CR-2024-005311,2025-11-19 01:01:12,PETTY THEFT,COMMERCIAL,41.88883004661509,-87.70255033744894,RESIDENCE,False,False,D-02,W-09
CR-2023-001446,2025-06-25 02:03:52,ASSAULT,AGGRAVATED ASSAULT,41.88962310824948,-87.62656905241816,SIDEWALK,False,False,D-15,W-44
CR-2023-003627,2024-06-12 08:34:51,ROBBERY,STRONGARM ROBBERY,41.88888752999534,-87.60250342319031,PARKING LOT,True,,D-12,W-17
CR-2025-004088,2025-06-07 19:50:15,CRIMINAL DAMAGE,,41.90210146770231,-87.60687502654771,ALLEY,True,False,D-01,W-40
CR-2024-001399,2023-08-25 07:01:52,ROBBERY,ARMED ROBBERY,41.87270555491322,-87.62528338991213,PARK,False,False,D-11,W-34
CR-2025-003962,2024-06-01 01:22:58,THEFT,RETAIL THEFT,41.77094603745955,-87.61398167462137,RESIDENCE,False,False,D-10,W-43
CR-2025-000203,2024-09-18 05:02:19,BURGLARY,COMMERCIAL,41.75220948926543,-87.63255948712553,PARKING LOT,False,False,D-03,W-22
CR-2025-002699,2023-05-31 22:49:25,MOTOR VEHICLE THEFT,TRUCK,41.731580945560246,-87.62121272853005,PARKING LOT,False,False,D-15,W-22
CR-2024-001489,2023-06-20 23:32:31,CRIMINAL DAMAGE,,41.886252190680054,-87.62680284349422,ALLEY,False,False,D-10,W-05
CR-2025-004124,2023-08-29 09:59:45,THEFT,RETAIL THEFT,41.86333457297707,-87.612087313089,RESIDENCE,False,False,D-13,W-13
CR-2025-002867,2024-03-22 03:22:10,BURGLARY,COMMERCIAL,41.936918348458256,-87.66092250969776,PARK,False,False,D-02,W-48
CR-2024-000610,2025-06-15 21:12:47,ASSAULT,AGGRAVATED ASSAULT,41.749210039524264,-87.62125448224432,APARTMENT,True,True,D-11,W-07
CR-2023-003195,2024-12-24 05:42:08,MOTOR VEHICLE THEFT,TRUCK,41.90956282681241,-87.65537608267341,PARK,False,False,D-08,W-10
CR-2023-003165,2025-10-08 05:55:22,ROBBERY,STRONGARM ROBBERY,41.904327547210215,-87.7513471485866,RESIDENCE,True,False,D-15,W-48
CR-2025-005771,2023-05-31 01:39:35,ROBBERY,ARMED ROBBERY,41.78578490585358,-87.60615720869144,RESIDENCE,False,False,D-02,W-35
CR-2024-001207,2025-10-31 12:03:12,ASSAULT,SIMPLE ASSAULT,41.898917906403184,-87.72201308440513,APARTMENT,True,False,D-14,W-38
CR-2024-003145,2023-05-15 02:08:39,OTHER OFFENSE,DUPLICATE ID TEST RECORD,41.772864235881876,-87.59233043607753,STREET,False,False,D-15,W-44
CR-2025-001430,2024-10-16 22:28:37,CRIMINAL DAMAGE,TO PROPERTY,41.76561964263481,-87.6169030837203,SIDEWALK,False,False,D-10,W-08
CR-2023-001842,2025-06-26 13:54:12,BURGLARY,COMMERCIAL,41.96046189369898,-87.67231070557494,COMMERCIAL BUILDING,False,False,D-13,W-23
CR-2025-001973,2025-07-23 23:07:34,THEFT,RETAIL THEFT,41.8902773382531,-87.71919264753942,COMMERCIAL BUILDING,False,False,D-01,W-16
CR-2024-005464,not-a-valid-date-string,PETTY THEFT,STRONGARM ROBBERY,41.8617774905242,-87.73066052323267,PARK,False,False,D-15,W-08
CR-2025-000314,2023-04-21 02:11:45,MOTOR VEHICLE THEFT,MOTORCYCLE,41.878935873684334,-87.61338712722294,PARKING LOT,False,False,D-11,W-35
CR-2023-004281,2023-08-04 05:36:00,THEFT,PETTY THEFT,41.802100391478795,-87.62378770073562,RESIDENCE,False,False,D-05,W-07
CR-2023-001125,2023-08-17 19:59:27,ASSAULT,SIMPLE ASSAULT,41.87618676319434,-87.60713267604629,RESIDENCE,True,False,D-01,W-19
CR-2025-005570,2023-11-03 06:57:18,BURGLARY,COMMERCIAL,41.74976396184447,-87.59223345023369,APARTMENT,True,False,D-06,W-07
CR-2023-002403,2023-06-21 00:06:27,NARCOTICS,POSSESSION OF COCAINE,41.76042428354942,-87.61269174154559,PARKING LOT,True,False,D-15,W-47
CR-2023-004245,2025-07-03 20:15:57,BURGLARY,COMMERCIAL,41.89709991879798,-87.64436593043662,STREET,False,False,D-11,W-13
CR-2025-003968,2024-05-13 16:14:13,BATTERY,SIMPLE BATTERY,41.72343575085122,-87.56853055551717,SIDEWALK,True,,D-04,W-06
CR-2023-004734,2023-06-19 23:52:51,BATTERY,SIMPLE BATTERY,41.76177969725653,-87.63135672676913,PARKING LOT,True,False,D-03,W-17
CR-2025-001892,2025-08-14 21:33:50,BATTERY,AGGRAVATED BATTERY,41.88895865754384,-87.73680993477075,STREET,True,False,D-02,W-37
CR-2023-000111,2025-08-11 09:43:32,BURGLARY,FORCIBLE ENTRY,41.88839390285562,-87.65399073806785,SIDEWALK,False,False,D-03,W-31
CR-2023-005433,2024-03-15 20:09:22,NARCOTICS,POSSESSION OF HEROIN,41.88076547068686,-87.64171988776219,APARTMENT,False,False,D-11,W-04
CR-2024-004168,2023-04-17 20:14:38,BATTERY,DOMESTIC BATTERY,41.92899457348184,-87.68235731777928,PARKING LOT,True,True,D-13,W-26
CR-2023-001701,2024-01-25 21:09:56,BURGLARY,RESIDENTIAL,41.88411867116796,-87.72867921362231,PARKING LOT,False,False,D-07,W-50
CR-2023-001215,2025-08-24 00:28:43,ROBBERY,ARMED ROBBERY,41.95969211851787,-87.67569328677384,ALLEY,False,False,D-15,W-24
CR-2024-004219,2023-12-12 23:17:19,ASSAULT,SIMPLE ASSAULT,41.778296772238626,-87.61623498273974,ALLEY,False,False,D-03,W-22
CR-2023-000309,2025-06-27 16:30:57,ASSAULT,SIMPLE ASSAULT,41.88531513847605,-87.62644173963582,PARK,False,False,D-13,W-21
CR-2025-004028,2025-07-23 03:18:45,ROBBERY,ARMED ROBBERY,41.87928571703226,-87.63412234045767,COMMERCIAL BUILDING,False,False,D-01,W-47
CR-2025-005267,2023-04-20 14:48:55,THEFT,RETAIL THEFT,41.85375537556995,-87.6480019504023,PARK,False,True,D-03,W-18
CR-2024-003568,2025-06-29 14:24:53,OTHER OFFENSE,DUPLICATE ID TEST RECORD,41.8688544907221,-87.73790118873634,APARTMENT,True,False,D-14,W-34
CR-2024-001900,2023-06-10 02:53:13,ASSAULT,SIMPLE ASSAULT,41.85727186169254,-87.65380406656756,SIDEWALK,True,False,D-04,W-44
CR-2023-005583,2023-06-23 02:44:00,BATTERY,DOMESTIC BATTERY,41.85904267631628,-87.61535160199159,SIDEWALK,False,False,D-04,W-40
CR-2024-002338,2025-04-19 06:21:44,BURGLARY,RESIDENTIAL,41.88849153547773,-87.61321250400559,PARKING LOT,True,False,D-06,W-14
CR-2023-005811,2025-05-19 23:16:28,ROBBERY,ARMED ROBBERY,41.87560271623578,-87.64436784803708,PARKING LOT,False,False,D-09,W-09
CR-2023-000327,2025-04-25 12:28:46,ASSAULT,SIMPLE ASSAULT,41.999867196065,-87.65411563131971,PARKING LOT,True,True,D-14,W-08
CR-2024-004174,2024-04-20 08:51:57,BATTERY,SIMPLE BATTERY,41.88685824533427,-87.61053842957232,PARKING LOT,True,True,D-06,W-14
CR-2023-005532,2023-01-23 23:16:05,CRIMINAL DAMAGE,GRAFFITI,41.81067575248578,-87.6371768357716,PARKING LOT,False,False,D-07,W-08
CR-2023-002235,2023-06-02 11:13:31,BURGLARY,RESIDENTIAL,41.95486370964916,-87.62962366280293,PARK,False,False,D-01,W-21
CR-2024-005662,2023-05-04 22:46:27,MOTOR VEHICLE THEFT,MOTORCYCLE,41.9575927463615,-87.63702785564864,PARK,False,False,D-14,W-46
CR-2024-001975,2024-10-09 08:26:14,ROBBERY,STRONGARM ROBBERY,41.791782358040614,-87.64985704525087,STREET,True,False,D-08,W-41
CR-2025-004610,2023-06-24 15:15:32,CRIMINAL DAMAGE,GRAFFITI,41.88239580115933,-87.63262892243722,COMMERCIAL BUILDING,False,False,D-09,W-14
CR-2023-003210,2024-03-01 05:03:46,BATTERY,DOMESTIC BATTERY,41.86104450675279,-87.64212722242632,RESIDENCE,True,False,D-05,W-42
CR-2024-003601,2024-05-27 22:34:34,NARCOTICS,POSSESSION OF HEROIN,41.89029920609097,-87.64245780816138,SIDEWALK,True,False,D-10,W-49
CR-2023-003192,2023-04-14 01:00:53,CRIMINAL DAMAGE,TO VEHICLE,41.95718905380916,-87.62994079025793,PARK,False,False,D-12,W-43
CR-2023-003726,2023-08-10 03:59:40,BATTERY,AGGRAVATED BATTERY,41.927132910003394,-87.63486750471199,ALLEY,False,True,D-08,W-05
CR-2025-005057,2023-07-03 01:08:33,THEFT,RETAIL THEFT,41.77186991011493,-87.62591452166248,RESIDENCE,False,False,D-11,W-49
CR-2025-002501,2023-01-30 15:58:44,BURGLARY,FORCIBLE ENTRY,95.0,-87.66190180383403,STREET,False,True,D-10,W-06
CR-2024-005572,2025-03-26 08:22:29,BURGLARY,FORCIBLE ENTRY,41.901932934565906,-87.7107305541056,COMMERCIAL BUILDING,False,False,D-12,W-19
CR-2025-002660,2023-06-10 10:57:10,BATTERY,AGGRAVATED BATTERY,41.95286561826511,-87.67926784249904,STREET,False,False,D-07,W-03
CR-2023-003234,2023-06-18 00:13:57,ASSAULT,AGGRAVATED ASSAULT,41.886060246845155,-87.6397515423583,ALLEY,False,True,D-12,W-33
CR-2023-000717,2023-02-17 04:26:27,NARCOTICS,POSSESSION OF COCAINE,41.77472195715534,-87.6219355012378,STREET,False,False,D-01,W-37
CR-2025-001211,2023-12-06 22:30:59,ASSAULT,AGGRAVATED ASSAULT,41.94381218511864,-87.65616953899628,STREET,False,False,D-10,W-49
CR-2025-002735,2023-03-11 09:50:26,ASSAULT,SIMPLE ASSAULT,41.90787800655034,-87.72002878495867,ALLEY,False,True,D-14,W-30
CR-2024-000946,2024-05-01 11:17:56,THEFT,FROM BUILDING,41.76799035273684,-87.63174024509816,COMMERCIAL BUILDING,False,False,D-11,W-30
CR-2025-005561,2025-08-05 04:40:18,MOTOR VEHICLE THEFT,TRUCK,41.96154642190239,-87.64901465156397,STREET,False,False,D-08,W-28
CR-2024-002659,2025-08-16 19:25:48,CRIMINAL DAMAGE,TO VEHICLE,41.9445258924039,-87.64449424111929,APARTMENT,False,False,D-10,W-02
CR-2025-003011,2023-07-01 00:48:47,BURGLARY,COMMERCIAL,41.915482759979014,-87.63392682142383,STREET,False,False,D-03,W-34
CR-2025-000035,2025-07-30 22:11:46,BURGLARY,FORCIBLE ENTRY,41.78793489013771,-87.59054908583836,PARK,False,False,D-10,W-18
CR-2023-002421,2023-11-11 16:51:09,THEFT,PETTY THEFT,41.96211179492597,-87.65813297172019,PARKING LOT,True,False,D-10,W-21
CR-2025-003098,2023-11-07 21:51:25,ASSAULT,AGGRAVATED ASSAULT,,,APARTMENT,True,False,D-06,W-32
CR-2023-002100,2023-05-16 15:56:51,NARCOTICS,POSSESSION OF HEROIN,41.88498583002665,-87.74652375132239,APARTMENT,False,False,D-11,W-15
CR-2025-004739,2025-02-12 21:20:55,MOTOR VEHICLE THEFT,MOTORCYCLE,41.8799095214134,-87.61413962305836,APARTMENT,False,False,D-13,W-31
CR-2025-001337,2024-10-01 04:06:36,MOTOR VEHICLE THEFT,MOTORCYCLE,41.92822890631847,-87.69455251383344,SIDEWALK,False,False,D-10,W-24
CR-2024-001603,2024-12-07 03:10:47,BATTERY,AGGRAVATED BATTERY,41.86651010832094,-87.61734712282207,ALLEY,True,False,D-04,W-06
CR-2023-005859,2025-01-22 21:47:11,ROBBERY,ARMED ROBBERY,41.86540402541334,-87.60363845223301,COMMERCIAL BUILDING,True,False,D-14,W-25
CR-2023-001167,2025-03-01 12:31:36,ASSAULT,AGGRAVATED ASSAULT,41.8914557474528,-87.6211719247584,ALLEY,True,True,D-07,W-44
CR-2023-004554,2025-08-09 10:02:05,ROBBERY,STRONGARM ROBBERY,41.901085705738815,-87.62349194941145,PARKING LOT,False,True,D-02,W-18
CR-2024-003667,2024-06-20 18:34:00,MOTOR VEHICLE THEFT,TRUCK,41.88172703107334,-87.62527889395328,RESIDENCE,True,False,D-04,W-07
CR-2025-001316,2025-10-10 21:37:33,ASSAULT,SIMPLE ASSAULT,41.78383230664078,-87.62121728316393,PARK,False,True,D-02,W-22
CR-2025-001223,2025-08-17 04:04:28,BATTERY,,41.95428448258027,-87.65998815600632,STREET,False,False,D-06,W-25
CR-2023-001008,2025-03-01 17:35:22,ASSAULT,AGGRAVATED ASSAULT,41.87583873285641,-87.76296952255932,RESIDENCE,False,True,D-09,W-45
CR-2024-000199,2024-11-09 11:18:29,BATTERY,AGGRAVATED BATTERY,41.876381902321214,-87.6112327553204,ALLEY,True,True,D-02,W-44
CR-2024-000715,2024-10-26 23:09:55,ASSAULT,AGGRAVATED ASSAULT,41.95454813395618,-87.6389852557492,ALLEY,False,True,D-09,W-49
CR-2023-001803,2024-11-20 22:31:46,MOTOR VEHICLE THEFT,TRUCK,41.932802941075565,-87.63366030381499,PARK,False,False,D-09,W-36
CR-2024-005944,2023-09-30 16:50:00,CRIMINAL DAMAGE,GRAFFITI,41.77437981387282,-87.64686660292102,APARTMENT,False,False,D-11,W-19
CR-2023-002955,2025-03-01 01:03:16,MOTOR VEHICLE THEFT,AUTOMOBILE,41.8856860314871,-87.63110051704223,PARKING LOT,False,False,D-13,W-43
CR-2024-003679,2024-06-10 22:33:52,ASSAULT,AGGRAVATED ASSAULT,41.860221879437134,-87.60064706678317,RESIDENCE,True,False,D-03,W-44
CR-2024-000553,2023-03-18 09:43:29,BATTERY,DOMESTIC BATTERY,41.88729160857594,-87.64560123344761,APARTMENT,False,False,D-11,W-10
CR-2023-005322,2024-08-30 11:01:38,NARCOTICS,SALE/MANUFACTURE,41.759206939168365,-87.62334269331892,RESIDENCE,False,False,D-14,W-04
CR-2025-002291,2023-08-21 02:10:46,BURGLARY,RESIDENTIAL,41.878010679361815,-87.61803995831035,SIDEWALK,False,False,D-07,W-29
CR-2024-001462,2025-01-02 00:41:25,ASSAULT,AGGRAVATED ASSAULT,41.88225154472007,-87.72235967286431,RESIDENCE,False,True,D-07,W-28
CR-2023-005415,2025-07-12 11:34:09,CRIMINAL DAMAGE,GRAFFITI,41.89963784696129,-87.62553149814289,APARTMENT,True,False,D-04,W-15
CR-2025-002828,2024-02-22 14:16:27,NARCOTICS,POSSESSION OF COCAINE,41.8041568646709,-87.6301090363878,RESIDENCE,True,False,D-08,W-25
CR-2024-002389,2025-08-13 11:44:59,NARCOTICS,POSSESSION OF HEROIN,41.86167094221736,-87.67745055719794,COMMERCIAL BUILDING,False,False,D-09,W-44
CR-2025-001370,2023-10-14 20:42:47,THEFT,PETTY THEFT,41.88432298250543,-87.62285067204823,APARTMENT,False,False,D-04,W-37
CR-2023-001779,2023-03-22 02:54:19,THEFT,GRAND THEFT,41.946137438949684,-87.68128432726891,STREET,False,False,D-12,W-05
CR-2024-002545,2024-06-07 08:30:15,BATTERY,DOMESTIC BATTERY,41.91198479444396,-87.6694154696619,STREET,True,True,D-13,W-13
CR-2025-001382,2025-02-23 22:29:05,PETTY THEFT,POSSESSION OF COCAINE,41.88515697428468,-87.71213380777297,STREET,True,False,D-04,W-14
CR-2023-003828,2023-02-26 02:08:52,CRIMINAL DAMAGE,TO PROPERTY,41.81689880014786,-87.68239499621838,PARK,False,False,D-04,W-19
CR-2023-003960,2023-06-15 22:14:49,BURGLARY,FORCIBLE ENTRY,41.897759088692204,-87.61223347042495,PARK,False,False,D-03,W-15
CR-2025-002201,not-a-valid-date-string,ROBBERY,ARMED ROBBERY,41.864910758263825,-87.62457107320209,RESIDENCE,True,False,D-05,W-40
CR-2024-001897,2024-12-30 00:51:47,BATTERY,SIMPLE BATTERY,41.94855760369389,-87.66181222104296,STREET,True,True,D-02,W-24
CR-2025-005735,2024-05-05 15:46:42,ASSAULT,SIMPLE ASSAULT,41.97413894572233,-87.65779096959372,PARKING LOT,False,,D-04,W-35
CR-2025-000404,2025-06-20 01:03:14,ASSAULT,SIMPLE ASSAULT,41.97351512251147,-87.67319214604439,RESIDENCE,False,False,D-15,W-32
CR-2023-002778,2023-01-13 21:53:42,ROBBERY,STRONGARM ROBBERY,41.9499115274534,-87.63432271716249,PARKING LOT,False,False,D-05,W-18
CR-2025-004697,2025-11-23 13:41:43,PETTY THEFT,MOTORCYCLE,41.95179949079498,-87.64126353918913,STREET,True,False,D-15,W-36
CR-2025-000503,2023-04-21 22:41:10,ASSAULT,AGGRAVATED ASSAULT,41.8012798305007,-87.61312070495795,SIDEWALK,False,True,D-13,W-48
CR-2023-000780,2023-05-22 05:19:43,NARCOTICS,POSSESSION OF HEROIN,41.87777949058478,-87.64100817518722,APARTMENT,False,False,D-12,W-06
CR-2024-003874,2025-11-29 20:54:13,CRIMINAL DAMAGE,TO PROPERTY,41.88904729043402,-87.60892118668481,APARTMENT,False,False,D-04,W-25
CR-2025-004982,2023-11-08 01:26:13,CRIMINAL DAMAGE,GRAFFITI,41.81862868254091,-87.61647176809839,RESIDENCE,False,False,D-11,W-30
CR-2025-004133,2023-03-13 14:46:19,BATTERY,SIMPLE BATTERY,41.89064726206948,-87.64581583865558,SIDEWALK,True,False,D-03,W-32
CR-2023-000924,2023-09-12 01:23:28,THEFT,PETTY THEFT,41.96778914401053,-87.64675611276256,ALLEY,False,False,D-03,W-02
CR-2025-004493,2025-08-26 02:07:39,ASSAULT,AGGRAVATED ASSAULT,41.86792498055997,-87.63901215296872,SIDEWALK,True,False,D-12,W-32
CR-2025-005405,2024-07-28 02:25:32,THEFT,RETAIL THEFT,41.86740211543451,-87.62640543688383,PARKING LOT,False,True,D-04,W-35
CR-2023-000978,2023-05-05 14:32:02,NARCOTICS,POSSESSION OF COCAINE,41.84606488679032,-87.58273377199511,STREET,True,False,D-02,W-04
CR-2024-002362,2023-03-28 17:31:47,NARCOTICS,POSSESSION OF COCAINE,41.776877066558434,-87.70826064339695,SIDEWALK,True,False,D-15,W-20
CR-2023-005160,2025-04-14 11:39:12,CRIMINAL DAMAGE,TO VEHICLE,41.785200094030046,-87.61402289536764,PARKING LOT,False,False,D-15,W-17
CR-2025-000575,2023-05-12 14:02:32,BURGLARY,FORCIBLE ENTRY,41.928572153010876,-87.69836780227207,PARKING LOT,False,False,D-13,W-21
CR-2024-001051,2025-12-02 05:29:29,THEFT,GRAND THEFT,41.865055053780885,-87.61291847823378,PARK,True,False,D-14,W-11
CR-2024-001123,2023-03-29 12:59:32,MOTOR VEHICLE THEFT,TRUCK,41.930424319033534,-87.68190627251478,PARK,False,False,D-06,W-50
CR-2024-003691,2025-07-25 10:49:13,MOTOR VEHICLE THEFT,AUTOMOBILE,41.8734098424552,-87.64173983365013,PARKING LOT,False,False,D-13,W-22
CR-2023-004869,2023-05-27 20:14:30,MOTOR VEHICLE THEFT,MOTORCYCLE,41.897214806890084,-87.71959030766072,RESIDENCE,False,False,D-11,W-05
CR-2025-002582,2023-07-01 01:49:49,CRIMINAL DAMAGE,TO VEHICLE,41.89001900574418,-87.61519566625859,PARKING LOT,False,False,D-15,W-33
CR-2025-000566,2025-04-29 21:57:58,NARCOTICS,POSSESSION OF HEROIN,41.90230566903588,-87.6229969854773,RESIDENCE,False,False,D-09,W-48
CR-2024-000970,2024-03-14 01:12:27,NARCOTICS,POSSESSION OF COCAINE,41.88272075809257,-87.63567472851133,STREET,True,False,D-15,W-43
CR-2024-004042,2025-07-05 20:44:47,ASSAULT,SIMPLE ASSAULT,41.856218624112046,-87.6262729705095,RESIDENCE,False,False,D-04,W-31
CR-2024-004417,2023-09-23 03:21:16,ASSAULT,AGGRAVATED ASSAULT,41.88869758195321,-87.63008683269781,STREET,False,False,D-07,W-38
CR-2025-000389,2023-03-17 06:08:01,BURGLARY,COMMERCIAL,41.7770391642725,-87.61348319756124,RESIDENCE,False,True,D-12,W-32
CR-2023-001971,2023-09-25 21:24:50,BATTERY,DOMESTIC BATTERY,41.936460514265576,-87.70310608734938,PARK,True,False,D-14,W-30
CR-2025-002081,2024-05-30 21:11:37,MOTOR VEHICLE THEFT,AUTOMOBILE,41.87407031370036,-87.65734539675655,APARTMENT,False,False,D-10,W-40
CR-2023-004920,2023-08-16 21:39:41,BURGLARY,COMMERCIAL,41.926262594169316,-87.62860987733325,APARTMENT,False,True,D-05,W-06
CR-2024-005581,2024-08-10 22:49:44,NARCOTICS,POSSESSION OF COCAINE,41.909548588571255,-87.60810771481799,COMMERCIAL BUILDING,True,False,D-02,W-02
CR-2024-005005,2024-07-08 00:19:59,THEFT,RETAIL THEFT,41.89192904567012,-87.61702885094856,STREET,True,False,D-08,W-28
CR-2024-005272,2025-02-23 01:06:46,CRIMINAL DAMAGE,TO PROPERTY,41.7722170744208,-87.61778966876302,APARTMENT,False,False,D-05,W-42
CR-2023-005601,2025-01-13 22:26:37,BATTERY,,41.86812948642274,-87.63161613148586,APARTMENT,False,False,D-14,W-31
CR-2024-001963,2024-09-21 21:43:54,ROBBERY,ARMED ROBBERY,41.89788548633307,-87.7185752947668,ALLEY,True,False,D-12,W-21
CR-2024-001246,2024-11-10 11:06:17,CRIMINAL DAMAGE,GRAFFITI,41.766571929440005,-87.59290919991328,ALLEY,False,False,D-04,W-43
CR-2025-002996,2023-05-26 02:08:30,CRIMINAL DAMAGE,TO VEHICLE,41.753942330617726,-87.61603017456372,RESIDENCE,False,False,D-11,W-24
CR-2023-005130,2023-07-19 13:54:44,BURGLARY,COMMERCIAL,41.87870461548996,-87.61637604907652,SIDEWALK,False,False,D-06,W-24
CR-2025-000980,2025-10-13 00:35:00,ROBBERY,ARMED ROBBERY,41.87961190798891,-87.72176002665256,APARTMENT,False,False,D-13,W-29
CR-2025-004043,2024-10-20 00:01:07,BATTERY,AGGRAVATED BATTERY,41.848329680878315,-87.63380706228912,COMMERCIAL BUILDING,True,True,D-15,W-02
CR-2024-004792,2025-10-27 22:27:15,ROBBERY,ARMED ROBBERY,41.971389747280206,-87.68678683435463,STREET,False,False,D-02,W-28
CR-2023-005679,2023-11-26 02:43:25,BURGLARY,FORCIBLE ENTRY,41.86788836650513,-87.62541601815767,ALLEY,False,False,D-09,W-40
CR-2023-002493,2023-05-12 20:25:32,ROBBERY,ARMED ROBBERY,41.943979150729255,-87.65391260394684,APARTMENT,False,False,D-01,W-35
CR-2023-005733,2023-04-12 02:06:49,ASSAULT,AGGRAVATED ASSAULT,41.87321391660227,-87.62809998304142,PARK,False,False,D-11,W-13
CR-2023-001236,2023-08-30 12:41:03,BURGLARY,FORCIBLE ENTRY,41.75925034918413,-87.66352611507885,STREET,True,False,D-07,W-29
CR-2024-000112,2025-12-01 14:13:45,MOTOR VEHICLE THEFT,AUTOMOBILE,41.767101703355266,-87.60177623507582,PARK,False,False,D-09,W-27
CR-2025-003332,2023-08-23 20:29:42,BATTERY,DOMESTIC BATTERY,41.86730015700167,-87.64366094211012,PARK,False,False,D-03,W-49
CR-2024-003988,2024-04-10 19:05:21,CRIMINAL DAMAGE,TO VEHICLE,41.92864268179721,-87.6408392412084,PARKING LOT,False,False,D-15,W-13
CR-2023-001206,2023-08-31 22:19:39,NARCOTICS,POSSESSION OF HEROIN,41.75083637984389,-87.65193757052536,APARTMENT,True,False,D-12,W-42
CR-2025-003392,2023-07-13 22:07:48,ROBBERY,STRONGARM ROBBERY,41.79601126194091,-87.63952997041532,APARTMENT,False,False,D-12,W-50
CR-2024-005920,2024-10-31 21:50:24,CRIMINAL DAMAGE,TO PROPERTY,41.88707258225502,-87.64443299403422,PARKING LOT,False,False,D-10,W-47
CR-2025-003605,2024-11-15 21:45:24,BURGLARY,COMMERCIAL,41.99574828728054,-87.66285529775044,SIDEWALK,False,False,D-15,W-13
CR-2025-000617,2024-05-02 07:00:14,NARCOTICS,SALE/MANUFACTURE,41.758808135800756,-87.5880220798639,STREET,False,True,D-12,W-16
CR-2023-000315,2023-07-10 22:29:19,MOTOR VEHICLE THEFT,TRUCK,41.852713030554284,-87.60685674520809,APARTMENT,True,False,D-05,W-24
CR-2024-002068,2023-12-01 14:41:38,MOTOR VEHICLE THEFT,AUTOMOBILE,41.8795934319266,-87.72081676449183,RESIDENCE,False,False,D-02,W-45
CR-2025-003824,2023-11-11 14:50:27,MOTOR VEHICLE THEFT,AUTOMOBILE,41.753969292814034,-87.65547592805031,RESIDENCE,False,False,D-07,W-32
CR-2025-001142,2023-02-09 20:30:10,NARCOTICS,SALE/MANUFACTURE,41.76728989344227,-87.6174484776687,STREET,True,False,D-07,W-24
CR-2023-002574,2023-01-05 21:50:51,ASSAULT,SIMPLE ASSAULT,41.96333222729204,-87.64878844366426,STREET,False,True,D-02,W-39
CR-2023-004140,2023-11-10 12:44:59,ROBBERY,STRONGARM ROBBERY,41.770983011351646,-87.59463787546431,RESIDENCE,False,False,D-03,W-43
CR-2024-004849,2025-12-16 08:24:25,MOTOR VEHICLE THEFT,AUTOMOBILE,41.80898945136334,-87.666232106611,STREET,False,False,D-08,W-36
CR-2023-001488,2023-06-23 01:54:10,MOTOR VEHICLE THEFT,TRUCK,41.897055600164826,-87.64249473966198,ALLEY,False,False,D-11,W-38
CR-2024-001831,2024-02-22 22:53:54,ROBBERY,ARMED ROBBERY,41.955866971194226,-87.64905243579067,ALLEY,False,False,D-10,W-15
CR-2023-001350,2023-12-25 09:54:47,ROBBERY,ARMED ROBBERY,41.956136170413785,-87.63348039149628,SIDEWALK,False,False,D-13,W-25
CR-2023-002718,2025-07-04 22:13:36,NARCOTICS,SALE/MANUFACTURE,41.87724438249721,-87.61204018835205,STREET,True,False,D-10,W-19
CR-2023-005019,2024-05-03 14:35:15,THEFT,PETTY THEFT,41.96077112713956,-87.6155864717797,STREET,False,False,D-07,W-41
CR-2024-001687,2024-04-02 00:26:16,BATTERY,DOMESTIC BATTERY,41.91474682611754,-87.67578057181773,APARTMENT,True,True,D-15,W-41
CR-2024-003310,2024-02-06 07:52:01,CRIMINAL DAMAGE,TO VEHICLE,41.71943920850317,-87.6241837116838,PARKING LOT,False,False,D-02,W-24
CR-2025-005870,2024-11-01 07:43:41,BATTERY,AGGRAVATED BATTERY,95.0,-87.63156115450518,PARK,True,True,D-12,W-07
CR-2024-002239,2023-11-20 02:32:17,MOTOR VEHICLE THEFT,TRUCK,41.857182573967116,-87.61399162671556,ALLEY,False,False,D-02,W-36
CR-2023-000684,2025-08-27 22:34:23,BATTERY,SIMPLE BATTERY,41.87262091947856,-87.74282644885248,COMMERCIAL BUILDING,False,True,D-01,W-22
CR-2024-004630,2023-05-12 10:43:34,ASSAULT,AGGRAVATED ASSAULT,41.84921648959501,-87.60739435361492,PARKING LOT,True,True,D-03,W-07
CR-2024-003070,2023-06-28 22:30:20,NARCOTICS,POSSESSION OF COCAINE,41.87083612472104,-87.6304889324311,APARTMENT,True,False,D-04,W-13
CR-2025-002228,2023-11-17 02:48:34,BURGLARY,RESIDENTIAL,41.8607432507193,-87.64979692532167,PARK,True,False,D-10,W-05
CR-2024-003289,2023-10-28 01:26:21,BURGLARY,COMMERCIAL,41.88190605945162,-87.6566961459687,COMMERCIAL BUILDING,False,False,D-12,W-49
CR-2025-002798,2025-05-17 18:13:48,ROBBERY,ARMED ROBBERY,41.884241577959635,-87.63395007657579,SIDEWALK,False,False,D-07,W-39
CR-2024-001240,2023-05-18 01:23:57,ROBBERY,,41.763753479481025,-87.58601555234482,STREET,True,False,D-04,W-22
CR-2023-002349,2024-11-06 11:27:28,ASSAULT,AGGRAVATED ASSAULT,41.78205785498708,-87.64072827135527,SIDEWALK,False,False,D-04,W-45
CR-2024-004534,2025-05-30 22:32:17,CRIMINAL DAMAGE,GRAFFITI,41.97823347717603,-87.64080341253027,ALLEY,False,False,D-13,W-38
CR-2024-000598,2025-08-02 17:50:56,NARCOTICS,,41.8778054330161,-87.62151265068374,PARK,True,False,D-11,W-46
CR-2023-001875,2024-11-12 00:51:52,ROBBERY,STRONGARM ROBBERY,41.93668144653365,-87.64871786442579,STREET,False,False,D-01,W-24
CR-2024-003730,2025-11-30 06:00:29,CRIMINAL DAMAGE,GRAFFITI,41.76375800000161,-87.62980105926702,COMMERCIAL BUILDING,False,False,D-08,W-01
CR-2023-004026,2025-02-08 00:05:09,BURGLARY,RESIDENTIAL,41.93992618566178,-87.66508312350368,SIDEWALK,False,False,D-12,W-10
CR-2025-004118,2023-06-25 01:09:07,BATTERY,DOMESTIC BATTERY,41.96668154328448,-87.67504092357872,STREET,False,False,D-01,W-44
CR-2024-005044,2023-07-02 13:03:11,BURGLARY,FORCIBLE ENTRY,41.89446090196052,-87.69978934966605,ALLEY,False,False,D-01,W-09
CR-2024-005278,2025-01-03 22:33:55,BATTERY,AGGRAVATED BATTERY,41.882210582609744,-87.63378886291109,PARK,False,False,D-04,W-05
CR-2023-001968,2025-09-06 00:08:01,BURGLARY,RESIDENTIAL,41.97339009801412,-87.68195554794958,PARK,False,False,D-05,W-20
CR-2023-003936,2023-01-14 00:47:25,ROBBERY,ARMED ROBBERY,,,STREET,False,False,D-11,W-19
CR-2024-005212,2025-09-20 00:06:36,ASSAULT,SIMPLE ASSAULT,41.75503903434273,-87.6163271069966,PARK,False,False,D-12,W-14
CR-2023-005493,2024-04-15 09:19:23,MOTOR VEHICLE THEFT,AUTOMOBILE,41.9817050446789,-87.65887413769127,ALLEY,False,False,D-11,W-45
CR-2024-001861,2025-06-01 18:48:02,NARCOTICS,POSSESSION OF COCAINE,41.7379492735641,-87.67365938663387,COMMERCIAL BUILDING,True,False,D-06,W-15
CR-2023-004665,2024-09-11 17:48:15,CRIMINAL DAMAGE,TO PROPERTY,41.814167308010525,-87.63674277029517,ALLEY,False,False,D-07,W-10
CR-2024-002197,2023-02-10 21:31:27,ASSAULT,SIMPLE ASSAULT,41.890694957966474,-87.65016276309763,SIDEWALK,False,True,D-05,W-44
CR-2024-003631,2023-11-26 11:06:07,BURGLARY,COMMERCIAL,41.88389879344858,-87.60941053600953,ALLEY,False,False,D-15,W-25
CR-2025-000359,2025-09-07 01:35:07,BURGLARY,RESIDENTIAL,41.94112775575572,-87.65643891247441,APARTMENT,False,False,D-01,W-39
CR-2025-002882,2023-08-13 14:06:49,ROBBERY,STRONGARM ROBBERY,41.9505441592408,-87.6616769271099,APARTMENT,False,False,D-14,W-48
CR-2024-004432,2025-11-03 20:26:46,THEFT,PETTY THEFT,41.79068478156913,-87.5972025113644,RESIDENCE,False,False,D-15,W-32
CR-2024-003925,2024-05-05 16:16:49,MOTOR VEHICLE THEFT,AUTOMOBILE,41.90813641201468,-87.63441357125674,STREET,False,False,D-14,W-01
CR-2024-000106,2025-09-08 06:34:17,BURGLARY,RESIDENTIAL,41.8924100264524,-87.62002913123041,APARTMENT,False,False,D-09,W-15
CR-2024-003232,2024-04-09 20:37:15,ASSAULT,AGGRAVATED ASSAULT,41.748706015186414,-87.60877218023172,PARKING LOT,False,False,D-09,W-41
CR-2023-005442,2025-11-21 00:36:16,THEFT,RETAIL THEFT,41.89108511976752,-87.61358024563347,APARTMENT,True,,D-10,W-49
CR-2025-005855,2024-07-06 18:58:30,BATTERY,AGGRAVATED BATTERY,41.98843844918497,-87.65441870730174,COMMERCIAL BUILDING,True,True,D-07,W-04
CR-2025-003002,2023-08-26 02:40:28,NARCOTICS,POSSESSION OF HEROIN,41.77354624223222,-87.60807113784172,STREET,True,False,D-08,W-49
CR-2025-003674,2023-08-27 22:12:33,THEFT,RETAIL THEFT,41.864593273079336,-87.60850816478803,PARK,False,False,D-13,W-08
CR-2023-001137,2025-12-29 00:20:00,ASSAULT,AGGRAVATED ASSAULT,41.75171885152843,-87.65614562822213,PARKING LOT,False,True,D-15,W-03
CR-2025-004310,2023-06-09 07:55:33,CRIMINAL DAMAGE,GRAFFITI,41.866249743547776,-87.61940777184549,PARK,True,False,D-02,W-28
CR-2024-002440,2023-06-25 07:41:53,BATTERY,AGGRAVATED BATTERY,41.89300673321796,-87.60919128422184,ALLEY,True,False,D-10,W-02
CR-2023-002292,2024-02-22 14:47:30,BURGLARY,RESIDENTIAL,41.944634773298276,-87.63143774108298,STREET,False,False,D-06,W-20
CR-2025-001607,2025-08-25 07:14:11,BURGLARY,FORCIBLE ENTRY,41.79729054993114,-87.58445502728073,PARK,False,False,D-08,W-17
CR-2024-000841,2025-05-16 05:51:12,BATTERY,SIMPLE BATTERY,41.756307453481746,-87.62089101795696,SIDEWALK,False,True,D-02,W-50
CR-2025-001424,2023-05-30 06:27:22,NARCOTICS,POSSESSION OF COCAINE,41.936242494786484,-87.66608245406297,RESIDENCE,False,False,D-09,W-46
CR-2025-001838,2024-12-05 05:09:48,THEFT,GRAND THEFT,,,STREET,False,False,D-05,W-50
CR-2025-002237,2025-06-22 20:22:33,MOTOR VEHICLE THEFT,TRUCK,41.96531605745126,-87.6450187489515,PARKING LOT,False,False,D-08,W-08
CR-2023-004110,2025-03-30 05:52:53,THEFT,,95.0,-87.70949478038379,PARK,False,False,D-11,W-19
CR-2024-001777,2023-06-28 03:19:47,CRIMINAL DAMAGE,TO PROPERTY,41.732898056387356,-87.62980701527624,PARKING LOT,False,False,D-10,W-50
CR-2025-005477,2023-05-02 01:10:11,BURGLARY,FORCIBLE ENTRY,41.868041852578756,-87.63207096237912,PARK,False,False,D-07,W-26
CR-2023-001467,2023-04-25 20:02:00,ASSAULT,AGGRAVATED ASSAULT,41.89124070188795,-87.60770993986374,RESIDENCE,False,False,D-14,W-32
CR-2024-004252,2024-03-10 14:43:11,BATTERY,DOMESTIC BATTERY,41.92095180524878,-87.66141264884813,COMMERCIAL BUILDING,False,False,D-05,W-13
CR-2024-000010,2024-02-16 22:42:41,ROBBERY,STRONGARM ROBBERY,41.815541219223036,-87.63464440751217,PARK,True,False,D-06,W-02
CR-2023-005346,2023-06-15 06:16:14,BURGLARY,FORCIBLE ENTRY,41.894128243376834,-87.63112856600904,ALLEY,False,False,D-07,W-08
CR-2025-005996,2023-06-24 21:10:10,MOTOR VEHICLE THEFT,MOTORCYCLE,41.8720077287514,-87.64400474148427,COMMERCIAL BUILDING,False,False,D-09,W-45
CR-2025-000128,2023-04-25 20:10:05,MOTOR VEHICLE THEFT,TRUCK,41.973738222983734,-87.66945338931237,PARKING LOT,False,False,D-02,W-34
CR-2025-001214,2025-10-22 01:41:16,BURGLARY,RESIDENTIAL,41.80700883399676,-87.6373519307745,RESIDENCE,False,False,D-03,W-11
CR-2025-002246,2025-04-08 11:33:10,ROBBERY,STRONGARM ROBBERY,41.86926001652859,-87.63667957954152,STREET,False,False,D-02,W-48
CR-2023-005817,2023-06-24 07:14:02,BURGLARY,FORCIBLE ENTRY,41.89275895055455,-87.6271045692834,APARTMENT,False,False,D-14,W-21
CR-2025-000422,2025-11-23 21:01:28,ASSAULT,SIMPLE ASSAULT,41.78306130520533,-87.6166887183998,ALLEY,True,True,D-13,W-11
CR-2024-002587,2023-01-28 00:44:41,BATTERY,SIMPLE BATTERY,41.792642079657256,-87.58396424751834,COMMERCIAL BUILDING,False,True,D-03,W-19
CR-2025-002267,2025-06-10 22:22:12,BURGLARY,RESIDENTIAL,41.889236883703894,-87.63936381313114,PARKING LOT,False,False,D-03,W-28
CR-2023-005379,2025-05-12 10:47:13,CRIMINAL DAMAGE,TO VEHICLE,41.78910240146425,-87.65158232776949,STREET,False,False,D-13,W-01
CR-2023-003678,2023-04-17 16:40:19,BURGLARY,COMMERCIAL,41.95452269106205,-87.65992119073681,STREET,False,False,D-09,W-19
CR-2024-004975,2023-07-15 23:06:46,BATTERY,SIMPLE BATTERY,41.96575610919085,-87.65075189842017,RESIDENCE,True,False,D-15,W-11
CR-2025-001361,2024-04-23 02:23:17,NARCOTICS,SALE/MANUFACTURE,41.75242731032358,-87.59195841493845,ALLEY,True,False,D-10,W-13
CR-2024-003328,2023-03-01 16:22:41,BURGLARY,FORCIBLE ENTRY,41.92301417789514,-87.6245768645429,STREET,False,False,D-13,W-06
CR-2024-002800,2025-02-24 18:49:30,CRIMINAL DAMAGE,GRAFFITI,41.87527696341841,-87.63135380280109,SIDEWALK,False,False,D-15,W-41
CR-2024-004201,2025-07-15 07:09:11,CRIMINAL DAMAGE,GRAFFITI,41.88747977501033,-87.632339116575,STREET,True,False,D-05,W-10
CR-2025-005033,2023-07-09 04:31:59,ROBBERY,STRONGARM ROBBERY,41.87395497057434,-87.62329375471059,STREET,False,False,D-07,W-22
CR-2025-003779,2023-04-11 06:12:12,THEFT,RETAIL THEFT,41.93104049154943,-87.6595718648441,STREET,False,False,D-03,W-06
CR-2025-000467,2024-09-27 18:45:43,MOTOR VEHICLE THEFT,TRUCK,41.8847002167508,-87.6373308133653,RESIDENCE,False,False,D-10,W-16
CR-2024-000559,2023-03-20 17:30:09,CRIMINAL DAMAGE,TO PROPERTY,41.9524219809343,-87.63428691207984,COMMERCIAL BUILDING,True,False,D-13,W-28
CR-2024-000478,2024-08-13 00:46:21,ROBBERY,ARMED ROBBERY,41.88324088019567,-87.6229487017127,STREET,False,False,D-04,W-44
CR-2024-002170,2023-05-27 15:16:54,THEFT,PETTY THEFT,41.892217727996304,-87.6269215339619,SIDEWALK,False,False,D-15,W-33
CR-2025-000689,not-a-valid-date-string,CRIMINAL DAMAGE,TO VEHICLE,41.76375961150658,-87.58334975716133,RESIDENCE,False,False,D-13,W-41
CR-2024-001003,2024-04-13 01:59:43,NARCOTICS,POSSESSION OF HEROIN,41.77893013688406,-87.64942721577671,ALLEY,True,False,D-13,W-29
CR-2023-000522,2025-05-12 23:02:10,CRIMINAL DAMAGE,TO PROPERTY,41.87749270860107,-87.71099412112524,SIDEWALK,True,False,D-08,W-44
CR-2024-002428,2025-12-17 10:28:03,ROBBERY,ARMED ROBBERY,41.80066866611471,-87.60527967258821,RESIDENCE,False,False,D-02,W-02
CR-2023-002727,2023-03-03 23:50:46,THEFT,RETAIL THEFT,41.8033010179839,-87.5940128393257,STREET,False,False,D-06,W-22
CR-2025-005927,2025-09-11 13:08:06,BURGLARY,RESIDENTIAL,41.86964227502211,-87.6646813023121,RESIDENCE,False,False,D-04,W-47
CR-2025-002303,2025-09-17 10:00:50,CRIMINAL DAMAGE,TO PROPERTY,41.872922529418254,-87.62246118197386,ALLEY,False,False,D-09,W-37
CR-2024-001723,2023-09-16 13:21:27,THEFT,RETAIL THEFT,41.94616982345714,-87.67139932961705,SIDEWALK,False,False,D-11,W-09
CR-2023-002715,2024-09-11 09:18:15,MOTOR VEHICLE THEFT,MOTORCYCLE,41.9346790048593,-87.66764424493296,STREET,False,False,D-11,W-40
CR-2023-004290,2025-10-19 22:11:34,CRIMINAL DAMAGE,TO PROPERTY,41.8807092081262,-87.6390726256315,STREET,True,False,D-04,W-05
CR-2023-003126,2024-07-23 00:03:24,MOTOR VEHICLE THEFT,AUTOMOBILE,41.91766822628391,-87.62527189928919,ALLEY,False,False,D-02,W-02
CR-2024-004873,2023-07-03 23:22:13,NARCOTICS,POSSESSION OF COCAINE,41.94604037810785,-87.67843992911328,APARTMENT,True,False,D-14,W-08
CR-2023-005463,2024-08-10 22:33:35,BURGLARY,RESIDENTIAL,41.86653095874984,-87.63734364475057,PARKING LOT,False,False,D-13,W-13
CR-2023-005490,2023-09-04 15:40:14,NARCOTICS,POSSESSION OF HEROIN,41.720338041558364,-87.62150820056655,APARTMENT,True,False,D-11,W-28
CR-2025-001283,2025-04-15 05:22:24,ASSAULT,SIMPLE ASSAULT,41.86316276907815,-87.62003295637265,PARK,False,False,D-09,W-30
CR-2023-005730,2024-01-06 11:26:07,ASSAULT,AGGRAVATED ASSAULT,41.79361090450601,-87.61806234491318,STREET,True,False,D-06,W-24
CR-2025-003062,2025-08-10 06:01:15,ROBBERY,ARMED ROBBERY,41.90105501846532,-87.6414714217875,SIDEWALK,False,False,D-07,W-13
CR-2023-004425,2024-06-13 21:52:29,CRIMINAL DAMAGE,GRAFFITI,41.985781330073564,-87.67038596265213,COMMERCIAL BUILDING,False,False,D-04,W-43
CR-2023-005682,2023-04-02 14:48:29,THEFT,PETTY THEFT,41.7732334449069,-87.61277130697324,PARKING LOT,False,False,D-13,W-37
CR-2023-003774,2025-05-24 03:31:51,NARCOTICS,SALE/MANUFACTURE,41.89391899292483,-87.69666454712001,PARKING LOT,False,False,D-07,W-28
CR-2025-004259,2025-11-18 05:29:11,CRIMINAL DAMAGE,TO PROPERTY,41.935714505663654,-87.63272305024901,ALLEY,False,False,D-07,W-07
CR-2024-004723,2023-03-31 11:06:35,ASSAULT,AGGRAVATED ASSAULT,41.758894431615005,-87.6428173238446,COMMERCIAL BUILDING,False,False,D-15,W-12
CR-2023-002919,2025-06-29 14:10:09,NARCOTICS,POSSESSION OF COCAINE,41.748208000888596,-87.64378195023424,COMMERCIAL BUILDING,True,False,D-06,W-16
CR-2025-004157,2024-07-07 00:55:17,MOTOR VEHICLE THEFT,TRUCK,41.896150623899324,-87.71305555597242,PARK,False,False,D-09,W-02
CR-2024-001324,2024-04-11 08:44:04,ASSAULT,AGGRAVATED ASSAULT,41.94871236667899,-87.63725445652426,RESIDENCE,True,,D-10,W-34
CR-2025-000458,2025-08-08 05:23:33,MOTOR VEHICLE THEFT,MOTORCYCLE,41.8915421371749,-87.72354103578319,PARK,False,False,D-15,W-38
CR-2024-000115,2025-03-15 16:14:53,THEFT,PETTY THEFT,41.867453400629095,-87.72300374538753,PARK,False,False,D-09,W-25
CR-2024-005140,2024-09-19 01:14:08,ROBBERY,ARMED ROBBERY,41.95531240689303,-87.65654177396428,COMMERCIAL BUILDING,False,False,D-04,W-24
CR-2023-003750,2025-07-23 07:52:51,BATTERY,DOMESTIC BATTERY,41.82204234482037,-87.6259538883967,ALLEY,True,False,D-15,W-10
CR-2025-004172,2024-10-21 22:04:09,BURGLARY,FORCIBLE ENTRY,41.908601074603574,-87.64865246332961,SIDEWALK,True,True,D-10,W-19
CR-2023-001635,2023-03-29 23:38:36,THEFT,PETTY THEFT,41.773508309061306,-87.65082402726135,STREET,False,False,D-07,W-05
CR-2024-002905,2025-10-23 15:43:13,MOTOR VEHICLE THEFT,TRUCK,41.894648263580805,-87.60817086397071,PARK,False,False,D-05,W-21
CR-2024-001054,2025-11-18 04:48:30,ASSAULT,SIMPLE ASSAULT,41.87317072286377,-87.62075218853377,APARTMENT,False,False,D-11,W-15
CR-2023-001179,2023-11-25 02:34:52,NARCOTICS,SALE/MANUFACTURE,41.85145647150653,-87.6236702078278,PARK,False,False,D-08,W-10
CR-2024-003241,2023-02-04 02:42:38,BATTERY,AGGRAVATED BATTERY,41.864651275554394,-87.7328864288373,PARKING LOT,True,True,D-15,W-22
CR-2025-001469,2025-05-17 04:51:36,MOTOR VEHICLE THEFT,TRUCK,41.85350773756212,-87.63568706659092,SIDEWALK,False,False,D-06,W-32
CR-2023-000177,2025-10-01 01:14:38,CRIMINAL DAMAGE,TO VEHICLE,41.94801967584195,-87.67535058729275,STREET,False,False,D-13,W-09
CR-2025-001565,2024-08-16 09:45:48,BATTERY,AGGRAVATED BATTERY,41.94661531691557,-87.65605141289959,STREET,False,True,D-08,W-09
CR-2023-001599,2025-09-23 20:19:08,ROBBERY,ARMED ROBBERY,41.76959202367655,-87.61806717032403,PARK,False,False,D-02,W-48
CR-2024-004693,2024-08-10 01:55:41,BATTERY,AGGRAVATED BATTERY,41.866164235047194,-87.60360264052608,STREET,True,False,D-14,W-12
CR-2023-002262,2024-03-24 13:28:25,MOTOR VEHICLE THEFT,TRUCK,41.895801922606125,-87.6126356039716,RESIDENCE,False,False,D-10,W-23
CR-2024-001504,2025-09-16 00:35:35,CRIMINAL DAMAGE,TO VEHICLE,41.89434036580831,-87.63686686977726,APARTMENT,False,False,D-11,W-15
CR-2025-002381,2024-06-27 14:29:53,CRIMINAL DAMAGE,TO VEHICLE,41.96183889215629,-87.64761595855988,RESIDENCE,False,False,D-04,W-39
CR-2024-005218,2023-08-25 16:34:35,NARCOTICS,POSSESSION OF COCAINE,41.85330007416685,-87.73318671393626,SIDEWALK,True,False,D-02,W-17
CR-2024-005449,2023-10-18 04:45:15,MOTOR VEHICLE THEFT,,41.86841379881778,-87.73363902059772,PARK,False,False,D-05,W-09
CR-2023-005403,2025-05-12 12:56:38,BATTERY,DOMESTIC BATTERY,41.76452033875891,-87.62929752057737,PARKING LOT,True,,D-13,W-40
CR-2024-004324,2024-08-06 11:54:53,MOTOR VEHICLE THEFT,AUTOMOBILE,41.88180359095125,-87.64667796741607,RESIDENCE,False,False,D-15,W-50
CR-2024-001177,2025-04-28 23:36:23,CRIMINAL DAMAGE,TO PROPERTY,41.902414991736954,-87.7221974904378,STREET,True,False,D-10,W-21
CR-2023-000060,2025-10-05 03:56:34,OTHER OFFENSE,DUPLICATE ID TEST RECORD,41.96422063894086,-87.6734877490959,COMMERCIAL BUILDING,False,False,D-15,W-27
CR-2024-004678,2024-07-05 16:50:21,BATTERY,AGGRAVATED BATTERY,41.88800514581845,-87.6185868081132,ALLEY,False,False,D-01,W-43
CR-2024-001114,2023-07-28 05:57:31,NARCOTICS,SALE/MANUFACTURE,41.85010190072959,-87.61468729465246,APARTMENT,True,False,D-01,W-24
CR-2024-002845,2024-09-16 02:51:49,NARCOTICS,POSSESSION OF HEROIN,41.78060928914919,-87.67266166813948,RESIDENCE,True,False,D-10,W-25
CR-2023-003312,2024-03-13 02:53:39,CRIMINAL DAMAGE,GRAFFITI,41.93530932858003,-87.69629029032376,PARKING LOT,False,False,D-06,W-43
CR-2023-005151,2024-05-05 20:06:53,NARCOTICS,SALE/MANUFACTURE,41.82609062801565,-87.65313035191876,PARKING LOT,False,False,D-14,W-41
CR-2025-000263,2024-07-31 08:28:46,THEFT,GRAND THEFT,41.853686863431754,-87.62907872580008,STREET,False,False,D-05,W-32
CR-2025-003923,2025-04-06 09:56:11,MOTOR VEHICLE THEFT,AUTOMOBILE,41.864726847652186,-87.62875443595857,COMMERCIAL BUILDING,False,False,D-01,W-18
CR-2024-005902,2024-08-09 22:47:53,BURGLARY,FORCIBLE ENTRY,41.87918373701355,-87.63823243512903,ALLEY,False,False,D-04,W-32
CR-2023-004233,2025-04-18 22:21:17,BATTERY,AGGRAVATED BATTERY,41.88715569860817,-87.60877749480171,APARTMENT,True,False,D-02,W-20
CR-2023-004974,2025-03-06 01:43:01,ROBBERY,STRONGARM ROBBERY,41.94443852739701,-87.62928749197887,SIDEWALK,False,False,D-11,W-07
CR-2024-003547,2024-01-13 01:35:04,BATTERY,SIMPLE BATTERY,41.89275246701533,-87.75778859846959,APARTMENT,True,True,D-02,W-50
CR-2023-004029,2025-07-20 10:44:49,MOTOR VEHICLE THEFT,TRUCK,41.78347532320779,-87.65378817602762,RESIDENCE,False,False,D-09,W-01
CR-2024-004606,2024-06-27 18:00:03,CRIMINAL DAMAGE,TO VEHICLE,41.89629768782588,-87.6218066241966,COMMERCIAL BUILDING,False,False,D-03,W-06
CR-2025-003836,2025-10-11 22:06:20,ROBBERY,ARMED ROBBERY,41.95508654109107,-87.66109962708873,PARK,False,False,D-10,W-25
CR-2023-000591,2025-09-03 23:58:44,CRIMINAL DAMAGE,TO VEHICLE,41.891874749090036,-87.65335750905435,ALLEY,False,False,D-08,W-10
CR-2023-000432,2025-09-28 00:22:04,THEFT,RETAIL THEFT,41.936144226190315,-87.66305403119871,SIDEWALK,False,False,D-13,W-25
CR-2025-000914,2023-04-28 09:58:13,CRIMINAL DAMAGE,TO PROPERTY,41.87662117801574,-87.62951725565583,SIDEWALK,False,False,D-02,W-26
CR-2025-004937,2025-02-05 02:46:09,BATTERY,AGGRAVATED BATTERY,41.882882125094426,-87.63011381556075,PARK,True,False,D-09,W-38
CR-2024-001882,2024-05-04 23:06:55,CRIMINAL DAMAGE,GRAFFITI,41.88148642284668,-87.629535801221,APARTMENT,False,False,D-10,W-42
CR-2025-002825,2023-06-09 17:26:12,MOTOR VEHICLE THEFT,AUTOMOBILE,41.875458313490604,-87.62855518871781,ALLEY,True,,D-09,W-03
CR-2023-000504,2025-04-07 07:15:25,MOTOR VEHICLE THEFT,TRUCK,41.805138817882984,-87.64238088028902,RESIDENCE,False,False,D-12,W-43
CR-2025-005228,2023-03-05 01:07:18,ROBBERY,STRONGARM ROBBERY,41.937761369834156,-87.60265227590645,APARTMENT,False,False,D-04,W-30
CR-2024-004141,2023-04-13 20:39:54,BATTERY,AGGRAVATED BATTERY,41.89020014603247,-87.67394712348208,RESIDENCE,True,True,D-02,W-07
CR-2024-000316,2023-03-03 02:22:30,MOTOR VEHICLE THEFT,AUTOMOBILE,41.875729881521316,-87.63620321604921,PARKING LOT,False,False,D-02,W-26
CR-2025-005612,2024-08-22 02:17:59,ROBBERY,STRONGARM ROBBERY,41.96560665118833,-87.71064650845204,SIDEWALK,False,False,D-08,W-43
CR-2023-005232,2024-10-14 09:56:09,BURGLARY,FORCIBLE ENTRY,41.77220253164604,-87.64671945506804,COMMERCIAL BUILDING,False,True,D-14,W-45
CR-2023-005055,2025-03-02 22:01:52,ROBBERY,ARMED ROBBERY,41.8676530836532,-87.6018370071117,COMMERCIAL BUILDING,False,False,D-09,W-01
CR-2025-003722,2025-06-20 07:54:00,ROBBERY,ARMED ROBBERY,41.734384358177316,-87.59143164184236,APARTMENT,False,False,D-10,W-11
CR-2024-001933,2024-03-19 01:25:33,ASSAULT,AGGRAVATED ASSAULT,41.882892870061745,-87.60499574097261,APARTMENT,False,True,D-07,W-45
CR-2024-002554,2025-04-03 10:49:02,THEFT,FROM BUILDING,41.86199467011624,-87.62858376185649,APARTMENT,False,False,D-01,W-17
CR-2025-005672,2024-08-28 16:09:28,MOTOR VEHICLE THEFT,MOTORCYCLE,41.88261567478718,-87.73512058460449,APARTMENT,False,False,D-11,W-15
CR-2024-001531,2023-02-04 20:26:26,CRIMINAL DAMAGE,TO PROPERTY,41.8766991971165,-87.63773998168674,STREET,True,False,D-15,W-17
CR-2024-003085,2023-01-21 13:43:42,BATTERY,AGGRAVATED BATTERY,41.75680002858134,-87.62568757141261,APARTMENT,False,True,D-02,W-37
CR-2024-000121,2024-03-20 15:58:21,BURGLARY,RESIDENTIAL,41.885674809184714,-87.61681367208745,APARTMENT,False,False,D-13,W-31
CR-2023-005925,2024-08-29 01:26:15,ASSAULT,SIMPLE ASSAULT,41.88512796885358,-87.6275159593629,RESIDENCE,False,False,D-13,W-18
CR-2024-005416,2024-10-04 06:51:37,THEFT,GRAND THEFT,41.93717898295955,-87.66031667343623,RESIDENCE,False,False,D-01,W-37
CR-2025-003245,2023-07-01 00:55:24,MOTOR VEHICLE THEFT,AUTOMOBILE,41.95056028241959,-87.67343297090308,RESIDENCE,False,False,D-13,W-42
CR-2023-002634,2023-01-20 06:46:33,MOTOR VEHICLE THEFT,MOTORCYCLE,41.858062063937474,-87.61893795161029,COMMERCIAL BUILDING,False,False,D-08,W-23
CR-2024-001027,2024-08-18 22:47:08,MOTOR VEHICLE THEFT,TRUCK,41.85791193614791,-87.64208886789582,RESIDENCE,False,False,D-11,W-42
CR-2024-001987,2024-09-25 08:55:27,MOTOR VEHICLE THEFT,MOTORCYCLE,41.88700204107414,-87.72345160686851,APARTMENT,False,False,D-04,W-36
CR-2023-005439,2025-05-22 21:22:44,BATTERY,SIMPLE BATTERY,41.92162552587729,-87.67301336368013,COMMERCIAL BUILDING,True,True,D-08,W-39
CR-2023-000810,2023-11-23 03:13:41,CRIMINAL DAMAGE,TO PROPERTY,41.78173176026345,-87.66495694945795,PARKING LOT,True,False,D-01,W-20
CR-2024-000769,2024-08-20 16:11:40,CRIMINAL DAMAGE,TO PROPERTY,41.74965207910724,-87.70080655533205,PARK,True,False,D-14,W-16
CR-2024-000082,2023-01-11 02:13:53,ASSAULT,AGGRAVATED ASSAULT,41.89255064193867,-87.62360828609596,SIDEWALK,False,True,D-04,W-27
CR-2024-005368,2024-01-08 19:01:00,BURGLARY,COMMERCIAL,41.97856621497495,-87.67530541045554,COMMERCIAL BUILDING,False,False,D-06,W-39
CR-2023-002868,2023-08-28 02:07:31,CRIMINAL DAMAGE,GRAFFITI,41.88679020139635,-87.60861959682185,APARTMENT,False,False,D-14,W-37
CR-2025-004517,2023-10-05 01:02:06,NARCOTICS,POSSESSION OF HEROIN,41.877659724468266,-87.62387039121026,COMMERCIAL BUILDING,False,False,D-08,W-24
CR-2023-004620,2024-08-12 19:11:09,CRIMINAL DAMAGE,TO VEHICLE,41.889829138031786,-87.63078115350393,PARK,False,False,D-04,W-10
CR-2025-000449,2023-07-15 20:07:05,THEFT,PETTY THEFT,41.89619763449763,-87.64205403506482,ALLEY,False,False,D-13,W-29
CR-2023-003549,2023-05-03 22:01:22,BATTERY,,41.93085031955689,-87.68344174389567,RESIDENCE,True,True,D-14,W-45
CR-2025-004799,2025-05-18 13:20:29,CRIMINAL DAMAGE,TO VEHICLE,41.7931439729926,-87.63710442152602,COMMERCIAL BUILDING,False,False,D-13,W-26
CR-2024-003130,2024-06-28 09:24:29,NARCOTICS,SALE/MANUFACTURE,41.814310294792506,-87.60966900033335,STREET,True,False,D-03,W-23
CR-2024-002353,2024-05-23 14:59:11,NARCOTICS,POSSESSION OF COCAINE,41.976538694917835,-87.66498236989169,ALLEY,True,False,D-13,W-23
CR-2024-000838,2025-06-24 19:09:45,BATTERY,DOMESTIC BATTERY,41.80932896302064,-87.59096709870194,COMMERCIAL BUILDING,True,False,D-04,W-21
CR-2023-004353,2023-05-18 17:31:57,BATTERY,AGGRAVATED BATTERY,41.952495957545636,-87.64711718154447,APARTMENT,True,False,D-06,W-16
CR-2024-002023,2024-04-17 18:06:25,BURGLARY,COMMERCIAL,41.96241401224241,-87.59900691111055,COMMERCIAL BUILDING,False,False,D-11,W-29
CR-2023-002613,2024-11-27 18:42:51,BATTERY,AGGRAVATED BATTERY,41.872880737339095,-87.71941493694685,RESIDENCE,False,False,D-03,W-36
CR-2025-003305,2024-08-02 15:01:56,MOTOR VEHICLE THEFT,MOTORCYCLE,41.9620348681763,-87.63604994228399,PARK,False,False,D-04,W-11
CR-2024-005089,2025-05-08 11:49:16,PETTY THEFT,AGGRAVATED ASSAULT,41.816622972356676,-87.60104154658018,ALLEY,True,False,D-07,W-39
CR-2025-002546,2023-05-28 23:51:40,BURGLARY,RESIDENTIAL,41.74410104047621,-87.58639744804853,ALLEY,False,False,D-07,W-27
CR-2024-002569,2025-08-02 03:44:42,ASSAULT,AGGRAVATED ASSAULT,41.867714738386496,-87.63968558912333,PARK,True,False,D-06,W-01
CR-2024-003160,2024-08-31 17:05:08,THEFT,FROM BUILDING,41.80973515190882,-87.62919222489305,APARTMENT,True,False,D-10,W-46
CR-2024-000415,2025-03-13 01:06:40,NARCOTICS,POSSESSION OF COCAINE,41.74528873722414,-87.6519662986621,SIDEWALK,True,False,D-09,W-38
CR-2025-005282,2024-11-19 02:35:41,BATTERY,DOMESTIC BATTERY,41.83639922810966,-87.66503354364289,APARTMENT,False,False,D-15,W-04
CR-2023-002316,2024-06-29 12:53:23,ROBBERY,STRONGARM ROBBERY,41.88389573980773,-87.6172335366768,PARK,False,True,D-06,W-15
CR-2025-004106,2024-12-09 09:50:23,CRIMINAL DAMAGE,TO VEHICLE,41.75922409302667,-87.65345664123166,SIDEWALK,False,True,D-02,W-27
CR-2023-002673,2024-06-13 00:19:37,CRIMINAL DAMAGE,GRAFFITI,41.942903953904946,-87.69932486946901,PARKING LOT,False,False,D-05,W-41
CR-2024-001258,2025-03-07 11:52:18,BATTERY,DOMESTIC BATTERY,41.8793883950944,-87.66308950559122,RESIDENCE,True,False,D-07,W-34
CR-2025-005255,2024-07-18 14:39:11,ROBBERY,STRONGARM ROBBERY,41.92915717543619,-87.65529552104009,RESIDENCE,False,False,D-09,W-18
CR-2025-004058,2024-12-29 04:53:44,ASSAULT,AGGRAVATED ASSAULT,41.862887536728095,-87.62471536159498,APARTMENT,True,False,D-01,W-28
CR-2024-002803,2024-05-18 23:48:52,THEFT,PETTY THEFT,41.85903572418362,-87.6354786961482,RESIDENCE,False,False,D-09,W-10
CR-2023-001722,2025-05-07 10:47:25,BATTERY,SIMPLE BATTERY,41.888531037118256,-87.6469151276463,RESIDENCE,False,False,D-04,W-42
CR-2024-002449,2023-01-09 03:41:54,ROBBERY,STRONGARM ROBBERY,41.96181822496554,-190.0,SIDEWALK,False,False,D-06,W-07
CR-2024-001819,2023-03-10 19:35:33,NARCOTICS,POSSESSION OF COCAINE,41.775806682997505,-87.61755485975186,STREET,True,False,D-14,W-48
CR-2024-005971,2023-11-14 23:43:46,CRIMINAL DAMAGE,GRAFFITI,41.894770973276216,-87.7186276412104,COMMERCIAL BUILDING,False,False,D-15,W-14
CR-2023-002097,2024-05-22 10:18:26,BATTERY,AGGRAVATED BATTERY,41.842296051947066,-87.63723817258015,COMMERCIAL BUILDING,True,True,D-01,W-33
CR-2023-000552,2025-09-17 01:05:19,THEFT,FROM BUILDING,41.806604570418436,-87.65499764817814,COMMERCIAL BUILDING,False,False,D-07,W-47
CR-2024-003913,2023-12-27 01:30:31,NARCOTICS,POSSESSION OF COCAINE,41.77742917864671,-87.6345232931235,RESIDENCE,False,False,D-15,W-42
CR-2024-001714,2024-06-01 09:54:02,MOTOR VEHICLE THEFT,TRUCK,41.957283966545816,-87.63327354084528,RESIDENCE,False,False,D-11,W-50
CR-2023-002799,2024-05-30 19:56:01,ASSAULT,AGGRAVATED ASSAULT,41.95066788783933,-87.64612011996651,STREET,True,False,D-06,W-05
CR-2024-002776,2025-12-24 05:24:42,THEFT,RETAIL THEFT,41.77458427164273,-87.613033071503,RESIDENCE,False,False,D-15,W-25
CR-2025-001982,2024-08-01 16:59:59,CRIMINAL DAMAGE,TO VEHICLE,41.86897660238833,-87.62435326558384,COMMERCIAL BUILDING,False,False,D-03,W-16
CR-2025-001094,2024-09-21 22:04:50,BURGLARY,FORCIBLE ENTRY,41.87166133369552,-87.62097170095345,APARTMENT,False,False,D-12,W-17
CR-2024-005470,2024-07-10 11:31:31,MOTOR VEHICLE THEFT,AUTOMOBILE,41.86134588673847,-87.64551662419208,PARK,False,False,D-02,W-23
CR-2025-005699,2024-08-28 13:10:01,MOTOR VEHICLE THEFT,AUTOMOBILE,41.947637308623506,-87.65951069880705,ALLEY,False,False,D-08,W-21
CR-2024-004852,2025-02-06 12:01:01,MOTOR VEHICLE THEFT,MOTORCYCLE,41.886236359542984,-87.64193445839389,PARK,False,False,D-02,W-20
CR-2023-000480,2024-05-16 13:15:19,BURGLARY,FORCIBLE ENTRY,41.96125445519735,-87.62871694939734,APARTMENT,False,False,D-02,W-24
CR-2024-001120,2024-11-26 03:46:06,CRIMINAL DAMAGE,GRAFFITI,41.950517889062304,-87.64361174039055,STREET,True,False,D-14,W-15
CR-2025-005774,2025-04-14 08:55:56,BATTERY,AGGRAVATED BATTERY,41.906734679381664,-87.7439555533375,APARTMENT,True,False,D-08,W-03
CR-2023-004548,2023-11-23 01:55:13,THEFT,FROM BUILDING,41.7473283811568,-87.65973815628044,PARK,False,True,D-06,W-50
CR-2024-002020,2025-10-19 09:10:31,ROBBERY,ARMED ROBBERY,41.95249517764803,-87.63998243441038,SIDEWALK,True,False,D-09,W-33
CR-2023-004803,2023-07-02 02:33:47,NARCOTICS,SALE/MANUFACTURE,41.7088522107628,-87.61814340875195,ALLEY,True,False,D-13,W-12
CR-2023-005706,2024-05-16 11:36:07,CRIMINAL DAMAGE,GRAFFITI,41.95644395649825,-87.65032909789761,STREET,False,False,D-10,W-11
CR-2024-002872,2025-03-28 02:57:03,MOTOR VEHICLE THEFT,MOTORCYCLE,41.734673742406514,-87.6198313398027,PARK,True,False,D-09,W-19
CR-2024-003871,2025-12-27 06:53:58,BATTERY,SIMPLE BATTERY,41.868631382956394,-87.62080823970518,COMMERCIAL BUILDING,True,False,D-13,W-42
CR-2024-004531,2023-06-08 23:59:31,THEFT,PETTY THEFT,41.8841096245751,-87.64162114380856,ALLEY,False,False,D-10,W-14
CR-2024-004639,2023-07-22 00:21:08,BATTERY,,41.87227074033607,-87.73242687013665,RESIDENCE,True,False,D-06,W-09
CR-2023-000303,2024-03-05 22:03:06,BATTERY,AGGRAVATED BATTERY,41.75955527002241,-87.66011636758279,SIDEWALK,True,False,D-05,W-34
CR-2025-005333,2024-06-20 00:06:38,NARCOTICS,POSSESSION OF COCAINE,41.89087893606187,-87.61607698302853,APARTMENT,True,False,D-11,W-13
CR-2024-003484,2024-08-04 10:06:36,NARCOTICS,SALE/MANUFACTURE,41.777439247025065,-87.60833991706674,ALLEY,True,False,D-15,W-07
CR-2025-000809,2025-03-06 23:25:38,ASSAULT,AGGRAVATED ASSAULT,41.939872848075886,-87.63233108581606,SIDEWALK,False,False,D-04,W-05
CR-2024-002452,2024-09-16 16:57:18,THEFT,RETAIL THEFT,41.79501296229113,-87.60579385771639,RESIDENCE,False,False,D-12,W-23
CR-2025-002396,2025-10-13 00:57:05,ROBBERY,STRONGARM ROBBERY,41.94610718328987,-87.65001463456709,ALLEY,False,False,D-04,W-46
CR-2025-005942,2024-04-05 08:00:20,MOTOR VEHICLE THEFT,AUTOMOBILE,41.94921045884634,-87.64007651921897,ALLEY,False,False,D-15,W-50
CR-2023-003720,2025-03-19 00:58:55,THEFT,RETAIL THEFT,41.983698276111014,-87.5994558226418,STREET,False,False,D-14,W-24
CR-2023-000603,2023-08-23 02:38:56,BATTERY,DOMESTIC BATTERY,41.8675701246829,-87.63974351376326,APARTMENT,True,True,D-09,W-29
CR-2024-005941,2023-10-24 14:38:49,MOTOR VEHICLE THEFT,TRUCK,41.77061251529251,-87.62699094185093,STREET,False,False,D-02,W-28
CR-2024-003661,2025-07-13 07:51:47,BURGLARY,COMMERCIAL,41.871267994156256,-87.62612564360242,PARK,False,False,D-09,W-09
CR-2024-001621,2024-07-10 02:33:31,ASSAULT,SIMPLE ASSAULT,41.85307101111683,-87.61391907205174,SIDEWALK,False,True,D-08,W-21
CR-2023-000555,not-a-valid-date-string,BURGLARY,RESIDENTIAL,41.87523976398855,-87.6265385069023,PARKING LOT,False,False,D-12,W-50
CR-2024-002611,2023-03-21 20:34:59,NARCOTICS,SALE/MANUFACTURE,41.9439029388841,-87.67387584162904,RESIDENCE,True,False,D-03,W-03
CR-2025-004793,2024-07-02 22:01:44,BATTERY,SIMPLE BATTERY,41.78909224342093,-87.61447501150096,STREET,True,False,D-12,W-34
CR-2025-002834,2025-09-16 08:46:18,ASSAULT,SIMPLE ASSAULT,41.73564343173789,-87.59565285636249,SIDEWALK,False,False,D-13,W-31
CR-2025-003665,2024-09-06 20:48:13,THEFT,FROM BUILDING,41.922245725029036,-87.61893263409428,COMMERCIAL BUILDING,False,False,D-15,W-41
CR-2024-005938,2023-12-21 18:29:59,BURGLARY,RESIDENTIAL,41.87517815568076,-87.63437963730279,RESIDENCE,False,False,D-07,W-12
CR-2025-000482,2025-09-11 02:45:30,CRIMINAL DAMAGE,TO VEHICLE,,,STREET,True,False,D-12,W-24
CR-2025-001583,2025-04-04 01:57:58,BURGLARY,FORCIBLE ENTRY,41.94060152586881,-87.65213893020159,APARTMENT,False,False,D-12,W-48
CR-2024-005095,2024-10-08 16:35:19,CRIMINAL DAMAGE,TO PROPERTY,41.865557077239444,-87.63378742548471,PARKING LOT,False,,D-07,W-40
CR-2023-000801,2023-07-29 16:45:15,BATTERY,AGGRAVATED BATTERY,41.86897264477576,-87.74128545611971,PARKING LOT,True,True,D-02,W-32
CR-2024-000571,2023-09-09 03:16:57,ASSAULT,SIMPLE ASSAULT,41.87584916619451,-87.62791635319793,PARKING LOT,False,True,D-02,W-32
CR-2025-002195,2025-06-07 20:59:20,NARCOTICS,SALE/MANUFACTURE,41.88582325394115,-87.61750112121048,COMMERCIAL BUILDING,True,False,D-01,W-25
CR-2025-005648,2024-05-17 10:33:52,NARCOTICS,POSSESSION OF COCAINE,41.8661329741039,-87.7353551363368,ALLEY,True,False,D-13,W-22
CR-2023-005325,2024-12-14 23:36:29,THEFT,RETAIL THEFT,41.874808815185425,-87.62627607812368,ALLEY,False,False,D-04,W-14
CR-2025-004748,2024-12-15 15:45:49,MOTOR VEHICLE THEFT,AUTOMOBILE,41.97325653786653,-87.64075664022215,PARKING LOT,False,False,D-12,W-34
CR-2023-000333,2025-03-12 18:45:49,MOTOR VEHICLE THEFT,TRUCK,41.94330045565158,-87.62522014022834,ALLEY,False,True,D-12,W-50
CR-2025-003329,2025-12-04 22:14:31,BURGLARY,FORCIBLE ENTRY,41.87643021726804,-87.62531371398968,SIDEWALK,False,False,D-02,W-35
CR-2023-000849,2024-07-01 04:58:12,BATTERY,DOMESTIC BATTERY,41.885808617744885,-87.62710627327091,COMMERCIAL BUILDING,True,True,D-01,W-09
CR-2023-001902,2025-07-05 16:41:04,CRIMINAL DAMAGE,GRAFFITI,41.864708187267624,-87.62209578303654,PARK,False,False,D-07,W-50
CR-2023-003561,2025-08-06 01:23:14,MOTOR VEHICLE THEFT,,41.93884320298592,-87.65619213064366,COMMERCIAL BUILDING,False,False,D-14,W-24
CR-2025-004757,2023-09-23 15:42:23,CRIMINAL DAMAGE,GRAFFITI,41.881213134423334,-87.65000178493173,COMMERCIAL BUILDING,True,False,D-02,W-08
CR-2025-005822,2024-12-05 21:17:14,CRIMINAL DAMAGE,TO PROPERTY,41.885748308718824,-87.61903391940012,ALLEY,False,False,D-12,W-34
CR-2024-003430,2023-08-31 13:38:33,MOTOR VEHICLE THEFT,TRUCK,41.75825418066905,-87.58284010198503,SIDEWALK,False,False,D-04,W-06
CR-2024-005179,2025-11-15 13:59:05,ROBBERY,ARMED ROBBERY,41.87268154710629,-87.62796263611939,COMMERCIAL BUILDING,False,False,D-11,W-29
CR-2024-002077,2025-05-02 21:10:50,ASSAULT,AGGRAVATED ASSAULT,41.892952493584396,-87.6330569661242,APARTMENT,False,False,D-15,W-01
CR-2023-005022,2025-06-03 04:55:16,ASSAULT,AGGRAVATED ASSAULT,41.86567559359478,-87.62799702161881,STREET,False,True,D-08,W-18
CR-2023-000765,2023-05-25 20:10:57,MOTOR VEHICLE THEFT,AUTOMOBILE,41.88021329370367,-87.65632659048345,PARKING LOT,False,False,D-11,W-46
CR-2024-000025,2023-12-14 21:32:42,PETTY THEFT,ARMED ROBBERY,41.78700209923487,-87.63862705701041,APARTMENT,False,False,D-04,W-10
CR-2023-000495,2025-09-02 21:08:59,MOTOR VEHICLE THEFT,AUTOMOBILE,41.78410957019869,-87.68004337171061,PARKING LOT,False,False,D-13,W-39
CR-2025-000461,2023-05-27 11:12:21,CRIMINAL DAMAGE,GRAFFITI,41.88009454511221,-87.6403018122241,SIDEWALK,False,False,D-14,W-18
CR-2025-001865,2024-03-03 09:16:38,BATTERY,DOMESTIC BATTERY,41.89097021292954,-87.64222294409448,STREET,False,False,D-13,W-20
CR-2025-001772,2023-12-02 02:20:06,BATTERY,DOMESTIC BATTERY,41.975929929000394,-87.64903735719973,RESIDENCE,True,False,D-06,W-32
CR-2023-002904,2025-09-23 22:45:12,ASSAULT,SIMPLE ASSAULT,41.91864541346608,-87.63325992499959,RESIDENCE,False,False,D-15,W-26
CR-2023-000867,2024-11-04 20:30:01,BATTERY,SIMPLE BATTERY,41.89499895423496,-87.75599359095186,SIDEWALK,True,True,D-05,W-27
CR-2024-001438,2023-05-20 01:17:15,BATTERY,AGGRAVATED BATTERY,41.929669872504206,-87.66865559112938,PARKING LOT,True,True,D-06,W-13
CR-2025-005441,2024-04-30 04:43:48,MOTOR VEHICLE THEFT,AUTOMOBILE,41.93876565898129,-87.6504479437389,SIDEWALK,False,False,D-05,W-16
CR-2025-001721,2025-08-20 12:10:06,CRIMINAL DAMAGE,GRAFFITI,41.95121965399224,-87.62352746143912,RESIDENCE,False,False,D-13,W-01
CR-2023-002001,2023-09-09 00:08:45,ASSAULT,SIMPLE ASSAULT,41.87837025308067,-87.62271054481235,SIDEWALK,False,True,D-06,W-11
CR-2025-004472,2025-12-19 19:08:30,BATTERY,AGGRAVATED BATTERY,41.92863994363994,-87.65824385501536,RESIDENCE,True,False,D-12,W-42
CR-2025-004217,2024-03-09 21:25:45,NARCOTICS,SALE/MANUFACTURE,41.873777746063666,-87.6275428825184,RESIDENCE,False,False,D-07,W-13
CR-2024-002680,2023-09-04 13:47:43,NARCOTICS,SALE/MANUFACTURE,41.77774346956834,-87.62614746269435,COMMERCIAL BUILDING,True,False,D-03,W-48
CR-2025-005684,2024-07-21 03:39:36,ASSAULT,AGGRAVATED ASSAULT,41.85875485853059,-87.61099397820671,PARKING LOT,False,False,D-03,W-36
CR-2024-005203,2025-08-26 07:43:32,NARCOTICS,SALE/MANUFACTURE,41.78191975581253,-87.64775056703915,ALLEY,True,False,D-13,W-04
CR-2025-005126,2023-07-14 17:04:28,MOTOR VEHICLE THEFT,TRUCK,41.88602054006822,-87.64132653275355,SIDEWALK,False,False,D-13,W-38
CR-2023-004863,2024-11-15 20:27:34,MOTOR VEHICLE THEFT,TRUCK,41.87813275386256,-87.6504262784975,ALLEY,False,False,D-05,W-23
CR-2023-000756,2023-02-11 19:35:03,ROBBERY,ARMED ROBBERY,41.86734766519096,-87.6577980492561,STREET,True,False,D-01,W-37
CR-2023-003888,2025-09-15 01:06:18,BATTERY,DOMESTIC BATTERY,41.89932104203428,-87.7452396592272,PARKING LOT,True,True,D-04,W-14
CR-2025-004997,2025-05-18 08:53:04,MOTOR VEHICLE THEFT,MOTORCYCLE,41.89601321724521,-87.61028346905464,RESIDENCE,True,False,D-08,W-24
CR-2023-000525,2023-11-01 07:25:02,BURGLARY,RESIDENTIAL,41.86933987137283,-87.71977553639813,COMMERCIAL BUILDING,True,False,D-14,W-04
CR-2025-001571,2023-06-25 23:30:41,ASSAULT,SIMPLE ASSAULT,41.87881630259566,-87.73775077180412,RESIDENCE,True,True,D-09,W-48
CR-2024-004984,2025-02-24 20:35:20,MOTOR VEHICLE THEFT,TRUCK,41.87905075088957,-87.64072585469863,ALLEY,False,False,D-08,W-35
CR-2025-002468,2024-11-23 03:42:08,THEFT,RETAIL THEFT,41.94846295453812,-87.63070019263122,STREET,False,False,D-14,W-10
CR-2023-000534,2025-01-25 10:45:56,BURGLARY,FORCIBLE ENTRY,41.871084481980326,-87.62460244177404,SIDEWALK,False,False,D-14,W-01
CR-2024-000979,2025-03-31 05:12:01,THEFT,RETAIL THEFT,41.89394085213599,-87.62645141628806,PARKING LOT,False,False,D-10,W-17
CR-2025-000632,2025-02-19 20:04:59,CRIMINAL DAMAGE,GRAFFITI,41.951787216480724,-87.6835742899381,COMMERCIAL BUILDING,False,False,D-15,W-34
CR-2025-005492,2024-07-09 16:31:04,NARCOTICS,SALE/MANUFACTURE,41.8025053710063,-87.62412094882146,ALLEY,True,False,D-02,W-25
CR-2023-003420,2023-11-18 19:16:45,NARCOTICS,SALE/MANUFACTURE,41.93567552574696,-87.66660120947103,ALLEY,False,False,D-02,W-47
CR-2024-002785,2025-11-06 02:09:58,MOTOR VEHICLE THEFT,AUTOMOBILE,41.94834427778666,-87.66596180804031,PARK,False,False,D-02,W-10
CR-2023-004848,2024-09-28 23:52:16,ROBBERY,STRONGARM ROBBERY,41.88283032269738,-87.71583069782316,APARTMENT,True,False,D-07,W-04
CR-2025-003818,2023-03-12 22:27:00,BURGLARY,COMMERCIAL,41.751459725443105,-87.63804070273432,PARK,False,True,D-03,W-19
CR-2024-005317,2025-06-18 20:23:27,ROBBERY,STRONGARM ROBBERY,41.78666349094785,-87.65688043069927,SIDEWALK,False,False,D-09,W-06
CR-2025-003359,2024-06-01 02:52:12,ASSAULT,AGGRAVATED ASSAULT,41.82251459675188,-87.60750416096332,SIDEWALK,False,True,D-01,W-17
CR-2025-005435,2023-08-13 04:13:56,ASSAULT,AGGRAVATED ASSAULT,41.897580399364905,-87.62557122968873,APARTMENT,False,False,D-13,W-20
CR-2025-005756,2024-12-30 12:10:43,NARCOTICS,POSSESSION OF COCAINE,41.93503283672018,-87.68319056875731,STREET,False,False,D-12,W-37
CR-2023-003066,2023-06-24 09:25:37,NARCOTICS,POSSESSION OF HEROIN,41.90612904828745,-87.62927788689251,PARKING LOT,False,False,D-06,W-44
CR-2023-002313,2025-06-19 16:39:10,BATTERY,SIMPLE BATTERY,41.86859059647401,-87.74009344018422,ALLEY,True,False,D-09,W-12
CR-2025-005462,2023-12-12 12:02:41,NARCOTICS,POSSESSION OF HEROIN,41.94910742834177,-87.6770342162277,SIDEWALK,False,False,D-09,W-24
CR-2023-000600,2023-04-20 12:42:00,MOTOR VEHICLE THEFT,MOTORCYCLE,41.950904490052956,-87.6638881108225,STREET,True,False,D-11,W-07
CR-2025-001103,2023-11-10 20:42:31,MOTOR VEHICLE THEFT,TRUCK,41.900361740428046,-87.62446579976822,SIDEWALK,False,True,D-04,W-21
CR-2025-002309,2025-11-06 14:45:39,BURGLARY,RESIDENTIAL,41.877850844865115,-87.63138728136246,PARKING LOT,False,False,D-14,W-22
CR-2024-004822,2025-05-25 19:28:35,MOTOR VEHICLE THEFT,MOTORCYCLE,41.874847594246674,-87.63419136878159,ALLEY,False,False,D-06,W-13
CR-2024-003592,2024-12-21 05:48:37,ROBBERY,ARMED ROBBERY,41.94926061946642,-87.64156284177974,SIDEWALK,False,False,D-13,W-48
CR-2025-002561,2025-10-03 22:48:14,ROBBERY,ARMED ROBBERY,41.87423569271734,-87.6308445017995,COMMERCIAL BUILDING,True,False,D-11,W-42
CR-2025-005810,2024-02-20 20:22:49,CRIMINAL DAMAGE,GRAFFITI,41.94211112419405,-87.62878999560557,SIDEWALK,False,False,D-04,W-42
CR-2023-003375,2025-10-10 03:30:31,MOTOR VEHICLE THEFT,AUTOMOBILE,41.891513491617516,-87.64129483787173,PARKING LOT,False,False,D-11,W-26
CR-2025-004649,2023-07-15 18:16:40,BURGLARY,COMMERCIAL,41.78214995564504,-87.65557590682135,APARTMENT,True,False,D-04,W-37
CR-2024-000961,2025-10-06 07:25:18,PETTY THEFT,TO VEHICLE,41.926945139485206,-87.65051506271777,SIDEWALK,False,False,D-13,W-32
CR-2024-003253,2024-12-20 06:29:12,BURGLARY,COMMERCIAL,41.90343449824166,-87.7180545703856,COMMERCIAL BUILDING,False,False,D-12,W-28
CR-2025-005621,2025-10-06 19:01:09,MOTOR VEHICLE THEFT,AUTOMOBILE,41.77005868612796,-87.62331685232942,COMMERCIAL BUILDING,False,False,D-11,W-38
CR-2025-004418,2025-01-14 19:14:02,BURGLARY,COMMERCIAL,41.765250951822125,-87.66274124175551,ALLEY,False,False,D-05,W-04
CR-2025-004358,2025-04-14 15:26:22,ASSAULT,AGGRAVATED ASSAULT,41.795007762502706,-87.62533810970868,STREET,False,False,D-15,W-27
CR-2023-004182,2025-08-16 21:07:07,THEFT,RETAIL THEFT,41.965950951069026,-87.64826675290051,SIDEWALK,False,False,D-10,W-06
CR-2023-003831,2024-12-27 13:37:03,BATTERY,DOMESTIC BATTERY,41.86800642001986,-87.61985738360468,STREET,True,True,D-15,W-28
CR-2023-000903,2024-08-21 08:34:52,ASSAULT,AGGRAVATED ASSAULT,41.882106899765176,-87.62216912465155,ALLEY,False,False,D-05,W-33
CR-2024-000877,2024-07-05 23:04:06,THEFT,PETTY THEFT,41.79168006498813,-87.59465853637093,STREET,False,False,D-09,W-07
CR-2024-003436,2024-01-23 23:10:02,THEFT,FROM BUILDING,41.8563013385185,-87.73509358028669,PARKING LOT,False,False,D-11,W-13
CR-2023-003144,2023-04-07 04:11:08,CRIMINAL DAMAGE,TO PROPERTY,41.89983230162507,-87.63452622891863,COMMERCIAL BUILDING,False,,D-11,W-47
CR-2025-004946,2023-12-10 17:25:29,ASSAULT,AGGRAVATED ASSAULT,41.94113648882534,-87.65962837423277,COMMERCIAL BUILDING,False,False,D-05,W-05
CR-2025-002516,2024-08-19 09:04:43,ASSAULT,SIMPLE ASSAULT,41.79717501566964,-87.61553912606959,SIDEWALK,False,False,D-06,W-29
CR-2023-003384,2025-09-11 16:18:30,NARCOTICS,POSSESSION OF COCAINE,41.82016432408082,-87.64473030373824,APARTMENT,True,False,D-15,W-12
CR-2024-005374,2025-01-21 14:59:54,ASSAULT,AGGRAVATED ASSAULT,41.731535471238196,-87.63300096683949,ALLEY,False,False,D-09,W-44
CR-2025-005201,2023-08-23 07:47:04,THEFT,GRAND THEFT,41.89607552854061,-87.62958495366736,ALLEY,False,False,D-11,W-42
CR-2025-001832,2024-03-01 04:12:17,ROBBERY,ARMED ROBBERY,41.902069232977496,-87.74954162680636,STREET,False,False,D-13,W-17
CR-2023-002934,2025-05-03 21:31:28,CRIMINAL DAMAGE,GRAFFITI,41.86883766787695,-87.73385774908616,ALLEY,False,False,D-13,W-16
CR-2024-001552,2023-07-28 05:20:09,MOTOR VEHICLE THEFT,AUTOMOBILE,41.86715596295289,-87.6243787402409,ALLEY,False,False,D-04,W-16
CR-2024-004762,2025-08-02 03:41:55,THEFT,PETTY THEFT,41.929952973418764,-87.67168773660997,SIDEWALK,False,False,D-01,W-10
CR-2023-004851,2023-11-03 21:24:48,CRIMINAL DAMAGE,GRAFFITI,41.96014115069189,-87.65516902684391,APARTMENT,False,False,D-07,W-05
CR-2023-001197,2023-12-21 07:27:26,THEFT,PETTY THEFT,41.87684843045315,-87.65154467829548,APARTMENT,False,False,D-01,W-06
CR-2023-001368,2025-09-10 01:04:16,ROBBERY,ARMED ROBBERY,41.87307293328243,-87.62466493248266,COMMERCIAL BUILDING,False,,D-14,W-48
CR-2025-001994,2023-10-14 03:54:16,THEFT,RETAIL THEFT,41.906951686922376,-87.64141922455028,PARKING LOT,False,False,D-12,W-13
CR-2025-000215,2023-08-09 13:40:53,BATTERY,AGGRAVATED BATTERY,41.92473482974668,-87.6960846435552,RESIDENCE,False,True,D-12,W-04
CR-2024-001000,2024-05-27 05:58:24,NARCOTICS,SALE/MANUFACTURE,41.762020543125644,-87.6326129667679,COMMERCIAL BUILDING,True,False,D-06,W-28
CR-2023-001257,2025-04-20 03:59:50,BURGLARY,,41.77576364349993,-87.62080301189602,COMMERCIAL BUILDING,False,False,D-12,W-07
CR-2024-000400,2025-07-27 02:08:55,ROBBERY,STRONGARM ROBBERY,41.8023570951494,-87.64190111820544,COMMERCIAL BUILDING,False,False,D-05,W-05
CR-2024-000262,2023-05-21 05:07:40,MOTOR VEHICLE THEFT,MOTORCYCLE,41.93313481686915,-87.69139764201329,PARK,False,True,D-01,W-35
CR-2023-005481,2025-10-01 13:00:52,BATTERY,SIMPLE BATTERY,41.86687863525727,-87.62542511600216,STREET,True,False,D-05,W-46
CR-2025-002123,2023-08-09 21:45:16,ROBBERY,,41.78300736913427,-87.57409442144619,PARK,False,False,D-08,W-07
CR-2025-000695,2025-08-24 21:23:01,NARCOTICS,SALE/MANUFACTURE,41.95759944285878,-87.66885430739504,APARTMENT,False,False,D-06,W-47
CR-2023-001668,2025-12-11 14:14:15,BATTERY,,41.85761263766877,-87.63203453964651,SIDEWALK,True,False,D-07,W-20
CR-2023-000090,2023-03-08 19:28:23,ROBBERY,STRONGARM ROBBERY,41.79454168369413,-87.65042893891041,RESIDENCE,False,False,D-11,W-18
CR-2023-003624,2025-04-14 00:53:41,ASSAULT,AGGRAVATED ASSAULT,41.91005302227979,-87.68472252810747,SIDEWALK,False,False,D-06,W-43
CR-2024-002500,2025-12-31 07:11:05,CRIMINAL DAMAGE,TO PROPERTY,41.93992480635954,-87.66436828216767,COMMERCIAL BUILDING,True,False,D-09,W-20
CR-2025-004568,2024-09-06 15:56:56,THEFT,FROM BUILDING,41.875203768889904,-87.61404520671586,COMMERCIAL BUILDING,False,True,D-12,W-37
CR-2025-002159,2025-02-07 13:48:09,BURGLARY,COMMERCIAL,41.78276234163988,-87.63741381474696,SIDEWALK,True,False,D-09,W-41
CR-2024-004789,2023-09-01 01:21:45,BURGLARY,FORCIBLE ENTRY,41.75184955537395,-87.6374667263471,PARK,False,False,D-11,W-36
CR-2025-002690,2024-11-29 01:42:30,ASSAULT,SIMPLE ASSAULT,41.93667169702223,-87.66769544256508,APARTMENT,False,True,D-02,W-07
CR-2024-001360,2024-08-13 21:35:25,MOTOR VEHICLE THEFT,AUTOMOBILE,41.90741236150626,-87.63738620056394,APARTMENT,False,False,D-13,W-16
CR-2023-005820,2024-08-09 23:57:32,MOTOR VEHICLE THEFT,TRUCK,41.78807999496939,-87.6297867842551,SIDEWALK,False,False,D-06,W-17
CR-2023-005328,2025-10-19 02:56:31,BATTERY,AGGRAVATED BATTERY,41.81475002509326,-87.65116597923011,RESIDENCE,True,False,D-02,W-04
CR-2025-005777,2024-07-31 07:31:04,BATTERY,SIMPLE BATTERY,41.95700285948631,-87.64512929364746,ALLEY,True,False,D-14,W-20
CR-2025-001697,2023-11-25 06:50:00,THEFT,FROM BUILDING,41.90768813265185,-87.65058981913599,APARTMENT,True,False,D-12,W-10
CR-2025-001688,2025-06-08 08:15:09,CRIMINAL DAMAGE,GRAFFITI,41.77190474144057,-87.65311344487276,APARTMENT,False,False,D-03,W-35
CR-2023-003657,2025-10-06 02:43:07,ROBBERY,STRONGARM ROBBERY,41.86133108587945,-87.60671204199738,COMMERCIAL BUILDING,True,False,D-02,W-02
CR-2025-005894,2024-08-07 01:33:49,MOTOR VEHICLE THEFT,MOTORCYCLE,95.0,-87.6120154656747,ALLEY,False,False,D-01,W-31
CR-2024-005335,2025-06-07 18:10:06,THEFT,GRAND THEFT,41.79839240455449,-87.63050386248513,COMMERCIAL BUILDING,False,True,D-14,W-16
CR-2025-003746,2023-12-11 19:09:52,CRIMINAL DAMAGE,GRAFFITI,41.76383439238464,-87.62895542397239,ALLEY,False,False,D-05,W-42
CR-2025-003161,2023-11-07 22:45:59,BURGLARY,RESIDENTIAL,41.769203105453435,-87.59634819490321,COMMERCIAL BUILDING,False,False,D-08,W-03
CR-2024-005914,2023-01-01 18:35:38,ROBBERY,STRONGARM ROBBERY,41.865829967228876,-87.6279547198971,SIDEWALK,False,False,D-10,W-18
CR-2024-001936,2025-09-15 18:19:13,BATTERY,SIMPLE BATTERY,41.751465792025726,-87.6659231231883,APARTMENT,True,True,D-06,W-16
CR-2023-005775,2023-03-30 21:50:29,ASSAULT,SIMPLE ASSAULT,41.89689587315366,-87.63115364322161,RESIDENCE,False,False,D-01,W-25
CR-2023-003840,2023-01-25 21:19:59,MOTOR VEHICLE THEFT,AUTOMOBILE,41.95905566418645,-87.6714105336502,SIDEWALK,False,False,D-10,W-04
CR-2025-001556,2023-11-08 21:51:31,ROBBERY,STRONGARM ROBBERY,41.87358710379289,-87.64794215403128,COMMERCIAL BUILDING,False,False,D-07,W-10
CR-2023-000984,2024-07-06 18:15:42,BATTERY,AGGRAVATED BATTERY,41.774027292991185,-87.60065574757833,STREET,True,False,D-01,W-38
CR-2024-002629,2023-12-01 11:55:49,NARCOTICS,POSSESSION OF COCAINE,41.915859901582664,-87.6148481953886,SIDEWALK,True,False,D-07,W-29
CR-2023-003462,2023-06-02 22:07:07,THEFT,GRAND THEFT,41.90775292471403,-87.68173111573022,PARK,False,False,D-15,W-36
CR-2023-001335,2023-11-10 17:13:23,NARCOTICS,SALE/MANUFACTURE,41.86764842272356,-87.62106960149373,STREET,True,False,D-08,W-14
CR-2025-005816,2025-07-19 23:44:48,BURGLARY,RESIDENTIAL,41.91449267005763,-87.62427471994239,PARK,True,False,D-14,W-17
CR-2025-000944,2023-05-16 20:22:28,MOTOR VEHICLE THEFT,AUTOMOBILE,41.76705401632323,-87.62936130677195,PARK,True,False,D-04,W-35
CR-2023-003480,2024-11-04 22:20:46,BURGLARY,FORCIBLE ENTRY,41.80681703187669,-87.62319763405179,SIDEWALK,False,True,D-02,W-31
CR-2024-005878,2024-08-06 21:04:12,CRIMINAL DAMAGE,TO VEHICLE,41.781275697131804,-87.58579176548585,RESIDENCE,False,False,D-11,W-05
CR-2023-005187,2024-08-18 00:11:26,MOTOR VEHICLE THEFT,MOTORCYCLE,41.88318130729928,-87.71654357895864,COMMERCIAL BUILDING,True,,D-09,W-49
CR-2025-000740,2023-07-21 18:48:15,ROBBERY,STRONGARM ROBBERY,41.796959533945696,-87.63832082880229,STREET,False,False,D-14,W-30
CR-2024-004951,2024-12-24 08:32:36,CRIMINAL DAMAGE,TO VEHICLE,41.86048811383924,-87.7276468398824,APARTMENT,False,False,D-06,W-21
CR-2025-002330,2023-07-27 20:57:14,ASSAULT,SIMPLE ASSAULT,41.90032941152655,-87.63404827058419,PARK,False,True,D-06,W-20
CR-2024-002095,2023-04-19 04:14:42,ROBBERY,STRONGARM ROBBERY,41.88403698273065,-87.62584673782068,STREET,True,False,D-02,W-22
CR-2025-000737,2024-12-18 02:17:08,NARCOTICS,POSSESSION OF HEROIN,41.759277542172946,-87.6127929891539,RESIDENCE,True,False,D-05,W-49
CR-2025-001874,2023-09-23 08:23:15,MOTOR VEHICLE THEFT,TRUCK,41.8995328656172,-87.65191198198063,STREET,False,False,D-14,W-48
CR-2024-001372,2025-04-23 21:08:13,BURGLARY,RESIDENTIAL,41.897808798446114,-87.66123214918139,SIDEWALK,False,False,D-08,W-28
CR-2024-002938,2024-10-04 21:49:55,NARCOTICS,POSSESSION OF HEROIN,41.91604398772369,-87.6476844385727,PARK,True,False,D-10,W-23
CR-2024-004501,2025-06-17 12:29:08,MOTOR VEHICLE THEFT,TRUCK,41.791367247803386,-87.67756244227405,PARK,False,False,D-11,W-48
CR-2025-000857,2023-06-29 01:19:21,BATTERY,SIMPLE BATTERY,41.870964092652834,-87.72852959908147,ALLEY,False,False,D-14,W-13
CR-2025-002972,2024-06-02 14:39:59,NARCOTICS,SALE/MANUFACTURE,41.88549325957778,-87.61729595192745,SIDEWALK,True,False,D-06,W-23
CR-2023-004041,2024-07-17 10:44:45,BURGLARY,COMMERCIAL,41.87016625431343,-87.61813605907312,RESIDENCE,False,False,D-08,W-09
CR-2023-002646,2024-10-28 23:08:24,NARCOTICS,POSSESSION OF HEROIN,41.741496029670884,-87.65195530416275,COMMERCIAL BUILDING,False,False,D-02,W-06
CR-2024-000277,2025-05-31 23:15:36,CRIMINAL DAMAGE,TO PROPERTY,41.78734006655188,-87.63929692415307,SIDEWALK,False,False,D-07,W-01
CR-2025-003137,2023-09-18 13:21:41,BURGLARY,RESIDENTIAL,41.768817805202225,-87.62688682540539,STREET,True,False,D-14,W-36
CR-2023-003570,2025-03-07 11:57:31,ASSAULT,SIMPLE ASSAULT,41.82978475466022,-87.62386601747856,ALLEY,False,False,D-06,W-10
CR-2023-005544,2023-09-20 12:01:32,ASSAULT,AGGRAVATED ASSAULT,41.827555724052885,-87.6980147697787,STREET,True,False,D-11,W-26
CR-2024-004537,2025-02-03 07:27:17,THEFT,GRAND THEFT,41.83026287223512,-87.59042983065576,PARK,False,False,D-15,W-04
CR-2025-002288,2024-04-21 20:51:26,CRIMINAL DAMAGE,TO PROPERTY,41.9248607577446,-87.61888912184116,ALLEY,False,False,D-06,W-12
CR-2024-003853,2025-07-01 23:18:05,THEFT,PETTY THEFT,41.908965764571036,-87.72776038650693,ALLEY,True,False,D-15,W-37
CR-2024-000904,2023-01-06 21:15:24,ROBBERY,STRONGARM ROBBERY,41.85438213946952,-87.61637442528887,SIDEWALK,False,False,D-10,W-08
CR-2024-005179,2025-11-15 13:59:05,ROBBERY,ARMED ROBBERY,41.87268154710629,-87.62796263611939,COMMERCIAL BUILDING,False,False,D-11,W-29
CR-2025-000659,2023-05-18 00:12:12,BATTERY,DOMESTIC BATTERY,41.93620975595682,-87.6590394260597,ALLEY,True,False,D-03,W-05
CR-2024-001609,2023-08-29 03:30:36,MOTOR VEHICLE THEFT,TRUCK,41.86707044808978,-87.61897781014365,PARK,False,False,D-06,W-27
CR-2025-001166,2023-05-04 22:21:34,ROBBERY,STRONGARM ROBBERY,41.85533189379979,-87.6351554380121,SIDEWALK,False,False,D-11,W-22
CR-2025-001637,2023-12-27 20:25:39,MOTOR VEHICLE THEFT,MOTORCYCLE,41.864355888491545,-87.60946835798342,STREET,False,False,D-06,W-18
CR-2024-004471,2023-02-25 13:24:36,BATTERY,DOMESTIC BATTERY,41.94549301155372,-87.6483520502713,PARKING LOT,True,False,D-01,W-27
CR-2023-000474,2025-04-03 20:24:13,MOTOR VEHICLE THEFT,AUTOMOBILE,41.87741620975467,-87.62614990826016,SIDEWALK,False,False,D-02,W-14
CR-2025-005351,2024-11-05 13:58:35,CRIMINAL DAMAGE,TO VEHICLE,41.76836292507084,-87.59719503614376,APARTMENT,False,False,D-11,W-41
CR-2025-004007,2023-06-04 18:40:17,ROBBERY,STRONGARM ROBBERY,41.873807042685684,-87.70269262743875,COMMERCIAL BUILDING,True,True,D-10,W-30
CR-2025-004874,2025-09-17 01:04:16,MOTOR VEHICLE THEFT,TRUCK,41.76184813004941,-87.60019128402595,PARKING LOT,False,False,D-11,W-18
CR-2024-002617,2025-09-19 13:17:57,BURGLARY,COMMERCIAL,41.78659580931285,-87.57729434896235,COMMERCIAL BUILDING,False,False,D-09,W-49
CR-2025-005240,2024-07-03 07:49:54,ROBBERY,STRONGARM ROBBERY,41.89469685728442,-87.63348772476166,APARTMENT,False,,D-04,W-24
CR-2025-004598,2023-05-07 02:40:54,MOTOR VEHICLE THEFT,AUTOMOBILE,41.90116095096027,-87.6085883441409,RESIDENCE,False,False,D-06,W-01
CR-2024-000301,2024-03-01 01:03:41,ROBBERY,ARMED ROBBERY,41.89114408880159,-87.60946543211793,STREET,False,False,D-05,W-22
CR-2023-003975,2023-05-10 17:20:30,NARCOTICS,SALE/MANUFACTURE,41.920089518661726,-87.63574255455578,PARKING LOT,True,False,D-04,W-21
CR-2025-000710,2024-09-06 19:43:09,ROBBERY,ARMED ROBBERY,41.886174441185744,-87.61371238994036,COMMERCIAL BUILDING,False,False,D-10,W-43
CR-2025-003182,2024-09-11 23:14:37,MOTOR VEHICLE THEFT,TRUCK,41.8136563831878,-87.58431633963926,STREET,False,,D-11,W-02
CR-2025-004364,2024-08-19 20:21:51,THEFT,,41.884297212139295,-87.6332981274731,STREET,False,False,D-12,W-04
CR-2023-000651,2025-04-30 00:53:34,ASSAULT,SIMPLE ASSAULT,41.77452600608262,-87.64789362898732,COMMERCIAL BUILDING,False,False,D-05,W-21
CR-2024-001330,2024-07-16 00:24:33,MOTOR VEHICLE THEFT,TRUCK,41.924888107887504,-87.67320139684553,COMMERCIAL BUILDING,False,False,D-05,W-44
CR-2025-000854,2023-08-31 09:56:31,NARCOTICS,SALE/MANUFACTURE,41.87611049380426,-87.64441793957006,COMMERCIAL BUILDING,False,False,D-10,W-11
CR-2023-001440,2024-06-21 01:59:38,THEFT,GRAND THEFT,41.72294421916688,-87.68201750381589,ALLEY,False,False,D-12,W-36
CR-2024-000397,2023-10-01 08:37:52,ROBBERY,STRONGARM ROBBERY,41.86188415189388,-87.61400270720002,COMMERCIAL BUILDING,False,False,D-07,W-37
CR-2023-004008,2025-07-18 09:32:18,BATTERY,SIMPLE BATTERY,41.86740733131405,-87.74022418054588,SIDEWALK,False,True,D-15,W-16
CR-2023-004059,2023-08-28 08:30:18,BURGLARY,RESIDENTIAL,41.94375452994401,-87.65508908576517,APARTMENT,True,False,D-06,W-40
CR-2025-002327,2025-06-21 11:26:01,BURGLARY,FORCIBLE ENTRY,41.96246880266278,-87.61220142645233,RESIDENCE,False,False,D-03,W-21
CR-2023-002346,2023-03-22 07:06:34,ASSAULT,AGGRAVATED ASSAULT,41.89772351239739,-87.71741583737402,ALLEY,False,False,D-10,W-23
CR-2025-004223,2024-07-10 04:34:54,NARCOTICS,POSSESSION OF COCAINE,41.79553336336272,-87.57375986059894,PARK,True,False,D-06,W-45
CR-2023-001170,2025-04-24 02:06:39,MOTOR VEHICLE THEFT,TRUCK,41.96237656840405,-87.64688054111221,APARTMENT,False,False,D-11,W-20
CR-2023-004143,2025-08-06 23:02:31,CRIMINAL DAMAGE,GRAFFITI,41.78269143180363,-87.6545938986927,STREET,False,False,D-04,W-08
CR-2025-001676,2025-07-23 07:29:13,BURGLARY,COMMERCIAL,41.78960791730938,-87.62707108759456,RESIDENCE,False,False,D-12,W-10
CR-2024-005170,2024-07-19 01:37:19,NARCOTICS,POSSESSION OF COCAINE,41.87133889584046,-87.65982559002589,STREET,False,False,D-05,W-21
CR-2023-002823,2025-08-23 11:02:01,CRIMINAL DAMAGE,TO PROPERTY,41.763710780205514,-87.58979543926182,PARKING LOT,False,False,D-10,W-50
CR-2024-004882,2025-04-07 07:04:59,NARCOTICS,POSSESSION OF COCAINE,41.78261369758982,-87.63654332634897,PARKING LOT,True,False,D-04,W-21
CR-2024-004807,2023-09-06 06:00:21,ROBBERY,ARMED ROBBERY,41.76764079521858,-87.61882880912151,PARK,False,False,D-09,W-24
CR-2023-000099,2024-09-23 15:25:32,MOTOR VEHICLE THEFT,AUTOMOBILE,41.87897313077669,-87.64694455446747,PARKING LOT,True,False,D-10,W-42
CR-2024-000898,2023-08-25 22:03:14,BATTERY,DOMESTIC BATTERY,41.94201892128667,-87.67122051713606,RESIDENCE,True,,D-15,W-15
CR-2023-001977,2024-03-24 21:18:59,THEFT,RETAIL THEFT,41.76438379243615,-87.64428463118472,COMMERCIAL BUILDING,False,False,D-09,W-34
CR-2025-004952,2023-06-03 08:59:28,BURGLARY,COMMERCIAL,41.898068792273044,-87.7495487633286,APARTMENT,False,False,D-08,W-12
CR-2024-005398,2023-02-07 14:56:42,ASSAULT,SIMPLE ASSAULT,41.91032481188711,-87.66495755438582,PARK,False,False,D-02,W-19
CR-2024-000523,2025-03-07 04:06:50,THEFT,GRAND THEFT,41.8878848431762,-87.65344588235477,STREET,False,False,D-11,W-22
CR-2025-004940,2025-11-02 20:06:52,NARCOTICS,POSSESSION OF HEROIN,41.780049023401226,-87.63506457590725,STREET,True,False,D-07,W-09
CR-2025-004064,2025-01-06 22:57:23,ROBBERY,STRONGARM ROBBERY,41.87536759124213,-87.62558182476124,PARK,False,False,D-14,W-09
CR-2025-005588,2024-12-24 19:27:46,BATTERY,DOMESTIC BATTERY,41.88203024861538,-87.61579865568287,RESIDENCE,False,True,D-05,W-11
CR-2025-002069,2024-04-28 04:06:05,ASSAULT,SIMPLE ASSAULT,41.80118259217174,-87.62889425352515,SIDEWALK,True,False,D-14,W-25
CR-2024-002494,2024-02-03 01:35:42,ROBBERY,STRONGARM ROBBERY,41.95225193837462,-87.60745780729452,ALLEY,False,False,D-01,W-34
CR-2023-003930,2025-11-07 21:02:22,CRIMINAL DAMAGE,GRAFFITI,41.8302548460314,-87.6253044815241,STREET,False,False,D-14,W-19
CR-2024-004357,2025-02-12 22:32:30,BURGLARY,COMMERCIAL,41.89471581643974,-87.62130096777412,ALLEY,False,False,D-10,W-33
CR-2023-003807,2023-04-07 00:28:14,NARCOTICS,POSSESSION OF HEROIN,41.97850124077217,-87.67690005216764,PARKING LOT,True,False,D-01,W-34
CR-2023-003618,2023-02-14 21:52:41,BATTERY,SIMPLE BATTERY,41.874244213867804,-87.6256367122976,APARTMENT,True,False,D-12,W-29
CR-2024-003133,2024-06-09 20:00:53,CRIMINAL DAMAGE,TO VEHICLE,41.780733418619455,-87.60478075260797,PARKING LOT,False,False,D-01,W-26
CR-2024-000076,2024-12-04 22:41:11,THEFT,GRAND THEFT,41.76189938196054,-87.62319365757098,PARK,False,False,D-06,W-24
CR-2025-002789,2023-01-10 10:26:55,ROBBERY,ARMED ROBBERY,41.85787734431859,-87.62956476645293,COMMERCIAL BUILDING,False,False,D-02,W-07
CR-2023-001566,2023-07-10 23:13:40,THEFT,FROM BUILDING,41.735619967413875,-87.59162654431367,RESIDENCE,False,False,D-01,W-36
CR-2024-005515,2023-08-04 03:21:55,THEFT,RETAIL THEFT,41.869740656721994,-87.71657594093621,APARTMENT,False,False,D-08,W-32
CR-2025-002045,2025-08-03 16:40:32,MOTOR VEHICLE THEFT,MOTORCYCLE,41.861620693622335,-87.60849243569093,PARK,True,False,D-04,W-13
CR-2023-004023,2025-06-03 00:27:32,BATTERY,AGGRAVATED BATTERY,41.86866168990729,-87.6404006015256,STREET,False,False,D-13,W-24
CR-2024-001381,2023-08-11 14:59:37,BURGLARY,RESIDENTIAL,41.89153033146144,-87.63927366593748,SIDEWALK,False,False,D-11,W-08
CR-2025-003542,2025-10-03 01:01:13,NARCOTICS,POSSESSION OF COCAINE,41.873465599781035,-87.66136874198148,COMMERCIAL BUILDING,True,False,D-07,W-41
CR-2023-004272,2025-06-25 19:34:03,NARCOTICS,POSSESSION OF HEROIN,41.94961570745003,-87.6167742829029,COMMERCIAL BUILDING,True,False,D-09,W-05
CR-2024-002377,2024-04-03 05:44:08,ROBBERY,ARMED ROBBERY,41.87007864993734,-87.62537542816438,PARKING LOT,False,False,D-06,W-11
CR-2024-001780,2023-03-15 16:42:13,CRIMINAL DAMAGE,TO PROPERTY,41.881591801144104,-87.64115145965525,APARTMENT,True,False,D-04,W-49
CR-2025-001013,2023-08-01 16:55:25,MOTOR VEHICLE THEFT,TRUCK,41.98441022363021,-87.6305210729412,ALLEY,False,False,D-03,W-18
CR-2024-002560,2024-04-22 11:21:09,NARCOTICS,POSSESSION OF COCAINE,41.85739101941151,-87.63634233162261,PARK,True,True,D-13,W-01
CR-2024-001264,2025-02-27 00:15:23,NARCOTICS,POSSESSION OF COCAINE,41.908948153472444,-87.64676332652989,STREET,True,False,D-05,W-28
CR-2025-000023,2024-08-28 17:26:42,NARCOTICS,SALE/MANUFACTURE,41.76738403072601,-87.60257194434453,RESIDENCE,True,False,D-09,W-01
CR-2024-001510,2023-07-28 00:31:13,ROBBERY,STRONGARM ROBBERY,41.80890654374347,-87.64057903405214,ALLEY,False,,D-02,W-11
CR-2025-000419,2023-04-07 00:16:22,ASSAULT,SIMPLE ASSAULT,41.80350805996191,-87.63434972110564,STREET,False,True,D-02,W-40
CR-2024-002185,2025-09-10 22:26:26,ROBBERY,STRONGARM ROBBERY,41.913555566147295,-87.66622083597633,PARKING LOT,False,False,D-14,W-36
CR-2024-002929,2025-04-16 01:46:34,ROBBERY,STRONGARM ROBBERY,41.87358529531411,-87.63927155541225,ALLEY,False,False,D-01,W-39
CR-2023-001785,2025-02-15 06:25:55,MOTOR VEHICLE THEFT,AUTOMOBILE,41.873637766986896,-87.6101202439214,SIDEWALK,False,False,D-14,W-26
CR-2023-005712,2025-11-15 00:41:08,BURGLARY,RESIDENTIAL,41.75006293672779,-87.63825091531422,RESIDENCE,False,False,D-02,W-38
CR-2024-001753,2023-05-08 14:26:21,BURGLARY,FORCIBLE ENTRY,41.882944617554266,-87.63071505957784,PARKING LOT,False,,D-01,W-09
CR-2023-005220,2025-08-09 20:31:28,ASSAULT,SIMPLE ASSAULT,41.77094247464739,-87.64254051908273,COMMERCIAL BUILDING,False,True,D-07,W-12
CR-2024-004714,2023-01-15 03:42:29,BURGLARY,FORCIBLE ENTRY,41.9088196261302,-87.61476365767915,STREET,True,False,D-15,W-32
CR-2025-000734,2024-04-08 22:39:27,CRIMINAL DAMAGE,TO PROPERTY,41.86016175406947,-87.6231309599767,COMMERCIAL BUILDING,False,False,D-07,W-31
CR-2025-003599,2024-07-08 16:34:35,ASSAULT,AGGRAVATED ASSAULT,41.9839098169848,-87.68488392036716,APARTMENT,False,False,D-05,W-28
CR-2025-001628,2024-06-12 09:19:12,ROBBERY,STRONGARM ROBBERY,41.930778633266776,-87.66954441527298,PARK,False,False,D-14,W-25
CR-2023-003027,2023-06-30 21:06:44,ASSAULT,AGGRAVATED ASSAULT,41.88321823763739,-87.60729588086498,RESIDENCE,False,False,D-08,W-03
CR-2023-004401,2023-08-09 10:56:17,ASSAULT,,41.7913158653745,-87.61312249971006,STREET,False,True,D-13,W-41
CR-2025-005429,2025-04-15 13:59:27,ASSAULT,AGGRAVATED ASSAULT,41.96829737387576,-87.6659768928763,PARKING LOT,False,False,D-04,W-04
CR-2025-002915,2025-04-17 12:09:37,BURGLARY,RESIDENTIAL,41.94367102326528,-87.65769239248738,PARKING LOT,False,False,D-08,W-26
CR-2023-001800,2023-11-03 17:13:30,ASSAULT,AGGRAVATED ASSAULT,41.7583016128257,-87.64697773628623,COMMERCIAL BUILDING,False,False,D-09,W-08
CR-2025-005408,2025-07-26 04:23:54,ROBBERY,STRONGARM ROBBERY,41.87954013901996,-87.62676888240759,RESIDENCE,False,False,D-14,W-22
CR-2025-001037,2024-11-18 11:25:10,CRIMINAL DAMAGE,GRAFFITI,41.86883522156849,-87.63454109284041,STREET,False,False,D-06,W-50
CR-2024-002749,2025-10-18 18:11:40,ASSAULT,AGGRAVATED ASSAULT,41.84110111554324,-87.69810952307795,SIDEWALK,False,True,D-03,W-32
CR-2025-000365,2025-08-07 07:00:09,BURGLARY,COMMERCIAL,41.88412521459176,-87.74451070999707,PARK,True,False,D-05,W-27
CR-2023-005862,2023-08-28 22:13:12,CRIMINAL DAMAGE,TO VEHICLE,41.89960826702295,-87.6402352111625,STREET,True,False,D-11,W-24
CR-2023-002937,2023-08-22 09:26:05,ROBBERY,STRONGARM ROBBERY,41.89716597989011,-87.64450093452761,ALLEY,True,False,D-07,W-24
CR-2024-004795,2023-08-13 13:59:08,ASSAULT,SIMPLE ASSAULT,41.80081514699606,-87.6367946393314,PARK,False,False,D-06,W-04
CR-2023-002796,2024-07-12 05:45:19,ASSAULT,SIMPLE ASSAULT,41.76005344715772,-87.61943366121307,SIDEWALK,False,False,D-03,W-35
CR-2025-005519,2024-10-14 02:52:31,ROBBERY,STRONGARM ROBBERY,41.880558860953904,-87.6409398874866,COMMERCIAL BUILDING,False,False,D-08,W-29
CR-2023-003078,2023-06-09 18:49:31,ASSAULT,AGGRAVATED ASSAULT,41.87572193461376,-87.64357028592458,PARK,False,False,D-06,W-25
CR-2023-001311,2025-01-18 06:51:20,MOTOR VEHICLE THEFT,MOTORCYCLE,41.87935739941894,-87.60864311282195,PARK,True,False,D-02,W-49
CR-2023-001974,2024-01-30 18:34:40,ROBBERY,ARMED ROBBERY,41.77190016745314,-87.66097576840549,RESIDENCE,True,False,D-14,W-20
CR-2025-004586,2023-09-14 03:13:40,BATTERY,DOMESTIC BATTERY,41.89196203842549,-87.74762207983512,PARKING LOT,False,False,D-06,W-42
CR-2025-004826,2025-12-12 08:17:13,ROBBERY,ARMED ROBBERY,41.78372154607875,-87.5910394492337,ALLEY,False,False,D-14,W-50
CR-2024-003172,2024-12-16 02:25:39,PETTY THEFT,SIMPLE ASSAULT,41.94903518913163,-190.0,APARTMENT,False,False,D-01,W-41
CR-2023-002577,2023-01-15 22:00:21,CRIMINAL DAMAGE,TO PROPERTY,41.93101426026023,-87.6555173427407,COMMERCIAL BUILDING,False,False,D-11,W-11
CR-2024-003559,2025-08-23 14:06:00,ASSAULT,AGGRAVATED ASSAULT,41.75788767536233,-87.61181903874012,APARTMENT,False,False,D-06,W-38
CR-2023-004596,2023-09-04 22:06:45,ASSAULT,SIMPLE ASSAULT,41.88737102740895,-87.6246020947253,APARTMENT,False,False,D-13,W-43
CR-2024-003340,2023-05-06 02:04:37,BATTERY,AGGRAVATED BATTERY,41.87337100499126,-87.62577924358615,APARTMENT,True,True,D-12,W-48
CR-2024-003517,2023-09-05 02:55:18,NARCOTICS,SALE/MANUFACTURE,41.980507119247235,-87.63082127311525,RESIDENCE,True,False,D-04,W-31
CR-2024-001369,2025-11-29 04:54:08,BURGLARY,RESIDENTIAL,41.901412406310726,-87.61699036035172,PARKING LOT,False,False,D-03,W-12
CR-2023-004749,2024-05-29 19:25:18,THEFT,PETTY THEFT,41.94971783217204,-87.62199715234912,ALLEY,True,,D-10,W-02
CR-2025-000656,2023-09-18 00:47:07,ASSAULT,SIMPLE ASSAULT,41.976204150980344,-87.64414379387296,ALLEY,True,False,D-03,W-41
CR-2024-001732,2025-02-12 08:01:00,ROBBERY,ARMED ROBBERY,41.783282169473345,-87.6624181359719,ALLEY,False,False,D-01,W-22
CR-2025-003704,2025-06-23 14:41:41,ASSAULT,AGGRAVATED ASSAULT,41.91089985225056,-87.6317002294062,APARTMENT,False,False,D-09,W-07
CR-2025-002414,2023-05-27 00:23:30,BATTERY,AGGRAVATED BATTERY,41.80198771540118,-87.6552655830457,SIDEWALK,True,False,D-06,W-25
CR-2025-005759,2024-07-30 00:29:57,NARCOTICS,POSSESSION OF COCAINE,41.799998785012974,-87.63609215552319,COMMERCIAL BUILDING,True,False,D-07,W-35
CR-2023-001413,2023-03-09 06:14:37,ASSAULT,SIMPLE ASSAULT,41.89680337573302,-87.6307300601405,PARKING LOT,True,True,D-07,W-07
CR-2025-003245,2023-07-01 00:55:24,MOTOR VEHICLE THEFT,AUTOMOBILE,41.95056028241959,-87.67343297090308,RESIDENCE,False,False,D-13,W-42
CR-2024-004810,2023-09-02 01:29:46,CRIMINAL DAMAGE,TO VEHICLE,41.8871240978687,-87.73607809115158,STREET,False,False,D-06,W-27
CR-2023-004644,2023-02-04 00:27:27,MOTOR VEHICLE THEFT,TRUCK,41.88096218033245,-87.71084938954075,STREET,False,False,D-08,W-15
CR-2025-002462,2024-04-12 03:24:22,MOTOR VEHICLE THEFT,TRUCK,41.884810909056036,-87.63731851161685,APARTMENT,True,False,D-02,W-09
CR-2023-002757,2023-01-10 23:56:43,BURGLARY,RESIDENTIAL,41.8960329708213,-87.6525845467122,ALLEY,False,False,D-04,W-08
CR-2025-001217,2024-02-09 11:52:41,BURGLARY,RESIDENTIAL,41.88147961883062,-87.6353429039325,APARTMENT,False,False,D-10,W-35
CR-2025-000584,2023-05-04 06:13:29,NARCOTICS,POSSESSION OF HEROIN,41.960295086833305,-87.63823168882439,PARKING LOT,True,,D-09,W-33
CR-2024-001072,2024-10-25 13:29:00,BATTERY,AGGRAVATED BATTERY,41.876582359416574,-87.70008245810516,STREET,False,False,D-06,W-10
CR-2025-001322,2025-11-02 13:47:39,ROBBERY,STRONGARM ROBBERY,41.86175550443987,-87.64157142862192,SIDEWALK,False,False,D-04,W-10
CR-2024-003358,2025-10-20 10:44:32,ROBBERY,ARMED ROBBERY,41.80510999719534,-87.63102667763589,SIDEWALK,False,False,D-10,W-29
CR-2025-000599,2023-02-24 13:08:39,BURGLARY,RESIDENTIAL,41.95287828268129,-87.62801719140052,PARKING LOT,True,False,D-10,W-19
CR-2024-001561,2024-06-20 00:22:54,BURGLARY,COMMERCIAL,41.88546811498119,-87.63517044069621,COMMERCIAL BUILDING,False,False,D-06,W-03
CR-2023-000762,2023-04-02 06:11:57,CRIMINAL DAMAGE,GRAFFITI,41.87251689835894,-87.61346877070444,APARTMENT,False,False,D-10,W-01
CR-2024-001312,2024-09-07 22:13:27,ROBBERY,STRONGARM ROBBERY,41.78914406989899,-87.65052719775434,APARTMENT,False,False,D-10,W-32
CR-2024-002542,2024-11-30 13:20:43,PETTY THEFT,SALE/MANUFACTURE,41.96752590004183,-87.60880653388294,APARTMENT,False,False,D-09,W-41
CR-2025-003812,2023-11-02 08:54:08,CRIMINAL DAMAGE,TO VEHICLE,41.92959441866232,-87.71169979430272,ALLEY,True,False,D-12,W-38
CR-2025-000251,2025-10-05 19:54:34,THEFT,RETAIL THEFT,41.857121486392714,-87.62135546144964,PARKING LOT,False,False,D-15,W-37
CR-2025-002387,2025-05-07 13:32:01,ROBBERY,ARMED ROBBERY,41.83883431923185,-87.7128126631263,PARK,False,False,D-09,W-50
CR-2023-005370,2024-07-08 20:05:23,ASSAULT,SIMPLE ASSAULT,41.803198258586015,-87.62541427657408,PARKING LOT,False,True,D-10,W-42
CR-2025-005111,2023-11-14 08:55:52,BURGLARY,FORCIBLE ENTRY,41.727364864399426,-87.61824093396234,PARKING LOT,False,False,D-03,W-20
CR-2025-000869,2024-07-07 05:28:21,BATTERY,DOMESTIC BATTERY,41.80265768979934,-87.58623466568545,PARK,True,False,D-10,W-18
CR-2025-004562,2024-04-17 08:35:10,THEFT,RETAIL THEFT,41.960510273022486,-87.65401184955135,COMMERCIAL BUILDING,False,False,D-04,W-44
CR-2024-001909,2023-07-27 07:56:54,ROBBERY,ARMED ROBBERY,41.940446406127705,-87.67898061116445,SIDEWALK,False,False,D-14,W-12
CR-2024-002950,2025-05-23 23:55:33,THEFT,FROM BUILDING,41.87704669457724,-87.66763416876232,ALLEY,False,False,D-09,W-09
CR-2023-002394,2025-10-29 22:45:27,NARCOTICS,POSSESSION OF COCAINE,41.846745456517205,-87.63235387370194,PARK,True,False,D-11,W-02
CR-2024-005647,2024-04-20 18:55:45,CRIMINAL DAMAGE,GRAFFITI,41.848714394074015,-87.74903789607515,PARK,True,False,D-07,W-33
CR-2023-002229,2025-12-13 08:40:41,ROBBERY,ARMED ROBBERY,41.74011219377353,-87.61244870413104,PARKING LOT,False,False,D-08,W-28
CR-2023-001296,2025-06-14 22:55:13,CRIMINAL DAMAGE,TO PROPERTY,41.77782941546721,-87.62754943162979,RESIDENCE,False,False,D-10,W-30
CR-2024-001657,2024-11-01 20:00:10,ASSAULT,SIMPLE ASSAULT,41.872678058499595,-87.62355330942849,APARTMENT,False,,D-06,W-25
CR-2024-005395,2023-06-24 01:46:09,CRIMINAL DAMAGE,TO PROPERTY,41.943224711762554,-87.66524104973671,COMMERCIAL BUILDING,False,False,D-03,W-47
CR-2024-000607,2024-09-12 12:53:41,MOTOR VEHICLE THEFT,TRUCK,41.87529090579074,-87.70444064269188,RESIDENCE,False,False,D-13,W-43
CR-2023-003471,2023-06-01 19:48:53,THEFT,PETTY THEFT,41.897599810583934,-87.6153954224787,RESIDENCE,True,False,D-13,W-09
CR-2023-002856,2023-11-01 21:50:14,THEFT,PETTY THEFT,41.89095106132206,-87.62382927675236,PARK,False,False,D-10,W-05
CR-2025-002906,2025-05-07 09:58:32,BATTERY,SIMPLE BATTERY,41.88138445873784,-87.64242732447802,RESIDENCE,True,False,D-01,W-17
CR-2023-002217,2023-01-04 22:22:32,MOTOR VEHICLE THEFT,AUTOMOBILE,41.86980365274629,-87.6193620424136,RESIDENCE,False,False,D-11,W-19
CR-2024-004075,2025-09-16 22:02:44,ASSAULT,SIMPLE ASSAULT,41.88901053987329,-87.73669733063366,STREET,False,False,D-10,W-21
CR-2024-003034,2024-08-24 16:26:41,THEFT,RETAIL THEFT,41.96574374825656,-87.66524708742828,PARK,False,False,D-07,W-23
CR-2025-005741,2025-03-17 14:47:11,BATTERY,AGGRAVATED BATTERY,41.87248065771011,-87.63700254376312,COMMERCIAL BUILDING,False,False,D-14,W-50
CR-2023-004248,2023-12-23 23:01:59,ASSAULT,AGGRAVATED ASSAULT,41.95910917494819,-87.63111979602198,PARK,False,False,D-09,W-25
CR-2024-003733,2024-01-05 14:00:25,BURGLARY,COMMERCIAL,41.94193915262454,-87.66264474001598,COMMERCIAL BUILDING,False,False,D-09,W-17
CR-2024-004387,2023-08-07 23:50:06,THEFT,PETTY THEFT,41.9770766567732,-87.68284590978544,STREET,False,False,D-12,W-28
CR-2023-002730,2025-06-01 10:41:25,BURGLARY,RESIDENTIAL,41.77798525064143,-87.61250875004795,SIDEWALK,False,False,D-09,W-48
CR-2024-001063,2024-09-29 22:38:36,NARCOTICS,POSSESSION OF COCAINE,41.86038780777037,-87.61308517457996,PARKING LOT,False,False,D-12,W-19
CR-2025-005000,2025-07-19 22:38:50,BURGLARY,RESIDENTIAL,41.76193763173782,-87.63663748657635,COMMERCIAL BUILDING,False,False,D-02,W-30
CR-2025-004637,2024-04-06 02:46:51,MOTOR VEHICLE THEFT,MOTORCYCLE,41.868874034102454,-87.76050061056247,PARK,False,False,D-09,W-46
CR-2023-000879,2024-08-22 11:37:26,OTHER OFFENSE,DUPLICATE ID TEST RECORD,41.90228417386983,-87.61007628319624,ALLEY,False,False,D-10,W-32
CR-2023-004002,2025-05-20 09:56:03,ROBBERY,STRONGARM ROBBERY,41.90360141979055,-87.71663122804446,PARKING LOT,True,False,D-09,W-11
CR-2024-004156,2023-01-14 09:50:08,ROBBERY,STRONGARM ROBBERY,41.88173106005432,-87.64256462621023,APARTMENT,False,False,D-06,W-31
CR-2025-002411,2024-08-01 22:54:57,MOTOR VEHICLE THEFT,TRUCK,41.865414903432594,-87.6300114844886,COMMERCIAL BUILDING,False,False,D-08,W-10
CR-2025-002315,2024-05-19 17:28:40,BURGLARY,FORCIBLE ENTRY,41.91750125306646,-87.66608610028926,APARTMENT,False,False,D-13,W-14
CR-2025-003215,2023-04-30 01:11:02,BATTERY,DOMESTIC BATTERY,41.86866994629454,-87.66907199798038,ALLEY,True,False,D-10,W-26
CR-2024-000718,2024-11-14 20:04:36,BATTERY,DOMESTIC BATTERY,41.77268272184541,-87.58881636059951,RESIDENCE,False,False,D-02,W-37
CR-2023-001266,2023-06-16 19:32:28,NARCOTICS,POSSESSION OF COCAINE,41.886432689695134,-87.6435802976723,PARKING LOT,True,False,D-01,W-25
CR-2023-001089,2024-11-16 05:09:02,ASSAULT,SIMPLE ASSAULT,41.98887212438459,-87.6551640031088,PARKING LOT,False,False,D-08,W-25
CR-2025-005858,2023-10-04 13:38:07,CRIMINAL DAMAGE,,41.95582107476431,-87.66999950202515,PARKING LOT,False,False,D-03,W-42
CR-2023-002715,2024-09-11 09:18:15,MOTOR VEHICLE THEFT,MOTORCYCLE,41.9346790048593,-87.66764424493296,STREET,False,False,D-11,W-40
CR-2023-000129,2025-08-31 08:04:43,BURGLARY,FORCIBLE ENTRY,41.957276388562924,-87.6398073189314,STREET,False,False,D-01,W-14
CR-2025-004886,2023-03-05 04:14:33,NARCOTICS,,41.856728515194185,-87.6329867755407,ALLEY,True,False,D-15,W-47
CR-2025-001490,2023-08-22 00:36:32,MOTOR VEHICLE THEFT,TRUCK,41.88206030122001,-87.6107146974984,SIDEWALK,False,False,D-10,W-47
CR-2025-005930,2025-01-26 22:05:19,NARCOTICS,SALE/MANUFACTURE,41.8844204038146,-87.64502938561375,SIDEWALK,False,False,D-06,W-33
CR-2024-000739,2024-12-31 02:45:51,MOTOR VEHICLE THEFT,AUTOMOBILE,41.93065015644396,-87.66404916600646,APARTMENT,False,False,D-02,W-50
CR-2023-000006,2023-11-10 20:43:27,BATTERY,AGGRAVATED BATTERY,41.88172943407349,-87.65849920366988,PARK,True,False,D-14,W-01
CR-2023-003207,2024-07-17 13:12:44,BURGLARY,COMMERCIAL,41.8871621065924,-87.73914312257426,PARKING LOT,False,False,D-15,W-49
CR-2023-002526,2025-12-16 13:57:14,PETTY THEFT,GRAFFITI,41.883224903479295,-87.63386972467103,ALLEY,False,False,D-03,W-48
CR-2023-003597,2025-01-31 09:47:44,BATTERY,SIMPLE BATTERY,41.96334889942854,-87.64934247617953,COMMERCIAL BUILDING,False,True,D-03,W-26
CR-2023-001812,2024-12-27 22:49:49,CRIMINAL DAMAGE,TO PROPERTY,41.90656650525119,-87.64401839075904,APARTMENT,False,False,D-06,W-49
CR-2025-002975,2025-06-06 01:41:48,THEFT,PETTY THEFT,41.951131947911776,-87.65479229444055,SIDEWALK,True,False,D-14,W-47
CR-2024-004903,2024-02-23 18:34:57,BATTERY,AGGRAVATED BATTERY,41.8804601985151,-87.61515240116405,SIDEWALK,False,False,D-04,W-10
CR-2025-004295,2023-11-13 22:57:38,ROBBERY,STRONGARM ROBBERY,41.90678687113464,-87.75635525434572,PARKING LOT,False,False,D-03,W-26
CR-2024-005482,2025-11-30 08:56:31,ROBBERY,STRONGARM ROBBERY,41.88244008358465,-87.63235335687958,ALLEY,True,False,D-10,W-31
CR-2024-004552,2024-05-10 20:27:07,ASSAULT,AGGRAVATED ASSAULT,41.86276878197921,-87.73307744823636,RESIDENCE,False,,D-15,W-33
CR-2025-000020,2024-04-11 07:12:25,ROBBERY,STRONGARM ROBBERY,41.79736166449989,-87.62471579297025,SIDEWALK,False,False,D-11,W-35
CR-2025-005531,2023-03-26 13:41:34,CRIMINAL DAMAGE,TO PROPERTY,41.85126481414248,-87.61469323264882,COMMERCIAL BUILDING,False,False,D-07,W-33
CR-2023-002490,2024-03-16 14:02:04,CRIMINAL DAMAGE,TO VEHICLE,41.92444067141565,-87.63755840447106,SIDEWALK,False,False,D-06,W-44
CR-2023-004659,2025-01-27 11:50:18,THEFT,GRAND THEFT,41.76730363926235,-87.65645465959446,RESIDENCE,False,False,D-07,W-10
CR-2023-003120,2023-10-26 03:57:44,ROBBERY,STRONGARM ROBBERY,41.94406953604928,-87.67408483081364,ALLEY,False,False,D-07,W-21
CR-2024-000421,2023-11-12 20:52:08,BATTERY,SIMPLE BATTERY,41.92594555956875,-87.64765180507632,COMMERCIAL BUILDING,False,True,D-14,W-31
CR-2024-003001,2025-06-18 04:53:37,BATTERY,SIMPLE BATTERY,41.86396909724639,-87.63801993728111,STREET,True,,D-11,W-14
CR-2023-005619,2024-12-26 17:34:03,MOTOR VEHICLE THEFT,MOTORCYCLE,41.880551716199264,-87.62786725567966,APARTMENT,False,False,D-05,W-10
CR-2025-005726,2025-01-31 00:36:30,BURGLARY,COMMERCIAL,41.733581800873175,-87.65481333190525,COMMERCIAL BUILDING,False,False,D-08,W-08
CR-2024-001480,2023-06-15 18:06:05,MOTOR VEHICLE THEFT,MOTORCYCLE,41.865758745092506,-87.73785461501832,SIDEWALK,False,False,D-13,W-44
CR-2023-001227,2024-04-23 05:21:49,ROBBERY,ARMED ROBBERY,41.88833078098569,-87.60749130766996,PARKING LOT,False,False,D-14,W-39
CR-2025-005600,2024-06-09 01:01:04,ROBBERY,ARMED ROBBERY,41.8917025121956,-87.65157752117753,SIDEWALK,False,False,D-04,W-34
CR-2024-002311,2023-04-14 03:21:12,ROBBERY,ARMED ROBBERY,41.864790058117165,-87.61822305734147,SIDEWALK,False,False,D-09,W-50
CR-2023-003297,2025-06-07 23:49:53,CRIMINAL DAMAGE,GRAFFITI,41.91159467230409,-87.62873667892084,SIDEWALK,False,False,D-08,W-44
CR-2025-003767,2025-07-27 11:42:17,BURGLARY,COMMERCIAL,41.93782003171594,-87.67681473296884,ALLEY,False,False,D-13,W-43
CR-2024-001081,2024-12-25 12:11:52,ROBBERY,ARMED ROBBERY,41.88557332622746,-87.61269776442218,STREET,False,False,D-15,W-41
CR-2024-004798,2024-10-10 09:51:30,BATTERY,SIMPLE BATTERY,41.75457930268543,-87.62993908773416,PARK,False,True,D-08,W-41
CR-2025-004823,2025-12-23 07:58:05,MOTOR VEHICLE THEFT,TRUCK,41.885628503505515,-87.63023224902383,RESIDENCE,False,False,D-05,W-16
CR-2023-003609,2024-10-06 03:09:00,MOTOR VEHICLE THEFT,AUTOMOBILE,41.861382015274884,-87.6558880772826,PARKING LOT,False,False,D-11,W-04
CR-2024-004690,2024-01-07 14:59:06,MOTOR VEHICLE THEFT,TRUCK,41.87806642825289,-87.64581150899441,SIDEWALK,True,False,D-04,W-45
CR-2023-002103,2025-08-07 14:26:21,MOTOR VEHICLE THEFT,TRUCK,41.885510958784636,-87.67261939994357,PARKING LOT,False,False,D-01,W-14
CR-2025-002306,2023-10-13 17:52:56,ASSAULT,SIMPLE ASSAULT,41.89972917508703,-87.63748561361015,ALLEY,False,False,D-08,W-09
CR-2024-000673,2025-06-19 08:22:37,ROBBERY,STRONGARM ROBBERY,41.71505197162745,-87.60564200221903,PARK,False,False,D-03,W-03
CR-2024-002398,2024-09-07 04:35:50,NARCOTICS,POSSESSION OF COCAINE,41.95812369583124,-87.69428743510645,RESIDENCE,True,False,D-08,W-11
CR-2023-003060,2023-05-26 14:54:00,BATTERY,AGGRAVATED BATTERY,41.94611055256402,-87.65234488185199,RESIDENCE,True,False,D-06,W-37
CR-2023-004827,2025-03-23 16:35:23,ASSAULT,AGGRAVATED ASSAULT,41.95680537058113,-87.62920074622419,APARTMENT,False,True,D-15,W-32
CR-2025-004961,2023-06-23 21:57:11,BATTERY,SIMPLE BATTERY,41.914021391740924,-87.63436090931144,ALLEY,True,False,D-08,W-17
CR-2023-003117,2025-10-14 01:05:38,BATTERY,DOMESTIC BATTERY,41.943964371925674,-87.63591261395183,STREET,True,True,D-07,W-15
CR-2023-005844,2025-07-08 02:38:07,ASSAULT,AGGRAVATED ASSAULT,41.77128854947129,-87.59632161442124,PARK,False,False,D-15,W-35
CR-2023-002907,2023-06-05 04:25:19,CRIMINAL DAMAGE,GRAFFITI,41.71801719170543,-87.61189591978479,STREET,False,False,D-06,W-24
CR-2025-005075,2023-06-09 15:35:50,THEFT,GRAND THEFT,41.77975511711345,-87.65036561604389,STREET,False,False,D-05,W-27
CR-2023-003456,2024-07-10 11:20:57,ASSAULT,AGGRAVATED ASSAULT,41.867801918702696,-87.61234935917255,PARK,True,False,D-05,W-31
CR-2023-005037,2025-06-07 01:22:08,BURGLARY,COMMERCIAL,41.80184420494488,-87.6367599034119,PARKING LOT,True,False,D-02,W-12
CR-2023-003054,2023-12-11 22:30:34,BATTERY,AGGRAVATED BATTERY,41.88611311793562,-87.64070112857323,PARKING LOT,True,False,D-08,W-04
CR-2024-004372,2023-08-23 00:02:04,CRIMINAL DAMAGE,GRAFFITI,41.90886870414904,-87.64020706626853,COMMERCIAL BUILDING,True,False,D-15,W-09
CR-2024-005506,2025-06-24 00:14:10,ROBBERY,STRONGARM ROBBERY,41.77555930675683,-87.64841735132431,PARKING LOT,False,False,D-02,W-38
CR-2023-001119,2025-04-20 06:37:20,ROBBERY,STRONGARM ROBBERY,41.8719944553061,-87.61950522314565,APARTMENT,False,False,D-03,W-42
CR-2025-005951,2023-04-12 22:58:31,ROBBERY,ARMED ROBBERY,41.90301845454095,-87.67484144292283,PARKING LOT,False,False,D-06,W-01
CR-2023-001491,2023-12-30 00:41:24,CRIMINAL DAMAGE,GRAFFITI,41.9630498420556,-87.6495255267435,STREET,False,False,D-05,W-41
CR-2025-003554,2025-10-25 08:41:46,THEFT,GRAND THEFT,41.71971305866567,-87.62015573422772,APARTMENT,True,False,D-08,W-08
CR-2024-004198,2024-02-13 23:08:49,NARCOTICS,POSSESSION OF HEROIN,41.89197922839075,-87.62727022948584,PARK,True,False,D-06,W-30
CR-2024-005686,2024-10-26 07:48:47,NARCOTICS,POSSESSION OF COCAINE,41.953157503126974,-87.66039215972027,COMMERCIAL BUILDING,True,False,D-02,W-14
CR-2025-002276,2025-05-23 00:54:11,CRIMINAL DAMAGE,GRAFFITI,41.89119236526509,-87.64429235085056,STREET,False,True,D-03,W-27
CR-2023-000630,2024-08-02 04:38:50,ROBBERY,STRONGARM ROBBERY,41.89064988442539,-87.72553190295457,PARKING LOT,False,False,D-10,W-02
CR-2023-004290,2025-10-19 22:11:34,CRIMINAL DAMAGE,TO PROPERTY,41.8807092081262,-87.6390726256315,STREET,True,False,D-04,W-05
CR-2025-002030,2025-06-14 21:29:41,ASSAULT,AGGRAVATED ASSAULT,41.89409820430963,-87.7218731789121,COMMERCIAL BUILDING,False,False,D-10,W-40
CR-2024-005533,2023-05-04 08:37:35,ASSAULT,SIMPLE ASSAULT,41.94244101270373,-87.64623556195434,APARTMENT,False,True,D-11,W-04
CR-2023-005010,2024-06-15 02:40:28,THEFT,GRAND THEFT,41.90127262193628,-87.62073853860467,PARK,False,True,D-02,W-07
CR-2025-000380,2023-11-17 16:16:31,NARCOTICS,SALE/MANUFACTURE,41.76450905434405,-87.62594975463387,SIDEWALK,True,True,D-01,W-09
CR-2024-001612,2025-04-15 02:08:59,NARCOTICS,SALE/MANUFACTURE,41.954075020473226,-87.67505746681802,PARK,False,False,D-08,W-39
CR-2025-003854,2025-06-07 15:18:49,ROBBERY,STRONGARM ROBBERY,41.8671983879325,-87.64296426035294,PARK,True,False,D-04,W-19
CR-2025-003335,2024-04-17 15:06:18,NARCOTICS,POSSESSION OF HEROIN,41.88171315135801,-87.63978540197341,STREET,True,False,D-06,W-34
CR-2025-005249,2023-02-22 08:15:22,BURGLARY,FORCIBLE ENTRY,,,PARK,True,False,D-13,W-50
CR-2023-005175,2024-03-10 10:32:14,NARCOTICS,SALE/MANUFACTURE,41.95122228993411,-87.68579969880288,COMMERCIAL BUILDING,True,False,D-05,W-20
CR-2025-001955,2025-02-27 00:08:39,CRIMINAL DAMAGE,GRAFFITI,41.855125190545365,-87.72296638723661,PARK,False,False,D-07,W-46
CR-2024-001495,2023-11-01 00:34:42,ASSAULT,AGGRAVATED ASSAULT,41.816809851381336,-87.61394704199019,RESIDENCE,True,False,D-04,W-44
CR-2025-001265,2025-11-08 07:25:30,MOTOR VEHICLE THEFT,MOTORCYCLE,41.88520448115217,-87.64369571694972,COMMERCIAL BUILDING,False,False,D-15,W-08
CR-2024-003223,2025-02-22 10:53:20,BURGLARY,FORCIBLE ENTRY,41.866609321964,-87.63671900575748,SIDEWALK,False,False,D-09,W-15
CR-2024-001429,2024-11-14 03:43:03,NARCOTICS,POSSESSION OF HEROIN,41.80839313020902,-87.62414730922617,COMMERCIAL BUILDING,True,False,D-04,W-48
CR-2024-001501,2024-08-14 21:04:19,BURGLARY,COMMERCIAL,41.76855986166446,-87.5818078085665,RESIDENCE,False,False,D-04,W-01
CR-2025-001679,2023-08-31 22:08:21,THEFT,RETAIL THEFT,41.790354202869715,-87.65349303061792,APARTMENT,False,False,D-05,W-26
CR-2025-000650,2024-05-21 01:07:52,NARCOTICS,SALE/MANUFACTURE,41.93503819092714,-87.63545915300926,SIDEWALK,False,False,D-09,W-47
CR-2023-002160,2025-02-13 04:36:22,BATTERY,SIMPLE BATTERY,41.94800252729263,-87.65744529531622,SIDEWALK,True,True,D-07,W-47
CR-2023-003303,2023-11-09 09:02:20,NARCOTICS,POSSESSION OF HEROIN,41.865954127463496,-87.62698299492936,COMMERCIAL BUILDING,False,False,D-09,W-19
CR-2024-003970,2024-02-08 10:23:04,ASSAULT,SIMPLE ASSAULT,41.845102397520414,-87.7217154893705,PARK,False,False,D-05,W-48
CR-2024-003589,2023-08-07 08:15:53,OTHER OFFENSE,DUPLICATE ID TEST RECORD,41.76853423727965,-87.64710756335519,PARKING LOT,False,False,D-07,W-30
CR-2024-001816,2024-01-15 09:30:24,ASSAULT,SIMPLE ASSAULT,41.87456045019184,-87.61863721434528,PARKING LOT,False,False,D-15,W-44
CR-2025-003848,2024-12-10 13:44:18,BURGLARY,RESIDENTIAL,41.80469134436438,-87.66422297756726,RESIDENCE,False,True,D-15,W-35
CR-2024-002086,2024-06-29 14:37:00,BATTERY,SIMPLE BATTERY,41.87188486887752,-87.74429243375556,PARKING LOT,True,False,D-04,W-06
CR-2023-002697,2025-10-11 01:17:35,ROBBERY,STRONGARM ROBBERY,41.85693414753401,-87.6177526788608,ALLEY,False,False,D-04,W-11
CR-2023-001404,2023-08-25 21:14:52,MOTOR VEHICLE THEFT,TRUCK,41.89707702496008,-87.73679172494272,APARTMENT,False,False,D-10,W-01
CR-2023-003225,2023-03-10 15:50:54,BURGLARY,RESIDENTIAL,41.874007331804904,-87.61524737376149,ALLEY,False,,D-02,W-29
CR-2023-002913,2024-04-11 06:13:44,MOTOR VEHICLE THEFT,TRUCK,41.876464648700555,-87.6292843703646,COMMERCIAL BUILDING,False,False,D-07,W-08
CR-2024-005122,2024-06-11 00:28:29,BURGLARY,FORCIBLE ENTRY,41.90242810621678,-87.63759751218588,APARTMENT,False,False,D-10,W-45
CR-2024-002530,2024-09-28 04:35:17,BURGLARY,COMMERCIAL,41.94229622309039,-87.63436176411024,COMMERCIAL BUILDING,True,False,D-12,W-43
CR-2023-003705,2023-09-19 07:44:14,ASSAULT,AGGRAVATED ASSAULT,41.89388316733936,-87.62833848834555,STREET,True,False,D-09,W-41
CR-2023-005652,2025-03-22 16:21:07,BATTERY,DOMESTIC BATTERY,41.86320696941932,-87.6380385797997,APARTMENT,False,False,D-14,W-37
CR-2023-004656,2023-08-17 21:09:03,MOTOR VEHICLE THEFT,TRUCK,41.90000625712431,-87.72845190776414,PARK,False,False,D-08,W-31
CR-2025-002147,2025-11-27 17:54:20,ASSAULT,AGGRAVATED ASSAULT,41.8090652038716,-87.66717919641475,STREET,False,False,D-06,W-07
CR-2023-000558,2025-12-31 14:11:46,BATTERY,AGGRAVATED BATTERY,41.838985389630956,-87.63044046992584,APARTMENT,True,True,D-06,W-39
CR-2023-003585,2023-02-13 05:48:52,ASSAULT,AGGRAVATED ASSAULT,41.76680853406406,-87.63516811060286,ALLEY,False,True,D-04,W-49
CR-2025-003038,2023-08-21 11:08:04,BURGLARY,RESIDENTIAL,41.74694118427994,-87.65138569902314,APARTMENT,False,False,D-10,W-33
CR-2024-004957,2025-05-20 20:50:41,BURGLARY,COMMERCIAL,41.961487762681216,-87.64950177651924,APARTMENT,False,,D-11,W-22
CR-2024-002209,2024-07-31 22:04:01,CRIMINAL DAMAGE,TO VEHICLE,41.87428471025862,-87.76683025968092,ALLEY,False,False,D-11,W-48
CR-2024-003730,2025-11-30 06:00:29,CRIMINAL DAMAGE,GRAFFITI,41.76375800000161,-87.62980105926702,COMMERCIAL BUILDING,False,False,D-08,W-01
CR-2023-002076,2024-08-09 17:08:43,MOTOR VEHICLE THEFT,AUTOMOBILE,41.95012221736518,-87.6702384657014,APARTMENT,False,False,D-13,W-44
CR-2023-001143,2023-09-09 01:58:18,BURGLARY,COMMERCIAL,41.889850857639246,-87.63357308329067,STREET,False,False,D-06,W-28
CR-2025-001226,2024-09-06 01:27:16,ASSAULT,SIMPLE ASSAULT,41.94705643419901,-87.66961519978221,COMMERCIAL BUILDING,False,True,D-02,W-46
CR-2024-004885,2024-08-29 14:41:20,BATTERY,AGGRAVATED BATTERY,41.81926399622573,-87.62554317958244,RESIDENCE,False,False,D-05,W-36
CR-2025-001181,2024-08-23 04:09:05,NARCOTICS,POSSESSION OF HEROIN,41.85526461220673,-87.61310967437515,RESIDENCE,True,False,D-13,W-06
CR-2024-000511,2024-07-05 20:12:45,ROBBERY,ARMED ROBBERY,41.94791290815478,-87.61245459282776,RESIDENCE,False,False,D-07,W-02
CR-2023-005592,2023-08-19 01:11:22,BATTERY,AGGRAVATED BATTERY,41.871106589124246,-87.64542179427663,SIDEWALK,True,False,D-02,W-15
CR-2025-001670,2025-03-23 07:53:02,BATTERY,SIMPLE BATTERY,41.893309420448674,-87.73126826298262,COMMERCIAL BUILDING,True,True,D-13,W-07
CR-2025-003218,2024-06-21 01:25:34,BURGLARY,FORCIBLE ENTRY,41.85791996768877,-87.63401746063697,APARTMENT,False,False,D-15,W-07
CR-2025-000593,2025-06-01 11:05:12,NARCOTICS,SALE/MANUFACTURE,41.86336268909693,-87.63316949724995,SIDEWALK,False,False,D-15,W-29
CR-2024-000169,2023-10-06 18:06:10,MOTOR VEHICLE THEFT,TRUCK,41.88429397181414,-87.63825586829206,ALLEY,False,False,D-04,W-29
CR-2024-002932,2024-05-24 18:38:19,MOTOR VEHICLE THEFT,TRUCK,41.86959942337918,-87.63879732090876,RESIDENCE,False,False,D-01,W-46
CR-2023-005637,2025-06-04 16:52:35,BATTERY,DOMESTIC BATTERY,41.88872399329487,-87.61816487050577,PARK,True,False,D-08,W-25
CR-2025-003767,2025-07-27 11:42:17,BURGLARY,COMMERCIAL,41.93782003171594,-87.67681473296884,ALLEY,False,False,D-13,W-43
CR-2024-001147,2024-12-13 06:44:53,THEFT,PETTY THEFT,41.75813888983608,-87.61593714736836,COMMERCIAL BUILDING,True,False,D-02,W-05
CR-2025-001403,2024-04-02 00:48:22,MOTOR VEHICLE THEFT,MOTORCYCLE,41.946788005014064,-87.67196112114001,STREET,False,False,D-09,W-38
CR-2023-003051,2023-04-05 06:46:27,THEFT,RETAIL THEFT,41.86109868472561,-87.62455114427127,PARK,False,False,D-03,W-28
CR-2024-000784,2025-02-03 02:51:15,BATTERY,SIMPLE BATTERY,41.8546618121467,-87.63773579016019,STREET,True,True,D-15,W-40
CR-2024-000613,2025-03-28 19:44:57,BATTERY,DOMESTIC BATTERY,41.94927622943958,-87.65824004003257,SIDEWALK,True,True,D-07,W-17
CR-2025-003404,2024-11-10 06:16:20,ROBBERY,STRONGARM ROBBERY,41.769509158482066,-87.66162042226082,COMMERCIAL BUILDING,False,False,D-10,W-12
CR-2024-002410,2023-02-11 21:08:38,MOTOR VEHICLE THEFT,TRUCK,41.77494236304976,-87.63359634732899,SIDEWALK,False,False,D-04,W-50
CR-2024-001951,2024-01-18 19:42:24,MOTOR VEHICLE THEFT,MOTORCYCLE,41.9031360428874,-87.64393837008689,ALLEY,False,False,D-05,W-45
CR-2024-000046,2025-10-17 20:03:13,BURGLARY,FORCIBLE ENTRY,41.86756920359184,-87.63471493219897,SIDEWALK,False,False,D-02,W-02
CR-2023-001776,2023-05-06 22:59:52,MOTOR VEHICLE THEFT,MOTORCYCLE,41.88684077959689,-87.68169198207148,ALLEY,True,False,D-04,W-10
CR-2025-004046,2024-01-17 00:46:22,ROBBERY,STRONGARM ROBBERY,41.8765480581523,-87.63714355970546,ALLEY,False,False,D-09,W-38
CR-2024-002206,2025-06-11 22:15:26,CRIMINAL DAMAGE,TO VEHICLE,41.75243898415896,-87.69145152543733,PARK,False,False,D-02,W-35
CR-2024-000343,2024-04-27 06:33:06,ROBBERY,ARMED ROBBERY,41.94359349203684,-87.66279641615098,APARTMENT,False,False,D-13,W-10
CR-2023-004959,2024-08-03 09:04:06,BURGLARY,RESIDENTIAL,41.8752941372529,-87.62836806937963,STREET,False,False,D-09,W-33
CR-2024-001141,2024-12-29 20:58:22,NARCOTICS,POSSESSION OF COCAINE,41.89601164104572,-87.6445174829671,SIDEWALK,False,False,D-08,W-35
CR-2023-002733,2024-02-04 05:46:00,NARCOTICS,SALE/MANUFACTURE,41.88250306294953,-87.62605873468473,COMMERCIAL BUILDING,False,False,D-11,W-08
CR-2024-000499,2025-08-01 10:18:53,CRIMINAL DAMAGE,TO PROPERTY,41.76462052525543,-87.6146854304661,RESIDENCE,False,False,D-11,W-45
CR-2025-002342,2025-08-14 21:08:17,MOTOR VEHICLE THEFT,AUTOMOBILE,41.9276586785286,-87.64199262129934,SIDEWALK,False,False,D-02,W-25
CR-2025-001826,2023-06-17 13:11:07,ROBBERY,ARMED ROBBERY,41.88860592854097,-87.74176176629044,APARTMENT,False,False,D-07,W-45
CR-2024-004540,2025-07-26 21:41:57,MOTOR VEHICLE THEFT,MOTORCYCLE,,,PARK,False,False,D-07,W-22
CR-2025-001643,2023-04-18 08:57:41,BURGLARY,COMMERCIAL,41.873148198590506,-87.63297500472898,ALLEY,True,False,D-06,W-24
CR-2023-001995,2025-06-10 01:27:03,CRIMINAL DAMAGE,TO VEHICLE,41.73667042405082,-87.64078159351757,SIDEWALK,False,,D-03,W-26
CR-2024-002122,2023-04-11 22:42:38,BURGLARY,RESIDENTIAL,41.7795302716885,-87.66757795569858,PARK,False,False,D-12,W-13
CR-2024-004210,2025-08-07 01:57:54,BATTERY,,41.882409087710414,-87.61564426741366,STREET,False,False,D-02,W-46
CR-2025-002282,2025-10-06 11:55:47,MOTOR VEHICLE THEFT,MOTORCYCLE,41.96423718620776,-87.666712808604,STREET,False,False,D-04,W-08
CR-2025-004208,2024-04-01 01:22:14,ROBBERY,STRONGARM ROBBERY,41.877128416103034,-87.62840596520977,PARKING LOT,False,False,D-01,W-50
CR-2025-000122,2025-10-15 14:46:30,ROBBERY,ARMED ROBBERY,41.86009555389417,-87.63481751853762,COMMERCIAL BUILDING,True,False,D-12,W-10
CR-2023-005919,2023-05-08 22:42:09,BATTERY,,41.90622838082725,-87.62823228945886,RESIDENCE,False,True,D-01,W-42
CR-2025-000677,2023-04-21 02:49:09,ROBBERY,STRONGARM ROBBERY,41.8694523439891,-87.66866563438218,PARK,True,False,D-15,W-12
CR-2024-001720,2024-05-12 22:23:22,MOTOR VEHICLE THEFT,AUTOMOBILE,41.88321938155983,-87.73795420617014,RESIDENCE,True,False,D-08,W-17
CR-2023-003792,2025-04-18 21:25:21,NARCOTICS,POSSESSION OF HEROIN,41.88803804050098,-87.64214283852277,COMMERCIAL BUILDING,True,False,D-10,W-23
CR-2025-002105,2023-02-28 14:24:16,THEFT,,41.874254889824414,-87.63787071637735,COMMERCIAL BUILDING,True,False,D-12,W-07
CR-2025-004556,2025-11-06 09:38:29,NARCOTICS,,41.89403251171383,-87.63465272420177,RESIDENCE,True,False,D-12,W-14
CR-2023-005856,2024-10-17 20:13:17,ASSAULT,SIMPLE ASSAULT,41.895211787006794,-87.62540486789112,COMMERCIAL BUILDING,False,True,D-08,W-14
CR-2025-004115,2024-07-29 17:08:03,ROBBERY,ARMED ROBBERY,41.77905953852408,-87.67520646325197,PARK,False,False,D-11,W-26
CR-2025-000956,2023-08-05 23:53:04,ASSAULT,SIMPLE ASSAULT,41.96116102202881,-87.64528311050111,STREET,False,False,D-01,W-25
CR-2025-005852,2025-10-22 13:58:52,ROBBERY,STRONGARM ROBBERY,41.79174023236038,-87.61025754946388,PARKING LOT,False,False,D-04,W-19
CR-2023-005469,2024-11-22 22:32:54,CRIMINAL DAMAGE,GRAFFITI,41.835736986271506,-87.71502270698211,ALLEY,False,False,D-11,W-22
CR-2024-001216,2023-10-18 02:47:07,NARCOTICS,POSSESSION OF COCAINE,41.778311196228145,-87.63335885644757,COMMERCIAL BUILDING,True,False,D-01,W-14
CR-2023-003378,2025-10-24 21:15:13,ASSAULT,SIMPLE ASSAULT,41.955322346575954,-87.64545971438866,ALLEY,False,False,D-04,W-06
CR-2023-003996,2023-07-19 09:42:55,THEFT,GRAND THEFT,41.902684407914,-87.61617966006196,STREET,True,False,D-10,W-49
CR-2025-004079,2023-10-05 14:00:28,MOTOR VEHICLE THEFT,MOTORCYCLE,41.789798690742884,-87.64804853095339,ALLEY,False,False,D-07,W-19
CR-2024-000427,2023-10-14 22:47:15,BATTERY,AGGRAVATED BATTERY,41.976810084959794,-87.66671492587498,APARTMENT,False,False,D-02,W-10
CR-2025-005984,2023-01-25 23:00:30,BATTERY,AGGRAVATED BATTERY,41.88387582751907,-87.67041348540508,APARTMENT,True,True,D-13,W-27
CR-2025-000113,2025-07-24 18:29:43,BURGLARY,FORCIBLE ENTRY,,,SIDEWALK,False,False,D-10,W-05
CR-2023-001917,2024-08-30 06:06:45,CRIMINAL DAMAGE,TO VEHICLE,41.86354813609431,-87.63576336648238,RESIDENCE,False,False,D-12,W-34
CR-2024-005383,2023-04-16 08:17:08,THEFT,RETAIL THEFT,41.83282164844149,-87.60611582360923,PARK,False,False,D-04,W-01
CR-2025-004151,2023-05-21 23:08:30,ROBBERY,STRONGARM ROBBERY,41.9339686183532,-87.65252287935138,APARTMENT,False,False,D-01,W-02
CR-2025-005447,2024-08-30 03:23:02,CRIMINAL DAMAGE,TO VEHICLE,41.94167866606988,-87.64992390131121,ALLEY,False,False,D-08,W-42
CR-2023-002385,2023-10-25 10:46:45,ASSAULT,AGGRAVATED ASSAULT,41.87832774413811,-87.64442209863884,STREET,True,True,D-13,W-35
CR-2024-001348,2024-09-11 20:27:32,BURGLARY,COMMERCIAL,41.97003533455346,-87.68154438386863,PARK,False,False,D-15,W-49
CR-2025-004607,2024-09-03 05:47:25,THEFT,PETTY THEFT,41.86884071439682,-87.61176626494958,ALLEY,False,False,D-14,W-05
CR-2025-000227,2023-10-17 03:36:38,NARCOTICS,SALE/MANUFACTURE,41.93779484763255,-87.67115745664525,ALLEY,True,False,D-15,W-47
CR-2023-002916,2025-12-07 10:29:08,BURGLARY,RESIDENTIAL,41.92633631237534,-87.63888892994224,PARKING LOT,False,False,D-01,W-02
CR-2024-003604,2024-05-13 16:00:06,OTHER OFFENSE,DUPLICATE ID TEST RECORD,41.747140948841874,-87.60013265583208,SIDEWALK,True,False,D-02,W-40
CR-2024-001219,2023-06-02 00:14:02,ASSAULT,SIMPLE ASSAULT,41.87154853644143,-87.65389865651109,ALLEY,False,False,D-13,W-46
CR-2025-005180,2025-08-10 02:35:16,ROBBERY,STRONGARM ROBBERY,41.9501471485052,-87.66991626251217,PARKING LOT,False,False,D-14,W-11
CR-2024-000226,2024-09-09 19:48:59,MOTOR VEHICLE THEFT,TRUCK,41.86331410930497,-87.62223930226723,STREET,False,False,D-03,W-48
CR-2024-003556,2023-08-19 03:29:00,BURGLARY,COMMERCIAL,41.81175187453812,-87.6527187173817,SIDEWALK,False,False,D-04,W-50
CR-2025-005465,2023-01-16 01:08:47,ASSAULT,SIMPLE ASSAULT,41.8719947616229,-87.60203828286346,RESIDENCE,False,False,D-07,W-46
CR-2025-002837,2024-06-19 11:54:57,CRIMINAL DAMAGE,GRAFFITI,41.85685856703056,-87.72653808359635,RESIDENCE,False,False,D-02,W-42
CR-2025-004181,2023-08-04 00:00:59,BATTERY,AGGRAVATED BATTERY,41.85824525643737,-87.63633852203635,STREET,True,True,D-10,W-45
CR-2025-000662,2023-06-09 01:51:28,NARCOTICS,SALE/MANUFACTURE,41.9496894882962,-87.69480933132708,SIDEWALK,True,False,D-09,W-26
CR-2023-002586,2023-12-23 13:58:49,NARCOTICS,POSSESSION OF COCAINE,41.7685343274857,-87.65387934899749,STREET,False,False,D-03,W-02
CR-2023-004122,2024-10-11 05:56:26,CRIMINAL DAMAGE,TO PROPERTY,41.93429778959668,-87.68229210511423,RESIDENCE,False,False,D-05,W-50
CR-2025-000281,2025-02-22 01:02:20,ASSAULT,AGGRAVATED ASSAULT,41.96582249406863,-87.66182047064335,APARTMENT,False,False,D-07,W-29
CR-2025-002963,2023-11-07 23:06:22,MOTOR VEHICLE THEFT,TRUCK,41.96184778675223,-87.6519668836528,ALLEY,True,True,D-15,W-05
CR-2023-002880,2024-02-16 02:54:39,MOTOR VEHICLE THEFT,TRUCK,41.94898861183355,-87.64496711108127,ALLEY,False,False,D-13,W-48
CR-2024-001441,2025-06-11 02:33:59,NARCOTICS,POSSESSION OF COCAINE,41.86967642679857,-87.71866164145104,COMMERCIAL BUILDING,True,False,D-08,W-25
CR-2024-003877,2024-08-05 01:59:58,ASSAULT,SIMPLE ASSAULT,41.878910774942696,-87.62791677120023,RESIDENCE,False,False,D-10,W-40
CR-2023-004170,2025-09-24 14:13:57,ASSAULT,SIMPLE ASSAULT,41.9501478285784,-87.65562108078497,ALLEY,True,True,D-13,W-28
CR-2024-000412,2023-01-12 12:10:41,MOTOR VEHICLE THEFT,TRUCK,41.76776243696498,-87.59266538807206,PARK,False,False,D-10,W-24
CR-2025-001397,2023-10-31 05:09:18,THEFT,FROM BUILDING,41.94777121659251,-87.67226857268382,RESIDENCE,False,False,D-10,W-38
CR-2023-004695,2024-06-04 15:08:54,BURGLARY,COMMERCIAL,41.87630511646291,-87.6070857889642,PARKING LOT,False,False,D-10,W-34
CR-2025-000698,2025-12-29 22:30:52,THEFT,FROM BUILDING,41.74522184276176,-87.65329035096278,STREET,False,False,D-09,W-41
CR-2024-001903,2025-04-25 09:01:16,MOTOR VEHICLE THEFT,MOTORCYCLE,41.94909427497505,-87.69467008426876,RESIDENCE,False,False,D-07,W-27
CR-2023-002388,2025-12-12 04:56:54,THEFT,RETAIL THEFT,41.87773650749196,-87.61176323128025,RESIDENCE,False,False,D-11,W-44
CR-2025-000347,2025-01-04 08:08:02,THEFT,FROM BUILDING,41.88699651886953,-87.63444319658971,PARK,False,False,D-06,W-15
CR-2024-004804,2023-09-28 02:44:57,ROBBERY,STRONGARM ROBBERY,41.919867015783794,-87.64531778986402,ALLEY,False,False,D-01,W-05
CR-2025-002531,2024-07-30 02:04:34,BURGLARY,RESIDENTIAL,41.94169511836264,-87.68212129426603,PARK,False,False,D-11,W-27
CR-2023-004806,2024-01-25 02:15:16,CRIMINAL DAMAGE,GRAFFITI,41.93841504771011,-87.69276480223638,PARK,False,False,D-10,W-24
CR-2024-004585,2023-05-04 05:38:22,NARCOTICS,POSSESSION OF HEROIN,41.75143301566414,-87.62788575972777,SIDEWALK,False,False,D-12,W-42
CR-2024-003958,2023-02-18 15:21:44,MOTOR VEHICLE THEFT,,41.873980343759506,-87.6366582780898,ALLEY,False,True,D-06,W-21
CR-2023-004410,2023-07-04 09:08:46,THEFT,FROM BUILDING,41.88381239627518,-87.60965917207973,APARTMENT,False,False,D-13,W-07
CR-2023-005847,2023-10-12 19:07:46,THEFT,GRAND THEFT,41.76632091202384,-87.65434014605887,COMMERCIAL BUILDING,False,True,D-10,W-35
CR-2024-004420,2025-12-08 21:04:55,BURGLARY,FORCIBLE ENTRY,41.86749996343891,-87.61900600753563,APARTMENT,False,False,D-12,W-46
CR-2023-001848,2025-04-27 00:53:39,CRIMINAL DAMAGE,TO PROPERTY,41.7646063489511,-87.6206848122419,APARTMENT,True,False,D-12,W-08
CR-2025-004883,2023-04-14 02:13:33,THEFT,PETTY THEFT,41.89209599908582,-87.62884687143159,PARKING LOT,False,False,D-04,W-01
CR-2024-004003,2025-12-10 23:09:20,ROBBERY,STRONGARM ROBBERY,41.87962584812708,-87.60732982344544,PARKING LOT,False,False,D-04,W-14
CR-2025-003752,2024-04-11 04:39:14,MOTOR VEHICLE THEFT,TRUCK,41.93505333237567,-87.70013831869018,STREET,False,False,D-10,W-12
CR-2024-005548,2023-07-07 20:17:35,MOTOR VEHICLE THEFT,MOTORCYCLE,41.85849352483402,-87.62700897351294,SIDEWALK,False,False,D-07,W-01
CR-2023-003441,2023-10-02 03:35:11,BATTERY,SIMPLE BATTERY,41.867165611249504,-87.63263521446524,PARKING LOT,True,True,D-02,W-40
CR-2024-002863,2025-08-29 08:50:37,BURGLARY,COMMERCIAL,41.72369298059429,-87.6347646599631,RESIDENCE,False,False,D-08,W-11
CR-2025-003719,2025-08-02 21:41:54,ASSAULT,SIMPLE ASSAULT,41.85539254248133,-87.62033686594606,STREET,False,False,D-08,W-10
CR-2025-001997,2025-11-07 16:17:09,MOTOR VEHICLE THEFT,MOTORCYCLE,41.90709833907487,-87.65473084837633,RESIDENCE,False,False,D-02,W-32
CR-2023-000258,2025-07-11 13:54:01,ASSAULT,SIMPLE ASSAULT,41.79142292969061,-87.65343888111997,ALLEY,False,False,D-02,W-05
CR-2025-001241,2024-04-17 03:50:17,BURGLARY,RESIDENTIAL,41.90798773029753,-87.64129984881676,STREET,False,False,D-10,W-26
CR-2024-003901,2025-10-13 01:51:45,ROBBERY,ARMED ROBBERY,41.75900074065374,-87.62420276137446,ALLEY,False,False,D-15,W-23
CR-2025-000371,2025-06-02 01:02:50,THEFT,RETAIL THEFT,41.868727721334565,-87.62940863424684,SIDEWALK,True,False,D-01,W-49
CR-2025-003959,2025-09-02 04:04:16,NARCOTICS,SALE/MANUFACTURE,41.867763323034175,-87.62278464844212,RESIDENCE,True,True,D-08,W-26
CR-2024-004171,2023-08-19 00:03:08,ASSAULT,AGGRAVATED ASSAULT,41.9168536049025,-87.64975339383463,PARK,False,True,D-02,W-21
CR-2024-003121,2024-07-24 07:50:28,BURGLARY,RESIDENTIAL,41.90458592641797,-87.71017922375643,STREET,False,False,D-01,W-08
CR-2023-000864,2025-07-23 01:01:26,BATTERY,AGGRAVATED BATTERY,41.78808218283503,-87.58304540808012,COMMERCIAL BUILDING,False,False,D-10,W-37
CR-2023-001920,2025-01-24 22:29:44,THEFT,PETTY THEFT,41.936113537118075,-87.66949577984467,SIDEWALK,True,False,D-05,W-15
CR-2023-005526,2024-05-05 06:35:00,ASSAULT,AGGRAVATED ASSAULT,41.883907224740916,-87.62979160011491,PARK,False,False,D-08,W-27
CR-2023-000114,2023-05-22 15:26:11,ASSAULT,AGGRAVATED ASSAULT,41.86737044436111,-87.61960603376598,COMMERCIAL BUILDING,False,False,D-07,W-25
CR-2025-004958,2024-01-16 02:22:29,ROBBERY,STRONGARM ROBBERY,41.81180018549296,-87.64246962094619,PARK,False,False,D-13,W-50
CR-2025-003440,2025-07-31 09:14:11,ASSAULT,AGGRAVATED ASSAULT,41.88090485314587,-87.63046409979768,APARTMENT,False,True,D-07,W-43
CR-2024-000166,2024-05-17 04:26:01,CRIMINAL DAMAGE,GRAFFITI,41.87923706837291,-87.63995742567269,STREET,False,True,D-11,W-25
CR-2024-002782,2023-12-31 22:24:25,ASSAULT,SIMPLE ASSAULT,41.881166848120714,-87.71447867382594,PARKING LOT,False,False,D-12,W-12
CR-2024-003754,2024-02-06 02:58:24,ROBBERY,ARMED ROBBERY,41.866094968907525,-87.6372848088397,COMMERCIAL BUILDING,False,False,D-12,W-48
CR-2024-003238,2025-09-25 23:29:35,CRIMINAL DAMAGE,TO VEHICLE,41.89926926530168,-87.74328876066357,APARTMENT,False,False,D-14,W-44
CR-2025-002780,2023-10-22 01:30:40,ROBBERY,ARMED ROBBERY,41.86241705771489,-87.63019391189906,STREET,False,False,D-01,W-42
CR-2023-002373,2024-07-19 11:35:58,THEFT,RETAIL THEFT,41.9511729036742,-87.67702252598363,STREET,False,False,D-15,W-30
CR-2024-000322,2025-05-21 19:32:27,MOTOR VEHICLE THEFT,TRUCK,41.874413854038714,-87.63389085354622,RESIDENCE,False,True,D-08,W-47
CR-2025-004490,2025-12-20 10:20:52,BURGLARY,RESIDENTIAL,41.87349130661508,-87.60926358125856,STREET,True,False,D-10,W-17
CR-2024-002626,2024-06-25 20:07:47,THEFT,FROM BUILDING,41.871098617820735,-87.65204476647973,COMMERCIAL BUILDING,False,False,D-02,W-10
CR-2023-001185,2023-07-01 18:02:31,BURGLARY,FORCIBLE ENTRY,41.77500254555159,-87.64270718241227,RESIDENCE,True,False,D-01,W-26
CR-2024-001939,2024-06-09 06:06:26,NARCOTICS,POSSESSION OF COCAINE,41.85301138992198,-87.73043305172499,PARKING LOT,True,False,D-13,W-18
CR-2023-004674,2025-07-30 00:37:19,MOTOR VEHICLE THEFT,AUTOMOBILE,41.891566298956015,-87.7328735675128,PARKING LOT,False,False,D-02,W-47
CR-2025-001196,2023-08-08 17:26:04,ASSAULT,AGGRAVATED ASSAULT,41.85565206117365,-87.63955035901611,STREET,False,False,D-07,W-08
CR-2024-001891,2024-08-31 16:28:13,ROBBERY,STRONGARM ROBBERY,41.75283555763323,-87.65830584383592,PARK,False,False,D-10,W-34
CR-2023-005871,2023-06-16 05:39:51,ASSAULT,SIMPLE ASSAULT,41.776184583626545,-87.63190177025302,PARKING LOT,False,True,D-06,W-40
CR-2025-005597,2025-11-27 20:37:19,BATTERY,SIMPLE BATTERY,41.8729084359233,-87.6170553282594,STREET,False,False,D-04,W-08
CR-2024-004600,2024-07-05 09:41:34,BURGLARY,COMMERCIAL,41.820504801369594,-87.64090156394445,APARTMENT,True,False,D-07,W-01
CR-2023-004761,2024-03-13 05:04:39,BURGLARY,COMMERCIAL,41.89240640383717,-87.59722295998905,ALLEY,False,False,D-15,W-16
CR-2025-004631,2025-09-19 04:38:33,ASSAULT,SIMPLE ASSAULT,41.794176772627765,-87.6481616607755,PARK,True,True,D-09,W-10
CR-2025-000293,2023-08-07 04:48:39,BURGLARY,FORCIBLE ENTRY,41.93921278200919,-87.6722968873893,APARTMENT,False,False,D-01,W-23
CR-2023-003642,2023-12-01 21:23:45,MOTOR VEHICLE THEFT,TRUCK,41.896845656302766,-87.64564745605938,SIDEWALK,False,False,D-06,W-45
CR-2023-004623,2025-01-22 21:05:15,CRIMINAL DAMAGE,TO VEHICLE,41.956069100297086,-87.67512182270663,PARKING LOT,False,False,D-04,W-02
CR-2024-004492,2025-06-12 19:06:14,ROBBERY,STRONGARM ROBBERY,41.87471972772434,-87.6048000511116,SIDEWALK,False,False,D-12,W-07
CR-2024-003208,2025-10-29 15:44:18,NARCOTICS,POSSESSION OF HEROIN,41.92271225927855,-87.62578241698992,ALLEY,False,False,D-04,W-25
CR-2025-000425,2024-08-04 06:35:19,ROBBERY,ARMED ROBBERY,41.86875289210363,-87.6381321567874,SIDEWALK,False,False,D-12,W-28
CR-2024-005734,2023-09-27 23:27:40,CRIMINAL DAMAGE,TO PROPERTY,41.87445907116034,-87.62795906638442,RESIDENCE,False,False,D-09,W-18
CR-2025-000620,2024-08-22 20:57:17,ROBBERY,ARMED ROBBERY,41.87241308388519,-87.63285370540154,COMMERCIAL BUILDING,False,False,D-05,W-06
CR-2025-004712,2025-11-10 10:02:33,CRIMINAL DAMAGE,GRAFFITI,41.96577596676611,-87.65483791307999,SIDEWALK,False,False,D-12,W-04
CR-2024-004900,2023-07-27 17:39:46,CRIMINAL DAMAGE,TO PROPERTY,41.897408587669354,-87.71784181707842,RESIDENCE,False,,D-15,W-34
CR-2024-001771,2024-08-09 02:39:22,ASSAULT,AGGRAVATED ASSAULT,41.89129125561706,-87.64596064115477,PARKING LOT,True,False,D-08,W-43
CR-2025-003356,2024-08-16 14:42:37,THEFT,RETAIL THEFT,41.97708619338704,-87.64960490813229,ALLEY,False,False,D-13,W-31
CR-2025-003557,2023-01-23 00:32:34,MOTOR VEHICLE THEFT,MOTORCYCLE,41.96962512517024,-87.66396779133372,ALLEY,False,False,D-08,W-11
CR-2023-001302,2025-02-08 00:00:08,NARCOTICS,POSSESSION OF HEROIN,41.76329136525717,-87.6336131339414,SIDEWALK,True,False,D-14,W-36
CR-2025-001157,2024-11-28 05:05:34,NARCOTICS,SALE/MANUFACTURE,41.96171848504109,-87.64686826778771,SIDEWALK,True,False,D-05,W-48
CR-2024-000256,2024-06-11 11:07:22,CRIMINAL DAMAGE,GRAFFITI,41.94362103906267,-87.67345127324083,RESIDENCE,False,False,D-06,W-44
CR-2023-001923,2025-01-13 18:24:38,CRIMINAL DAMAGE,TO VEHICLE,41.806171541765096,-87.64057348780064,ALLEY,False,False,D-15,W-25
CR-2025-000965,2023-03-24 06:19:15,NARCOTICS,SALE/MANUFACTURE,41.85965675608322,-87.62234951165145,PARKING LOT,True,False,D-14,W-11
CR-2023-002931,not-a-valid-date-string,CRIMINAL DAMAGE,TO PROPERTY,41.873077955188336,-87.65670881669789,COMMERCIAL BUILDING,False,False,D-07,W-04
CR-2024-003529,2025-03-08 00:09:55,NARCOTICS,POSSESSION OF HEROIN,41.98746214396545,-87.64156086735802,RESIDENCE,True,False,D-03,W-38
CR-2023-001608,2023-08-28 17:22:24,THEFT,FROM BUILDING,41.737484419808055,-87.64211120340657,RESIDENCE,False,False,D-13,W-38
CR-2023-001128,2023-12-11 22:00:22,CRIMINAL DAMAGE,GRAFFITI,41.891403310851466,-87.63611142690522,PARKING LOT,False,False,D-14,W-07
CR-2024-004165,2025-10-16 21:56:39,ROBBERY,STRONGARM ROBBERY,41.874872055146604,-87.61264902839277,PARK,False,False,D-04,W-20
CR-2024-001018,2025-06-07 12:58:01,MOTOR VEHICLE THEFT,MOTORCYCLE,41.883986239507685,-87.63743445438561,STREET,False,False,D-04,W-24
CR-2024-005590,2023-04-23 17:29:56,MOTOR VEHICLE THEFT,AUTOMOBILE,41.82746631349734,-87.63654475290764,SIDEWALK,False,False,D-06,W-13
CR-2023-002454,2025-08-25 00:55:51,ROBBERY,ARMED ROBBERY,41.953756872757324,-87.67177069941252,ALLEY,False,False,D-11,W-50
CR-2024-005128,2023-05-24 09:22:55,THEFT,RETAIL THEFT,41.88838835684657,-87.63373350354074,PARK,True,False,D-03,W-41
CR-2025-001898,2024-10-19 05:45:37,MOTOR VEHICLE THEFT,MOTORCYCLE,41.87563497191172,-87.62661859970389,COMMERCIAL BUILDING,False,False,D-13,W-40
CR-2024-005401,2023-11-15 09:35:42,THEFT,RETAIL THEFT,41.88245131849453,-87.62914149200316,COMMERCIAL BUILDING,False,False,D-07,W-06
CR-2024-000502,2025-12-17 23:44:59,CRIMINAL DAMAGE,GRAFFITI,41.79635558284034,-87.61916286536446,COMMERCIAL BUILDING,True,False,D-13,W-38
CR-2025-001817,2025-06-23 09:43:26,CRIMINAL DAMAGE,GRAFFITI,41.95683092167073,-87.64996363207409,PARKING LOT,False,False,D-04,W-36
CR-2024-004453,2023-08-15 20:21:59,THEFT,PETTY THEFT,41.79725265839518,-87.66744269521325,SIDEWALK,True,False,D-13,W-28
CR-2023-005691,not-a-valid-date-string,ASSAULT,AGGRAVATED ASSAULT,41.919805515139394,-87.68371787970446,STREET,False,True,D-11,W-38
CR-2024-004030,2024-09-15 16:37:12,THEFT,PETTY THEFT,41.87967917935865,-87.62754096260733,COMMERCIAL BUILDING,False,False,D-03,W-28
CR-2023-003396,2023-08-05 15:23:41,NARCOTICS,POSSESSION OF COCAINE,41.96620115464951,-87.66744522828172,SIDEWALK,True,False,D-09,W-19
CR-2025-001526,2024-11-06 10:17:13,ROBBERY,ARMED ROBBERY,41.942629026082486,-87.67097507042249,PARKING LOT,False,False,D-09,W-41
CR-2024-005611,2025-03-16 18:25:21,ASSAULT,SIMPLE ASSAULT,41.94687443696521,-87.68853161978356,STREET,False,False,D-11,W-05
CR-2025-005171,2024-07-06 13:52:29,THEFT,GRAND THEFT,41.86833068802525,-87.64432192896778,SIDEWALK,False,False,D-06,W-13
CR-2025-003308,2025-11-06 16:32:25,PETTY THEFT,FROM BUILDING,41.894443048746155,-87.59431888342,ALLEY,False,False,D-05,W-15
CR-2024-003673,2025-07-02 02:04:07,BURGLARY,FORCIBLE ENTRY,41.86580101907959,-87.75007689510575,PARK,False,False,D-07,W-13
CR-2023-003633,2024-08-08 02:24:46,MOTOR VEHICLE THEFT,AUTOMOBILE,41.891209846265106,-87.62862341130875,RESIDENCE,False,False,D-11,W-40
CR-2024-004438,2024-02-11 16:32:30,BATTERY,DOMESTIC BATTERY,41.87563387701408,-87.74893923972685,PARK,True,False,D-06,W-12
CR-2024-000712,2025-03-16 13:25:03,NARCOTICS,POSSESSION OF COCAINE,41.92750381611958,-87.69462713178751,RESIDENCE,False,False,D-01,W-46
CR-2025-002600,2023-07-12 20:33:05,CRIMINAL DAMAGE,TO VEHICLE,41.941784502079535,-87.665503216273,APARTMENT,False,False,D-13,W-34
CR-2023-005256,2023-10-19 13:57:10,THEFT,FROM BUILDING,41.8766731268367,-87.65098113409474,SIDEWALK,False,False,D-01,W-02
CR-2025-000155,2023-07-06 22:13:30,BATTERY,SIMPLE BATTERY,41.94404637593546,-87.63332446296025,PARK,True,False,D-14,W-08
CR-2025-001445,2025-10-23 09:08:44,MOTOR VEHICLE THEFT,MOTORCYCLE,41.951225142801746,-87.69791132959614,COMMERCIAL BUILDING,False,False,D-01,W-01
CR-2023-003327,2024-08-22 00:22:21,ROBBERY,ARMED ROBBERY,41.86992369155007,-87.60254866555637,STREET,False,False,D-04,W-08
CR-2024-004402,2023-08-02 10:40:43,NARCOTICS,POSSESSION OF COCAINE,41.88410254407801,-87.66001094911357,APARTMENT,False,False,D-04,W-01
CR-2025-000719,2023-11-08 20:11:41,ROBBERY,STRONGARM ROBBERY,41.958219499032765,-87.640602444279,COMMERCIAL BUILDING,False,False,D-05,W-01
CR-2023-003141,2024-03-04 22:08:10,BATTERY,AGGRAVATED BATTERY,41.80189678789886,-87.60352691899776,STREET,True,True,D-03,W-06
CR-2023-000171,2024-06-16 05:25:54,MOTOR VEHICLE THEFT,MOTORCYCLE,41.785024164277715,-87.64167357938429,APARTMENT,True,False,D-13,W-09
CR-2025-000368,2024-12-30 01:33:40,BATTERY,DOMESTIC BATTERY,41.88194044601471,-87.61505963524083,RESIDENCE,False,False,D-03,W-35
CR-2023-003429,2025-11-13 17:28:50,NARCOTICS,SALE/MANUFACTURE,41.86882759326975,-87.61632232443174,APARTMENT,True,False,D-02,W-46
CR-2023-003105,2024-05-20 20:19:53,BURGLARY,FORCIBLE ENTRY,41.968077046872125,-87.65278226938847,APARTMENT,False,False,D-10,W-38
CR-2024-001213,2023-09-05 17:21:53,CRIMINAL DAMAGE,TO VEHICLE,41.95984114883428,-87.65654382033998,COMMERCIAL BUILDING,False,False,D-15,W-01
CR-2024-002986,2024-05-20 02:24:40,ROBBERY,ARMED ROBBERY,41.79604644546521,-87.6828432643448,COMMERCIAL BUILDING,False,False,D-07,W-20
CR-2023-004395,2024-10-20 17:15:45,BATTERY,AGGRAVATED BATTERY,41.8463795960139,-87.63615851608499,PARKING LOT,False,True,D-12,W-13
CR-2025-002198,2025-02-10 02:44:51,NARCOTICS,POSSESSION OF COCAINE,41.864589929262316,-87.64426300107135,RESIDENCE,True,False,D-05,W-50
CR-2025-005288,2024-01-01 06:45:47,NARCOTICS,POSSESSION OF HEROIN,41.774239089604464,-87.6409838485664,ALLEY,True,False,D-11,W-34
CR-2025-001781,2025-06-01 20:03:19,BATTERY,AGGRAVATED BATTERY,41.84525117442533,-87.6118811166923,APARTMENT,True,False,D-02,W-40
CR-2024-001345,2024-11-27 20:54:49,ROBBERY,STRONGARM ROBBERY,41.75348292178559,-87.63510201184187,STREET,False,False,D-09,W-31
CR-2024-005872,2025-01-10 00:35:05,THEFT,RETAIL THEFT,41.8007266516583,-87.6137753888377,SIDEWALK,False,False,D-08,W-45
CR-2025-000836,2024-07-06 15:15:54,NARCOTICS,POSSESSION OF HEROIN,41.87222362776435,-87.64363615276748,RESIDENCE,False,False,D-05,W-07
CR-2025-005327,2025-03-28 13:06:35,THEFT,PETTY THEFT,41.86528982298894,-87.70071830770402,PARK,False,False,D-15,W-35
CR-2025-004676,2024-10-25 15:07:06,ROBBERY,ARMED ROBBERY,41.8629920751871,-87.62727654188225,SIDEWALK,True,False,D-14,W-26
CR-2024-002791,2025-08-09 10:51:40,ASSAULT,SIMPLE ASSAULT,41.98127083018241,-87.64747744246134,RESIDENCE,False,True,D-03,W-50
CR-2023-004392,2024-01-19 12:45:12,NARCOTICS,POSSESSION OF HEROIN,41.86004129526551,-87.62642114977025,SIDEWALK,True,False,D-08,W-43
CR-2024-001837,2024-08-05 21:27:35,BATTERY,SIMPLE BATTERY,41.77728278487419,-87.62717814754961,COMMERCIAL BUILDING,True,False,D-07,W-36
CR-2025-005384,2024-02-09 01:43:09,THEFT,FROM BUILDING,41.7987689630618,-87.57883978405718,PARKING LOT,False,False,D-02,W-11
CR-2024-003826,2023-07-20 23:22:38,CRIMINAL DAMAGE,TO VEHICLE,41.77731525369913,-87.61693024689849,ALLEY,False,False,D-11,W-38
CR-2024-000214,2023-12-03 15:45:47,NARCOTICS,POSSESSION OF HEROIN,41.89397636730275,-87.65618109229635,APARTMENT,True,False,D-07,W-14
CR-2023-005451,2025-10-13 21:27:28,ROBBERY,ARMED ROBBERY,41.85538378906403,-87.62156949285408,PARK,False,False,D-05,W-16
CR-2025-003890,2025-01-02 02:31:19,ROBBERY,STRONGARM ROBBERY,41.87230830835871,-87.61457168662278,STREET,False,False,D-10,W-11
CR-2023-002973,2025-06-17 15:02:59,CRIMINAL DAMAGE,GRAFFITI,41.86908310170997,-87.61231125219618,RESIDENCE,False,False,D-01,W-36
CR-2023-005505,2023-06-25 18:46:09,NARCOTICS,POSSESSION OF HEROIN,41.88120016442809,-87.63173946185553,APARTMENT,False,False,D-11,W-11
CR-2025-002921,2025-08-21 22:36:15,THEFT,FROM BUILDING,41.85569735332621,-87.6616592137405,PARKING LOT,False,False,D-11,W-39
CR-2023-005814,2023-12-31 06:34:34,THEFT,GRAND THEFT,41.91572459409585,-87.6026971167378,PARK,True,False,D-03,W-08
CR-2023-001569,2025-08-30 10:14:22,CRIMINAL DAMAGE,TO VEHICLE,41.88912249418264,-87.73171753963618,PARKING LOT,False,False,D-12,W-22
CR-2024-001663,2023-09-14 23:24:42,ASSAULT,AGGRAVATED ASSAULT,41.77883990397703,-87.64373179129474,COMMERCIAL BUILDING,False,False,D-04,W-19
CR-2024-002062,2025-07-15 00:09:34,ASSAULT,SIMPLE ASSAULT,41.78659191633503,-87.65638798472115,STREET,True,True,D-12,W-47
CR-2025-003758,2025-01-25 06:46:24,BURGLARY,FORCIBLE ENTRY,41.823472640001626,-87.63518350967563,APARTMENT,False,False,D-01,W-45
CR-2025-000005,2024-06-22 23:57:37,NARCOTICS,POSSESSION OF COCAINE,41.871148734607814,-87.63678594630356,RESIDENCE,True,False,D-01,W-08
CR-2023-002700,2023-06-19 04:35:50,NARCOTICS,SALE/MANUFACTURE,41.92464469520165,-87.66324646505102,SIDEWALK,True,False,D-01,W-30
CR-2024-004111,2024-09-23 20:01:29,THEFT,RETAIL THEFT,41.95929249148999,-87.64631132968105,PARKING LOT,False,False,D-06,W-09
CR-2025-002747,2024-11-18 07:03:11,ASSAULT,AGGRAVATED ASSAULT,41.88835552354227,-87.74986228787992,STREET,False,False,D-11,W-02
CR-2025-001352,2023-08-24 13:00:21,THEFT,GRAND THEFT,41.78513271489104,-87.60287278814789,ALLEY,False,False,D-10,W-36
CR-2024-001303,2025-07-07 00:24:33,NARCOTICS,POSSESSION OF HEROIN,41.86902883003193,-87.66288349085649,STREET,True,True,D-07,W-16
CR-2024-001042,2023-08-31 00:08:02,CRIMINAL DAMAGE,TO PROPERTY,41.869841947257626,-87.64811068638872,SIDEWALK,True,False,D-11,W-40
CR-2024-002518,2025-06-24 22:43:23,BATTERY,SIMPLE BATTERY,41.91087642342554,-87.64010073014505,APARTMENT,True,False,D-07,W-32
CR-2024-005881,2025-12-05 04:28:47,THEFT,RETAIL THEFT,41.85203470702632,-87.6285198406672,APARTMENT,False,False,D-08,W-44
CR-2025-001793,2024-07-12 20:17:21,ROBBERY,STRONGARM ROBBERY,41.76150762807007,-87.65195317458542,STREET,True,False,D-14,W-06
CR-2025-003731,2023-08-05 03:25:51,ASSAULT,AGGRAVATED ASSAULT,41.92478055032671,-87.67833362218069,RESIDENCE,False,False,D-07,W-06
CR-2023-005586,2023-01-31 20:44:40,NARCOTICS,SALE/MANUFACTURE,41.86031277633478,-87.63467112902623,SIDEWALK,True,False,D-02,W-46
CR-2023-004572,2023-08-19 00:35:39,MOTOR VEHICLE THEFT,MOTORCYCLE,41.87166444127861,-87.65537178858685,STREET,False,False,D-05,W-29
CR-2023-004188,2023-10-04 21:00:14,NARCOTICS,POSSESSION OF COCAINE,41.92111058292765,-87.67386531677312,STREET,True,False,D-11,W-23
CR-2025-002048,2025-04-21 23:07:29,ROBBERY,STRONGARM ROBBERY,41.88703236346459,-87.63864842134694,ALLEY,False,False,D-02,W-47
CR-2023-003393,2024-04-13 01:41:09,NARCOTICS,POSSESSION OF COCAINE,41.96792862754396,-87.67794298281432,SIDEWALK,False,False,D-07,W-47
CR-2024-002383,2023-08-29 11:34:37,ROBBERY,,41.85930498867478,-87.73144973859173,COMMERCIAL BUILDING,False,False,D-15,W-07
CR-2023-001032,2024-07-27 00:31:33,ASSAULT,SIMPLE ASSAULT,41.78553405873499,-87.6435689664403,PARK,False,True,D-07,W-05
CR-2023-000237,2024-03-07 18:53:26,THEFT,GRAND THEFT,41.902774515702525,-87.63353554059334,RESIDENCE,True,False,D-15,W-37
CR-2025-005972,2024-05-11 19:46:57,ASSAULT,AGGRAVATED ASSAULT,41.91691996463715,-87.72610965056622,ALLEY,False,True,D-02,W-15
CR-2025-003041,2023-06-09 23:24:57,ROBBERY,STRONGARM ROBBERY,41.89641942418528,-87.6277906242913,PARKING LOT,False,False,D-13,W-13
CR-2025-002588,2024-07-05 13:23:51,MOTOR VEHICLE THEFT,MOTORCYCLE,41.922368240343935,-87.69236036965795,RESIDENCE,False,False,D-08,W-19
CR-2024-003580,2024-06-05 23:09:45,ASSAULT,AGGRAVATED ASSAULT,41.882183550879915,-87.63065905616233,SIDEWALK,False,,D-06,W-05
CR-2024-001828,2024-10-08 23:55:01,ASSAULT,AGGRAVATED ASSAULT,41.7790794616727,-87.68116194145928,PARK,False,False,D-02,W-02
CR-2025-005087,2024-07-14 08:18:00,MOTOR VEHICLE THEFT,AUTOMOBILE,41.76237157219523,-87.63401427951639,ALLEY,False,False,D-03,W-21
CR-2023-000321,2023-09-15 04:41:01,ASSAULT,AGGRAVATED ASSAULT,41.77241021621591,-87.66657857382796,RESIDENCE,True,False,D-07,W-30
CR-2023-001893,2024-08-17 01:21:01,MOTOR VEHICLE THEFT,TRUCK,41.95472716643072,-87.67300497372248,PARKING LOT,False,False,D-12,W-50
CR-2025-000326,2024-06-19 22:11:51,THEFT,FROM BUILDING,41.875760003570015,-87.74681746635736,RESIDENCE,False,False,D-14,W-32
CR-2025-002153,2024-04-05 00:58:10,ASSAULT,AGGRAVATED ASSAULT,41.935799500409324,-87.6406608899498,PARKING LOT,False,False,D-01,W-20
CR-2025-002864,2024-07-26 04:00:07,BURGLARY,FORCIBLE ENTRY,41.95111718848163,-87.65635010137078,COMMERCIAL BUILDING,True,False,D-14,W-31
CR-2023-005238,2024-07-02 19:15:07,BURGLARY,COMMERCIAL,41.92852158141649,-87.6322417348759,SIDEWALK,False,False,D-13,W-35
CR-2023-002628,2024-03-01 15:09:56,BURGLARY,RESIDENTIAL,41.7685880247028,-87.64746743745825,STREET,False,False,D-14,W-27
CR-2025-005045,2023-12-21 22:13:02,BATTERY,SIMPLE BATTERY,41.93962300019044,-87.67808123015233,COMMERCIAL BUILDING,True,False,D-14,W-20
CR-2023-003159,2025-02-27 23:34:16,ROBBERY,STRONGARM ROBBERY,41.89245957233891,-87.63139135953013,STREET,True,False,D-03,W-05
CR-2024-005206,2023-04-15 09:49:55,BATTERY,SIMPLE BATTERY,41.862039974428754,-87.63771480664268,COMMERCIAL BUILDING,True,False,D-03,W-50
CR-2024-000862,2025-05-14 21:58:48,ASSAULT,SIMPLE ASSAULT,41.755514032448886,-87.60185044709563,RESIDENCE,False,False,D-08,W-22
CR-2024-000805,2025-10-03 00:05:37,ROBBERY,ARMED ROBBERY,41.87372283096627,-87.65324786213046,RESIDENCE,False,False,D-12,W-40
CR-2024-001075,2025-11-27 12:46:01,ASSAULT,AGGRAVATED ASSAULT,41.7745036398892,-87.58746324585681,PARKING LOT,True,False,D-10,W-23
CR-2023-004191,2023-01-10 00:52:23,THEFT,GRAND THEFT,41.88226729658308,-87.70452847386855,RESIDENCE,False,True,D-01,W-38
CR-2023-004779,2024-06-29 06:25:38,ROBBERY,ARMED ROBBERY,41.93690796283633,-87.6620155723548,COMMERCIAL BUILDING,False,False,D-11,W-10
CR-2023-000639,2024-04-19 21:06:13,ASSAULT,SIMPLE ASSAULT,41.9522409823298,-87.66148232928404,STREET,False,False,D-13,W-13
CR-2023-005595,2023-07-22 15:25:05,BURGLARY,RESIDENTIAL,41.87771189922122,-87.7319419981395,STREET,False,False,D-03,W-32
CR-2023-001839,2023-07-29 08:49:35,CRIMINAL DAMAGE,TO PROPERTY,41.97223414994214,-87.65697435919698,PARKING LOT,False,False,D-06,W-02
CR-2024-005359,2024-09-20 22:20:58,MOTOR VEHICLE THEFT,AUTOMOBILE,41.81625354743167,-87.62396513603213,ALLEY,False,False,D-15,W-06
CR-2024-003175,2025-06-06 10:28:17,NARCOTICS,SALE/MANUFACTURE,41.91979945436336,-87.64536987032484,PARK,True,False,D-04,W-44
CR-2025-003014,2023-05-25 15:44:59,BATTERY,AGGRAVATED BATTERY,41.729761102713084,-87.64367788176551,COMMERCIAL BUILDING,True,True,D-07,W-20
CR-2024-000016,2024-09-05 21:56:08,BURGLARY,RESIDENTIAL,41.77856256938155,-87.6554427732239,RESIDENCE,False,False,D-12,W-22
CR-2023-003801,2023-06-19 13:08:51,MOTOR VEHICLE THEFT,TRUCK,41.8853803986133,-87.64253657276485,PARKING LOT,False,False,D-02,W-45
CR-2025-004238,2025-06-05 23:11:03,ASSAULT,AGGRAVATED ASSAULT,41.95145051765795,-87.68633074841937,PARK,False,True,D-06,W-43
CR-2023-005745,2025-07-19 22:21:22,THEFT,GRAND THEFT,41.93212372716142,-87.65169063716337,COMMERCIAL BUILDING,False,False,D-02,W-05
CR-2024-001132,2025-06-29 13:58:32,BATTERY,AGGRAVATED BATTERY,41.89284388989811,-87.7054348647754,COMMERCIAL BUILDING,True,False,D-04,W-35
CR-2025-002579,2025-01-20 08:54:44,BATTERY,DOMESTIC BATTERY,41.877285375317705,-87.74724321713073,STREET,True,False,D-11,W-09
CR-2023-005013,2025-01-30 20:39:42,ASSAULT,SIMPLE ASSAULT,41.95330997363589,-87.66040374343028,PARK,False,True,D-10,W-16
CR-2025-003470,2024-04-17 14:22:26,ROBBERY,STRONGARM ROBBERY,41.87166528923942,-87.61532845158547,APARTMENT,False,False,D-04,W-20
CR-2024-002533,2025-07-20 21:16:19,THEFT,PETTY THEFT,41.77968489663832,-87.58881054234001,RESIDENCE,False,False,D-10,W-08
CR-2024-004840,2025-10-10 06:32:04,BURGLARY,COMMERCIAL,41.76896128258635,-87.66361295048563,RESIDENCE,True,False,D-01,W-38
CR-2023-000120,2025-07-10 11:46:53,CRIMINAL DAMAGE,TO VEHICLE,41.86621218892351,-87.63152104662201,STREET,False,False,D-13,W-38
CR-2023-003336,2024-02-27 00:49:48,NARCOTICS,POSSESSION OF HEROIN,41.88363524656738,-87.62793571457723,ALLEY,True,False,D-12,W-21
CR-2023-003693,2025-02-22 00:53:49,ROBBERY,STRONGARM ROBBERY,41.87335875558316,-87.62508491975304,SIDEWALK,True,False,D-04,W-30
CR-2023-001005,2025-03-06 01:57:34,THEFT,PETTY THEFT,,,COMMERCIAL BUILDING,False,False,D-09,W-09
CR-2023-000018,2023-11-02 17:23:37,ASSAULT,AGGRAVATED ASSAULT,41.88123295392508,-87.6591950518582,SIDEWALK,False,False,D-14,W-03
CR-2023-001692,2023-07-20 22:45:46,BURGLARY,,41.900506207638436,-87.73705105478506,PARK,False,False,D-15,W-47
CR-2023-000285,2025-06-24 19:02:59,CRIMINAL DAMAGE,TO VEHICLE,41.77936045947974,-87.58708906719312,RESIDENCE,False,False,D-02,W-48
CR-2023-000117,2024-05-07 06:38:02,MOTOR VEHICLE THEFT,MOTORCYCLE,41.83249860223313,-87.61315202444206,STREET,False,True,D-08,W-15
CR-2023-003213,2023-06-03 01:57:24,ASSAULT,SIMPLE ASSAULT,41.75854004531384,-87.59147892424299,ALLEY,False,True,D-07,W-09
CR-2025-000059,2024-11-02 19:04:40,MOTOR VEHICLE THEFT,MOTORCYCLE,41.89524234221773,-87.6185210045097,COMMERCIAL BUILDING,True,True,D-01,W-20
CR-2025-001553,2023-04-21 02:02:12,THEFT,FROM BUILDING,41.85870287684362,-87.62121414533237,PARK,False,False,D-12,W-07
CR-2023-001248,2025-09-16 15:31:40,NARCOTICS,SALE/MANUFACTURE,41.87391555604503,-87.63399640252744,APARTMENT,False,False,D-10,W-38
CR-2025-004901,2025-07-07 07:42:58,MOTOR VEHICLE THEFT,MOTORCYCLE,41.994512736747346,-87.67561162759301,ALLEY,True,False,D-02,W-16
CR-2023-001329,2023-07-22 13:57:20,MOTOR VEHICLE THEFT,MOTORCYCLE,41.95183678679587,-87.6442349756003,SIDEWALK,False,False,D-09,W-26
CR-2025-004466,2023-03-18 07:49:56,BATTERY,AGGRAVATED BATTERY,41.8784352583245,-87.64459988541587,PARK,True,True,D-11,W-20
CR-2023-002601,2024-09-20 03:15:48,BURGLARY,COMMERCIAL,41.95138912179326,-87.63988499580762,RESIDENCE,False,False,D-12,W-34
CR-2025-004949,2025-03-20 11:18:19,ROBBERY,STRONGARM ROBBERY,41.90963163067273,-87.70986087045006,COMMERCIAL BUILDING,False,False,D-10,W-32
CR-2023-002280,2025-12-20 19:14:10,MOTOR VEHICLE THEFT,AUTOMOBILE,41.926996168742114,-87.62091918774316,PARKING LOT,False,False,D-13,W-14
CR-2025-003668,2024-07-26 02:46:31,BATTERY,AGGRAVATED BATTERY,41.87755129940185,-87.6558670692377,PARK,False,,D-13,W-20
CR-2023-001728,2023-10-28 03:21:14,THEFT,RETAIL THEFT,41.89443154481325,-87.63544451087388,RESIDENCE,False,,D-01,W-36
CR-2025-005174,2025-06-04 15:06:23,BURGLARY,RESIDENTIAL,41.96402350672575,-87.6596077657772,SIDEWALK,False,False,D-07,W-36
CR-2023-004632,2025-06-18 03:09:46,CRIMINAL DAMAGE,TO VEHICLE,41.86410321366971,-87.61969790805763,PARKING LOT,False,True,D-01,W-31
CR-2023-002538,2023-02-03 22:43:01,THEFT,GRAND THEFT,41.779932186389686,-87.60307102753355,APARTMENT,True,False,D-15,W-04
CR-2025-001778,2025-06-04 22:29:27,NARCOTICS,POSSESSION OF HEROIN,41.88770814402613,-87.62795382697516,APARTMENT,True,False,D-13,W-08
CR-2025-005321,2024-04-05 06:47:47,CRIMINAL DAMAGE,TO PROPERTY,41.969785674127905,-87.6594641051598,PARK,False,False,D-02,W-06
CR-2023-004350,2025-07-28 22:16:07,NARCOTICS,SALE/MANUFACTURE,41.818700622464405,-87.643693449233,APARTMENT,True,False,D-05,W-08
CR-2024-001804,2023-09-05 20:15:11,ROBBERY,ARMED ROBBERY,41.85785635682673,-87.63602820651859,STREET,False,False,D-03,W-26
CR-2024-004564,2024-06-16 07:32:02,BATTERY,DOMESTIC BATTERY,41.8866572912912,-87.61488378207689,STREET,True,False,D-08,W-30
CR-2024-004060,2025-04-27 07:47:37,MOTOR VEHICLE THEFT,TRUCK,41.80740626381678,-87.65850579335502,RESIDENCE,False,False,D-04,W-39
CR-2025-004013,2025-08-21 05:29:22,BATTERY,AGGRAVATED BATTERY,41.860970872712585,-87.62890142114806,COMMERCIAL BUILDING,True,True,D-06,W-35
CR-2025-000323,2023-06-09 21:51:37,BURGLARY,FORCIBLE ENTRY,,,PARKING LOT,False,True,D-08,W-33
CR-2023-002598,2025-12-08 21:18:12,BATTERY,DOMESTIC BATTERY,41.96898881111854,-87.6620379025357,PARKING LOT,True,True,D-12,W-29
CR-2025-005600,2024-06-09 01:01:04,ROBBERY,ARMED ROBBERY,41.8917025121956,-87.65157752117753,SIDEWALK,False,False,D-04,W-34
CR-2025-000050,2025-04-21 01:30:45,NARCOTICS,POSSESSION OF COCAINE,41.855123326643096,-87.73447161580978,RESIDENCE,True,,D-09,W-38
CR-2025-001889,2024-03-02 05:09:55,ROBBERY,ARMED ROBBERY,41.84696617986383,-87.63109104539187,PARKING LOT,True,False,D-04,W-06
CR-2025-000278,2024-09-10 00:14:13,ROBBERY,ARMED ROBBERY,41.766709844398186,-87.6398139546955,SIDEWALK,False,False,D-10,W-37
CR-2025-002756,2023-05-06 23:12:24,BURGLARY,COMMERCIAL,41.96115211624463,-87.65012460389512,PARKING LOT,False,False,D-04,W-29
CR-2025-004877,2024-07-05 01:36:09,ASSAULT,SIMPLE ASSAULT,41.871234731574816,-87.61409930929337,COMMERCIAL BUILDING,False,False,D-07,W-02
CR-2023-004821,2024-04-23 23:50:12,BATTERY,AGGRAVATED BATTERY,41.95368963369903,-87.65402595280469,STREET,True,False,D-08,W-16
CR-2023-003501,2025-09-21 09:23:52,BURGLARY,RESIDENTIAL,41.893465421698004,-87.73110703304133,COMMERCIAL BUILDING,False,False,D-03,W-18
CR-2025-004205,2023-11-17 15:58:59,CRIMINAL DAMAGE,TO VEHICLE,41.945470386585434,-87.63517177919947,SIDEWALK,False,False,D-13,W-18
CR-2024-005305,2024-08-04 05:25:38,THEFT,GRAND THEFT,41.94433363429165,-87.63285593333413,COMMERCIAL BUILDING,False,,D-04,W-15
CR-2024-003454,2025-06-29 14:31:32,ROBBERY,ARMED ROBBERY,41.75740966215304,-87.65126422026478,PARKING LOT,False,False,D-09,W-21
CR-2023-001065,2025-02-04 23:55:29,NARCOTICS,SALE/MANUFACTURE,41.9571695147762,-87.65490766684611,SIDEWALK,True,False,D-07,W-38
CR-2023-000264,2023-03-06 10:48:09,THEFT,FROM BUILDING,41.78539306254304,-87.65160791562762,ALLEY,False,False,D-15,W-17
CR-2024-005350,2023-10-29 16:05:30,CRIMINAL DAMAGE,GRAFFITI,41.86972654606404,-87.62060762017497,STREET,False,False,D-13,W-06
CR-2024-002884,2025-05-26 22:45:16,ASSAULT,SIMPLE ASSAULT,41.95250150678469,-87.68776765059881,PARK,False,False,D-11,W-12
CR-2023-000672,2023-09-29 09:45:18,ASSAULT,AGGRAVATED ASSAULT,41.89234331203162,-87.65207346952675,PARKING LOT,False,,D-05,W-13
CR-2024-000352,2025-01-15 01:23:29,THEFT,FROM BUILDING,41.85475056239714,-87.62070985072982,ALLEY,False,False,D-03,W-22
CR-2023-002532,2025-01-24 04:40:27,ROBBERY,STRONGARM ROBBERY,41.88925477663311,-87.63287314995797,ALLEY,True,False,D-01,W-15
CR-2023-005607,2025-09-12 12:36:39,NARCOTICS,POSSESSION OF HEROIN,41.88971857809055,-87.70688483950451,SIDEWALK,True,False,D-02,W-45
CR-2024-000163,2023-01-26 07:23:24,ASSAULT,SIMPLE ASSAULT,41.901445995723,-87.71265007150866,STREET,False,False,D-12,W-42
CR-2024-001888,2025-04-03 12:01:38,ASSAULT,SIMPLE ASSAULT,41.85063282682493,-87.648226657469,COMMERCIAL BUILDING,False,False,D-04,W-02
CR-2024-004567,2023-01-10 00:26:26,THEFT,FROM BUILDING,41.74082068839565,-87.64228528502846,RESIDENCE,False,False,D-02,W-09
CR-2024-000787,2023-05-06 14:00:05,ASSAULT,SIMPLE ASSAULT,41.88509644973651,-87.63033462223447,APARTMENT,False,False,D-02,W-13
CR-2023-000576,not-a-valid-date-string,ROBBERY,ARMED ROBBERY,41.93562076504621,-87.68176179586814,PARKING LOT,False,False,D-07,W-19
CR-2024-004360,2023-01-21 22:42:43,CRIMINAL DAMAGE,TO VEHICLE,41.873457351711096,-87.62691993644547,RESIDENCE,False,False,D-14,W-29
CR-2025-002624,2024-12-08 15:11:47,CRIMINAL DAMAGE,TO VEHICLE,41.8903905990221,-87.62344165776334,STREET,False,False,D-02,W-36
CR-2024-004135,2024-02-04 14:41:59,THEFT,FROM BUILDING,41.855950141647234,-87.61393298488687,APARTMENT,False,False,D-14,W-06
CR-2023-001737,2023-02-27 23:23:03,ASSAULT,AGGRAVATED ASSAULT,41.7609745962718,-87.6611146066425,PARK,False,False,D-11,W-15
CR-2025-002051,2023-04-03 08:09:59,NARCOTICS,POSSESSION OF COCAINE,41.8983660933862,-87.61650713217124,RESIDENCE,True,False,D-09,W-05
CR-2024-004717,2025-10-21 21:29:36,THEFT,RETAIL THEFT,41.97925094422748,-87.68369754328542,PARKING LOT,False,False,D-09,W-24
CR-2023-002874,2023-07-18 12:48:11,ROBBERY,ARMED ROBBERY,41.77845262557479,-87.6534100012166,APARTMENT,False,False,D-06,W-30
CR-2025-005861,2024-02-19 05:12:04,CRIMINAL DAMAGE,TO VEHICLE,41.87271302557837,-87.64930675343383,APARTMENT,False,False,D-12,W-15
CR-2024-003400,2024-08-02 08:03:09,BATTERY,SIMPLE BATTERY,41.929420943444626,-87.67343805749444,COMMERCIAL BUILDING,False,False,D-07,W-40
CR-2024-002830,2025-07-10 17:17:14,MOTOR VEHICLE THEFT,AUTOMOBILE,41.947304432793224,-87.67374825969688,COMMERCIAL BUILDING,True,False,D-05,W-49
CR-2025-000722,2023-09-10 12:55:47,CRIMINAL DAMAGE,TO PROPERTY,41.88409531927629,-87.63957035340688,PARK,False,False,D-07,W-38
CR-2025-005513,2023-03-05 00:23:11,ROBBERY,ARMED ROBBERY,41.95273439284246,-87.68363647055898,SIDEWALK,False,False,D-08,W-39
CR-2024-000871,2025-04-04 06:39:40,MOTOR VEHICLE THEFT,MOTORCYCLE,41.78065130407783,-87.5999530424348,ALLEY,False,False,D-14,W-43
CR-2023-000843,2023-12-25 22:15:10,THEFT,PETTY THEFT,41.87223688864863,-87.72327912619429,RESIDENCE,True,False,D-13,W-32
CR-2023-004881,2023-05-06 01:52:55,NARCOTICS,POSSESSION OF HEROIN,41.881073259915816,-87.62492110752656,STREET,False,True,D-09,W-47
CR-2024-005338,2024-05-04 19:49:54,ROBBERY,ARMED ROBBERY,41.89464038069112,-87.62713255300442,SIDEWALK,False,False,D-06,W-39
CR-2025-003500,2023-12-16 06:34:25,BURGLARY,RESIDENTIAL,41.79852962705776,-87.67344202405926,STREET,False,False,D-08,W-06
CR-2025-001709,2024-10-27 21:24:00,ROBBERY,STRONGARM ROBBERY,41.85733274375126,-87.7364790341363,STREET,False,False,D-06,W-43
CR-2023-004242,2024-06-28 14:45:21,ROBBERY,ARMED ROBBERY,41.90785556203218,-87.61844234768347,PARKING LOT,True,False,D-12,W-27
CR-2024-005884,2023-11-19 11:16:13,BURGLARY,FORCIBLE ENTRY,95.0,-87.67695681057737,SIDEWALK,False,False,D-13,W-36
CR-2023-000468,2023-03-22 23:41:56,MOTOR VEHICLE THEFT,TRUCK,41.753369179571735,-87.61129108881752,SIDEWALK,False,False,D-14,W-12
CR-2023-004119,2024-10-15 02:56:36,NARCOTICS,POSSESSION OF HEROIN,41.98071744980245,-87.67459786600372,RESIDENCE,False,False,D-07,W-19
CR-2024-004081,2023-06-13 21:03:02,ROBBERY,ARMED ROBBERY,41.88996138968349,-87.63013045108775,COMMERCIAL BUILDING,True,True,D-03,W-49
CR-2025-000473,2023-12-10 23:26:32,BATTERY,AGGRAVATED BATTERY,41.85521712243613,-87.64017862104822,APARTMENT,True,False,D-07,W-28
CR-2025-000491,2023-07-25 00:44:25,ASSAULT,SIMPLE ASSAULT,41.92906047713741,-87.65625422712283,SIDEWALK,False,False,D-04,W-24
CR-2024-005347,2023-12-05 09:43:57,ASSAULT,SIMPLE ASSAULT,41.962094297080995,-87.67683909081755,PARKING LOT,False,True,D-14,W-18
CR-2024-000070,2023-04-23 00:13:49,ASSAULT,AGGRAVATED ASSAULT,41.88151189901907,-87.61019285868576,ALLEY,True,False,D-03,W-09
CR-2025-003596,2023-11-08 12:10:13,BATTERY,SIMPLE BATTERY,41.94676211240855,-87.63547617774147,PARKING LOT,True,False,D-09,W-19
CR-2024-003694,2024-03-15 14:57:25,ROBBERY,ARMED ROBBERY,41.95718300267401,-87.63863641137459,SIDEWALK,False,False,D-08,W-47
CR-2024-000049,2024-08-02 23:37:37,MOTOR VEHICLE THEFT,AUTOMOBILE,41.948502269132845,-87.6599917426675,PARK,False,False,D-09,W-25
CR-2025-005549,2023-08-30 01:23:31,ROBBERY,ARMED ROBBERY,41.88652360205857,-87.63278003700735,SIDEWALK,False,False,D-11,W-06
CR-2025-004751,2023-12-01 03:22:08,ROBBERY,STRONGARM ROBBERY,41.88073361127389,-87.64517126125115,STREET,False,False,D-10,W-33
CR-2025-004412,2025-04-04 23:09:23,BATTERY,SIMPLE BATTERY,41.966072135719884,-87.68262396675337,RESIDENCE,True,False,D-10,W-01
CR-2024-005152,2024-09-24 20:41:31,THEFT,PETTY THEFT,41.881681068879374,-190.0,RESIDENCE,False,False,D-01,W-11
CR-2024-002071,2023-07-01 14:25:17,ROBBERY,STRONGARM ROBBERY,41.9560261922453,-87.6490669428799,COMMERCIAL BUILDING,False,False,D-02,W-11
CR-2023-000108,2025-03-24 15:47:55,BURGLARY,RESIDENTIAL,41.86650762178194,-87.6333522791011,ALLEY,False,False,D-08,W-42
CR-2023-005082,2024-09-20 23:44:54,CRIMINAL DAMAGE,GRAFFITI,41.898864158662455,-87.64527819981382,COMMERCIAL BUILDING,False,False,D-07,W-31
CR-2025-005411,2023-07-17 02:53:06,ASSAULT,SIMPLE ASSAULT,41.85449556466825,-87.62421877781999,APARTMENT,False,True,D-05,W-41
CR-2024-005641,2024-08-31 07:21:03,NARCOTICS,SALE/MANUFACTURE,41.87347676107759,-87.63500124836513,STREET,True,False,D-06,W-23
CR-2024-004930,2025-02-14 17:10:58,NARCOTICS,POSSESSION OF HEROIN,41.88718106757145,-87.62271040355515,ALLEY,False,False,D-02,W-47
CR-2024-003082,2025-07-08 01:41:52,ROBBERY,STRONGARM ROBBERY,41.81838594729237,-87.64429399098762,STREET,False,False,D-03,W-06
CR-2024-004735,2025-12-16 23:15:03,NARCOTICS,POSSESSION OF COCAINE,41.78920889922715,-87.58959568680648,ALLEY,True,False,D-03,W-16
CR-2024-000724,2025-03-09 15:17:46,ROBBERY,ARMED ROBBERY,41.896674246071505,-87.62948092634896,APARTMENT,False,True,D-09,W-10
CR-2024-005035,2025-05-31 19:41:13,NARCOTICS,POSSESSION OF HEROIN,41.87148646717084,-87.64654676282777,COMMERCIAL BUILDING,True,False,D-02,W-38
CR-2023-004203,2023-03-19 23:45:33,BURGLARY,COMMERCIAL,41.989441466228435,-87.68941918189782,PARK,True,False,D-08,W-13
CR-2023-004692,2025-12-24 06:14:34,MOTOR VEHICLE THEFT,MOTORCYCLE,41.867582968101075,-87.72030108755375,PARKING LOT,True,False,D-05,W-03
CR-2025-005015,2024-12-19 02:08:59,CRIMINAL DAMAGE,TO PROPERTY,41.79948557961406,-87.60535916431081,SIDEWALK,False,False,D-02,W-13
CR-2024-003067,2024-07-29 08:34:59,ROBBERY,ARMED ROBBERY,41.866067008879476,-87.64700739266517,APARTMENT,False,False,D-09,W-24
CR-2023-004536,2025-07-27 17:34:35,ROBBERY,STRONGARM ROBBERY,41.91644760541663,-87.625497249558,APARTMENT,False,False,D-07,W-12
CR-2025-003896,2023-08-13 12:07:46,BURGLARY,RESIDENTIAL,41.92989830759043,-87.66430403783332,PARKING LOT,False,False,D-14,W-02
CR-2024-001795,2024-02-01 08:45:38,BATTERY,AGGRAVATED BATTERY,41.80560948334235,-87.61389697776029,PARKING LOT,True,True,D-04,W-27
CR-2024-002434,2024-11-10 18:07:07,MOTOR VEHICLE THEFT,MOTORCYCLE,41.78257338245967,-87.6420532892505,PARK,False,False,D-04,W-07
CR-2024-005509,2024-08-27 20:47:48,ASSAULT,SIMPLE ASSAULT,41.858121303344134,-87.61018053711176,COMMERCIAL BUILDING,False,False,D-08,W-07
CR-2023-005226,2025-01-19 06:15:12,NARCOTICS,POSSESSION OF COCAINE,41.89183480706388,-87.61200376614224,STREET,True,False,D-07,W-06
CR-2024-001378,2023-06-08 13:55:14,BATTERY,SIMPLE BATTERY,41.881025374760426,-87.64117423103332,APARTMENT,True,True,D-04,W-02
CR-2024-000463,2023-03-07 04:21:36,NARCOTICS,POSSESSION OF COCAINE,41.86971617229093,-87.62414182187403,COMMERCIAL BUILDING,True,False,D-08,W-07
CR-2024-001420,2025-09-03 17:42:04,THEFT,GRAND THEFT,41.88253436733121,-87.65254963824131,ALLEY,False,False,D-11,W-36
CR-2025-001076,2024-03-12 07:09:40,MOTOR VEHICLE THEFT,AUTOMOBILE,41.779422162207396,-87.62323247735704,APARTMENT,False,False,D-03,W-01
CR-2023-002472,2024-08-11 20:06:32,BATTERY,DOMESTIC BATTERY,41.91206646724417,-87.70817888724176,STREET,True,True,D-02,W-25
CR-2025-002957,2023-07-02 22:23:26,BURGLARY,FORCIBLE ENTRY,41.874576135927185,-87.6432027263878,RESIDENCE,False,False,D-15,W-12
CR-2023-004227,2023-10-15 18:12:13,ASSAULT,SIMPLE ASSAULT,41.926374270203205,-87.6406569754789,STREET,False,False,D-03,W-08
CR-2025-001763,2025-07-27 20:06:06,NARCOTICS,POSSESSION OF COCAINE,41.87703712087828,-87.68967768591305,ALLEY,True,False,D-11,W-19
CR-2023-004137,2025-08-28 22:11:10,CRIMINAL DAMAGE,TO VEHICLE,41.92592243189749,-87.64773907479145,APARTMENT,False,False,D-13,W-14
CR-2023-004539,2024-11-17 08:50:14,BATTERY,AGGRAVATED BATTERY,41.92708634604361,-87.68897465135228,RESIDENCE,True,False,D-03,W-07
CR-2024-003769,2023-11-08 21:23:34,BURGLARY,FORCIBLE ENTRY,41.867059045197976,-87.63446406274527,APARTMENT,False,False,D-01,W-07
CR-2025-002219,2025-09-14 10:42:04,THEFT,FROM BUILDING,41.770385032327255,-87.61649642417215,PARK,False,False,D-08,W-31
CR-2025-001106,2024-02-23 00:14:12,BURGLARY,COMMERCIAL,41.966046661246466,-87.66434180665667,ALLEY,False,False,D-15,W-28
CR-2024-000823,2023-12-03 04:38:36,THEFT,RETAIL THEFT,41.94465711469991,-87.6355854000864,COMMERCIAL BUILDING,True,False,D-12,W-24
CR-2024-002593,2024-11-16 20:04:33,BATTERY,DOMESTIC BATTERY,41.87256590841453,-87.62659286809088,ALLEY,True,False,D-14,W-24
CR-2023-005472,2023-02-08 22:52:50,NARCOTICS,SALE/MANUFACTURE,41.80184430376379,-87.59874584761587,STREET,True,False,D-15,W-33
CR-2024-002761,2023-06-24 22:16:55,CRIMINAL DAMAGE,TO VEHICLE,41.89416155034304,-87.73796169810645,RESIDENCE,False,False,D-13,W-27
CR-2023-002190,2024-07-12 15:26:03,BURGLARY,COMMERCIAL,41.78282819797477,-87.62459525443744,RESIDENCE,False,True,D-04,W-28
CR-2023-001887,2025-01-31 13:45:52,ROBBERY,,41.91297862893824,-87.64586915239163,STREET,True,False,D-04,W-42
CR-2024-003511,2023-07-14 00:36:32,CRIMINAL DAMAGE,TO PROPERTY,41.87057798208882,-87.72631250093957,STREET,False,False,D-09,W-07
CR-2023-002151,2023-12-26 22:32:48,THEFT,RETAIL THEFT,41.86348817230676,-87.6192485812482,APARTMENT,False,False,D-12,W-07
CR-2023-002451,2024-10-29 13:00:31,CRIMINAL DAMAGE,TO VEHICLE,41.86268894672711,-87.63539902368912,STREET,False,False,D-12,W-21
CR-2024-005041,2023-10-27 18:30:13,THEFT,RETAIL THEFT,41.88220490178819,-87.6062971793918,APARTMENT,False,False,D-08,W-14
CR-2025-001286,2025-08-13 12:39:46,BATTERY,AGGRAVATED BATTERY,41.771408083799834,-87.63025511542605,APARTMENT,False,False,D-12,W-37
CR-2023-003813,2023-03-16 03:53:56,CRIMINAL DAMAGE,GRAFFITI,41.894626067926794,-87.62242009769746,SIDEWALK,False,False,D-10,W-04
CR-2023-003894,2023-06-13 02:01:54,ASSAULT,SIMPLE ASSAULT,41.87723245081434,-87.61288317959333,STREET,False,False,D-13,W-19
CR-2023-005748,2023-03-03 03:37:37,BURGLARY,FORCIBLE ENTRY,41.93889030517621,-87.66857666205651,PARKING LOT,False,False,D-08,W-26
CR-2025-001442,2023-11-24 13:55:02,ROBBERY,ARMED ROBBERY,41.83688742735912,-87.63729595264228,APARTMENT,False,False,D-11,W-35
CR-2023-003903,2023-05-15 21:07:03,PETTY THEFT,RETAIL THEFT,41.789599065663815,-87.58592313205885,STREET,False,False,D-10,W-50
CR-2024-000073,2023-10-30 07:16:12,ASSAULT,SIMPLE ASSAULT,41.74797623222805,-87.66201141532711,ALLEY,False,False,D-08,W-30
CR-2025-001943,2024-11-30 22:24:39,ASSAULT,SIMPLE ASSAULT,41.7239968044725,-87.633053099387,SIDEWALK,True,,D-02,W-49
CR-2025-002372,2025-03-23 23:54:03,ASSAULT,AGGRAVATED ASSAULT,41.902165086624635,-87.63407641385564,COMMERCIAL BUILDING,False,True,D-03,W-04
CR-2025-005405,2024-07-28 02:25:32,THEFT,RETAIL THEFT,41.86740211543451,-87.62640543688383,PARKING LOT,False,True,D-04,W-35
CR-2025-004655,2024-07-31 06:29:59,ASSAULT,AGGRAVATED ASSAULT,41.91522324277686,-87.74405472834057,PARK,False,True,D-14,W-29
CR-2023-004212,2024-11-17 12:08:24,PETTY THEFT,MOTORCYCLE,41.88730190248508,-87.63028755839586,ALLEY,False,False,D-07,W-15
CR-2025-004670,2023-07-08 18:02:53,BURGLARY,COMMERCIAL,41.92970812210203,-87.65374829221027,SIDEWALK,False,False,D-06,W-06
CR-2025-002969,2023-01-18 01:05:23,ROBBERY,ARMED ROBBERY,41.973291303207105,-87.61067002177944,PARKING LOT,False,False,D-04,W-29
CR-2024-001300,2023-11-22 04:14:38,MOTOR VEHICLE THEFT,MOTORCYCLE,41.849951709409375,-87.62050432831052,PARK,False,False,D-05,W-19
CR-2025-004190,2025-10-19 22:14:10,BATTERY,SIMPLE BATTERY,41.879626825005616,-87.62520478699102,COMMERCIAL BUILDING,True,True,D-05,W-17
CR-2024-002860,2025-09-26 07:00:43,NARCOTICS,POSSESSION OF COCAINE,41.871591898055314,-190.0,SIDEWALK,True,False,D-11,W-13
CR-2025-002039,2025-04-12 13:57:43,CRIMINAL DAMAGE,GRAFFITI,41.872274795925485,-87.63438428666603,RESIDENCE,False,False,D-12,W-04
CR-2025-002636,2025-07-26 15:09:04,ROBBERY,ARMED ROBBERY,41.92440549469819,-87.64132160629838,ALLEY,True,False,D-02,W-06
CR-2023-004104,2023-02-04 11:06:34,BURGLARY,COMMERCIAL,41.86193418881313,-87.62465262168705,STREET,True,False,D-06,W-21
CR-2024-003904,2025-06-17 16:18:36,CRIMINAL DAMAGE,TO VEHICLE,41.981185130334836,-87.69375543544125,APARTMENT,False,False,D-12,W-20
CR-2024-003616,2023-12-19 04:17:50,BATTERY,AGGRAVATED BATTERY,41.78502785710931,-87.61083014883997,STREET,True,True,D-14,W-38
CR-2024-004054,2025-08-08 00:38:19,THEFT,PETTY THEFT,41.970535490372484,-87.64700431075842,PARK,False,False,D-02,W-01
CR-2024-000568,2025-03-10 23:57:20,ASSAULT,AGGRAVATED ASSAULT,41.895942057333876,-87.64821411722706,RESIDENCE,False,False,D-13,W-26
CR-2024-000157,2023-10-20 02:00:39,ASSAULT,AGGRAVATED ASSAULT,41.89768218210732,-87.62948494237551,APARTMENT,False,True,D-07,W-40
CR-2025-000623,2024-03-19 00:53:39,NARCOTICS,POSSESSION OF COCAINE,41.77975208670648,-87.64824933077647,STREET,False,False,D-12,W-44
CR-2023-003906,2023-11-06 22:25:37,NARCOTICS,POSSESSION OF HEROIN,41.880427330142986,-87.63577424550314,ALLEY,True,False,D-10,W-27
CR-2025-003428,2024-10-27 07:38:53,NARCOTICS,POSSESSION OF COCAINE,41.78268518476562,-87.63631713647439,COMMERCIAL BUILDING,True,False,D-08,W-44
CR-2025-004754,2025-07-06 01:09:44,MOTOR VEHICLE THEFT,TRUCK,41.87204444849004,-87.61736276447411,ALLEY,True,False,D-13,W-28
CR-2023-005754,2025-08-31 02:10:22,BURGLARY,COMMERCIAL,41.808525174589576,-87.6024622710706,APARTMENT,False,False,D-08,W-42
CR-2025-001475,2024-02-06 18:29:28,CRIMINAL DAMAGE,,41.972519890330936,-87.63975185294471,RESIDENCE,False,False,D-05,W-41
CR-2023-004347,2025-06-01 21:18:34,NARCOTICS,SALE/MANUFACTURE,41.77803589400391,-87.60635705998757,APARTMENT,True,False,D-04,W-37
CR-2023-001686,2023-05-24 19:04:49,ASSAULT,SIMPLE ASSAULT,41.899863913224195,-87.60269205034544,APARTMENT,False,False,D-07,W-19
CR-2023-003201,2023-10-10 22:37:08,MOTOR VEHICLE THEFT,MOTORCYCLE,41.872614843762044,-87.62223593877943,RESIDENCE,False,False,D-13,W-45
CR-2023-005631,2024-10-28 07:12:42,NARCOTICS,POSSESSION OF HEROIN,41.87973625569269,-87.75151187630313,PARK,True,False,D-12,W-39
CR-2023-004455,2024-04-10 20:58:32,THEFT,GRAND THEFT,41.864905344866735,-87.64210492691699,STREET,False,False,D-11,W-47
CR-2025-002222,2023-04-14 06:48:12,NARCOTICS,SALE/MANUFACTURE,41.849048709462465,-87.64122032904714,RESIDENCE,False,False,D-08,W-47
CR-2025-005633,2024-06-09 21:33:12,MOTOR VEHICLE THEFT,TRUCK,41.88231392745422,-87.61766517086157,RESIDENCE,False,False,D-14,W-49
CR-2025-005906,2025-06-13 22:21:24,BATTERY,AGGRAVATED BATTERY,41.77179530294613,-87.58980521225511,RESIDENCE,True,True,D-04,W-36
CR-2023-005430,2024-08-23 01:47:51,BURGLARY,FORCIBLE ENTRY,41.87790655300347,-87.75096560324653,PARK,True,False,D-12,W-01
CR-2025-003827,2024-06-28 05:04:05,ASSAULT,AGGRAVATED ASSAULT,41.894353746546656,-87.63480191039773,STREET,False,True,D-03,W-34
CR-2023-005574,2023-01-02 22:17:36,CRIMINAL DAMAGE,GRAFFITI,41.85893943299674,-87.6161363944745,PARK,False,False,D-01,W-33
CR-2024-004276,2025-08-02 05:48:13,NARCOTICS,SALE/MANUFACTURE,41.88600472087046,-87.6296865972941,ALLEY,True,True,D-04,W-33
CR-2023-004722,2025-06-17 23:08:21,MOTOR VEHICLE THEFT,MOTORCYCLE,41.977083540730405,-87.69008850488464,COMMERCIAL BUILDING,False,False,D-13,W-03
CR-2024-004249,2023-11-02 04:12:51,BURGLARY,FORCIBLE ENTRY,41.85140187337688,-87.61383743946489,STREET,False,False,D-06,W-30
CR-2025-005402,2023-04-14 22:16:39,BATTERY,SIMPLE BATTERY,41.80216333298311,-87.64552102991883,PARKING LOT,True,True,D-02,W-23
CR-2025-001640,2025-05-16 09:11:09,BURGLARY,COMMERCIAL,41.86508934473539,-87.72635943337505,STREET,False,False,D-04,W-46
CR-2025-005159,2024-04-12 22:03:18,MOTOR VEHICLE THEFT,MOTORCYCLE,41.89509389580952,-87.59889365952333,ALLEY,False,False,D-03,W-15
CR-2024-002242,2025-04-12 10:23:56,CRIMINAL DAMAGE,GRAFFITI,41.87759112161108,-87.65372133937245,PARK,False,False,D-10,W-43
CR-2024-004915,2025-08-30 07:22:47,NARCOTICS,POSSESSION OF HEROIN,41.86281792203614,-87.64202028479856,APARTMENT,True,False,D-02,W-23
CR-2025-005867,2023-08-04 21:38:17,BURGLARY,RESIDENTIAL,41.86650749403667,-87.6315099482926,RESIDENCE,False,False,D-06,W-09
CR-2024-000676,2025-06-09 23:53:15,BURGLARY,FORCIBLE ENTRY,41.88622194092307,-87.61841267259547,PARKING LOT,False,False,D-01,W-15
CR-2025-003476,2025-01-07 23:03:18,MOTOR VEHICLE THEFT,MOTORCYCLE,41.742275631347376,-87.64571137277133,SIDEWALK,False,False,D-14,W-25
CR-2025-003491,2024-01-23 01:07:57,BURGLARY,FORCIBLE ENTRY,41.94286221288462,-87.66873441578515,STREET,False,False,D-14,W-45
CR-2025-005303,2024-05-12 13:19:23,NARCOTICS,SALE/MANUFACTURE,41.79045385240149,-87.63172982736252,RESIDENCE,True,False,D-15,W-39
CR-2023-004287,2024-09-07 23:12:20,THEFT,FROM BUILDING,41.87592699867281,-87.6237126386999,ALLEY,True,False,D-15,W-33
CR-2024-003499,2024-09-21 11:55:50,ASSAULT,AGGRAVATED ASSAULT,41.94829786735946,-87.6473247247115,COMMERCIAL BUILDING,False,False,D-02,W-39
CR-2025-000008,2025-09-27 00:23:56,BURGLARY,RESIDENTIAL,41.862907533194985,-87.62508629001107,ALLEY,True,False,D-02,W-49
CR-2025-001349,2024-03-02 22:36:53,BATTERY,AGGRAVATED BATTERY,41.96084139980612,-87.62872133360929,SIDEWALK,True,False,D-04,W-15
CR-2023-004998,2024-07-30 12:03:38,MOTOR VEHICLE THEFT,TRUCK,41.8446297905914,-87.73959570103048,ALLEY,False,False,D-14,W-31
CR-2024-003064,2024-03-04 23:21:02,BATTERY,AGGRAVATED BATTERY,41.865857675164584,-87.65162581907636,PARK,True,False,D-09,W-27
CR-2024-002227,2023-03-17 15:11:44,NARCOTICS,SALE/MANUFACTURE,41.8105912877797,-87.62178179992476,ALLEY,True,False,D-03,W-31
CR-2025-001109,2023-09-29 09:23:03,MOTOR VEHICLE THEFT,MOTORCYCLE,41.99039443578333,-87.66024051401492,SIDEWALK,False,False,D-12,W-50
CR-2024-001873,2025-10-13 01:12:09,MOTOR VEHICLE THEFT,TRUCK,41.724473373838926,-87.62453808340287,COMMERCIAL BUILDING,False,False,D-06,W-39
CR-2025-003944,2024-06-01 02:36:52,THEFT,RETAIL THEFT,41.96009048103675,-87.66066278278483,SIDEWALK,False,False,D-10,W-32
CR-2023-003825,2024-12-14 20:01:26,BATTERY,SIMPLE BATTERY,41.80649300034307,-87.63861222802605,PARK,False,False,D-02,W-18
CR-2023-000501,2023-11-09 22:46:59,CRIMINAL DAMAGE,GRAFFITI,41.78039075924801,-87.64517341944264,RESIDENCE,False,False,D-05,W-43
CR-2025-004784,2025-05-25 22:02:25,MOTOR VEHICLE THEFT,TRUCK,41.910445244475945,-87.63551041935693,SIDEWALK,False,False,D-02,W-07
CR-2023-003579,2024-08-30 20:35:37,BURGLARY,COMMERCIAL,41.86528259805893,-87.63584598802055,PARK,True,False,D-10,W-18
CR-2024-001726,2023-02-18 23:21:43,BATTERY,SIMPLE BATTERY,41.87618517977723,-87.63820911455271,APARTMENT,True,True,D-05,W-40
CR-2025-000272,2024-01-01 01:31:12,BATTERY,SIMPLE BATTERY,41.89896710999746,-87.67123790510941,COMMERCIAL BUILDING,True,False,D-12,W-38
CR-2025-003623,2025-11-30 21:43:03,BATTERY,,41.775958626709944,-87.62862430624283,RESIDENCE,True,False,D-05,W-34
CR-2023-003738,2025-09-22 02:37:37,BURGLARY,COMMERCIAL,41.844416211536526,-87.62686895168075,APARTMENT,False,False,D-14,W-12
CR-2024-005047,2023-02-07 21:13:32,ASSAULT,SIMPLE ASSAULT,41.77605857893752,-87.58902191897909,SIDEWALK,False,True,D-06,W-09
CR-2025-003206,2024-03-29 09:24:24,CRIMINAL DAMAGE,GRAFFITI,41.85104374273862,-87.62482793655504,PARK,False,False,D-10,W-29
CR-2023-001836,2024-03-29 06:20:22,MOTOR VEHICLE THEFT,MOTORCYCLE,41.75032451719816,-87.60849604533112,RESIDENCE,True,False,D-04,W-08
CR-2024-000208,2023-01-27 21:07:53,MOTOR VEHICLE THEFT,AUTOMOBILE,41.90852073555941,-87.72481785658273,ALLEY,False,False,D-05,W-42
CR-2024-001201,2024-07-06 19:29:53,BATTERY,DOMESTIC BATTERY,41.8698997987312,-87.63387482665489,STREET,True,False,D-01,W-27
CR-2025-000218,2024-10-02 17:47:16,CRIMINAL DAMAGE,GRAFFITI,41.819615388639285,-87.66350253645538,PARK,False,False,D-12,W-46
CR-2024-002065,2025-08-17 23:47:08,THEFT,GRAND THEFT,41.87445408201679,-87.62976568095785,PARKING LOT,False,False,D-05,W-49
CR-2024-000601,2024-11-13 19:18:36,MOTOR VEHICLE THEFT,MOTORCYCLE,41.879934462545485,-87.62165052956446,STREET,True,False,D-09,W-48
CR-2025-002486,2023-08-27 09:29:51,NARCOTICS,POSSESSION OF COCAINE,41.862973269011796,-87.661088468166,SIDEWALK,True,False,D-15,W-41
CR-2023-003942,2025-05-09 05:50:35,MOTOR VEHICLE THEFT,AUTOMOBILE,,,SIDEWALK,False,False,D-06,W-49
CR-2024-001276,2024-06-25 08:20:51,NARCOTICS,SALE/MANUFACTURE,41.825674129384296,-87.61925964556573,SIDEWALK,True,False,D-14,W-32
CR-2025-003443,2023-01-21 01:00:17,MOTOR VEHICLE THEFT,AUTOMOBILE,41.855956061839976,-87.6027163835097,COMMERCIAL BUILDING,False,,D-05,W-42
CR-2023-000921,2023-07-01 00:43:29,BATTERY,AGGRAVATED BATTERY,,,APARTMENT,True,True,D-04,W-17
CR-2023-001659,2024-11-20 02:27:02,BATTERY,SIMPLE BATTERY,41.894927867843464,-87.59499938916974,RESIDENCE,True,False,D-13,W-18
CR-2025-005744,2025-08-11 16:37:54,BURGLARY,FORCIBLE ENTRY,41.763223728863814,-87.59881242012621,PARK,False,False,D-14,W-04
CR-2023-005028,2023-08-08 06:14:15,NARCOTICS,POSSESSION OF HEROIN,41.9439485014555,-87.68893937567971,RESIDENCE,False,False,D-07,W-48
CR-2023-004917,2025-02-18 10:36:13,ROBBERY,ARMED ROBBERY,41.9105828217831,-87.61398069057269,PARK,False,False,D-01,W-18
CR-2024-001351,2025-08-22 22:11:46,BATTERY,AGGRAVATED BATTERY,41.82920676114252,-87.60340726134733,PARKING LOT,True,False,D-15,W-41
CR-2024-003037,2024-08-29 12:52:04,NARCOTICS,POSSESSION OF HEROIN,41.90370994714339,-87.64136228204093,COMMERCIAL BUILDING,True,False,D-07,W-21
CR-2024-003280,2024-03-23 20:35:07,OTHER OFFENSE,DUPLICATE ID TEST RECORD,41.87355672134302,-87.60960850308228,SIDEWALK,False,False,D-10,W-08
CR-2025-001052,2023-01-13 05:44:10,BATTERY,DOMESTIC BATTERY,41.749164702678314,-87.5879331761686,RESIDENCE,True,False,D-09,W-08
CR-2025-004502,2025-09-28 07:26:01,ROBBERY,STRONGARM ROBBERY,41.775014439186805,-87.65789268937293,STREET,False,False,D-12,W-06
CR-2023-000135,2024-10-26 12:26:24,BATTERY,DOMESTIC BATTERY,41.90654291920319,-87.75274551872123,APARTMENT,True,True,D-07,W-11
CR-2025-005969,2025-04-10 15:16:22,ASSAULT,AGGRAVATED ASSAULT,41.86905999022525,-87.6970403454998,RESIDENCE,False,False,D-02,W-40
CR-2024-002902,2025-11-05 13:49:59,CRIMINAL DAMAGE,TO PROPERTY,41.97194369926368,-87.65256506705201,PARK,False,False,D-08,W-08
CR-2023-002250,2025-01-31 16:26:35,BURGLARY,FORCIBLE ENTRY,41.86334198778864,-87.75124515640994,APARTMENT,False,False,D-15,W-49
CR-2023-005280,2025-08-25 02:25:09,THEFT,RETAIL THEFT,41.939631452655696,-87.643067968769,ALLEY,False,False,D-15,W-36
CR-2025-005918,2025-09-20 01:24:41,ROBBERY,STRONGARM ROBBERY,41.87776537191632,-87.6246466813444,RESIDENCE,False,False,D-04,W-18
CR-2023-003009,2024-04-11 02:52:24,NARCOTICS,POSSESSION OF HEROIN,41.87588989660068,-87.61534111865417,ALLEY,True,False,D-08,W-34
CR-2025-005096,2025-09-15 20:49:14,THEFT,GRAND THEFT,41.96994587346031,-87.65565724309775,ALLEY,True,False,D-05,W-22
CR-2025-003488,2023-06-20 21:01:25,ROBBERY,ARMED ROBBERY,41.88291496345529,-87.61476645749946,ALLEY,True,False,D-13,W-32
CR-2023-000516,2023-06-07 23:05:10,THEFT,PETTY THEFT,41.78888057806513,-87.61282010150744,PARK,False,True,D-07,W-44
CR-2023-001548,2025-09-08 09:05:13,ROBBERY,ARMED ROBBERY,41.96923449328118,-87.64362911393975,APARTMENT,True,False,D-06,W-13
CR-2024-004225,2023-11-29 04:26:55,ASSAULT,,41.849000899403315,-87.71872970587006,APARTMENT,False,True,D-01,W-46
CR-2024-001294,2023-01-06 01:37:15,THEFT,FROM BUILDING,41.86609942153404,-87.63075286861924,SIDEWALK,True,False,D-01,W-49
CR-2025-002639,2023-07-23 21:59:37,CRIMINAL DAMAGE,TO VEHICLE,95.0,-87.6270258988583,ALLEY,False,False,D-05,W-50
CR-2023-005115,2025-06-01 02:44:12,BATTERY,DOMESTIC BATTERY,41.9675077714236,-87.6792506462253,ALLEY,False,False,D-11,W-45
CR-2024-003910,2025-12-29 08:15:50,BURGLARY,RESIDENTIAL,41.88708494512527,-87.6169997653399,STREET,False,False,D-09,W-23
CR-2024-003211,2024-08-19 11:44:22,BURGLARY,COMMERCIAL,41.90404662714215,-87.72442208506438,RESIDENCE,False,False,D-12,W-39
CR-2023-000228,2025-11-15 04:14:39,BURGLARY,RESIDENTIAL,41.87649454460068,-87.64532863483629,STREET,False,False,D-09,W-30
CR-2023-001926,2024-10-18 13:46:11,MOTOR VEHICLE THEFT,AUTOMOBILE,41.97432126123563,-87.67744313633605,RESIDENCE,False,False,D-15,W-41
CR-2023-004398,2025-01-09 10:03:55,THEFT,GRAND THEFT,41.870388667934485,-87.61633516342526,ALLEY,False,False,D-01,W-21
CR-2025-002819,2023-02-28 15:08:05,ASSAULT,AGGRAVATED ASSAULT,41.94160481984705,-87.65066785051664,COMMERCIAL BUILDING,False,False,D-01,W-10
CR-2024-001354,2024-12-13 23:46:41,NARCOTICS,SALE/MANUFACTURE,41.77011464410716,-87.5899146660292,ALLEY,True,False,D-07,W-29
CR-2024-004333,2023-01-18 21:58:54,ROBBERY,ARMED ROBBERY,41.86336970754184,-87.64010098593351,RESIDENCE,False,False,D-03,W-49
CR-2023-004062,2024-09-25 07:19:01,BATTERY,SIMPLE BATTERY,41.9417302743806,-87.63759487358267,PARK,True,True,D-10,W-24
CR-2025-003515,2023-08-30 17:41:30,THEFT,GRAND THEFT,41.857638410092726,-87.63777816625435,STREET,False,False,D-06,W-13
CR-2023-005373,2023-06-26 20:33:51,THEFT,FROM BUILDING,41.875373996935764,-87.6439207222921,PARKING LOT,False,False,D-07,W-18
CR-2025-002489,2023-06-27 18:50:00,ASSAULT,AGGRAVATED ASSAULT,41.883944067861385,-87.66310631513403,APARTMENT,False,True,D-05,W-47
CR-2024-000994,2023-05-10 02:13:53,BATTERY,DOMESTIC BATTERY,41.76286296011943,-87.61820193638316,APARTMENT,True,False,D-10,W-41
CR-2024-003706,2023-12-07 02:40:12,NARCOTICS,POSSESSION OF COCAINE,41.87651503560952,-87.71969999989895,ALLEY,True,True,D-13,W-41
CR-2023-000885,2023-08-15 09:17:11,NARCOTICS,POSSESSION OF HEROIN,41.94927204892745,-87.62139897919138,ALLEY,True,False,D-11,W-15
CR-2023-002091,2024-04-15 18:15:21,NARCOTICS,SALE/MANUFACTURE,41.8654046042017,-87.63857361480127,RESIDENCE,True,False,D-11,W-27
CR-2025-004127,2025-04-20 13:01:15,ROBBERY,ARMED ROBBERY,41.95069883543518,-87.62675342696811,STREET,False,False,D-04,W-07
CR-2023-005109,2025-02-25 04:49:02,ASSAULT,AGGRAVATED ASSAULT,41.97214854303364,-87.6448754001871,APARTMENT,False,False,D-11,W-09
CR-2023-003990,2024-05-20 21:03:24,MOTOR VEHICLE THEFT,MOTORCYCLE,41.92982147035079,-87.66538257347302,APARTMENT,False,False,D-01,W-25
CR-2024-005440,2023-02-06 21:40:23,NARCOTICS,POSSESSION OF HEROIN,41.93138434502744,-87.66987580392754,STREET,True,False,D-03,W-30
CR-2025-004769,2024-07-29 00:02:47,ASSAULT,AGGRAVATED ASSAULT,41.92260999860552,-87.66133159615582,RESIDENCE,False,True,D-15,W-32
CR-2024-004765,2025-03-07 13:25:46,ASSAULT,SIMPLE ASSAULT,41.89023887942185,-87.61131507092178,SIDEWALK,True,False,D-01,W-43
CR-2024-002896,2025-06-28 12:44:48,MOTOR VEHICLE THEFT,TRUCK,41.95434924106235,-87.65251004407705,RESIDENCE,True,False,D-14,W-13
CR-2025-002075,2025-08-29 07:32:31,ASSAULT,AGGRAVATED ASSAULT,41.87951273287446,-87.70659995548858,APARTMENT,False,False,D-12,W-31
CR-2023-000828,2025-06-05 19:04:35,BATTERY,DOMESTIC BATTERY,41.78311152440674,-87.5960600616098,RESIDENCE,False,True,D-05,W-26
CR-2025-001394,2023-03-29 02:41:58,BURGLARY,RESIDENTIAL,41.767496979313144,-87.62446433449716,STREET,False,False,D-11,W-27
CR-2023-005298,2025-08-08 03:47:40,CRIMINAL DAMAGE,GRAFFITI,41.95839117816498,-87.63761115125236,PARKING LOT,False,False,D-13,W-17
CR-2023-005361,2023-11-16 23:45:45,ROBBERY,STRONGARM ROBBERY,41.87849277723779,-87.62873069109176,APARTMENT,False,True,D-12,W-26
CR-2024-002011,2025-04-01 04:56:24,BURGLARY,FORCIBLE ENTRY,41.850322359026386,-87.61804615502803,SIDEWALK,False,False,D-10,W-19
CR-2023-005988,2024-12-20 21:43:46,THEFT,GRAND THEFT,41.95246964006905,-87.68351604570182,STREET,False,False,D-09,W-39
CR-2025-004505,2023-02-20 00:13:19,BURGLARY,COMMERCIAL,41.883226308810706,-87.64927488909504,RESIDENCE,False,False,D-12,W-39
CR-2024-001486,2023-10-24 17:46:15,BATTERY,SIMPLE BATTERY,41.85757527441751,-87.59999086001154,PARK,True,False,D-07,W-30
CR-2024-001045,2025-02-06 07:25:31,MOTOR VEHICLE THEFT,TRUCK,41.78706861911506,-87.62148814100973,RESIDENCE,False,True,D-03,W-41
CR-2023-002367,2023-09-26 22:46:10,ASSAULT,SIMPLE ASSAULT,41.882464210465095,-87.61543240553338,ALLEY,False,True,D-11,W-38
CR-2025-001139,2024-03-29 00:34:36,CRIMINAL DAMAGE,GRAFFITI,41.79555781252273,-87.61743521767866,PARKING LOT,False,False,D-09,W-36
CR-2025-000962,2025-06-17 00:11:28,BATTERY,SIMPLE BATTERY,41.909211240046254,-87.64359076887379,APARTMENT,True,False,D-13,W-34
CR-2023-004626,2023-09-05 18:05:50,ASSAULT,AGGRAVATED ASSAULT,41.93969722504076,-87.68159757328809,STREET,False,True,D-03,W-31
CR-2025-000242,2023-07-20 13:30:49,CRIMINAL DAMAGE,TO VEHICLE,41.86675473882074,-87.65113380564397,COMMERCIAL BUILDING,False,True,D-12,W-01
CR-2024-002110,2023-04-02 23:32:44,THEFT,PETTY THEFT,41.719101094892174,-87.60788064060546,SIDEWALK,False,False,D-15,W-46
CR-2025-005444,2025-06-10 20:15:48,ROBBERY,ARMED ROBBERY,41.97471643680032,-87.64236512129162,APARTMENT,False,False,D-04,W-27
CR-2024-002584,2025-04-18 02:37:38,THEFT,FROM BUILDING,41.86660818754084,-87.64672093832212,PARK,False,False,D-03,W-42
CR-2023-003048,2024-05-11 02:33:43,BURGLARY,RESIDENTIAL,41.75031652522291,-87.626813156158,STREET,False,False,D-05,W-38
CR-2025-005627,2025-05-15 04:27:33,CRIMINAL DAMAGE,,41.77128330415611,-87.61348747752253,PARKING LOT,False,False,D-05,W-02
CR-2024-005578,2024-05-08 09:26:59,MOTOR VEHICLE THEFT,AUTOMOBILE,41.87205749857288,-87.63233993285672,PARK,True,False,D-09,W-12
CR-2025-000275,2023-05-25 09:13:33,BATTERY,SIMPLE BATTERY,41.78106474468682,-87.63289193088481,COMMERCIAL BUILDING,True,False,D-04,W-37
CR-2024-003595,2025-08-20 23:43:31,BURGLARY,FORCIBLE ENTRY,41.88344569017438,-87.72629801757648,APARTMENT,True,False,D-06,W-16
CR-2023-004518,2023-03-03 11:54:50,ROBBERY,STRONGARM ROBBERY,41.8785953496079,-87.60959588133417,PARK,False,False,D-10,W-11
CR-2023-004818,2024-09-23 20:13:10,ASSAULT,AGGRAVATED ASSAULT,41.77699402456699,-87.59157799315373,APARTMENT,True,False,D-07,W-29
CR-2023-005541,2025-05-21 21:22:58,MOTOR VEHICLE THEFT,MOTORCYCLE,41.88619926351133,-87.63624987112922,SIDEWALK,False,False,D-02,W-07
CR-2025-003263,2025-09-30 03:42:33,BURGLARY,RESIDENTIAL,41.87301033219293,-87.63042005807215,PARKING LOT,False,False,D-04,W-30
CR-2025-000233,2025-11-11 02:32:00,CRIMINAL DAMAGE,GRAFFITI,41.79425416750109,-87.61006230724882,RESIDENCE,False,False,D-10,W-43
CR-2024-005803,2025-11-28 00:52:02,MOTOR VEHICLE THEFT,TRUCK,41.75879096245593,-87.62335529914786,PARKING LOT,True,False,D-08,W-11
CR-2024-001765,2023-05-25 22:34:38,ROBBERY,STRONGARM ROBBERY,,,PARK,True,False,D-07,W-11
CR-2024-001105,2023-11-23 06:33:09,CRIMINAL DAMAGE,,41.859343883990455,-87.62073227010467,RESIDENCE,False,False,D-02,W-14
CR-2023-004029,2025-07-20 10:44:49,MOTOR VEHICLE THEFT,TRUCK,41.78347532320779,-87.65378817602762,RESIDENCE,False,False,D-09,W-01
CR-2024-000538,2023-01-25 19:24:01,BATTERY,SIMPLE BATTERY,41.7399854525335,-87.63970287902416,STREET,True,False,D-05,W-10
CR-2024-001930,2023-12-24 11:31:22,BATTERY,AGGRAVATED BATTERY,41.93936101256176,-87.67108677011439,SIDEWALK,False,False,D-07,W-41
CR-2023-003639,2025-10-08 12:33:42,ROBBERY,STRONGARM ROBBERY,41.87911333364368,-87.71304056283597,SIDEWALK,False,False,D-04,W-25
CR-2024-000865,2024-06-04 12:33:14,THEFT,GRAND THEFT,41.876577612317305,-87.73318770233013,PARK,False,True,D-01,W-05
CR-2023-003411,2025-10-25 22:35:29,ASSAULT,AGGRAVATED ASSAULT,41.75720193843122,-87.61507155953991,STREET,False,True,D-02,W-47
CR-2025-000779,2023-11-24 04:07:34,NARCOTICS,POSSESSION OF HEROIN,41.97825377137919,-87.66072247202085,PARK,True,False,D-14,W-16
CR-2025-004838,2024-08-26 11:58:05,BATTERY,SIMPLE BATTERY,41.862704695664156,-87.60595838074657,APARTMENT,True,True,D-14,W-31
CR-2025-002858,2023-05-12 12:38:28,ROBBERY,,41.884857435856674,-87.63372637435332,PARK,False,False,D-13,W-49
CR-2024-002392,2024-03-20 03:03:33,CRIMINAL DAMAGE,TO PROPERTY,42.003504354874394,-87.66141221228307,STREET,False,False,D-06,W-47
CR-2025-000377,2025-10-17 21:11:24,ROBBERY,ARMED ROBBERY,41.863859016667526,-87.59031426902744,ALLEY,False,False,D-09,W-50
CR-2023-001869,2024-04-03 21:23:32,NARCOTICS,SALE/MANUFACTURE,41.940988344751986,-87.6822609422388,RESIDENCE,False,False,D-10,W-31
CR-2023-005832,2023-06-08 23:31:52,BATTERY,SIMPLE BATTERY,41.950428459284794,-87.67037415289724,COMMERCIAL BUILDING,True,True,D-13,W-33
CR-2024-002029,2023-07-02 21:22:25,NARCOTICS,SALE/MANUFACTURE,41.96763974378143,-87.66004023940025,APARTMENT,True,False,D-14,W-35
CR-2024-004555,2024-07-15 08:58:09,CRIMINAL DAMAGE,TO VEHICLE,41.90582163656158,-87.62169973297415,STREET,True,False,D-02,W-03
CR-2025-002654,2025-10-08 09:59:08,MOTOR VEHICLE THEFT,AUTOMOBILE,41.93322058602193,-87.67487481672619,RESIDENCE,True,False,D-13,W-46
CR-2024-004093,2025-05-20 06:21:27,NARCOTICS,POSSESSION OF COCAINE,41.95954817113702,-87.64265567371936,APARTMENT,True,False,D-11,W-02
CR-2025-003875,2023-10-21 00:33:35,ROBBERY,ARMED ROBBERY,41.9488377764233,-87.64896095986032,APARTMENT,False,False,D-02,W-27
CR-2023-005292,2024-07-14 22:27:42,BURGLARY,COMMERCIAL,41.75784753275696,-87.66068191720932,COMMERCIAL BUILDING,False,False,D-11,W-28
CR-2024-004285,2024-11-11 05:38:59,BURGLARY,FORCIBLE ENTRY,41.9339908985865,-87.64707284737696,PARK,False,False,D-02,W-25
CR-2024-000964,2023-04-22 17:02:56,THEFT,FROM BUILDING,41.80642399087496,-87.58004131364449,PARK,False,False,D-15,W-30
CR-2025-000257,2025-07-04 02:18:29,ASSAULT,SIMPLE ASSAULT,41.93686457338863,-87.64019217548348,PARKING LOT,False,False,D-07,W-05
CR-2025-004535,2023-12-23 19:51:05,MOTOR VEHICLE THEFT,TRUCK,41.96685955130281,-87.66571261213124,ALLEY,False,False,D-14,W-08
CR-2025-001682,2023-04-23 10:59:11,NARCOTICS,POSSESSION OF HEROIN,41.86746468563555,-87.60050111293711,ALLEY,False,False,D-02,W-43
CR-2025-002417,2025-10-31 18:29:40,MOTOR VEHICLE THEFT,AUTOMOBILE,41.91017366216675,-87.65344041506941,PARKING LOT,False,False,D-10,W-24
CR-2023-005616,2024-10-24 15:48:44,MOTOR VEHICLE THEFT,MOTORCYCLE,41.88406714465657,-87.72949199959864,SIDEWALK,False,True,D-03,W-46
CR-2025-004247,2024-05-08 16:48:35,THEFT,RETAIL THEFT,41.75421192593932,-87.6104670045773,PARKING LOT,False,False,D-05,W-07
CR-2025-002633,2025-04-28 09:16:05,ASSAULT,SIMPLE ASSAULT,41.89448160175974,-87.63801857956311,STREET,False,True,D-04,W-05
CR-2023-002763,2025-09-17 00:48:58,ROBBERY,ARMED ROBBERY,41.806865808353855,-87.62867391564058,RESIDENCE,True,False,D-14,W-50
CR-2024-004846,2024-05-26 22:22:35,NARCOTICS,SALE/MANUFACTURE,41.91605554502963,-87.6332183883815,APARTMENT,True,False,D-14,W-24
CR-2024-004009,2024-03-28 05:29:25,MOTOR VEHICLE THEFT,AUTOMOBILE,41.831924839146126,-87.60455381088364,STREET,False,False,D-02,W-33
CR-2023-000000,2024-05-16 07:06:43,BATTERY,DOMESTIC BATTERY,41.958334283060225,-87.65806528602342,STREET,True,True,D-10,W-02
CR-2023-002079,2024-08-17 04:06:29,ROBBERY,STRONGARM ROBBERY,41.76265432786256,-87.62689579424536,SIDEWALK,False,False,D-08,W-42
CR-2025-000896,2024-06-29 22:35:56,ROBBERY,STRONGARM ROBBERY,41.87569800806651,-87.61972989885325,APARTMENT,False,False,D-10,W-29
CR-2023-000438,2024-07-05 01:35:26,BATTERY,AGGRAVATED BATTERY,41.87033583051446,-87.62644318072542,APARTMENT,False,True,D-09,W-38
CR-2024-000949,2024-08-11 08:12:19,BATTERY,DOMESTIC BATTERY,41.79292298619853,-87.63638700795073,ALLEY,False,True,D-08,W-39
CR-2024-001927,2023-05-20 18:36:00,BATTERY,DOMESTIC BATTERY,41.9410898812603,-87.65832598440464,STREET,False,False,D-08,W-45
CR-2025-001991,2024-11-13 20:33:01,ROBBERY,ARMED ROBBERY,41.93733702122122,-87.74712289259831,PARK,False,False,D-12,W-43
CR-2023-000063,2023-02-22 04:50:50,CRIMINAL DAMAGE,GRAFFITI,41.863241955123044,-87.63829446594404,RESIDENCE,False,False,D-07,W-34
CR-2025-005279,2023-10-21 18:02:16,MOTOR VEHICLE THEFT,AUTOMOBILE,41.87656027139825,-87.609345890572,PARK,False,False,D-11,W-28
CR-2025-003341,2025-09-08 23:49:17,ROBBERY,ARMED ROBBERY,41.7967793597532,-87.63027796732538,PARK,False,False,D-13,W-30
CR-2023-004017,2023-12-07 16:28:00,NARCOTICS,SALE/MANUFACTURE,41.77073465548347,-87.57936549011849,PARK,True,False,D-01,W-35
CR-2024-000625,2024-07-04 21:41:51,THEFT,,41.88306320348322,-87.61729706557587,PARKING LOT,False,False,D-08,W-30
CR-2023-002016,2024-12-15 18:14:09,BURGLARY,RESIDENTIAL,41.86083269395171,-87.67238617989229,COMMERCIAL BUILDING,False,True,D-09,W-47
CR-2023-002499,2025-08-30 20:44:10,MOTOR VEHICLE THEFT,MOTORCYCLE,41.79910090473505,-87.65020163995077,ALLEY,False,False,D-15,W-14
CR-2025-004541,2025-06-09 13:14:39,NARCOTICS,POSSESSION OF COCAINE,41.87597506052192,-87.62526515649478,APARTMENT,False,False,D-10,W-22
CR-2023-000219,2024-08-25 14:43:04,ASSAULT,SIMPLE ASSAULT,41.736315439016124,-87.63038869247242,ALLEY,False,False,D-09,W-17
CR-2023-004923,2024-05-19 02:54:26,MOTOR VEHICLE THEFT,TRUCK,41.78561033184236,-87.62272622448221,PARK,False,False,D-08,W-37
CR-2023-002274,2023-07-28 20:42:56,BATTERY,DOMESTIC BATTERY,41.88425825127992,-87.63326604216186,COMMERCIAL BUILDING,True,False,D-01,W-11
CR-2023-005157,2025-10-27 14:26:37,OTHER OFFENSE,DUPLICATE ID TEST RECORD,41.762556449254824,-87.60611492573788,SIDEWALK,False,False,D-04,W-38
CR-2025-005786,2025-06-20 23:50:35,BURGLARY,,41.87180229506254,-87.62947430472273,SIDEWALK,False,False,D-15,W-31
CR-2025-000794,2024-11-09 22:08:20,CRIMINAL DAMAGE,GRAFFITI,41.93184819558702,-87.65357712233907,APARTMENT,False,False,D-10,W-31
CR-2023-003654,2023-09-21 02:34:27,THEFT,RETAIL THEFT,41.92739626925277,-87.6747459648947,PARK,False,False,D-11,W-33
CR-2023-000399,2024-08-02 23:26:11,NARCOTICS,POSSESSION OF HEROIN,41.878524775641964,-87.62935365790757,SIDEWALK,True,False,D-04,W-24
CR-2025-005183,2025-08-29 21:56:15,THEFT,FROM BUILDING,41.753508419228005,-87.6155447098627,STREET,False,False,D-05,W-03
CR-2025-005915,2025-07-31 23:50:32,THEFT,GRAND THEFT,41.86984199047699,-87.63905095164935,SIDEWALK,False,False,D-10,W-39
CR-2024-005800,2024-06-27 12:04:13,ASSAULT,SIMPLE ASSAULT,41.85026100069218,-87.6225056904289,RESIDENCE,False,False,D-09,W-06
CR-2023-002322,2024-06-22 08:20:45,MOTOR VEHICLE THEFT,MOTORCYCLE,41.79483311707558,-87.58859249893196,ALLEY,False,False,D-05,W-12
CR-2025-003611,2023-02-04 01:19:00,NARCOTICS,POSSESSION OF COCAINE,41.87692566416029,-87.67078173967425,RESIDENCE,True,False,D-14,W-24
CR-2023-002667,2024-12-29 21:45:51,THEFT,RETAIL THEFT,41.93296518370806,-87.66525923693635,PARK,False,False,D-01,W-03
CR-2024-001825,2025-02-20 13:19:37,THEFT,GRAND THEFT,41.956561056936735,-87.64428404855452,SIDEWALK,False,False,D-12,W-38
CR-2024-003286,2024-07-26 16:51:50,ROBBERY,STRONGARM ROBBERY,41.832475176364625,-87.64074411160843,ALLEY,False,False,D-06,W-36
CR-2023-004146,2024-10-09 03:21:56,ASSAULT,AGGRAVATED ASSAULT,41.79902333476831,-87.57423957497029,COMMERCIAL BUILDING,False,False,D-04,W-07
CR-2024-004738,2024-08-19 15:23:53,CRIMINAL DAMAGE,TO PROPERTY,41.885490304521,-87.69826567664091,STREET,False,False,D-13,W-30
CR-2024-001453,2025-04-26 20:18:43,CRIMINAL DAMAGE,TO VEHICLE,41.87185708392673,-87.6467510400856,APARTMENT,True,False,D-08,W-45
CR-2025-000743,2023-07-27 23:25:20,MOTOR VEHICLE THEFT,MOTORCYCLE,41.85682451400601,-87.65621213217972,COMMERCIAL BUILDING,False,False,D-08,W-23
CR-2025-003737,2025-06-10 17:10:29,NARCOTICS,POSSESSION OF HEROIN,41.876669883632054,-87.60384517277714,RESIDENCE,False,False,D-08,W-08
CR-2023-000396,2023-10-06 00:40:19,ROBBERY,ARMED ROBBERY,41.882173682557934,-87.6489512286373,APARTMENT,False,False,D-14,W-42
CR-2023-002220,2024-01-09 16:50:26,BATTERY,DOMESTIC BATTERY,41.85617515974541,-87.72288324501454,STREET,True,True,D-07,W-26
CR-2023-003135,2023-07-30 18:09:29,BATTERY,AGGRAVATED BATTERY,41.941153048849074,-87.64046355411219,APARTMENT,False,False,D-04,W-23
CR-2023-005355,2025-04-30 06:58:04,CRIMINAL DAMAGE,TO PROPERTY,41.8957214270035,-87.59805981914754,ALLEY,False,True,D-02,W-28
CR-2024-004906,2023-01-20 21:17:13,ROBBERY,STRONGARM ROBBERY,41.788530316306485,-87.60098285733945,APARTMENT,False,False,D-01,W-35
CR-2023-001449,2024-05-13 13:07:21,MOTOR VEHICLE THEFT,MOTORCYCLE,41.94265104961199,-87.64955342191193,ALLEY,False,False,D-12,W-45
CR-2023-001218,2024-03-30 18:34:54,BURGLARY,FORCIBLE ENTRY,41.87612791106493,-87.61740929242838,STREET,True,False,D-12,W-28
CR-2025-003755,2025-06-26 01:06:52,MOTOR VEHICLE THEFT,AUTOMOBILE,41.904272921099356,-87.59372743686619,ALLEY,False,False,D-04,W-15
CR-2024-001369,2025-11-29 04:54:08,BURGLARY,RESIDENTIAL,41.901412406310726,-87.61699036035172,PARKING LOT,False,False,D-03,W-12
CR-2023-004377,2024-08-16 10:17:03,BATTERY,DOMESTIC BATTERY,41.868258541459916,-87.61076116492153,SIDEWALK,False,True,D-15,W-35
CR-2024-005755,2024-03-11 02:50:21,NARCOTICS,SALE/MANUFACTURE,41.80411039924857,-87.62664825397022,COMMERCIAL BUILDING,True,False,D-07,W-39
CR-2024-004246,2024-07-29 02:30:17,ASSAULT,SIMPLE ASSAULT,41.87856314709979,-87.73689491558424,ALLEY,False,False,D-10,W-19
CR-2024-002422,2024-11-09 23:13:04,MOTOR VEHICLE THEFT,MOTORCYCLE,41.901594669822046,-87.71734243808464,APARTMENT,True,False,D-11,W-20
CR-2024-002173,2025-06-22 11:58:27,NARCOTICS,SALE/MANUFACTURE,41.87738943946184,-87.65353265145019,STREET,True,False,D-07,W-13
CR-2025-003587,2025-10-10 18:17:18,NARCOTICS,,41.89871916901365,-87.6244047872847,APARTMENT,True,False,D-09,W-47
CR-2024-001567,2025-12-31 21:56:10,ASSAULT,SIMPLE ASSAULT,41.77993314080677,-87.61792494673882,ALLEY,False,True,D-06,W-14
CR-2023-002127,2025-04-18 12:56:15,NARCOTICS,POSSESSION OF COCAINE,41.953076960515794,-87.63459113167166,STREET,False,False,D-15,W-03
CR-2024-003646,2025-02-28 01:25:44,ASSAULT,AGGRAVATED ASSAULT,41.86933351168168,-87.74450858888508,PARKING LOT,False,False,D-02,W-03
CR-2025-003947,2025-08-04 10:08:15,NARCOTICS,POSSESSION OF HEROIN,41.73051425100716,-87.6427289735441,PARK,True,False,D-12,W-19
CR-2024-001990,2024-09-28 01:12:08,CRIMINAL DAMAGE,TO PROPERTY,41.975651257054245,-87.62248770873023,APARTMENT,False,False,D-12,W-14
CR-2025-003080,2025-10-25 20:50:24,ROBBERY,STRONGARM ROBBERY,41.883181678203435,-87.71121256105042,SIDEWALK,False,False,D-06,W-39
CR-2025-003593,2023-01-25 20:32:37,MOTOR VEHICLE THEFT,AUTOMOBILE,41.90709394449919,-87.61286737385339,STREET,False,False,D-10,W-45
CR-2025-002252,2025-10-25 17:40:34,ROBBERY,STRONGARM ROBBERY,41.94411864604544,-87.6477118920479,RESIDENCE,False,False,D-05,W-49
CR-2024-003091,2024-06-09 02:53:22,ROBBERY,STRONGARM ROBBERY,41.85216225665745,-87.60050623926266,RESIDENCE,False,False,D-15,W-22
CR-2024-002224,2024-02-24 21:59:15,BATTERY,DOMESTIC BATTERY,41.885311168696525,-87.60734934388832,PARK,True,False,D-05,W-15
CR-2025-003782,2023-05-13 09:09:15,MOTOR VEHICLE THEFT,TRUCK,41.88713407712651,-87.75787939537729,PARK,False,False,D-01,W-37
CR-2025-000110,2025-03-31 21:08:30,ROBBERY,ARMED ROBBERY,41.91281987850011,-87.65780897788888,COMMERCIAL BUILDING,False,False,D-06,W-20
CR-2023-003543,2024-06-12 00:48:04,NARCOTICS,POSSESSION OF COCAINE,41.95116156816835,-87.69302257407902,RESIDENCE,True,False,D-08,W-25
CR-2025-004169,2025-03-19 01:31:35,BURGLARY,FORCIBLE ENTRY,41.78261951587018,-87.63328140762063,APARTMENT,False,False,D-07,W-07
CR-2024-004051,2023-04-04 06:25:55,BATTERY,SIMPLE BATTERY,41.87089138380197,-87.65792338096071,PARK,True,True,D-07,W-02
CR-2023-003834,2024-08-03 01:44:33,CRIMINAL DAMAGE,TO PROPERTY,41.77879817907196,-87.63003149131626,SIDEWALK,False,False,D-14,W-45
CR-2024-000919,2025-05-06 02:59:02,BURGLARY,RESIDENTIAL,41.94773540018711,-87.65946233714544,COMMERCIAL BUILDING,False,True,D-06,W-41
CR-2023-004218,2025-04-23 16:11:45,NARCOTICS,POSSESSION OF COCAINE,41.95155269116882,-87.65140089815175,APARTMENT,False,True,D-05,W-29
CR-2025-004496,2025-06-05 17:19:02,ROBBERY,ARMED ROBBERY,41.775033757335976,-87.67433233680043,COMMERCIAL BUILDING,False,True,D-15,W-25
CR-2025-004226,2023-06-13 13:15:54,ASSAULT,AGGRAVATED ASSAULT,41.93068572400401,-87.66779669236868,RESIDENCE,False,True,D-15,W-02
CR-2023-004125,2025-08-18 23:26:00,THEFT,PETTY THEFT,41.87195989137172,-87.64564167353781,RESIDENCE,False,False,D-03,W-49
CR-2025-005702,2025-03-15 20:19:17,NARCOTICS,POSSESSION OF HEROIN,41.88744121393033,-87.71662015268535,PARK,True,False,D-02,W-50
CR-2024-002425,2025-09-01 10:04:47,ROBBERY,ARMED ROBBERY,41.71327957359065,-87.56527475728207,APARTMENT,False,False,D-11,W-02
CR-2023-003423,2023-09-08 18:51:53,BURGLARY,RESIDENTIAL,41.7812013784328,-87.61709399116532,APARTMENT,False,False,D-12,W-34
CR-2024-005656,2024-09-11 23:54:57,ROBBERY,ARMED ROBBERY,41.93142190687259,-87.68147368261978,ALLEY,False,False,D-05,W-44
CR-2025-001016,2025-10-20 00:52:10,CRIMINAL DAMAGE,TO VEHICLE,41.957927155387125,-87.64519059681666,STREET,False,False,D-04,W-11
CR-2023-003426,2025-07-24 23:56:29,ROBBERY,ARMED ROBBERY,41.87858214720447,-87.65568656687219,ALLEY,False,False,D-14,W-20
CR-2025-005276,2023-05-27 03:10:17,MOTOR VEHICLE THEFT,MOTORCYCLE,41.74645679060797,-87.66555276137989,ALLEY,False,False,D-04,W-48
CR-2023-002064,2023-12-02 02:06:27,MOTOR VEHICLE THEFT,,41.86707198447856,-87.60495687621915,SIDEWALK,False,False,D-12,W-14
CR-2023-004524,2023-10-06 15:45:24,BATTERY,SIMPLE BATTERY,41.87519988575481,-87.6163480400195,RESIDENCE,False,False,D-15,W-26
CR-2023-003366,2023-11-20 03:44:52,ROBBERY,ARMED ROBBERY,41.88030947000584,-87.64000741071646,ALLEY,False,False,D-08,W-46
CR-2025-004484,2023-08-27 02:44:04,THEFT,RETAIL THEFT,41.88610542872009,-87.6074057106587,PARKING LOT,False,False,D-03,W-49
CR-2025-001235,2024-05-09 17:14:36,THEFT,RETAIL THEFT,41.80572445119415,-87.56990318763452,PARKING LOT,False,False,D-06,W-40
CR-2025-001073,2025-06-18 17:59:59,ROBBERY,STRONGARM ROBBERY,41.91638192043047,-87.6718699404956,STREET,True,False,D-08,W-44
CR-2024-001456,2025-02-11 00:37:01,ROBBERY,STRONGARM ROBBERY,41.867135655864274,-87.61843117225115,RESIDENCE,False,False,D-11,W-13
CR-2024-002704,2025-01-09 13:17:06,ASSAULT,AGGRAVATED ASSAULT,41.87502073970756,-87.61302175083617,STREET,False,False,D-02,W-22
CR-2023-004200,2025-02-26 22:33:46,CRIMINAL DAMAGE,TO VEHICLE,41.78474662752523,-87.59987522793591,RESIDENCE,False,False,D-12,W-07
CR-2024-004573,2024-03-29 22:11:48,ROBBERY,STRONGARM ROBBERY,41.943440915853444,-87.66489936292297,PARK,True,False,D-05,W-37
CR-2025-004787,2023-01-29 15:42:13,NARCOTICS,SALE/MANUFACTURE,41.884175530787836,-87.64248328264532,ALLEY,True,,D-01,W-28
CR-2025-002744,2025-11-07 10:22:38,ASSAULT,AGGRAVATED ASSAULT,41.867428067088746,-87.63556685318466,ALLEY,False,True,D-03,W-49
CR-2025-002114,2025-04-30 06:16:58,ROBBERY,ARMED ROBBERY,41.95393163011182,-87.65512887838351,PARKING LOT,False,False,D-10,W-09
CR-2023-004053,2024-05-08 00:42:41,ASSAULT,AGGRAVATED ASSAULT,41.777941904107564,-87.60853085072878,STREET,False,False,D-03,W-09
CR-2023-000024,2024-09-14 09:50:37,ROBBERY,STRONGARM ROBBERY,41.955272365791366,-87.69056080310725,APARTMENT,False,False,D-13,W-48
CR-2024-000709,2025-10-12 05:48:27,BURGLARY,RESIDENTIAL,41.90811243167543,-87.71775895638679,PARK,False,False,D-14,W-12
CR-2025-000797,2023-10-23 09:41:41,NARCOTICS,POSSESSION OF HEROIN,41.84265601346688,-87.64494596057065,RESIDENCE,True,False,D-03,W-39
CR-2024-004726,2023-07-10 12:30:59,THEFT,PETTY THEFT,41.93588453912536,-87.65070151309163,ALLEY,True,False,D-04,W-23
CR-2023-000039,2024-06-01 15:04:25,MOTOR VEHICLE THEFT,AUTOMOBILE,41.95023521553071,-87.69505137829202,STREET,False,False,D-05,W-06
CR-2023-003288,2025-07-09 23:43:13,MOTOR VEHICLE THEFT,AUTOMOBILE,41.93623012192538,-87.67545735826444,COMMERCIAL BUILDING,False,False,D-01,W-30
CR-2024-005605,2024-03-11 10:09:52,THEFT,FROM BUILDING,41.803788167291856,-87.63103639969445,RESIDENCE,False,False,D-05,W-13
CR-2025-002684,2023-08-28 06:54:25,BURGLARY,COMMERCIAL,41.87076670821435,-87.60596589507334,APARTMENT,False,False,D-03,W-23
CR-2023-002865,2024-07-26 11:47:53,THEFT,FROM BUILDING,41.94550242876104,-87.65443918258299,COMMERCIAL BUILDING,False,False,D-12,W-28
CR-2023-003729,2024-07-16 01:33:33,ROBBERY,STRONGARM ROBBERY,41.9360644927696,-87.68225991568734,ALLEY,True,False,D-02,W-32
CR-2025-004703,2023-09-28 10:26:05,NARCOTICS,POSSESSION OF HEROIN,41.924440840753185,-87.66383142505661,APARTMENT,True,False,D-15,W-18
CR-2023-000876,2023-07-25 11:16:49,ROBBERY,STRONGARM ROBBERY,41.762548107921816,-87.67476582242142,RESIDENCE,False,False,D-02,W-15
CR-2024-000373,2024-04-11 13:20:07,MOTOR VEHICLE THEFT,AUTOMOBILE,41.95213533528954,-87.67040765864706,PARK,False,False,D-09,W-47
CR-2024-005323,2023-05-14 02:34:58,ASSAULT,AGGRAVATED ASSAULT,41.90755329250316,-87.62477259150198,PARKING LOT,True,False,D-15,W-42
CR-2025-005987,2025-05-11 20:36:47,BATTERY,,41.935133233529754,-87.6828029878408,COMMERCIAL BUILDING,True,False,D-03,W-35
CR-2024-005521,2023-02-16 05:10:04,PETTY THEFT,GRAND THEFT,41.9439064019674,-87.63379957570977,APARTMENT,False,False,D-07,W-13
CR-2023-000162,2024-07-11 16:45:36,BATTERY,AGGRAVATED BATTERY,41.92827965237001,-87.67958377225575,PARKING LOT,True,False,D-03,W-24
CR-2024-005086,2023-12-01 05:16:08,BATTERY,SIMPLE BATTERY,41.89212047913092,-87.72048457349638,RESIDENCE,False,True,D-05,W-01
CR-2024-001711,2023-08-05 23:15:46,MOTOR VEHICLE THEFT,MOTORCYCLE,41.789546091465745,-87.6185448561028,RESIDENCE,False,False,D-15,W-22
CR-2024-001156,2023-03-01 22:03:34,ROBBERY,STRONGARM ROBBERY,41.881551061387874,-87.62233385366363,STREET,False,False,D-15,W-44
CR-2023-005703,2024-12-19 15:57:07,THEFT,PETTY THEFT,41.86654073074812,-87.60699039855974,APARTMENT,False,False,D-07,W-27
CR-2023-003663,2025-09-08 20:06:03,BURGLARY,RESIDENTIAL,41.8083563211887,-87.61879660218055,STREET,False,False,D-13,W-30
CR-2025-003113,2024-08-24 12:32:57,ROBBERY,ARMED ROBBERY,41.854931673891834,-87.71981028207304,STREET,False,False,D-06,W-06
CR-2023-003294,2024-07-01 22:35:56,ROBBERY,ARMED ROBBERY,41.864759784329564,-87.72205474343541,PARK,False,False,D-02,W-06
CR-2023-005802,2023-09-20 23:34:17,BURGLARY,RESIDENTIAL,41.93751451134151,-87.6768548786986,PARKING LOT,False,False,D-05,W-07
CR-2023-004563,2024-01-03 04:57:41,ASSAULT,AGGRAVATED ASSAULT,41.89087702250287,-87.74155925077788,PARK,False,False,D-08,W-14
CR-2024-005245,2023-12-31 16:36:20,MOTOR VEHICLE THEFT,AUTOMOBILE,41.92823786986479,-87.65360054074728,COMMERCIAL BUILDING,False,False,D-08,W-50
CR-2024-005905,2023-03-15 16:13:40,ROBBERY,ARMED ROBBERY,41.86595396798916,-87.64856841873066,RESIDENCE,False,False,D-14,W-01
CR-2023-000987,2023-10-13 00:03:32,MOTOR VEHICLE THEFT,MOTORCYCLE,41.778432281088854,-87.63871296132723,ALLEY,True,False,D-03,W-43
CR-2025-004322,2025-07-23 09:53:32,ROBBERY,STRONGARM ROBBERY,41.95344389708468,-87.69470617162702,RESIDENCE,False,False,D-15,W-17
CR-2025-003851,2025-11-15 12:44:45,MOTOR VEHICLE THEFT,TRUCK,41.76247411907457,-87.60413604410647,PARKING LOT,False,False,D-06,W-22
CR-2025-001868,2025-03-03 14:02:37,NARCOTICS,POSSESSION OF HEROIN,41.871232274207266,-87.6321904334822,RESIDENCE,False,False,D-07,W-20
CR-2023-003084,2024-03-22 01:34:13,MOTOR VEHICLE THEFT,MOTORCYCLE,41.87567067774588,-87.62322380950755,ALLEY,False,False,D-13,W-47
CR-2025-000824,2025-05-14 02:16:56,ROBBERY,STRONGARM ROBBERY,41.97214772103129,-87.60350872715962,APARTMENT,False,False,D-02,W-02
CR-2025-002456,2025-03-02 03:03:28,BATTERY,DOMESTIC BATTERY,41.79957788571414,-87.62505064219371,COMMERCIAL BUILDING,True,False,D-10,W-38
CR-2023-002712,2023-05-03 21:57:09,BATTERY,DOMESTIC BATTERY,41.87740327209434,-87.71509394151983,RESIDENCE,True,False,D-11,W-42
CR-2024-001660,2023-01-31 04:16:44,ASSAULT,AGGRAVATED ASSAULT,41.95232262918048,-87.67338136579471,COMMERCIAL BUILDING,False,True,D-14,W-30
CR-2024-004813,2023-11-23 15:02:42,CRIMINAL DAMAGE,TO PROPERTY,41.952099251746844,-87.60726832677939,PARK,False,False,D-15,W-36
CR-2023-004740,2024-08-16 03:14:07,ASSAULT,SIMPLE ASSAULT,41.79349592703848,-87.63988120492513,SIDEWALK,False,False,D-15,W-47
CR-2024-003373,2024-07-17 05:08:42,BATTERY,SIMPLE BATTERY,41.755034547451245,-87.61604452623887,PARKING LOT,True,True,D-11,W-33
CR-2025-004685,2023-05-25 04:42:06,BATTERY,SIMPLE BATTERY,41.74125418986674,-87.63024775582603,RESIDENCE,False,True,D-12,W-04
CR-2025-000080,2023-10-11 08:30:55,ROBBERY,ARMED ROBBERY,41.75453295824432,-87.60932288490645,ALLEY,False,False,D-05,W-29
CR-2025-003899,2025-08-09 00:13:47,MOTOR VEHICLE THEFT,MOTORCYCLE,41.78250775048588,-87.67484264419075,APARTMENT,False,False,D-04,W-11
CR-2025-004700,2024-02-01 02:45:49,CRIMINAL DAMAGE,TO PROPERTY,41.88882854875837,-87.63570026687235,APARTMENT,False,False,D-15,W-20
CR-2023-000960,2023-06-04 20:35:35,ASSAULT,SIMPLE ASSAULT,41.7294175047406,-87.61030224359706,PARKING LOT,False,False,D-04,W-37
CR-2023-005559,2025-04-30 02:00:55,NARCOTICS,POSSESSION OF COCAINE,,,PARK,True,False,D-11,W-24
CR-2023-001479,2024-04-02 16:45:43,ROBBERY,STRONGARM ROBBERY,41.89513430220775,-87.64639440268618,ALLEY,False,False,D-01,W-39
CR-2023-005145,2024-06-15 21:31:39,NARCOTICS,POSSESSION OF HEROIN,41.92842859227035,-87.68313966573594,STREET,True,False,D-14,W-06
CR-2024-003898,2023-06-18 00:07:07,BURGLARY,RESIDENTIAL,41.8564712044554,-87.732656873002,COMMERCIAL BUILDING,False,False,D-09,W-12
CR-2025-002126,2024-11-02 21:59:36,THEFT,GRAND THEFT,41.952590684605255,-87.67713250344318,SIDEWALK,False,False,D-11,W-48
CR-2025-002840,2023-05-26 02:53:12,THEFT,GRAND THEFT,41.86347868133302,-87.73305279276443,PARK,True,False,D-09,W-17
CR-2023-003156,2024-03-07 23:28:15,BURGLARY,FORCIBLE ENTRY,41.9236082397495,-87.6431431932253,PARKING LOT,False,False,D-07,W-33
CR-2023-003516,2024-02-14 12:18:17,BATTERY,AGGRAVATED BATTERY,41.958418346581716,-87.67494648544553,ALLEY,True,True,D-05,W-35
CR-2024-003349,2025-10-16 01:13:34,CRIMINAL DAMAGE,TO VEHICLE,41.75065375356954,-87.64959592174104,RESIDENCE,False,False,D-12,W-34
CR-2023-005985,2023-09-29 01:35:28,THEFT,GRAND THEFT,41.95365283975743,-87.68430032712335,COMMERCIAL BUILDING,False,False,D-07,W-27
CR-2025-004514,2023-03-03 01:32:42,NARCOTICS,SALE/MANUFACTURE,41.88252837137518,-87.63999167477377,STREET,False,False,D-14,W-32
CR-2025-000929,2025-06-08 10:51:54,ASSAULT,AGGRAVATED ASSAULT,41.9541738725856,-87.65009356322457,PARKING LOT,False,True,D-11,W-18
CR-2024-004465,2024-06-17 09:04:45,PETTY THEFT,SIMPLE BATTERY,41.941073166457244,-87.651764757935,STREET,True,False,D-06,W-14
CR-2024-002890,2023-08-21 15:46:58,ASSAULT,SIMPLE ASSAULT,41.859611895331696,-87.64006737595919,STREET,False,False,D-15,W-28
CR-2024-005977,2023-12-29 19:30:06,NARCOTICS,POSSESSION OF HEROIN,41.75811780261295,-87.6412737237433,ALLEY,True,False,D-05,W-07
CR-2023-003564,2024-12-17 23:19:26,ASSAULT,AGGRAVATED ASSAULT,41.88100172862488,-87.6101520224585,SIDEWALK,False,False,D-11,W-19
CR-2025-003032,2023-11-13 05:07:28,ROBBERY,ARMED ROBBERY,41.7834017759424,-87.63582333300565,APARTMENT,False,True,D-04,W-30
CR-2025-005450,2025-02-18 03:15:37,BATTERY,DOMESTIC BATTERY,41.86420230117831,-87.63780315438736,PARKING LOT,True,False,D-12,W-19
CR-2025-000533,2023-09-01 05:34:15,BURGLARY,RESIDENTIAL,41.92250637048558,-87.63208346425243,SIDEWALK,False,False,D-13,W-04
CR-2023-004179,2024-04-10 07:33:27,CRIMINAL DAMAGE,GRAFFITI,41.87044278265106,-87.73756865081323,SIDEWALK,False,False,D-06,W-45
CR-2024-005845,2023-07-21 18:47:35,PETTY THEFT,SIMPLE BATTERY,41.764606604431265,-87.58493817087826,APARTMENT,True,False,D-02,W-12
CR-2023-002208,2023-10-01 23:48:36,BURGLARY,COMMERCIAL,41.95364133618173,-87.69429123435508,PARKING LOT,False,False,D-15,W-42
CR-2025-005678,2023-04-01 20:37:55,BATTERY,DOMESTIC BATTERY,41.78023460681197,-87.61329742575417,RESIDENCE,True,True,D-14,W-04
CR-2023-005289,2024-06-10 17:20:51,NARCOTICS,POSSESSION OF COCAINE,41.8839297086905,-87.63382932435907,SIDEWALK,False,False,D-07,W-40
CR-2024-002275,2024-05-26 13:03:55,BATTERY,DOMESTIC BATTERY,41.898997718869026,-87.61720976328652,PARKING LOT,False,True,D-06,W-18
CR-2025-001601,2025-11-19 00:53:59,CRIMINAL DAMAGE,TO VEHICLE,41.78445724639502,-87.59702835466717,PARKING LOT,False,False,D-14,W-20
CR-2024-005935,2023-03-14 16:59:23,CRIMINAL DAMAGE,TO PROPERTY,41.91076145328922,-87.7303919062662,APARTMENT,True,False,D-08,W-11
CR-2025-003578,2024-11-02 22:09:05,CRIMINAL DAMAGE,TO VEHICLE,41.971754838510556,-87.67080089926033,APARTMENT,True,False,D-01,W-16
CR-2025-002459,2024-09-06 02:20:10,THEFT,RETAIL THEFT,41.81267785224967,-87.59668136776205,ALLEY,True,False,D-08,W-07
CR-2025-003530,2024-09-28 16:40:11,NARCOTICS,POSSESSION OF COCAINE,41.90114091772565,-87.62083693441159,SIDEWALK,True,False,D-03,W-30
CR-2024-001180,2024-01-16 03:52:16,ROBBERY,STRONGARM ROBBERY,41.75316571229545,-87.66281675714609,ALLEY,False,False,D-03,W-36
CR-2023-004758,2025-12-06 01:48:39,CRIMINAL DAMAGE,GRAFFITI,41.82509667489255,-87.59923675890707,PARK,False,False,D-05,W-08
CR-2024-002167,2024-07-30 09:58:59,CRIMINAL DAMAGE,TO PROPERTY,41.957860765643204,-87.6682114414407,PARKING LOT,False,False,D-10,W-18
CR-2023-005634,2024-06-29 09:26:32,CRIMINAL DAMAGE,TO VEHICLE,41.89451843681921,-87.61125265731724,COMMERCIAL BUILDING,False,False,D-04,W-34
CR-2025-001085,2023-05-18 11:46:17,BATTERY,SIMPLE BATTERY,41.96814669033178,-87.65681902047285,PARKING LOT,True,True,D-10,W-43
CR-2024-002719,2025-10-19 10:49:22,ASSAULT,SIMPLE ASSAULT,41.88322737820933,-87.63070056312533,ALLEY,True,False,D-14,W-31
CR-2023-003723,2024-10-12 01:05:15,MOTOR VEHICLE THEFT,MOTORCYCLE,41.88974342757086,-87.63705900167427,SIDEWALK,False,False,D-06,W-25
CR-2023-004092,2025-10-30 15:54:00,BURGLARY,FORCIBLE ENTRY,41.8789084602055,-87.64969393242924,PARK,True,False,D-07,W-46
CR-2023-001299,2023-04-07 10:25:15,ASSAULT,SIMPLE ASSAULT,41.896101184346406,-87.6371785367126,COMMERCIAL BUILDING,True,False,D-13,W-44
CR-2024-005680,2024-05-10 22:34:05,ROBBERY,STRONGARM ROBBERY,41.89804301365956,-87.63864135117231,PARK,False,False,D-02,W-46
CR-2025-000488,2024-02-10 15:07:28,CRIMINAL DAMAGE,TO VEHICLE,41.87131540521127,-87.66615818989943,RESIDENCE,False,False,D-15,W-27
CR-2025-002024,2024-12-01 20:27:19,ROBBERY,STRONGARM ROBBERY,41.87872182972624,-87.7198204730999,ALLEY,False,False,D-10,W-40
CR-2025-001517,2023-12-27 22:30:40,CRIMINAL DAMAGE,TO PROPERTY,41.78037460553974,-87.61782818747994,ALLEY,False,False,D-02,W-14
CR-2025-004325,2023-11-28 13:23:05,ROBBERY,STRONGARM ROBBERY,41.861769598842855,-87.62137791055261,RESIDENCE,False,False,D-11,W-33
CR-2024-001192,2024-10-25 07:26:01,MOTOR VEHICLE THEFT,TRUCK,41.878591954931174,-87.6411774300205,SIDEWALK,False,False,D-05,W-26
CR-2025-001160,2025-03-12 16:11:46,CRIMINAL DAMAGE,GRAFFITI,41.8846925184593,-87.61811595244733,PARKING LOT,False,False,D-02,W-50
CR-2024-003427,2023-05-20 07:45:29,BURGLARY,COMMERCIAL,41.94884678478637,-87.62142905733172,PARKING LOT,False,False,D-10,W-23
CR-2025-003068,2024-10-23 14:30:55,MOTOR VEHICLE THEFT,AUTOMOBILE,41.89444857438637,-87.63836775961127,PARK,False,False,D-07,W-24
CR-2025-005891,not-a-valid-date-string,CRIMINAL DAMAGE,GRAFFITI,41.73299986791608,-87.64002941726984,STREET,False,False,D-12,W-43
CR-2023-002775,2024-08-26 02:07:27,THEFT,RETAIL THEFT,41.754580887081,-87.61883444914444,SIDEWALK,False,False,D-13,W-38
CR-2023-001230,2023-12-26 20:06:06,BATTERY,AGGRAVATED BATTERY,41.780798881697905,-87.61043293954101,PARK,True,True,D-08,W-07
CR-2024-005764,2024-08-30 13:11:04,ASSAULT,SIMPLE ASSAULT,41.79380203735331,-87.65275261422865,APARTMENT,False,False,D-01,W-46
CR-2023-002850,2025-07-08 13:24:02,ASSAULT,AGGRAVATED ASSAULT,41.88014110568547,-87.73080885852846,SIDEWALK,False,False,D-15,W-41
CR-2023-002922,2025-11-22 02:56:02,MOTOR VEHICLE THEFT,TRUCK,41.796924923822644,-87.64262965611816,STREET,True,False,D-13,W-40
CR-2024-000448,2024-11-15 08:30:15,ROBBERY,ARMED ROBBERY,41.77472204799208,-87.62533215783917,APARTMENT,False,False,D-10,W-29
CR-2024-002941,2024-08-15 15:19:29,CRIMINAL DAMAGE,TO PROPERTY,41.88818440112061,-87.65230714823745,RESIDENCE,False,False,D-13,W-48
CR-2024-000856,2023-11-08 01:11:02,ASSAULT,,41.84149194817175,-87.7116464098113,PARKING LOT,False,False,D-12,W-23
CR-2025-000305,2025-04-27 01:35:51,CRIMINAL DAMAGE,TO VEHICLE,41.96148731312708,-87.6564116934182,SIDEWALK,False,False,D-05,W-33
CR-2023-002943,2025-10-11 09:28:19,MOTOR VEHICLE THEFT,TRUCK,41.867039301447534,-87.64231277273099,PARK,False,False,D-10,W-41
CR-2023-000660,2023-07-30 23:11:16,BATTERY,SIMPLE BATTERY,41.780316248122425,-87.61575768114109,COMMERCIAL BUILDING,True,False,D-10,W-39
CR-2025-003485,2024-07-13 05:56:29,NARCOTICS,SALE/MANUFACTURE,41.86210951742559,-87.63057313312912,STREET,False,False,D-10,W-35
CR-2023-003483,2023-07-10 14:35:24,BURGLARY,RESIDENTIAL,41.86942310406686,-87.6309624144984,APARTMENT,False,False,D-08,W-06
CR-2023-002754,2023-07-11 16:58:57,ASSAULT,SIMPLE ASSAULT,41.94385787984438,-87.65813515108054,APARTMENT,False,True,D-12,W-06
CR-2025-002003,2023-09-30 22:13:38,NARCOTICS,SALE/MANUFACTURE,41.89431216736794,-87.66789769104727,ALLEY,False,False,D-01,W-01
CR-2025-002657,2025-12-07 20:50:26,ROBBERY,STRONGARM ROBBERY,41.93526621308745,-87.66050618082542,ALLEY,False,False,D-07,W-35
CR-2024-000940,2024-04-19 17:07:54,ASSAULT,AGGRAVATED ASSAULT,41.967697032661945,-87.62298834352903,PARKING LOT,False,False,D-12,W-02
CR-2023-004551,2024-06-26 19:40:35,ASSAULT,AGGRAVATED ASSAULT,41.79722948293556,-87.59454643298757,SIDEWALK,False,False,D-05,W-50
CR-2025-002672,2025-06-02 10:14:58,NARCOTICS,POSSESSION OF COCAINE,41.87315766049673,-87.60467710490629,RESIDENCE,True,False,D-06,W-44
CR-2023-005955,2025-11-07 02:34:04,MOTOR VEHICLE THEFT,AUTOMOBILE,41.78524208885745,-87.66186872150776,ALLEY,False,False,D-14,W-05
CR-2023-005304,2023-11-27 08:42:28,BATTERY,DOMESTIC BATTERY,41.89511959549732,-87.63987875965698,APARTMENT,True,False,D-08,W-24
CR-2024-003589,2023-08-07 08:15:53,BURGLARY,FORCIBLE ENTRY,41.76853423727965,-87.64710756335519,PARKING LOT,False,False,D-07,W-30
CR-2025-004187,2023-12-07 23:28:06,CRIMINAL DAMAGE,GRAFFITI,41.87533566497251,-87.63288759789883,PARKING LOT,False,False,D-11,W-29
CR-2025-005834,2023-08-27 21:58:42,CRIMINAL DAMAGE,TO VEHICLE,41.77646015274614,-87.67108455332608,SIDEWALK,False,False,D-05,W-25
CR-2024-000409,2023-04-08 17:02:32,BATTERY,DOMESTIC BATTERY,41.95004567978551,-87.63399039249869,ALLEY,True,False,D-14,W-17
CR-2025-001790,2025-06-01 23:45:17,BATTERY,AGGRAVATED BATTERY,41.90997157104526,-87.60982991407018,ALLEY,True,False,D-02,W-30
CR-2025-002111,2023-03-29 21:26:06,CRIMINAL DAMAGE,GRAFFITI,41.878016595595284,-87.61212230965303,PARK,False,False,D-11,W-48
CR-2025-005297,2025-11-15 14:49:25,THEFT,RETAIL THEFT,41.883141131187585,-87.6222983075557,PARK,False,True,D-10,W-29
CR-2024-003922,2025-10-28 02:33:34,THEFT,FROM BUILDING,41.909273353728494,-87.70052621093734,PARKING LOT,True,False,D-08,W-18
CR-2024-004012,2023-11-07 00:10:53,BATTERY,SIMPLE BATTERY,41.824106736007785,-87.7293658123985,PARK,True,False,D-13,W-30
CR-2023-003363,2023-09-11 14:13:17,THEFT,RETAIL THEFT,41.93224817319803,-87.65976945010473,PARK,False,False,D-04,W-50
CR-2023-001326,2025-02-26 22:46:12,BURGLARY,FORCIBLE ENTRY,41.95861584177055,-87.63468838828751,COMMERCIAL BUILDING,False,False,D-10,W-39
CR-2025-001232,2024-01-02 05:11:47,NARCOTICS,SALE/MANUFACTURE,41.800628901609734,-87.60681772906834,STREET,True,False,D-05,W-12
CR-2023-002370,2023-12-11 22:41:25,CRIMINAL DAMAGE,TO PROPERTY,41.88588306770661,-87.6223629246846,PARKING LOT,False,False,D-15,W-40
CR-2023-003558,2024-07-25 18:18:34,BATTERY,DOMESTIC BATTERY,41.90439792203099,-87.63527728919797,PARK,True,False,D-14,W-46
CR-2024-005062,2023-06-10 19:00:47,BATTERY,SIMPLE BATTERY,41.87390580920143,-87.63170799075974,SIDEWALK,False,False,D-14,W-47
CR-2023-005265,2023-06-08 02:44:10,BURGLARY,FORCIBLE ENTRY,41.901211285647754,-87.63769723532192,ALLEY,False,False,D-07,W-31
CR-2025-002549,2023-10-15 06:19:24,BURGLARY,COMMERCIAL,41.933062719239906,-87.65393855461502,STREET,False,False,D-01,W-28
CR-2025-000905,2024-04-27 13:17:32,CRIMINAL DAMAGE,TO PROPERTY,41.87085408422475,-87.62759810482022,STREET,False,False,D-13,W-37
CR-2025-005897,2025-02-17 03:48:55,THEFT,FROM BUILDING,41.90441267088604,-87.73683015248484,SIDEWALK,True,False,D-05,W-14
CR-2025-004616,2024-09-14 01:32:08,MOTOR VEHICLE THEFT,AUTOMOBILE,41.87913359199682,-87.6317890611736,PARKING LOT,False,False,D-09,W-25
CR-2025-003869,2023-11-06 10:30:30,BURGLARY,RESIDENTIAL,41.881250124620344,-87.62057254023583,COMMERCIAL BUILDING,False,False,D-05,W-36
CR-2024-000913,2025-10-22 16:17:21,ASSAULT,AGGRAVATED ASSAULT,41.926592018451146,-87.62708135240507,STREET,False,True,D-05,W-44
CR-2025-000647,2024-02-27 20:39:39,ROBBERY,ARMED ROBBERY,41.95003658717095,-87.65727779306383,STREET,False,True,D-07,W-06
CR-2023-000642,2024-03-26 21:30:09,MOTOR VEHICLE THEFT,AUTOMOBILE,41.7592502634873,-87.66228082383896,SIDEWALK,True,False,D-02,W-34
CR-2023-005349,2024-07-02 15:58:51,NARCOTICS,SALE/MANUFACTURE,41.958824315823776,-87.69698663242686,SIDEWALK,False,False,D-09,W-08
CR-2024-002056,2024-07-07 14:49:43,CRIMINAL DAMAGE,TO PROPERTY,41.97957578368994,-87.68590922819486,COMMERCIAL BUILDING,False,False,D-06,W-07
CR-2023-001353,2024-08-10 03:48:19,BURGLARY,FORCIBLE ENTRY,41.95129775666194,-87.6548219391343,STREET,False,False,D-09,W-14
CR-2023-001569,2025-08-30 10:14:22,CRIMINAL DAMAGE,TO VEHICLE,41.88912249418264,-87.73171753963618,PARKING LOT,False,False,D-12,W-22
CR-2024-001492,2024-12-10 01:20:32,NARCOTICS,POSSESSION OF COCAINE,41.73752781409429,-87.653001157382,STREET,True,False,D-05,W-01
CR-2025-001088,2025-05-10 11:40:59,CRIMINAL DAMAGE,GRAFFITI,41.738708474322046,-87.6243814855276,SIDEWALK,False,False,D-11,W-50
CR-2024-002698,2024-08-15 03:40:36,CRIMINAL DAMAGE,TO PROPERTY,41.88169441277359,-87.61880418577802,ALLEY,False,False,D-11,W-50
CR-2023-004986,2025-12-29 23:00:29,ROBBERY,ARMED ROBBERY,41.890779099455635,-87.6207432779567,APARTMENT,False,False,D-12,W-37
CR-2024-002992,2025-09-07 21:30:40,ASSAULT,AGGRAVATED ASSAULT,41.98020807137147,-87.66668296397344,COMMERCIAL BUILDING,False,True,D-13,W-06
CR-2024-001822,2023-03-03 21:27:22,BATTERY,DOMESTIC BATTERY,41.86593498704557,-87.64651069675243,SIDEWALK,True,False,D-10,W-34
CR-2023-002859,2025-01-29 02:38:35,BATTERY,SIMPLE BATTERY,41.88643912177469,-87.65837416681016,SIDEWALK,True,True,D-03,W-30
CR-2025-002876,2025-01-09 22:05:03,NARCOTICS,SALE/MANUFACTURE,41.97621944716003,-87.6824194068972,PARKING LOT,True,False,D-04,W-09
CR-2025-003299,2025-11-26 22:00:30,ASSAULT,SIMPLE ASSAULT,41.851619186194554,-87.60368587770105,RESIDENCE,False,False,D-11,W-32
CR-2024-001783,2025-08-30 12:52:45,MOTOR VEHICLE THEFT,TRUCK,41.88153612032309,-87.61368522980926,RESIDENCE,False,False,D-08,W-10
CR-2024-003742,2024-09-26 16:26:52,BURGLARY,FORCIBLE ENTRY,41.87451932830456,-87.73819357321968,ALLEY,True,False,D-01,W-15
CR-2023-001470,2025-10-12 08:24:34,MOTOR VEHICLE THEFT,AUTOMOBILE,41.893048557658695,-87.63679743068843,SIDEWALK,False,False,D-05,W-22
CR-2025-002363,2024-07-25 23:59:16,ASSAULT,AGGRAVATED ASSAULT,41.95261201678595,-87.6650695216022,STREET,False,True,D-06,W-03
CR-2025-000182,2024-11-18 14:13:15,BATTERY,AGGRAVATED BATTERY,41.88845215987567,-87.6358183070783,ALLEY,True,True,D-08,W-47
CR-2024-000811,2023-03-04 15:07:05,CRIMINAL DAMAGE,TO PROPERTY,41.80188072336438,-87.64570360213848,SIDEWALK,False,False,D-08,W-05
CR-2025-000386,2025-06-05 21:12:26,NARCOTICS,POSSESSION OF COCAINE,41.96104815478111,-87.63584891100746,PARK,True,False,D-15,W-02
CR-2023-001536,2024-05-15 07:04:43,ASSAULT,SIMPLE ASSAULT,41.88113493194635,-87.60532214651367,PARK,False,True,D-12,W-48
CR-2024-005923,2025-05-29 01:34:42,MOTOR VEHICLE THEFT,TRUCK,41.89359461352372,-87.64944964831562,COMMERCIAL BUILDING,False,False,D-10,W-47
CR-2025-001082,2025-09-07 07:41:07,THEFT,FROM BUILDING,41.90180811029853,-87.64502641287743,PARK,False,False,D-01,W-32
CR-2025-003980,2025-06-14 22:24:41,CRIMINAL DAMAGE,GRAFFITI,41.86864312318722,-87.60524376388011,RESIDENCE,False,False,D-12,W-16
CR-2024-004843,2025-09-12 14:21:56,CRIMINAL DAMAGE,GRAFFITI,41.84670629795991,-87.75432476059203,APARTMENT,False,False,D-12,W-38
CR-2024-002806,2023-07-06 15:15:58,ROBBERY,ARMED ROBBERY,41.89367909103814,-87.62840262493451,RESIDENCE,False,True,D-11,W-22
CR-2024-003442,2025-12-02 02:55:40,NARCOTICS,SALE/MANUFACTURE,41.88080442320756,-87.64202302223364,PARKING LOT,True,False,D-15,W-14
CR-2024-002386,2024-09-12 14:31:41,ASSAULT,AGGRAVATED ASSAULT,41.88778381568262,-87.62950928143454,RESIDENCE,False,False,D-09,W-39
CR-2023-005205,2023-09-09 18:41:21,BURGLARY,RESIDENTIAL,41.77897314916699,-87.62455229021471,COMMERCIAL BUILDING,False,False,D-09,W-49
CR-2024-003163,2024-12-17 18:07:09,BATTERY,SIMPLE BATTERY,41.8703472967524,-87.62051450580117,APARTMENT,True,True,D-04,W-17
CR-2023-000540,2025-11-13 13:58:14,THEFT,GRAND THEFT,41.94142695731184,-87.66228515408636,RESIDENCE,False,False,D-15,W-44
CR-2024-000457,2023-05-14 03:59:08,CRIMINAL DAMAGE,TO VEHICLE,41.946494089352264,-87.64971956948459,PARKING LOT,False,False,D-11,W-16
CR-2024-002104,2024-05-27 16:21:51,BURGLARY,RESIDENTIAL,41.865247222023086,-87.64669080941367,ALLEY,True,False,D-07,W-40
CR-2024-000001,not-a-valid-date-string,BATTERY,,41.88781532807151,-87.60695455215388,PARKING LOT,False,False,D-13,W-03
CR-2025-005189,2025-08-18 21:26:45,BURGLARY,FORCIBLE ENTRY,41.875522843042965,-87.63199947661066,SIDEWALK,False,False,D-14,W-02
CR-2025-004985,2025-03-28 02:12:46,NARCOTICS,POSSESSION OF HEROIN,41.75608529504556,-87.61146525265477,PARK,True,False,D-04,W-37
CR-2023-002781,2023-07-03 00:45:30,CRIMINAL DAMAGE,TO VEHICLE,41.868732343173676,-87.61859528739843,RESIDENCE,False,False,D-06,W-14
CR-2023-001647,2025-05-05 23:03:46,CRIMINAL DAMAGE,GRAFFITI,41.859994675282145,-87.64592968589574,ALLEY,False,False,D-05,W-26
CR-2023-002958,2025-05-26 01:08:34,ASSAULT,SIMPLE ASSAULT,41.890067760520736,-87.65790161955933,SIDEWALK,False,False,D-10,W-40
CR-2024-002350,2025-08-02 22:56:15,BURGLARY,FORCIBLE ENTRY,41.86320700998372,-87.65147807896619,RESIDENCE,False,False,D-08,W-11
CR-2024-001099,2025-08-23 00:27:51,BATTERY,DOMESTIC BATTERY,41.935570261819116,-87.64554255430258,ALLEY,True,False,D-05,W-13
CR-2023-005502,2024-06-10 11:19:01,BATTERY,AGGRAVATED BATTERY,41.97008955049714,-87.65953779062396,COMMERCIAL BUILDING,False,False,D-03,W-03
CR-2023-005193,2025-08-27 09:20:28,CRIMINAL DAMAGE,TO PROPERTY,41.85965757263438,-87.63597884851579,STREET,False,False,D-06,W-24
CR-2025-002351,2023-06-20 01:28:24,ASSAULT,AGGRAVATED ASSAULT,41.795556741801086,-87.61455053690902,COMMERCIAL BUILDING,False,False,D-05,W-07
CR-2025-003317,2023-04-07 01:36:12,MOTOR VEHICLE THEFT,MOTORCYCLE,41.86669454538176,-87.6357041737305,ALLEY,False,False,D-11,W-03
CR-2023-004209,2024-10-26 13:40:26,BURGLARY,RESIDENTIAL,41.86985112751304,-87.63745095925144,RESIDENCE,False,False,D-10,W-32
CR-2023-004782,2023-05-29 00:11:29,BATTERY,DOMESTIC BATTERY,41.8851502049187,-87.62824927005683,STREET,True,True,D-07,W-48
CR-2023-005253,2023-02-28 07:59:58,THEFT,FROM BUILDING,41.7691082347624,-87.67606301878669,PARKING LOT,False,False,D-15,W-24
CR-2024-002266,2025-08-06 17:38:32,MOTOR VEHICLE THEFT,TRUCK,41.885612473865066,-87.64297710702013,APARTMENT,False,False,D-08,W-16
CR-2024-000763,2023-04-03 12:44:07,BURGLARY,RESIDENTIAL,41.91452255350682,-87.6991216164911,PARKING LOT,False,False,D-14,W-15
CR-2024-000250,2024-03-23 18:47:43,CRIMINAL DAMAGE,TO PROPERTY,41.802054438688295,-87.58126458398826,APARTMENT,False,False,D-04,W-15
CR-2024-000931,2024-09-28 16:57:02,THEFT,GRAND THEFT,41.964269774411044,-87.69027063946476,APARTMENT,True,False,D-09,W-28
CR-2023-002469,2024-08-23 00:05:40,CRIMINAL DAMAGE,TO PROPERTY,41.9680536628554,-87.68330141446366,COMMERCIAL BUILDING,False,False,D-10,W-04
CR-2024-003451,2024-07-07 05:09:47,BATTERY,AGGRAVATED BATTERY,41.884436524593525,-87.6367928291792,RESIDENCE,True,True,D-05,W-12
CR-2024-000376,2023-10-29 14:16:31,MOTOR VEHICLE THEFT,AUTOMOBILE,41.928882534940456,-87.63422716406784,RESIDENCE,True,False,D-14,W-05
CR-2024-003634,2025-08-29 14:06:42,NARCOTICS,POSSESSION OF HEROIN,41.78347486124113,-87.64985678357671,COMMERCIAL BUILDING,False,False,D-11,W-26
CR-2024-003355,2024-08-10 22:00:25,BATTERY,AGGRAVATED BATTERY,41.8941881269936,-87.60836859756945,RESIDENCE,True,False,D-09,W-37
CR-2024-000346,2024-10-29 07:47:26,CRIMINAL DAMAGE,TO PROPERTY,41.75187341681,-87.6136016098264,ALLEY,False,False,D-15,W-28
CR-2023-003498,2023-10-29 15:37:32,CRIMINAL DAMAGE,TO VEHICLE,41.798125791386056,-87.64218472654099,ALLEY,False,False,D-13,W-18
CR-2025-003626,2024-03-04 03:45:11,THEFT,FROM BUILDING,41.80531812278201,-87.60482982239374,STREET,False,False,D-06,W-40
CR-2023-002496,2025-06-04 02:16:44,NARCOTICS,POSSESSION OF HEROIN,41.87853355952234,-87.71669810892868,PARK,True,False,D-14,W-13
CR-2025-003368,2024-10-26 20:28:39,NARCOTICS,POSSESSION OF COCAINE,41.79919263929033,-87.62070203880731,PARKING LOT,True,False,D-13,W-33
CR-2023-005751,2023-04-13 05:33:34,BATTERY,DOMESTIC BATTERY,41.88697701786718,-87.61091074432846,APARTMENT,True,False,D-10,W-35
CR-2025-005705,2023-04-10 00:00:37,MOTOR VEHICLE THEFT,MOTORCYCLE,41.76284682065421,-87.679664444415,COMMERCIAL BUILDING,False,False,D-09,W-01
CR-2025-005270,2024-03-12 13:05:28,BATTERY,SIMPLE BATTERY,41.74405455880314,-87.6243970150418,SIDEWALK,True,False,D-15,W-48
CR-2023-001071,2025-10-17 01:12:41,ASSAULT,SIMPLE ASSAULT,41.78323354160926,-87.62290117005229,COMMERCIAL BUILDING,False,False,D-14,W-10
CR-2024-005926,2025-04-05 05:56:11,BURGLARY,COMMERCIAL,41.902779676273454,-87.71902729186476,STREET,False,False,D-09,W-17
CR-2023-003345,2025-07-16 13:24:24,CRIMINAL DAMAGE,TO PROPERTY,41.88519718179902,-87.64034367157059,APARTMENT,False,True,D-13,W-29
CR-2025-005528,2025-10-29 01:29:47,BURGLARY,COMMERCIAL,41.86550587441939,-190.0,COMMERCIAL BUILDING,False,False,D-15,W-35
CR-2023-002511,2023-11-01 17:00:43,MOTOR VEHICLE THEFT,MOTORCYCLE,41.774251887976284,-87.66898486905487,STREET,False,False,D-14,W-22
CR-2023-003684,2023-12-29 03:03:53,THEFT,FROM BUILDING,41.857454447688966,-87.735998815598,ALLEY,False,False,D-01,W-28
CR-2024-005599,2023-07-09 05:37:46,ASSAULT,SIMPLE ASSAULT,41.79099602812566,-87.63005829739151,ALLEY,False,True,D-06,W-19
CR-2024-001108,2023-09-27 01:18:29,BATTERY,DOMESTIC BATTERY,41.767982006598984,-87.63065331536565,STREET,True,False,D-03,W-43
CR-2025-000407,2025-01-05 21:23:32,CRIMINAL DAMAGE,TO PROPERTY,41.969036890789376,-87.68501120746073,COMMERCIAL BUILDING,False,False,D-07,W-06
CR-2024-003937,2025-08-10 00:33:18,ROBBERY,ARMED ROBBERY,41.931435967675114,-87.73327571499316,APARTMENT,False,False,D-06,W-02
CR-2023-004479,2025-07-12 02:12:48,BURGLARY,COMMERCIAL,41.96746018996428,-87.66129754948993,PARK,False,False,D-02,W-39
CR-2025-001568,2025-10-11 16:25:17,ROBBERY,ARMED ROBBERY,41.96743099541148,-87.6757232491512,SIDEWALK,False,False,D-14,W-37
CR-2024-004270,2023-04-29 01:19:40,ROBBERY,ARMED ROBBERY,41.7708804034537,-87.66305108427137,APARTMENT,True,False,D-12,W-09
CR-2025-003116,2025-05-23 20:21:19,ASSAULT,AGGRAVATED ASSAULT,41.774299190020024,-87.69119555143907,PARKING LOT,False,True,D-10,W-20
CR-2025-003533,2023-12-29 06:37:50,NARCOTICS,POSSESSION OF HEROIN,41.94071225246814,-87.65941533987355,RESIDENCE,True,False,D-03,W-44
CR-2023-003510,2024-07-24 00:19:49,ASSAULT,SIMPLE ASSAULT,41.908830623865484,-87.654182384053,SIDEWALK,False,True,D-03,W-44
CR-2024-003022,2023-01-21 08:09:10,MOTOR VEHICLE THEFT,MOTORCYCLE,41.87974357370117,-87.63604657649873,RESIDENCE,False,False,D-12,W-01
CR-2025-004178,2024-11-05 15:08:03,CRIMINAL DAMAGE,TO PROPERTY,41.87724817106171,-87.64315653629414,STREET,False,False,D-02,W-08
CR-2024-001423,2023-06-21 02:09:38,BURGLARY,RESIDENTIAL,41.86926699759892,-87.64235893646575,STREET,False,False,D-14,W-22
CR-2024-004993,2023-03-30 09:51:02,ASSAULT,AGGRAVATED ASSAULT,41.87252806968369,-87.65643973370443,PARKING LOT,False,False,D-03,W-46
CR-2023-005913,2024-11-02 19:55:13,BATTERY,AGGRAVATED BATTERY,41.820919142834704,-87.62905615504393,ALLEY,True,False,D-15,W-35
CR-2024-003229,2025-05-22 11:29:03,BATTERY,DOMESTIC BATTERY,41.867626072268735,-87.62793736472884,COMMERCIAL BUILDING,True,False,D-13,W-40
CR-2025-001025,2024-04-29 04:05:08,NARCOTICS,SALE/MANUFACTURE,41.799527456616694,-87.65067825539278,PARKING LOT,True,False,D-09,W-37
CR-2024-001330,2024-07-16 00:24:33,MOTOR VEHICLE THEFT,TRUCK,41.924888107887504,-87.67320139684553,COMMERCIAL BUILDING,False,False,D-05,W-44
CR-2023-002997,2023-10-29 06:13:15,ROBBERY,ARMED ROBBERY,41.89105292363783,-87.62722796023614,PARKING LOT,True,False,D-04,W-41
CR-2024-005632,2023-05-14 21:54:39,NARCOTICS,SALE/MANUFACTURE,41.8828441067039,-87.60930677822192,RESIDENCE,False,False,D-04,W-38
CR-2023-001029,2025-11-15 18:03:51,BURGLARY,FORCIBLE ENTRY,41.78546403322505,-87.62416025221582,SIDEWALK,False,False,D-09,W-23
CR-2025-002669,2025-05-01 22:17:32,ASSAULT,AGGRAVATED ASSAULT,41.77022033762219,-87.6097299445003,COMMERCIAL BUILDING,False,True,D-08,W-34
CR-2025-004682,2025-01-04 21:53:09,ASSAULT,AGGRAVATED ASSAULT,41.970618222894686,-87.68531604030524,SIDEWALK,False,False,D-03,W-15
CR-2025-001415,2024-07-29 22:32:47,ROBBERY,STRONGARM ROBBERY,41.84993031143712,-87.74354038778634,SIDEWALK,True,False,D-10,W-10
CR-2024-004351,2023-05-01 00:25:31,THEFT,RETAIL THEFT,41.854622385711856,-87.71541263402072,RESIDENCE,False,False,D-03,W-36
CR-2023-002352,2025-11-18 01:18:01,BURGLARY,RESIDENTIAL,41.793334088127665,-87.63221648615881,STREET,False,False,D-02,W-09
CR-2025-003197,2025-01-24 03:26:29,BURGLARY,,41.86455786609556,-87.61766102952637,STREET,False,False,D-02,W-45
CR-2025-003053,2025-05-09 17:17:13,BATTERY,SIMPLE BATTERY,41.83734569363471,-87.65051892004254,ALLEY,True,False,D-06,W-33
CR-2025-001559,2025-10-07 23:51:12,MOTOR VEHICLE THEFT,AUTOMOBILE,41.89383060689625,-87.60496889330368,PARKING LOT,True,False,D-15,W-46
CR-2025-002543,2025-07-14 10:37:35,THEFT,GRAND THEFT,41.87784490888274,-87.6222246836759,PARKING LOT,False,False,D-03,W-03
CR-2023-002481,2023-04-08 17:22:03,BATTERY,DOMESTIC BATTERY,41.775816398398845,-87.62127381392419,SIDEWALK,True,False,D-10,W-38
CR-2025-000596,2023-04-13 08:56:18,ASSAULT,SIMPLE ASSAULT,41.76386580890122,-87.62100545164644,RESIDENCE,False,True,D-10,W-06
CR-2025-002084,2023-04-08 20:17:40,NARCOTICS,POSSESSION OF HEROIN,41.96812753011812,-87.66953946454518,COMMERCIAL BUILDING,True,True,D-13,W-39
CR-2025-003173,2024-07-31 21:44:30,NARCOTICS,,41.871615572313395,-87.61070927899043,STREET,False,False,D-15,W-38
CR-2024-004072,2024-01-07 23:45:10,ROBBERY,ARMED ROBBERY,41.80601251325727,-87.62962971708824,COMMERCIAL BUILDING,False,False,D-03,W-14
CR-2023-002556,2023-07-03 13:08:21,BATTERY,SIMPLE BATTERY,41.947602112324965,-87.68338479132522,RESIDENCE,False,False,D-01,W-13
CR-2023-005757,2023-12-15 23:14:46,THEFT,PETTY THEFT,41.947599255849575,-87.62463974915501,APARTMENT,False,False,D-15,W-22
CR-2023-003780,2023-09-10 01:04:38,ROBBERY,STRONGARM ROBBERY,41.85510974043615,-87.64672886009646,STREET,False,False,D-12,W-25
CR-2024-003928,2023-01-19 07:08:04,BATTERY,SIMPLE BATTERY,41.748749440714796,-87.65114926834745,COMMERCIAL BUILDING,True,False,D-02,W-36
CR-2025-002189,2025-06-16 01:22:19,CRIMINAL DAMAGE,TO VEHICLE,41.882529199109314,-87.6414474871074,APARTMENT,False,False,D-05,W-27
CR-2025-004373,2024-01-23 14:59:38,MOTOR VEHICLE THEFT,AUTOMOBILE,41.87881234191975,-87.73180368421676,APARTMENT,False,False,D-15,W-15
CR-2025-004544,2024-11-13 01:03:14,BATTERY,SIMPLE BATTERY,41.77562221653299,-87.64343835660048,APARTMENT,True,True,D-07,W-02
CR-2024-001414,2023-06-23 19:03:41,THEFT,GRAND THEFT,41.80268623192645,-87.63816267550921,PARKING LOT,False,False,D-03,W-22
CR-2024-000130,2023-06-07 09:15:36,NARCOTICS,SALE/MANUFACTURE,41.75572673821055,-87.63048813390155,PARKING LOT,True,False,D-13,W-45
CR-2025-000290,2025-03-15 21:46:24,CRIMINAL DAMAGE,TO PROPERTY,41.88317744611242,-87.63602931870851,RESIDENCE,False,False,D-10,W-22
CR-2023-002949,2025-09-13 20:19:57,ROBBERY,ARMED ROBBERY,41.8786631276223,-87.61342291991389,PARKING LOT,True,False,D-12,W-42
CR-2023-004839,2024-09-06 04:38:34,NARCOTICS,POSSESSION OF COCAINE,41.88235866588105,-87.62990594356826,SIDEWALK,True,False,D-08,W-03
CR-2024-003745,2023-08-24 09:30:31,THEFT,PETTY THEFT,41.772291104169916,-87.64835509545883,PARKING LOT,False,False,D-09,W-32
CR-2023-000243,2025-02-07 20:51:20,NARCOTICS,POSSESSION OF COCAINE,41.86840140673637,-87.64602322005422,COMMERCIAL BUILDING,True,False,D-14,W-35
CR-2023-004488,2025-06-22 01:05:13,NARCOTICS,POSSESSION OF COCAINE,41.88270558855878,-87.63056853753298,RESIDENCE,True,False,D-06,W-29
CR-2023-003603,2025-04-14 22:43:36,NARCOTICS,SALE/MANUFACTURE,41.954024609844375,-87.62550801181105,COMMERCIAL BUILDING,True,False,D-14,W-38
CR-2025-000158,2025-06-25 06:06:08,BATTERY,DOMESTIC BATTERY,41.79594882428238,-87.63675666891484,PARKING LOT,False,True,D-03,W-16
CR-2025-005345,2023-07-16 21:53:49,CRIMINAL DAMAGE,TO PROPERTY,41.766132901545106,-87.6072068893954,PARKING LOT,True,False,D-04,W-02
CR-2023-005766,2023-01-27 18:43:04,THEFT,PETTY THEFT,41.76314419815884,-87.66826187613421,ALLEY,False,,D-04,W-05
CR-2023-003042,2024-05-03 04:52:11,ASSAULT,AGGRAVATED ASSAULT,41.77652220880748,-87.63732594047634,ALLEY,False,True,D-01,W-04
CR-2025-005963,2025-04-08 20:22:40,MOTOR VEHICLE THEFT,AUTOMOBILE,41.99719748933971,-87.64927515039817,COMMERCIAL BUILDING,True,False,D-07,W-46
CR-2025-002771,2024-08-02 00:52:51,CRIMINAL DAMAGE,TO PROPERTY,41.90263107755663,-87.73045716842033,COMMERCIAL BUILDING,True,False,D-05,W-08
CR-2023-001671,2023-02-13 01:18:33,NARCOTICS,POSSESSION OF COCAINE,41.92787261584668,-87.63069998854562,COMMERCIAL BUILDING,False,False,D-14,W-34
CR-2023-005397,2024-08-04 00:55:28,ASSAULT,,41.890895227823655,-87.6339717979655,RESIDENCE,False,True,D-13,W-21
CR-2023-000897,2024-07-25 10:13:59,THEFT,GRAND THEFT,41.952663932564754,-87.67033938663478,COMMERCIAL BUILDING,False,False,D-02,W-38
CR-2024-004582,2025-01-29 22:05:29,BATTERY,SIMPLE BATTERY,41.967179389374095,-87.65657755665663,RESIDENCE,True,False,D-02,W-29
CR-2025-000515,2024-06-14 00:45:09,ASSAULT,SIMPLE ASSAULT,41.874239351938655,-87.65482876110816,SIDEWALK,True,False,D-06,W-46
CR-2025-001028,2023-10-24 08:45:37,NARCOTICS,POSSESSION OF HEROIN,41.93887558252911,-87.63781221638574,RESIDENCE,True,False,D-08,W-22
CR-2023-002889,2023-08-18 16:45:03,THEFT,GRAND THEFT,41.77962976259839,-87.61155064924675,SIDEWALK,True,False,D-06,W-48
CR-2024-005788,2025-08-24 01:32:35,BATTERY,SIMPLE BATTERY,41.870927473392356,-87.71846657514926,PARKING LOT,True,True,D-02,W-35
CR-2023-001194,2024-08-14 00:57:25,ASSAULT,SIMPLE ASSAULT,41.966203968222494,-87.63459501330553,ALLEY,False,False,D-15,W-09
CR-2025-001355,2023-06-09 00:20:47,NARCOTICS,POSSESSION OF HEROIN,41.865823570010875,-87.60681448412983,STREET,True,False,D-03,W-09
CR-2024-002746,2024-08-01 01:46:52,CRIMINAL DAMAGE,TO PROPERTY,41.94082480326794,-87.6136467935578,COMMERCIAL BUILDING,False,False,D-14,W-41
CR-2025-005708,2025-04-20 10:02:16,NARCOTICS,SALE/MANUFACTURE,41.778035694362856,-87.64178148644675,RESIDENCE,True,False,D-12,W-35
CR-2023-001896,2023-04-12 01:23:21,CRIMINAL DAMAGE,TO PROPERTY,41.88195798455534,-87.63340997761796,PARKING LOT,False,False,D-07,W-12
CR-2024-004654,2025-02-15 01:15:11,THEFT,RETAIL THEFT,41.88140283971308,-87.61431415902811,ALLEY,False,False,D-08,W-47
CR-2024-003061,2024-01-28 18:25:26,ROBBERY,ARMED ROBBERY,41.75985438320853,-87.62374082216148,PARKING LOT,False,False,D-01,W-12
CR-2023-004977,2024-08-30 21:47:08,THEFT,GRAND THEFT,41.78525319217679,-87.61157372552901,COMMERCIAL BUILDING,False,False,D-07,W-49
CR-2024-005266,2023-01-11 03:43:31,MOTOR VEHICLE THEFT,TRUCK,41.8727736955193,-87.71221930359727,PARKING LOT,False,False,D-10,W-46
CR-2023-004254,2023-09-12 17:37:36,THEFT,PETTY THEFT,41.869094920114904,-87.6208969085156,ALLEY,True,False,D-14,W-38
CR-2024-002443,2025-05-23 23:06:30,MOTOR VEHICLE THEFT,MOTORCYCLE,41.86652342063911,-87.60565719001336,SIDEWALK,False,True,D-15,W-31
CR-2025-003794,2023-02-14 20:46:24,CRIMINAL DAMAGE,TO PROPERTY,41.78880917391169,-87.62475630580074,STREET,False,False,D-11,W-09
CR-2025-002933,2024-07-11 15:48:49,BURGLARY,RESIDENTIAL,41.868242975565835,-87.64026578355848,APARTMENT,False,False,D-14,W-41
CR-2023-003318,2025-09-26 22:16:55,ASSAULT,SIMPLE ASSAULT,41.883836499735395,-87.64948244801793,STREET,False,True,D-07,W-20
CR-2025-004910,2025-04-23 18:26:05,ASSAULT,SIMPLE ASSAULT,41.88591351662686,-87.71979213317995,PARK,False,False,D-04,W-03
CR-2025-000479,2023-05-24 06:09:13,ASSAULT,SIMPLE ASSAULT,41.88664650920349,-87.62308437159975,APARTMENT,False,True,D-12,W-30
CR-2023-004767,2023-03-25 08:16:40,NARCOTICS,POSSESSION OF HEROIN,41.79940358985308,-87.64069346709647,SIDEWALK,True,False,D-14,W-46
CR-2025-003524,2025-11-11 23:27:35,NARCOTICS,POSSESSION OF HEROIN,41.85902677218662,-87.6470962649761,PARKING LOT,False,False,D-01,W-22
CR-2024-005050,2025-09-20 07:45:12,BATTERY,DOMESTIC BATTERY,41.899184713962626,-87.62678892188863,PARK,True,True,D-09,W-15
CR-2025-001112,2023-06-06 05:05:05,THEFT,PETTY THEFT,41.93541253923357,-87.62887391935453,STREET,False,False,D-12,W-36
CR-2024-003481,2024-03-15 05:03:54,MOTOR VEHICLE THEFT,AUTOMOBILE,41.885583247921524,-87.63493222976692,ALLEY,False,False,D-04,W-29
CR-2024-004996,2024-10-30 03:04:40,BATTERY,DOMESTIC BATTERY,41.892519037571056,-87.75387543894868,SIDEWALK,False,True,D-11,W-12
CR-2023-005784,2023-04-15 09:02:45,ASSAULT,SIMPLE ASSAULT,41.89085777476763,-87.73906897859789,PARK,False,False,D-07,W-16
CR-2024-004879,2025-07-25 16:28:24,MOTOR VEHICLE THEFT,TRUCK,41.77573339931631,-87.64277790600102,APARTMENT,False,False,D-11,W-41
CR-2023-004785,2025-02-14 18:05:07,THEFT,GRAND THEFT,41.7695004105162,-87.64302722827453,PARK,False,False,D-06,W-10
CR-2024-000202,2025-12-23 06:00:40,CRIMINAL DAMAGE,TO VEHICLE,41.76764836321302,-87.61342875169132,PARKING LOT,False,False,D-09,W-38
CR-2023-003204,2024-11-15 14:47:06,THEFT,RETAIL THEFT,41.871533940163935,-87.62707015176066,SIDEWALK,False,False,D-03,W-11
CR-2024-002470,2024-10-17 16:00:01,BURGLARY,RESIDENTIAL,41.88690893620197,-87.63288441780465,COMMERCIAL BUILDING,False,True,D-12,W-20
CR-2025-000554,2025-03-04 07:39:38,BATTERY,SIMPLE BATTERY,41.93592462078608,-87.61701937292266,PARK,True,True,D-13,W-20
CR-2025-004073,2025-09-12 22:45:33,BATTERY,DOMESTIC BATTERY,41.79459201044686,-87.58738395445084,STREET,False,True,D-08,W-41
CR-2024-005107,2025-02-19 20:03:05,NARCOTICS,SALE/MANUFACTURE,41.849399894979165,-87.64427568370864,STREET,True,False,D-13,W-11
CR-2023-001383,2023-03-11 02:14:17,BURGLARY,RESIDENTIAL,41.94772774870592,-87.64620518175717,COMMERCIAL BUILDING,False,False,D-04,W-44
CR-2024-003235,2025-04-27 11:55:46,BURGLARY,RESIDENTIAL,41.878663622890045,-87.63452036243183,ALLEY,False,False,D-10,W-08
CR-2025-003929,2024-10-21 15:16:05,NARCOTICS,SALE/MANUFACTURE,41.83534954836025,-87.62163126398809,SIDEWALK,True,False,D-12,W-25
CR-2023-004326,2025-07-13 01:04:55,CRIMINAL DAMAGE,TO PROPERTY,41.79297136201143,-87.6324435265097,ALLEY,False,False,D-13,W-11
CR-2024-000325,2023-09-17 16:50:17,BURGLARY,RESIDENTIAL,41.98537912189891,-87.63276869940904,SIDEWALK,False,True,D-02,W-39
CR-2025-004577,2023-10-20 23:02:01,THEFT,FROM BUILDING,41.77152359525486,-87.64057140714286,COMMERCIAL BUILDING,False,False,D-01,W-32
CR-2025-002843,2023-09-29 23:44:25,CRIMINAL DAMAGE,GRAFFITI,41.89692718682563,-87.63726508785143,ALLEY,False,True,D-15,W-05
CR-2023-005058,2025-03-03 09:24:15,NARCOTICS,POSSESSION OF HEROIN,41.957291839901465,-87.64662329519822,COMMERCIAL BUILDING,False,False,D-12,W-24
CR-2025-004595,2025-12-06 14:13:28,BURGLARY,COMMERCIAL,41.864006522491195,-87.6569244299275,COMMERCIAL BUILDING,False,False,D-07,W-44
CR-2024-005116,2025-10-23 23:47:44,THEFT,FROM BUILDING,41.756554589235456,-87.65660064083681,PARK,True,False,D-09,W-29
CR-2025-000947,2025-03-18 06:52:52,BURGLARY,RESIDENTIAL,41.94663274081589,-87.66270022059764,RESIDENCE,False,False,D-14,W-18
CR-2023-001314,2024-01-18 08:30:58,CRIMINAL DAMAGE,GRAFFITI,41.87262520761969,-87.73553087341318,RESIDENCE,False,False,D-06,W-42
CR-2023-000570,2024-03-30 09:53:15,NARCOTICS,POSSESSION OF COCAINE,41.771460912416,-87.59460732966721,SIDEWALK,True,False,D-01,W-41
CR-2023-005874,2024-04-22 15:12:11,MOTOR VEHICLE THEFT,MOTORCYCLE,41.88259692311245,-87.65463459040255,APARTMENT,False,False,D-03,W-22
CR-2023-002484,2024-08-15 00:27:40,MOTOR VEHICLE THEFT,TRUCK,41.7715386060603,-87.59268111137185,RESIDENCE,False,False,D-10,W-42
CR-2023-005181,2024-03-21 23:02:41,BURGLARY,COMMERCIAL,41.953305834852735,-87.68015001673838,ALLEY,False,False,D-10,W-21
CR-2023-000861,2023-03-11 11:12:22,BATTERY,SIMPLE BATTERY,41.88918215721331,-87.6205694877398,SIDEWALK,True,False,D-08,W-43
CR-2025-004331,2024-10-28 10:28:20,BATTERY,DOMESTIC BATTERY,41.890046455499636,-87.60484020580289,SIDEWALK,True,True,D-03,W-41
CR-2024-004426,2024-05-21 23:08:37,ROBBERY,STRONGARM ROBBERY,41.91509749407392,-87.69533480334952,STREET,False,False,D-04,W-02
CR-2025-001307,2023-10-08 01:47:35,BURGLARY,FORCIBLE ENTRY,41.88708191584343,-87.61977489266923,PARKING LOT,False,False,D-09,W-02
CR-2025-004142,2025-09-30 01:18:45,MOTOR VEHICLE THEFT,MOTORCYCLE,41.75379800917612,-87.60539036942912,PARK,False,False,D-01,W-24
CR-2023-005763,2023-01-15 04:07:20,ROBBERY,ARMED ROBBERY,41.78615094507635,-87.61915023569563,ALLEY,False,False,D-12,W-27
CR-2023-004731,2024-05-22 17:24:38,MOTOR VEHICLE THEFT,AUTOMOBILE,41.946475754759184,-87.65012139143548,PARKING LOT,False,False,D-04,W-06
CR-2025-003983,2025-07-11 07:17:58,THEFT,FROM BUILDING,41.96900499387939,-87.66290073692578,APARTMENT,False,False,D-03,W-16
CR-2023-005400,2023-09-22 13:31:50,BATTERY,DOMESTIC BATTERY,41.86958288236724,-87.62211184557401,PARKING LOT,True,False,D-10,W-39
CR-2025-002984,2023-08-24 10:14:01,THEFT,GRAND THEFT,41.88668319997461,-87.73756033520664,RESIDENCE,False,False,D-15,W-27
CR-2025-001130,2024-09-16 03:04:12,ASSAULT,SIMPLE ASSAULT,41.88465107827601,-87.62373557867558,APARTMENT,False,True,D-11,W-35
CR-2024-005869,2025-08-05 22:33:46,THEFT,GRAND THEFT,41.74826163194463,-87.62562996441775,PARKING LOT,False,False,D-15,W-07
CR-2025-003251,2025-05-19 12:57:22,ASSAULT,SIMPLE ASSAULT,41.95717158581842,-87.68270053254729,ALLEY,False,False,D-08,W-05
CR-2025-002090,2025-06-08 00:46:40,BATTERY,SIMPLE BATTERY,41.88227522951967,-87.637438200439,APARTMENT,True,False,D-09,W-07
CR-2023-002652,2024-06-23 19:08:53,BATTERY,AGGRAVATED BATTERY,41.94325399998765,-87.63365775374014,ALLEY,False,False,D-07,W-29
CR-2023-005829,2023-09-02 03:42:10,MOTOR VEHICLE THEFT,MOTORCYCLE,41.958848904218534,-87.66427193746217,ALLEY,False,False,D-08,W-10
CR-2023-004116,2023-05-02 14:03:53,CRIMINAL DAMAGE,TO VEHICLE,41.907507419923974,-87.6668796843988,APARTMENT,False,True,D-01,W-27
CR-2023-003033,2025-09-06 22:47:01,MOTOR VEHICLE THEFT,AUTOMOBILE,41.865564664924705,-87.6133416971259,APARTMENT,False,False,D-09,W-39
CR-2025-001574,2024-11-12 23:59:44,BURGLARY,FORCIBLE ENTRY,41.94618669262885,-87.6732328445463,ALLEY,False,False,D-09,W-23
CR-2025-001463,2024-10-27 05:58:41,THEFT,RETAIL THEFT,41.87635656435317,-87.62657930225245,APARTMENT,False,False,D-02,W-09
CR-2025-001373,2025-07-18 20:40:57,CRIMINAL DAMAGE,TO PROPERTY,41.78493304837292,-87.6577753520905,PARKING LOT,False,False,D-04,W-23
CR-2025-005165,2023-02-12 11:27:23,NARCOTICS,SALE/MANUFACTURE,41.932903956437286,-87.66595213513347,COMMERCIAL BUILDING,False,False,D-08,W-16
CR-2025-004328,2025-05-08 13:28:59,NARCOTICS,POSSESSION OF COCAINE,41.8727609762437,-87.60508183591325,RESIDENCE,False,False,D-01,W-32
CR-2023-003672,2025-11-09 00:45:15,ASSAULT,AGGRAVATED ASSAULT,41.76761742839141,-87.65444778726193,RESIDENCE,True,True,D-15,W-49
CR-2023-005412,2023-08-13 07:01:46,CRIMINAL DAMAGE,TO PROPERTY,41.86137130195435,-87.63397465383815,RESIDENCE,True,False,D-01,W-26
CR-2023-004500,2023-11-29 22:41:32,THEFT,GRAND THEFT,41.798035053900335,-87.60216468243975,APARTMENT,False,False,D-08,W-18
CR-2023-004866,2023-03-13 23:25:32,BATTERY,DOMESTIC BATTERY,41.897144198939,-87.6484772586394,ALLEY,True,False,D-11,W-30
CR-2023-000084,2025-11-05 17:55:30,THEFT,RETAIL THEFT,41.87618301391195,-87.74046725095843,SIDEWALK,False,False,D-02,W-23
CR-2023-002703,2024-01-29 21:59:06,THEFT,FROM BUILDING,41.74061161711891,-87.60024331510255,RESIDENCE,False,False,D-12,W-37
CR-2025-003512,2023-03-09 01:34:13,BURGLARY,RESIDENTIAL,41.89516071646444,-87.62380795941097,STREET,False,True,D-15,W-38
CR-2024-002638,not-a-valid-date-string,BATTERY,SIMPLE BATTERY,41.85604265673153,-87.64874154663548,PARK,True,False,D-09,W-42
CR-2025-004406,2023-07-28 03:02:21,MOTOR VEHICLE THEFT,AUTOMOBILE,41.882127578250504,-87.71455885126407,ALLEY,False,False,D-05,W-10
CR-2023-001623,2024-01-22 06:23:32,MOTOR VEHICLE THEFT,,41.88854352873059,-87.74009681154799,APARTMENT,False,False,D-01,W-28
CR-2023-005445,2024-04-26 16:58:44,ASSAULT,AGGRAVATED ASSAULT,41.95005729683738,-87.64583326648889,RESIDENCE,True,False,D-06,W-18
CR-2024-005722,2024-06-15 10:07:57,BURGLARY,COMMERCIAL,41.857319592223334,-87.62090418924576,ALLEY,False,False,D-10,W-31
CR-2023-005229,2023-10-16 21:08:13,ASSAULT,AGGRAVATED ASSAULT,41.87286179810626,-87.6967027420412,ALLEY,False,False,D-02,W-33
CR-2024-003739,2024-07-11 15:00:19,ASSAULT,,41.915134914009776,-87.73325875443788,SIDEWALK,False,False,D-02,W-11
CR-2023-002253,2023-04-06 16:18:07,THEFT,FROM BUILDING,41.88845709029182,-87.62581574510241,STREET,False,False,D-15,W-49
CR-2025-000788,2024-12-07 23:00:41,BURGLARY,COMMERCIAL,41.73852170460236,-87.59988151613858,ALLEY,True,False,D-15,W-47
CR-2023-000111,2025-08-11 09:43:32,OTHER OFFENSE,DUPLICATE ID TEST RECORD,41.88839390285562,-87.65399073806785,SIDEWALK,False,False,D-03,W-31
CR-2024-002944,2023-04-24 12:57:15,BURGLARY,COMMERCIAL,41.84410921858776,-87.63506167308402,ALLEY,True,True,D-06,W-17
CR-2024-000028,2025-08-30 14:15:53,BURGLARY,FORCIBLE ENTRY,41.931615649535544,-87.66148424751702,APARTMENT,False,False,D-05,W-16
CR-2023-004800,2024-10-29 10:49:06,CRIMINAL DAMAGE,TO VEHICLE,41.845137484921075,-87.61076929158135,PARKING LOT,False,False,D-04,W-30
CR-2023-004593,2025-07-26 22:06:36,CRIMINAL DAMAGE,TO VEHICLE,41.736169340019934,-87.61920754959975,RESIDENCE,False,False,D-08,W-29
CR-2025-000212,2024-04-26 02:51:36,MOTOR VEHICLE THEFT,AUTOMOBILE,41.79503439873963,-87.5947842110617,PARK,False,False,D-12,W-42
CR-2024-005761,2023-02-14 21:13:39,BURGLARY,RESIDENTIAL,41.85975874581893,-87.64353448444538,APARTMENT,False,False,D-15,W-06
CR-2025-005723,2023-04-24 19:17:57,THEFT,,41.87227239399322,-87.61741664387696,PARKING LOT,True,False,D-11,W-40
CR-2023-002124,2024-05-26 01:32:29,THEFT,RETAIL THEFT,41.79122466146286,-87.63043794382514,RESIDENCE,False,False,D-06,W-10
CR-2025-001358,2025-06-08 09:51:24,THEFT,PETTY THEFT,41.96091016033662,-87.63759537034022,APARTMENT,False,False,D-04,W-05
CR-2024-004309,2023-06-26 20:55:29,THEFT,PETTY THEFT,41.888505591688045,-87.60603258437264,STREET,False,False,D-04,W-42
CR-2024-004303,2025-03-06 16:45:46,BATTERY,AGGRAVATED BATTERY,41.91997300109363,-87.62025416181756,COMMERCIAL BUILDING,True,False,D-07,W-32
CR-2024-002602,2023-04-25 23:22:20,MOTOR VEHICLE THEFT,AUTOMOBILE,41.92347084357119,-87.71200975006217,COMMERCIAL BUILDING,False,False,D-08,W-18
CR-2025-000785,2023-08-05 19:45:08,CRIMINAL DAMAGE,GRAFFITI,41.894896764233195,-87.74947720961704,RESIDENCE,True,False,D-01,W-28
CR-2023-005697,2024-09-07 23:48:45,BATTERY,SIMPLE BATTERY,41.75804154533543,-87.64627635943485,ALLEY,True,True,D-14,W-39
CR-2024-003655,2025-07-08 01:16:23,NARCOTICS,POSSESSION OF COCAINE,41.76764366530554,-87.64790010048642,PARKING LOT,False,False,D-02,W-44
CR-2025-004397,2023-08-23 00:42:21,ASSAULT,AGGRAVATED ASSAULT,41.86072095104511,-87.65703473463819,COMMERCIAL BUILDING,True,False,D-13,W-48
CR-2025-000731,2025-11-29 08:23:27,THEFT,GRAND THEFT,41.874964651140715,-87.64255780681314,PARK,False,False,D-12,W-19
CR-2024-000439,2024-07-30 01:34:36,BATTERY,AGGRAVATED BATTERY,41.87785365655891,-87.61197410089828,ALLEY,False,False,D-05,W-28
CR-2024-005215,2025-07-04 23:15:14,BATTERY,AGGRAVATED BATTERY,41.76833760261419,-87.60330703128052,RESIDENCE,True,False,D-11,W-17
CR-2023-001035,2024-10-04 21:30:16,PETTY THEFT,DOMESTIC BATTERY,41.96770794969182,-87.63057738556387,SIDEWALK,True,True,D-05,W-15
CR-2024-005497,2023-10-02 00:54:38,THEFT,FROM BUILDING,41.856975203573946,-87.72255463590534,SIDEWALK,False,False,D-09,W-45
CR-2023-003279,2024-09-29 04:28:19,THEFT,FROM BUILDING,41.888379351270665,-87.60876986011121,RESIDENCE,False,False,D-06,W-33
CR-2024-001222,2025-08-03 05:24:01,ASSAULT,AGGRAVATED ASSAULT,41.76632563073622,-87.62241281961673,COMMERCIAL BUILDING,False,False,D-06,W-50
CR-2024-004825,2025-09-04 13:47:45,THEFT,GRAND THEFT,41.89495140930644,-87.61964508853937,RESIDENCE,False,False,D-05,W-06
CR-2024-005083,2025-01-25 19:29:31,ASSAULT,,41.900890045266365,-87.62805007373247,SIDEWALK,False,True,D-13,W-23
CR-2025-000452,2025-06-29 05:51:02,THEFT,GRAND THEFT,41.8809664860203,-87.62910345177767,COMMERCIAL BUILDING,False,False,D-06,W-20
CR-2025-004139,2025-06-19 20:54:46,BATTERY,DOMESTIC BATTERY,41.93111429476119,-87.63258758829016,ALLEY,True,False,D-13,W-21
CR-2024-003151,2023-06-14 22:07:40,ROBBERY,STRONGARM ROBBERY,41.89248224459702,-87.61288470558226,ALLEY,False,False,D-01,W-31
CR-2025-001940,2023-05-04 22:19:09,MOTOR VEHICLE THEFT,MOTORCYCLE,41.95443400017803,-87.65178927540842,SIDEWALK,False,False,D-14,W-38
CR-2025-002357,2025-05-23 12:58:41,ROBBERY,ARMED ROBBERY,41.88206301159701,-87.7275820754709,SIDEWALK,False,False,D-01,W-18
CR-2025-000668,2025-06-27 20:20:06,BURGLARY,RESIDENTIAL,41.76356493341147,-87.63656174216221,STREET,False,False,D-15,W-21
CR-2023-003075,2024-08-13 01:53:43,CRIMINAL DAMAGE,TO VEHICLE,41.914659451694995,-87.74280694453245,ALLEY,False,False,D-11,W-31
CR-2024-002644,2024-04-01 20:45:44,CRIMINAL DAMAGE,TO VEHICLE,41.76377109410985,-87.60623953750786,ALLEY,False,False,D-03,W-04
CR-2025-003743,2023-02-06 13:27:38,CRIMINAL DAMAGE,GRAFFITI,41.80962141375501,-87.6174730491926,PARK,False,False,D-13,W-45
CR-2025-003278,2023-06-08 18:51:54,BURGLARY,FORCIBLE ENTRY,41.776196525240216,-87.60119748451947,PARKING LOT,False,False,D-02,W-31
CR-2023-001662,2023-01-14 12:16:29,BATTERY,DOMESTIC BATTERY,41.97047754686633,-87.64579664507009,ALLEY,False,False,D-13,W-40
CR-2024-001342,2023-06-12 04:25:43,BATTERY,SIMPLE BATTERY,41.88312587043627,-87.62505766064226,STREET,True,True,D-02,W-36
CR-2023-003939,2025-06-11 20:33:13,ROBBERY,STRONGARM ROBBERY,41.86936907998861,-87.62381433789031,PARK,False,False,D-03,W-01
CR-2024-003190,2024-12-07 21:19:16,MOTOR VEHICLE THEFT,AUTOMOBILE,41.90896716765647,-87.65137616750192,STREET,False,False,D-09,W-40
CR-2024-002125,2023-06-01 10:37:29,MOTOR VEHICLE THEFT,TRUCK,41.96990686803914,-87.65108663069593,ALLEY,False,False,D-07,W-23
CR-2023-005649,2023-11-24 18:20:36,ROBBERY,ARMED ROBBERY,41.77138576523537,-87.64017443882015,ALLEY,False,False,D-13,W-24
CR-2024-004666,2023-08-18 19:02:10,THEFT,PETTY THEFT,41.870259239302506,-87.71120935345922,SIDEWALK,False,False,D-13,W-28
CR-2024-004312,2025-09-07 15:52:21,BATTERY,DOMESTIC BATTERY,41.89899532998021,-87.72309823081396,APARTMENT,True,False,D-10,W-22
CR-2023-001584,2024-09-10 14:01:29,BATTERY,AGGRAVATED BATTERY,41.946467526599704,-87.66361933855895,PARK,True,True,D-12,W-32
CR-2025-003287,2024-04-17 23:39:28,ROBBERY,ARMED ROBBERY,41.95157512101875,-87.63217986661097,STREET,False,False,D-02,W-40
CR-2024-000436,2024-11-27 13:01:55,ROBBERY,STRONGARM ROBBERY,41.85741021157978,-87.64076395059914,ALLEY,False,False,D-05,W-10
CR-2024-003847,2024-02-18 15:49:35,BATTERY,SIMPLE BATTERY,41.887375408493895,-87.60796599281115,APARTMENT,True,True,D-09,W-26
CR-2025-000116,2023-11-14 08:56:46,BATTERY,SIMPLE BATTERY,41.7800392959976,-87.64529000869015,COMMERCIAL BUILDING,True,False,D-15,W-02
CR-2024-005119,2024-11-23 20:40:11,CRIMINAL DAMAGE,GRAFFITI,41.855513782991544,-87.61720083190387,APARTMENT,False,False,D-13,W-27
CR-2025-004097,2025-07-13 12:49:33,CRIMINAL DAMAGE,TO VEHICLE,41.781592486227666,-87.6040445586007,PARK,False,False,D-02,W-45
CR-2025-000911,2024-08-18 01:50:14,ROBBERY,STRONGARM ROBBERY,41.94390288036384,-87.66830005161647,RESIDENCE,False,False,D-15,W-47
CR-2024-005257,2023-03-30 12:28:25,CRIMINAL DAMAGE,TO VEHICLE,41.880582373462,-87.61530790508709,COMMERCIAL BUILDING,False,False,D-01,W-20
CR-2024-004363,2025-10-30 13:01:26,NARCOTICS,POSSESSION OF COCAINE,41.92546656924567,-87.61619819090602,SIDEWALK,True,False,D-05,W-05
CR-2024-001894,2025-11-07 16:03:32,ASSAULT,SIMPLE ASSAULT,41.952021254855424,-87.62923443925368,PARKING LOT,False,False,D-08,W-41
CR-2025-003389,2023-11-06 21:24:08,MOTOR VEHICLE THEFT,AUTOMOBILE,41.96488205793711,-87.65858298825444,APARTMENT,False,False,D-13,W-31
CR-2023-003414,2024-01-16 08:32:24,ROBBERY,ARMED ROBBERY,41.77457885812965,-87.63989411242427,SIDEWALK,True,False,D-11,W-37
CR-2024-001555,2025-02-22 20:39:05,THEFT,PETTY THEFT,41.74985540390219,-87.6360784724186,RESIDENCE,False,False,D-13,W-48
CR-2025-005078,2023-08-22 00:45:57,NARCOTICS,POSSESSION OF COCAINE,41.86164284195345,-87.6391400764983,RESIDENCE,True,False,D-05,W-12
CR-2025-004916,2025-08-04 03:44:27,BURGLARY,RESIDENTIAL,41.87126986365282,-87.6351078844423,SIDEWALK,True,False,D-06,W-02
CR-2025-002510,2024-02-28 21:08:39,BURGLARY,RESIDENTIAL,41.87723138375185,-87.64082675201087,PARK,False,False,D-03,W-23
CR-2025-005669,2025-04-28 23:03:12,OTHER OFFENSE,DUPLICATE ID TEST RECORD,41.928766523619345,-87.62206420571245,APARTMENT,True,False,D-14,W-45
CR-2024-003622,2023-10-07 22:44:22,BURGLARY,RESIDENTIAL,41.88858429607576,-87.63923556791806,RESIDENCE,False,False,D-14,W-25
CR-2025-005687,2025-04-12 02:26:49,NARCOTICS,,41.86145585948146,-87.65502065337573,APARTMENT,True,False,D-14,W-33
CR-2024-005473,2025-05-23 19:35:38,ROBBERY,ARMED ROBBERY,41.86842607309517,-87.61790106256068,STREET,False,False,D-03,W-38
CR-2024-002437,2024-12-27 00:12:54,CRIMINAL DAMAGE,TO PROPERTY,41.936239877141254,-87.67558959453415,RESIDENCE,False,False,D-14,W-21
CR-2024-000667,2023-08-01 01:39:57,ASSAULT,SIMPLE ASSAULT,41.78261668643005,-87.63742714927795,RESIDENCE,True,False,D-02,W-04
CR-2024-004342,2023-07-21 02:54:28,ROBBERY,ARMED ROBBERY,41.89628800739319,-87.7210109300482,APARTMENT,True,True,D-07,W-46
CR-2023-000654,2024-11-22 04:44:36,NARCOTICS,POSSESSION OF HEROIN,41.89438843348748,-87.6226795265068,APARTMENT,False,False,D-09,W-32
CR-2023-003216,2025-08-13 16:12:06,MOTOR VEHICLE THEFT,AUTOMOBILE,41.91876838456897,-87.68208939549915,SIDEWALK,True,False,D-15,W-31
CR-2024-000451,2024-01-30 03:38:45,BATTERY,DOMESTIC BATTERY,41.77961862057337,-87.59703870343482,APARTMENT,False,True,D-09,W-17
CR-2024-000550,2023-06-08 22:20:41,NARCOTICS,POSSESSION OF COCAINE,41.8930701516479,-87.6732438306729,PARKING LOT,True,False,D-02,W-07
CR-2023-005523,2024-10-24 23:47:05,BATTERY,DOMESTIC BATTERY,41.90679722407907,-87.73748433334266,COMMERCIAL BUILDING,True,False,D-04,W-26
CR-2024-004144,2025-07-13 15:25:42,MOTOR VEHICLE THEFT,TRUCK,41.935728209690126,-87.69342473240178,SIDEWALK,True,False,D-14,W-04
CR-2024-005644,2023-02-15 09:57:17,BURGLARY,COMMERCIAL,41.866320231196056,-87.6005655533283,ALLEY,False,False,D-10,W-15
CR-2025-001454,2023-10-12 21:23:09,ASSAULT,AGGRAVATED ASSAULT,41.871349807130066,-87.61094276174707,PARKING LOT,False,False,D-15,W-11
CR-2025-001667,2025-08-25 19:03:29,BURGLARY,RESIDENTIAL,41.89909391967719,-87.64993191622727,PARK,False,False,D-10,W-40
CR-2023-000210,2023-12-08 03:46:03,ASSAULT,SIMPLE ASSAULT,41.98961495849764,-87.62019318315113,PARK,False,False,D-03,W-40
CR-2024-004816,2024-08-31 18:51:20,ASSAULT,SIMPLE ASSAULT,41.771446186845004,-87.64630162996662,ALLEY,False,False,D-09,W-39
CR-2025-004736,2024-02-07 15:44:40,CRIMINAL DAMAGE,TO PROPERTY,41.732442712794374,-87.64169235320975,PARKING LOT,True,False,D-06,W-27
CR-2023-001074,2023-12-31 23:19:11,ROBBERY,STRONGARM ROBBERY,41.77631863099627,-87.67007972027886,APARTMENT,True,True,D-05,W-15
CR-2025-004853,2023-08-04 23:57:09,ROBBERY,ARMED ROBBERY,41.979558108646366,-87.63544743794041,PARKING LOT,False,False,D-13,W-41
CR-2024-002635,2023-08-26 08:33:14,ROBBERY,ARMED ROBBERY,41.89746137636184,-87.59098136539704,STREET,False,False,D-12,W-09
CR-2025-000335,2023-06-23 20:12:08,THEFT,GRAND THEFT,41.896791277887466,-87.66090085348613,APARTMENT,False,False,D-09,W-42
CR-2024-002599,2023-10-02 13:20:44,MOTOR VEHICLE THEFT,TRUCK,41.86540348547812,-87.61591491685746,SIDEWALK,False,False,D-09,W-49
CR-2023-001410,2024-08-19 11:14:54,BATTERY,AGGRAVATED BATTERY,41.94282233211698,-87.6383968405763,RESIDENCE,True,True,D-05,W-02
CR-2023-000528,2023-06-28 03:47:38,BATTERY,SIMPLE BATTERY,41.94788891858017,-87.6318454196148,APARTMENT,True,False,D-02,W-05
CR-2024-000178,2024-11-28 22:51:54,ROBBERY,ARMED ROBBERY,41.87782230296012,-87.63412987958381,RESIDENCE,False,False,D-14,W-24
CR-2024-000730,2025-07-17 19:28:07,BURGLARY,FORCIBLE ENTRY,41.775438600400406,-87.65960745590723,PARKING LOT,False,False,D-05,W-22
CR-2024-001750,2024-11-08 09:32:16,MOTOR VEHICLE THEFT,TRUCK,41.90185153642414,-87.73819164202712,APARTMENT,False,False,D-10,W-09
CR-2024-001546,2025-10-21 10:29:19,BURGLARY,RESIDENTIAL,41.87668311928337,-87.62350585041965,PARKING LOT,False,False,D-01,W-48
CR-2024-005953,2023-01-19 17:04:11,MOTOR VEHICLE THEFT,AUTOMOBILE,41.95926513929948,-87.69145179298363,SIDEWALK,True,False,D-13,W-10
CR-2024-004591,2023-04-13 15:29:31,CRIMINAL DAMAGE,TO VEHICLE,41.944079971568534,-87.64862069700648,APARTMENT,False,False,D-03,W-12
CR-2025-004100,2025-10-23 05:03:27,ASSAULT,AGGRAVATED ASSAULT,41.87166688903081,-87.63056335067745,PARKING LOT,True,False,D-01,W-46
CR-2024-000061,2024-07-26 01:13:28,MOTOR VEHICLE THEFT,AUTOMOBILE,41.8139698577734,-87.6640462765698,ALLEY,False,False,D-15,W-42
CR-2024-005320,2025-08-17 13:54:59,ASSAULT,AGGRAVATED ASSAULT,41.95387229162331,-87.66731013270828,APARTMENT,False,True,D-13,W-31
CR-2023-000420,2023-07-28 17:06:10,BATTERY,,41.87970965322626,-87.714753249141,RESIDENCE,True,False,D-13,W-33
CR-2023-003372,2023-10-14 22:48:35,BURGLARY,FORCIBLE ENTRY,41.75386713364505,-87.6520547226358,STREET,False,False,D-03,W-32
CR-2024-004180,2023-10-03 23:12:31,BATTERY,SIMPLE BATTERY,41.89239420531325,-87.72227404597946,ALLEY,True,True,D-15,W-36
CR-2025-005024,2024-12-10 13:08:54,BURGLARY,FORCIBLE ENTRY,41.884963129010075,-87.62329378585977,SIDEWALK,False,False,D-13,W-45
CR-2024-003343,2023-07-31 23:24:41,MOTOR VEHICLE THEFT,TRUCK,41.87036142030302,-87.64368088386465,ALLEY,False,False,D-11,W-41
CR-2025-005585,2025-06-27 07:38:07,THEFT,GRAND THEFT,41.89151688264658,-87.6247843787969,STREET,False,False,D-11,W-10
CR-2023-000795,2024-06-28 02:49:12,BURGLARY,FORCIBLE ENTRY,,,STREET,False,False,D-01,W-21
CR-2024-001012,2024-02-03 01:50:14,ROBBERY,ARMED ROBBERY,41.83280731766269,-87.6270422568287,APARTMENT,False,False,D-05,W-01
CR-2025-005537,2025-08-09 08:06:18,ASSAULT,SIMPLE ASSAULT,41.86827008715199,-87.62687548441014,SIDEWALK,False,,D-10,W-45
CR-2023-001263,not-a-valid-date-string,ASSAULT,SIMPLE ASSAULT,41.884401417356784,-87.62069724110177,SIDEWALK,False,False,D-11,W-36
CR-2025-002576,2023-09-23 16:10:15,NARCOTICS,POSSESSION OF COCAINE,41.958762034040596,-87.66588402019623,COMMERCIAL BUILDING,True,True,D-01,W-24
CR-2024-002779,2025-07-13 22:25:15,NARCOTICS,POSSESSION OF HEROIN,41.87766175391219,-87.61817327317617,STREET,True,False,D-12,W-17
CR-2024-001393,2023-06-26 14:25:08,ROBBERY,STRONGARM ROBBERY,41.86655005900704,-87.64924174996375,SIDEWALK,False,True,D-01,W-43
CR-2025-003893,2023-09-09 22:12:50,BATTERY,DOMESTIC BATTERY,41.9505236583888,-87.6680561738572,STREET,False,True,D-12,W-40
CR-2025-004070,2023-10-24 06:22:43,NARCOTICS,SALE/MANUFACTURE,41.93579903137303,-87.66998323732241,STREET,True,False,D-15,W-07
CR-2024-000211,2025-10-12 05:31:20,CRIMINAL DAMAGE,TO PROPERTY,41.87611864532738,-87.70941172288282,STREET,False,False,D-07,W-26
CR-2025-000539,2024-11-24 22:08:30,MOTOR VEHICLE THEFT,AUTOMOBILE,41.90061139685952,-87.6170466738683,PARK,False,False,D-12,W-18
CR-2025-001007,2025-05-20 02:07:58,ASSAULT,SIMPLE ASSAULT,41.89054212262898,-87.6327073920816,SIDEWALK,False,False,D-08,W-22
CR-2024-003883,2025-09-01 13:11:30,MOTOR VEHICLE THEFT,AUTOMOBILE,41.92737881220135,-87.75793311259562,APARTMENT,True,False,D-14,W-42
CR-2025-003179,2024-07-15 04:32:03,ASSAULT,SIMPLE ASSAULT,41.84837053271392,-87.65228771802937,PARKING LOT,False,False,D-05,W-50
CR-2023-004605,2025-04-14 00:25:24,BATTERY,DOMESTIC BATTERY,41.919375474021976,-87.6737853680519,COMMERCIAL BUILDING,False,True,D-08,W-49
CR-2023-004764,2025-04-23 08:24:26,CRIMINAL DAMAGE,TO VEHICLE,41.88073405324707,-87.63207926685209,COMMERCIAL BUILDING,False,,D-14,W-11
CR-2025-004394,2024-08-19 06:52:45,ROBBERY,ARMED ROBBERY,41.88828940729974,-87.64045204910256,STREET,False,False,D-12,W-11
CR-2023-002448,2025-08-27 01:36:19,ASSAULT,AGGRAVATED ASSAULT,41.91462989623863,-87.6777009484494,APARTMENT,False,False,D-12,W-24
CR-2024-003418,2025-11-27 22:55:12,ASSAULT,AGGRAVATED ASSAULT,,,STREET,False,False,D-06,W-30
CR-2025-004211,2024-04-03 04:42:10,CRIMINAL DAMAGE,TO PROPERTY,41.76394301664505,-87.65071918861433,APARTMENT,False,False,D-15,W-17
CR-2023-002562,2024-05-25 21:53:01,BATTERY,AGGRAVATED BATTERY,41.79612911142686,-87.64609085705716,STREET,False,,D-11,W-04
CR-2023-001554,2024-06-30 10:26:19,BATTERY,DOMESTIC BATTERY,41.88871086143153,-87.76055669411159,ALLEY,True,False,D-15,W-45
CR-2024-001228,2023-10-24 15:26:47,BATTERY,AGGRAVATED BATTERY,41.9367989351726,-87.65051190998929,PARK,True,True,D-01,W-21
CR-2025-004274,2023-08-29 05:34:55,ASSAULT,SIMPLE ASSAULT,41.939698455168475,-87.6615335177153,SIDEWALK,False,False,D-08,W-03
CR-2024-003055,2025-06-16 02:53:07,ROBBERY,STRONGARM ROBBERY,41.80492385434494,-87.66063146022714,PARK,False,False,D-03,W-20
CR-2025-005657,2023-12-30 02:12:34,THEFT,FROM BUILDING,41.77506248261076,-87.65066119424881,COMMERCIAL BUILDING,False,False,D-13,W-35
CR-2025-001958,2025-11-22 00:47:58,THEFT,FROM BUILDING,41.87678847006835,-87.62157520558668,APARTMENT,False,False,D-13,W-42
CR-2025-003446,2025-01-22 02:23:15,ROBBERY,STRONGARM ROBBERY,41.74778783875278,-87.61775431965684,COMMERCIAL BUILDING,False,False,D-11,W-35
CR-2025-005162,2025-08-06 22:15:39,ROBBERY,ARMED ROBBERY,41.880834203353075,-87.64951299294435,PARKING LOT,False,False,D-07,W-23
CR-2025-001448,2024-02-15 22:53:05,BATTERY,AGGRAVATED BATTERY,41.846838305907525,-87.60392955025358,STREET,True,False,D-05,W-31
CR-2024-002131,2023-07-25 02:48:58,NARCOTICS,POSSESSION OF COCAINE,41.797887872187154,-87.63629396580647,COMMERCIAL BUILDING,False,False,D-01,W-13
CR-2025-003449,2024-07-08 21:54:20,NARCOTICS,SALE/MANUFACTURE,41.77786771595538,-87.6658625671762,PARK,False,False,D-07,W-49
CR-2025-000986,2024-06-29 07:11:48,OTHER OFFENSE,DUPLICATE ID TEST RECORD,41.88793851164795,-87.62687895707923,SIDEWALK,False,False,D-10,W-29
CR-2024-005479,2024-02-10 02:16:55,CRIMINAL DAMAGE,GRAFFITI,41.95539230662057,-87.65263001161877,STREET,True,False,D-04,W-08
CR-2023-003315,2025-05-12 20:47:01,CRIMINAL DAMAGE,TO VEHICLE,41.7396963921645,-87.61756967340769,PARK,False,False,D-10,W-47
CR-2025-003281,2023-03-17 00:55:37,ASSAULT,AGGRAVATED ASSAULT,41.94453391547104,-87.62586829834859,ALLEY,False,False,D-09,W-41
CR-2025-004337,2023-08-07 21:05:16,NARCOTICS,SALE/MANUFACTURE,41.941553903131016,-87.63725817376823,APARTMENT,True,False,D-06,W-08
CR-2025-000209,2023-07-14 01:08:42,ASSAULT,AGGRAVATED ASSAULT,41.89578945776096,-87.62878722277885,PARK,False,True,D-12,W-06
CR-2023-001266,2023-06-16 19:32:28,NARCOTICS,POSSESSION OF COCAINE,41.886432689695134,-87.6435802976723,PARKING LOT,True,False,D-01,W-25
CR-2023-003645,2024-03-28 20:07:22,NARCOTICS,POSSESSION OF COCAINE,41.827423519057646,-87.73845108858573,STREET,True,False,D-11,W-43
CR-2023-000132,2025-07-11 15:35:24,NARCOTICS,POSSESSION OF HEROIN,41.77258579621517,-87.66019457954913,COMMERCIAL BUILDING,True,False,D-13,W-16
CR-2023-003786,2024-04-29 23:37:17,PETTY THEFT,TO PROPERTY,41.86849768314748,-87.60754384134695,ALLEY,False,False,D-06,W-40
CR-2025-001247,2024-05-29 04:05:32,CRIMINAL DAMAGE,GRAFFITI,41.74748732764302,-87.60866987033131,PARKING LOT,False,False,D-02,W-38
CR-2023-004149,2024-09-14 05:39:11,MOTOR VEHICLE THEFT,AUTOMOBILE,41.877229908212875,-87.7083121647008,PARKING LOT,True,False,D-04,W-26
CR-2024-004153,2024-08-03 17:55:45,CRIMINAL DAMAGE,TO VEHICLE,41.919916647996246,-87.61706787865873,PARKING LOT,False,False,D-09,W-41
CR-2023-004224,2024-07-03 07:44:04,ASSAULT,SIMPLE ASSAULT,41.866301418626634,-87.62481441500164,SIDEWALK,True,True,D-06,W-17
CR-2025-005198,2025-08-21 22:38:44,BURGLARY,COMMERCIAL,41.87213539710721,-87.69992616550795,RESIDENCE,False,False,D-09,W-31
CR-2025-000971,2024-09-09 16:48:50,BURGLARY,RESIDENTIAL,41.88213690411868,-87.63494788413246,SIDEWALK,True,False,D-07,W-41
CR-2024-001066,2023-05-11 13:17:08,BATTERY,SIMPLE BATTERY,41.8881929185395,-87.62092278799388,PARKING LOT,True,False,D-01,W-37
CR-2023-000144,2023-05-09 18:55:34,ASSAULT,AGGRAVATED ASSAULT,41.88231487801603,-87.63914049279731,PARK,True,False,D-08,W-34
CR-2024-001168,2023-03-29 21:32:58,CRIMINAL DAMAGE,TO PROPERTY,41.958413314427624,-87.65430452625638,PARK,True,False,D-10,W-27
CR-2024-000364,2023-10-08 06:24:18,MOTOR VEHICLE THEFT,AUTOMOBILE,41.76540600799227,-87.64845761813507,SIDEWALK,False,False,D-09,W-48
CR-2023-005562,2025-06-14 05:06:07,ASSAULT,SIMPLE ASSAULT,41.894012001077094,-87.61630657934893,SIDEWALK,False,False,D-10,W-50
CR-2024-005992,2024-03-04 00:36:35,CRIMINAL DAMAGE,TO PROPERTY,41.88774075728948,-87.61899041152964,PARK,False,False,D-15,W-03
CR-2023-001710,2023-12-10 05:13:12,NARCOTICS,SALE/MANUFACTURE,41.93625291133576,-87.65684442090446,COMMERCIAL BUILDING,True,False,D-04,W-18
CR-2025-001649,2023-11-13 20:13:22,NARCOTICS,POSSESSION OF COCAINE,41.860799742341065,-87.61274028186453,APARTMENT,True,False,D-01,W-35
CR-2023-000456,2024-02-06 00:16:58,BATTERY,SIMPLE BATTERY,41.78513459209277,-87.58956366800592,RESIDENCE,True,False,D-02,W-22
CR-2024-001408,2024-07-14 02:08:19,BATTERY,DOMESTIC BATTERY,41.885331000910035,-87.62426900279024,APARTMENT,False,False,D-02,W-21
CR-2024-005593,2025-04-11 10:58:08,ASSAULT,AGGRAVATED ASSAULT,41.893150488390944,-87.6215730508969,APARTMENT,True,False,D-05,W-02
CR-2024-003718,2025-03-14 00:13:06,BATTERY,SIMPLE BATTERY,41.759586447203944,-87.63044909999171,PARK,True,True,D-09,W-31
CR-2024-000982,2025-04-29 13:21:40,THEFT,PETTY THEFT,41.792790111650085,-87.62676048296862,STREET,False,False,D-08,W-08
CR-2025-004658,2023-06-11 12:59:50,MOTOR VEHICLE THEFT,MOTORCYCLE,41.94270421180969,-87.67524529915937,COMMERCIAL BUILDING,False,False,D-10,W-39
CR-2025-000341,2025-02-09 05:31:05,THEFT,PETTY THEFT,41.87023219600581,-87.62245938158158,ALLEY,False,False,D-05,W-27
CR-2023-001122,2023-08-01 18:20:16,THEFT,RETAIL THEFT,41.90235818862453,-87.62823466093715,SIDEWALK,False,False,D-11,W-01
CR-2025-005636,2025-08-27 05:43:25,MOTOR VEHICLE THEFT,AUTOMOBILE,41.86732274022258,-87.61804801527514,APARTMENT,False,False,D-14,W-41
CR-2024-000310,2024-02-25 23:24:45,BATTERY,SIMPLE BATTERY,41.866242883168326,-190.0,STREET,True,False,D-02,W-22
CR-2025-002951,2025-08-17 22:12:41,THEFT,PETTY THEFT,41.94536065235368,-87.63409712362657,STREET,False,False,D-07,W-18
CR-2024-004384,2025-11-10 15:30:37,BATTERY,AGGRAVATED BATTERY,41.78021143467224,-87.60950428398112,RESIDENCE,False,True,D-12,W-48
CR-2025-003371,2023-10-07 11:19:06,ASSAULT,AGGRAVATED ASSAULT,41.91704023468879,-87.68514924540011,ALLEY,False,True,D-04,W-16
CR-2023-000585,2023-11-12 16:08:14,ROBBERY,STRONGARM ROBBERY,41.894260714616166,-87.72183855436855,APARTMENT,False,False,D-05,W-28
CR-2023-000699,2023-08-17 23:26:42,ROBBERY,ARMED ROBBERY,41.902207450343,-87.73872409702149,PARK,False,False,D-11,W-45
CR-2024-005689,2025-01-15 01:30:40,ASSAULT,,41.8868743023963,-87.62894940026742,COMMERCIAL BUILDING,False,False,D-02,W-34
CR-2025-003815,2025-09-21 17:41:37,ASSAULT,AGGRAVATED ASSAULT,41.969858592290144,-87.67236798948078,STREET,False,True,D-12,W-33
CR-2024-001759,2024-03-05 23:01:13,NARCOTICS,POSSESSION OF COCAINE,41.9739903733952,-87.69963637678708,SIDEWALK,True,False,D-14,W-48
CR-2023-005838,2023-09-19 20:39:54,THEFT,PETTY THEFT,41.88090061561082,-87.73347239288033,RESIDENCE,False,False,D-03,W-19
CR-2024-001699,2024-10-30 02:46:46,ROBBERY,STRONGARM ROBBERY,41.91217174618134,-87.63586596134776,STREET,True,False,D-02,W-03
CR-2024-005725,2024-06-15 06:17:30,NARCOTICS,POSSESSION OF HEROIN,41.87013154626191,-87.74229949838293,SIDEWALK,True,False,D-04,W-16
CR-2024-000688,2024-01-12 23:41:47,BATTERY,AGGRAVATED BATTERY,41.868556690704125,-87.70818171562686,APARTMENT,True,False,D-10,W-33
CR-2023-004770,2023-12-25 21:39:52,CRIMINAL DAMAGE,GRAFFITI,41.78711610064512,-87.64334549784776,STREET,False,False,D-13,W-49
CR-2024-005587,2023-04-27 15:34:49,BURGLARY,RESIDENTIAL,41.88801729392993,-87.62214621666392,PARKING LOT,False,False,D-09,W-19
CR-2024-001696,2024-03-23 22:09:22,NARCOTICS,SALE/MANUFACTURE,41.946920542728115,-87.65681331208651,COMMERCIAL BUILDING,True,False,D-09,W-19
CR-2025-000248,2023-01-01 05:17:49,NARCOTICS,POSSESSION OF COCAINE,41.75296884614184,-87.6337584669521,COMMERCIAL BUILDING,True,False,D-12,W-46
CR-2024-005080,2023-12-28 09:30:20,ASSAULT,AGGRAVATED ASSAULT,41.85570215281687,-87.63233177106125,COMMERCIAL BUILDING,False,False,D-05,W-48
CR-2024-004549,2024-07-23 07:06:57,BATTERY,DOMESTIC BATTERY,41.78158073221048,-87.64149677586263,PARK,True,True,D-02,W-09
CR-2024-001336,2025-06-04 00:39:16,BURGLARY,RESIDENTIAL,41.78541105658334,-87.64247104640482,STREET,False,False,D-06,W-34
CR-2025-003260,2023-04-21 05:28:46,MOTOR VEHICLE THEFT,TRUCK,41.77019606507957,-87.63087316390296,RESIDENCE,True,False,D-07,W-49
CR-2023-001680,2024-09-11 12:37:34,MOTOR VEHICLE THEFT,AUTOMOBILE,41.860800013951916,-87.65511016520666,SIDEWALK,False,False,D-06,W-24
CR-2023-000498,2023-01-04 09:34:12,NARCOTICS,POSSESSION OF COCAINE,41.905065297902745,-87.620187357081,PARKING LOT,False,,D-03,W-34
CR-2025-000815,2023-11-23 18:52:50,CRIMINAL DAMAGE,GRAFFITI,41.88537099225942,-87.64249534982487,COMMERCIAL BUILDING,False,False,D-09,W-03
CR-2024-004978,2024-11-19 16:00:41,BURGLARY,FORCIBLE ENTRY,41.78869703155614,-87.65486494899017,ALLEY,False,False,D-09,W-43
CR-2023-001695,2024-06-05 23:43:05,BATTERY,SIMPLE BATTERY,41.91686007035618,-87.67135648887901,APARTMENT,False,False,D-08,W-01
CR-2025-002846,2024-07-18 23:45:05,ASSAULT,AGGRAVATED ASSAULT,41.78719119167815,-87.65517893921727,SIDEWALK,False,True,D-12,W-30
CR-2025-000890,2025-06-22 22:47:13,CRIMINAL DAMAGE,TO PROPERTY,41.85700523804493,-87.63104658358944,SIDEWALK,True,False,D-02,W-18
CR-2024-004603,2025-06-14 09:10:34,ROBBERY,STRONGARM ROBBERY,41.899545851593224,-87.76007286431246,PARKING LOT,False,False,D-14,W-18
CR-2025-002609,2024-02-19 16:39:47,ASSAULT,AGGRAVATED ASSAULT,41.93812198746702,-87.67927902795988,STREET,False,True,D-05,W-17
CR-2025-003992,2025-06-19 15:49:56,ROBBERY,ARMED ROBBERY,41.95316342612279,-87.67211543779797,COMMERCIAL BUILDING,False,False,D-12,W-04
CR-2024-004066,2025-02-25 04:43:18,NARCOTICS,POSSESSION OF HEROIN,41.88566145632239,-87.6939138976736,PARKING LOT,True,False,D-11,W-32
CR-2023-005772,2025-06-11 18:31:51,BATTERY,AGGRAVATED BATTERY,41.95212186041752,-87.62937486580503,APARTMENT,True,True,D-08,W-24
CR-2025-003272,2024-12-14 03:15:16,ROBBERY,STRONGARM ROBBERY,41.87933662649952,-87.63533978155237,APARTMENT,False,False,D-06,W-28
CR-2023-001881,2024-01-11 13:48:29,THEFT,RETAIL THEFT,41.758574640693496,-87.60841800210807,PARK,False,False,D-01,W-31
CR-2025-005099,2024-06-30 20:05:15,NARCOTICS,POSSESSION OF COCAINE,41.974229377781306,-87.64915993879988,APARTMENT,True,False,D-08,W-48
CR-2025-005090,2023-10-23 01:53:27,BATTERY,SIMPLE BATTERY,41.7434153911051,-87.62340012577748,STREET,True,False,D-05,W-24
CR-2024-002596,2023-11-14 14:16:14,NARCOTICS,SALE/MANUFACTURE,41.792800552421056,-87.64378211972006,PARK,True,False,D-11,W-20
CR-2024-005068,not-a-valid-date-string,BURGLARY,RESIDENTIAL,41.86019936347186,-87.65729755677549,ALLEY,False,False,D-08,W-36
CR-2024-004396,2023-09-23 02:32:21,MOTOR VEHICLE THEFT,TRUCK,41.8790484821977,-87.63393759939845,SIDEWALK,False,False,D-02,W-39
CR-2024-005782,2024-08-15 00:48:37,BATTERY,AGGRAVATED BATTERY,41.96978894776248,-87.65538285169887,STREET,True,False,D-12,W-26
CR-2023-004047,2024-06-23 04:22:22,BURGLARY,RESIDENTIAL,41.94923791842309,-87.60256661716109,SIDEWALK,False,False,D-04,W-12
CR-2024-005737,2023-03-26 21:03:01,ASSAULT,,41.767289955464754,-87.59340252656884,STREET,True,False,D-06,W-36
CR-2024-001006,2024-02-06 02:38:56,ROBBERY,STRONGARM ROBBERY,41.86675543770383,-87.74381825581996,STREET,False,False,D-03,W-46
CR-2024-005908,2023-10-01 03:39:52,BURGLARY,COMMERCIAL,41.891447854276784,-87.62348850156222,PARKING LOT,False,False,D-03,W-46
CR-2024-001672,2024-07-10 16:04:29,THEFT,GRAND THEFT,,,ALLEY,True,False,D-15,W-30
CR-2024-000361,2025-01-09 12:54:27,ROBBERY,STRONGARM ROBBERY,41.85787721866842,-87.61865103858966,SIDEWALK,False,False,D-08,W-36
CR-2024-005683,2024-08-14 13:46:33,NARCOTICS,POSSESSION OF COCAINE,41.93933480948106,-87.62093120768795,COMMERCIAL BUILDING,True,False,D-04,W-49
CR-2023-005778,2024-11-28 17:50:38,MOTOR VEHICLE THEFT,TRUCK,41.78946571542981,-87.67934561890704,ALLEY,False,False,D-10,W-12
CR-2024-004027,2023-03-01 21:11:11,BURGLARY,COMMERCIAL,41.87003032206768,-87.6228033310474,STREET,False,False,D-13,W-34
CR-2023-001950,2024-09-11 22:39:32,NARCOTICS,POSSESSION OF COCAINE,41.869758218798594,-87.6317509044033,SIDEWALK,True,False,D-03,W-30
CR-2023-000855,2025-02-10 02:05:50,THEFT,GRAND THEFT,41.97054161338574,-87.65770762327907,PARK,False,,D-13,W-45
CR-2025-005939,2023-11-10 23:21:46,THEFT,FROM BUILDING,41.88258799649134,-87.639153953205,ALLEY,False,False,D-13,W-35
CR-2024-005410,2023-10-25 14:24:51,MOTOR VEHICLE THEFT,TRUCK,41.754131577031465,-87.63060509487383,PARKING LOT,False,False,D-09,W-16
CR-2023-000510,2023-06-02 17:24:41,ASSAULT,AGGRAVATED ASSAULT,41.95885670976071,-87.66677400007877,SIDEWALK,False,False,D-03,W-35
CR-2024-003265,2024-02-01 05:21:54,CRIMINAL DAMAGE,TO PROPERTY,41.88678392972857,-87.62289936514209,RESIDENCE,False,False,D-11,W-26
CR-2023-003045,2025-11-16 20:17:24,MOTOR VEHICLE THEFT,AUTOMOBILE,41.88928041086117,-87.62839714755343,PARK,False,False,D-13,W-22
CR-2024-002824,2025-08-30 20:17:54,MOTOR VEHICLE THEFT,MOTORCYCLE,41.81509491046145,-87.60553399943304,ALLEY,False,False,D-13,W-24
CR-2025-002423,2023-04-14 04:01:51,THEFT,PETTY THEFT,41.84542683020403,-87.6377420044526,COMMERCIAL BUILDING,False,False,D-10,W-23
CR-2024-001333,2025-04-16 06:39:19,BURGLARY,RESIDENTIAL,41.895867135828,-87.74908541966583,COMMERCIAL BUILDING,True,True,D-12,W-22
CR-2024-004615,2025-08-18 16:47:11,BATTERY,SIMPLE BATTERY,41.77758112229998,-87.61266302545121,ALLEY,False,False,D-03,W-42
CR-2024-001576,2024-07-21 09:19:38,ASSAULT,AGGRAVATED ASSAULT,41.83449517671018,-87.63542233084932,ALLEY,False,True,D-09,W-12
CR-2024-002191,2024-05-01 08:39:55,MOTOR VEHICLE THEFT,AUTOMOBILE,41.86809726924573,-87.62683124998988,RESIDENCE,False,False,D-01,W-46
CR-2025-001295,2023-11-03 05:34:01,CRIMINAL DAMAGE,GRAFFITI,41.896661572020264,-87.6366595248263,RESIDENCE,False,False,D-01,W-16
CR-2023-004464,2025-05-09 18:48:15,NARCOTICS,SALE/MANUFACTURE,41.86303493260559,-87.62789762972298,SIDEWALK,True,False,D-11,W-25
CR-2025-003362,2023-08-26 23:36:09,BURGLARY,COMMERCIAL,41.76642152621324,-87.59907079931881,COMMERCIAL BUILDING,False,False,D-01,W-15
CR-2024-001315,2023-10-16 01:43:11,THEFT,PETTY THEFT,41.882548633177116,-87.62285222807098,STREET,True,False,D-04,W-49
CR-2023-001485,2025-12-22 01:22:54,BATTERY,DOMESTIC BATTERY,41.84941617536871,-87.63082951069129,RESIDENCE,True,False,D-14,W-16
CR-2025-001820,2024-07-26 02:27:50,THEFT,PETTY THEFT,41.93846135949764,-87.65895137948759,PARK,True,False,D-15,W-50
CR-2025-005084,2025-03-22 01:26:02,BURGLARY,FORCIBLE ENTRY,41.927777878934116,-87.66556254492728,SIDEWALK,True,False,D-06,W-06
CR-2024-004444,2024-02-12 01:31:27,ASSAULT,AGGRAVATED ASSAULT,41.87707570688354,-87.6337513545268,SIDEWALK,False,True,D-12,W-31
CR-2025-002603,2024-03-01 10:50:18,ASSAULT,AGGRAVATED ASSAULT,41.895497599495826,-87.63738949298482,PARK,False,True,D-02,W-30
CR-2025-001796,2024-06-15 00:52:33,BURGLARY,FORCIBLE ENTRY,41.91265458128157,-87.6519916633471,PARK,False,True,D-12,W-27
CR-2023-000411,2025-07-20 21:51:16,ROBBERY,ARMED ROBBERY,41.91258347185429,-87.6352425784066,ALLEY,False,False,D-14,W-44
CR-2023-001269,2023-11-24 15:09:26,ROBBERY,ARMED ROBBERY,41.74775706558884,-87.62762664722501,APARTMENT,False,False,D-15,W-01
CR-2025-004034,2024-02-14 04:01:57,ASSAULT,AGGRAVATED ASSAULT,41.949086667771375,-87.66254998005763,STREET,False,False,D-04,W-49
CR-2023-001545,2023-12-24 04:03:22,BATTERY,SIMPLE BATTERY,41.73345051936532,-87.6100071926129,COMMERCIAL BUILDING,True,True,D-05,W-29
CR-2024-000580,2023-07-30 00:52:00,ASSAULT,SIMPLE ASSAULT,41.835610697132275,-87.68566303369337,COMMERCIAL BUILDING,False,True,D-12,W-24
CR-2025-005981,2024-08-06 19:01:56,ROBBERY,STRONGARM ROBBERY,41.860059927383425,-87.64465020570854,PARKING LOT,False,False,D-08,W-49
CR-2024-000700,2024-07-17 19:08:09,BURGLARY,RESIDENTIAL,41.862396335259774,-87.6217502087121,PARKING LOT,False,,D-05,W-46
CR-2024-001813,2024-03-01 03:51:14,MOTOR VEHICLE THEFT,MOTORCYCLE,41.75804192386271,-87.60989925546069,STREET,True,False,D-05,W-10
CR-2025-002810,2024-06-09 11:58:46,BURGLARY,FORCIBLE ENTRY,41.941992298811265,-87.69088797861014,RESIDENCE,False,False,D-03,W-43
CR-2024-000379,2024-09-12 22:27:08,BURGLARY,FORCIBLE ENTRY,41.86522463329729,-87.61929535180887,ALLEY,False,False,D-09,W-44
CR-2023-004416,2023-02-09 02:27:51,THEFT,FROM BUILDING,41.76673309192796,-87.60541005559318,SIDEWALK,False,False,D-14,W-50
CR-2023-005889,2023-09-05 01:39:34,ASSAULT,SIMPLE ASSAULT,41.872887495504415,-87.64243443575155,PARKING LOT,False,False,D-12,W-45
CR-2025-003023,2023-05-13 22:57:37,CRIMINAL DAMAGE,TO VEHICLE,41.948439536895116,-87.62464253288726,SIDEWALK,True,False,D-15,W-27
CR-2023-004257,2025-08-22 09:20:31,MOTOR VEHICLE THEFT,MOTORCYCLE,41.872818578655426,-87.72272884304346,APARTMENT,True,False,D-03,W-07
CR-2023-001740,2023-04-26 09:18:07,ROBBERY,ARMED ROBBERY,41.94235638826035,-87.70736274175654,STREET,False,False,D-14,W-24
CR-2024-003304,2024-09-24 02:01:33,ASSAULT,AGGRAVATED ASSAULT,41.86643086674024,-87.72323952972002,RESIDENCE,False,False,D-02,W-08
CR-2025-002240,2023-08-21 14:20:35,ROBBERY,STRONGARM ROBBERY,41.860182155903516,-87.62551295069808,ALLEY,False,False,D-15,W-12
CR-2025-001901,2024-05-01 22:36:27,CRIMINAL DAMAGE,TO PROPERTY,41.92405434615559,-87.65211074986391,RESIDENCE,False,False,D-15,W-16
CR-2024-000148,2024-03-27 09:14:34,BURGLARY,RESIDENTIAL,41.80138999688583,-87.62131751197809,PARK,False,False,D-02,W-18
CR-2023-001002,2023-03-01 13:54:50,ROBBERY,STRONGARM ROBBERY,41.73155963332616,-87.62366765731568,COMMERCIAL BUILDING,False,False,D-03,W-50
CR-2023-002508,2025-11-16 22:18:19,ASSAULT,SIMPLE ASSAULT,41.72628126235703,-87.57794555223664,COMMERCIAL BUILDING,True,True,D-05,W-21
CR-2024-003016,2025-08-02 05:14:49,NARCOTICS,POSSESSION OF HEROIN,41.791462492403234,-87.6512687215888,COMMERCIAL BUILDING,True,False,D-10,W-05
CR-2023-005880,2023-06-25 15:51:27,BURGLARY,RESIDENTIAL,41.87912310173905,-87.61753011851114,APARTMENT,False,False,D-03,W-17
CR-2024-003187,2024-04-06 09:17:04,NARCOTICS,POSSESSION OF HEROIN,41.944966526921505,-87.63333030247897,ALLEY,True,False,D-11,W-39
CR-2024-005830,2024-11-01 22:57:20,NARCOTICS,POSSESSION OF HEROIN,41.86487272251522,-87.63866823428864,APARTMENT,False,False,D-08,W-34
CR-2023-002466,2024-04-28 12:29:31,ASSAULT,AGGRAVATED ASSAULT,41.90111723152692,-87.61296438671945,SIDEWALK,False,False,D-10,W-36
CR-2024-001615,2024-06-13 22:58:00,NARCOTICS,SALE/MANUFACTURE,41.871831356813516,-87.66018711809667,RESIDENCE,True,False,D-15,W-26
CR-2025-001436,2023-06-25 22:00:54,ROBBERY,STRONGARM ROBBERY,41.90665945962796,-87.66699235461314,SIDEWALK,False,False,D-10,W-09
CR-2025-001193,2025-06-03 14:03:06,THEFT,GRAND THEFT,41.874643989286916,-87.64366349716403,STREET,False,False,D-09,W-06
CR-2025-001877,2024-06-11 00:02:51,ASSAULT,AGGRAVATED ASSAULT,41.86771624506102,-87.65933384713624,APARTMENT,False,False,D-10,W-28
CR-2025-003803,2025-06-13 12:42:57,MOTOR VEHICLE THEFT,AUTOMOBILE,41.9304468122945,-87.6680497486965,PARKING LOT,False,False,D-04,W-17
CR-2023-004314,2023-11-03 17:22:37,MOTOR VEHICLE THEFT,TRUCK,41.961338090465134,-87.66898880804172,STREET,False,False,D-02,W-03
CR-2023-000771,2025-07-09 23:31:39,BURGLARY,COMMERCIAL,41.91050266586186,-87.73512773261855,PARK,False,False,D-08,W-35
CR-2023-005808,2024-10-21 12:16:54,MOTOR VEHICLE THEFT,MOTORCYCLE,41.87285862574047,-87.61625412749895,APARTMENT,False,False,D-03,W-23
CR-2024-001465,2023-02-20 10:04:58,BURGLARY,RESIDENTIAL,41.800628864812424,-87.6403884881506,ALLEY,False,False,D-06,W-31
CR-2023-001023,2025-12-06 19:49:35,CRIMINAL DAMAGE,TO PROPERTY,41.94840414129836,-87.65548600642276,APARTMENT,False,False,D-09,W-47
CR-2024-004561,2025-08-02 23:24:01,BATTERY,AGGRAVATED BATTERY,41.962032684473364,-87.65501783287493,PARKING LOT,True,True,D-08,W-40
CR-2023-002946,2024-05-29 00:27:54,BATTERY,,41.92041843143631,-87.6857057358448,COMMERCIAL BUILDING,True,False,D-05,W-20
CR-2024-003907,2023-11-23 12:12:03,ASSAULT,AGGRAVATED ASSAULT,41.87986382944831,-87.62752888905892,SIDEWALK,False,True,D-02,W-23
CR-2023-001683,2025-05-18 02:54:37,MOTOR VEHICLE THEFT,AUTOMOBILE,41.937882406482096,-87.65174499787463,SIDEWALK,False,False,D-11,W-33
CR-2024-005551,2025-01-22 10:08:46,ASSAULT,AGGRAVATED ASSAULT,41.86361259843656,-87.6262492431846,SIDEWALK,False,False,D-08,W-04
CR-2024-005002,2024-07-29 09:56:54,BATTERY,DOMESTIC BATTERY,41.80882946328655,-87.64827605392854,PARK,False,True,D-01,W-13
CR-2023-000789,2023-03-29 22:29:56,MOTOR VEHICLE THEFT,TRUCK,41.867377351617634,-87.74148454386626,COMMERCIAL BUILDING,False,False,D-08,W-10
CR-2023-004152,2025-05-10 03:41:43,CRIMINAL DAMAGE,TO PROPERTY,41.96502997733863,-87.63933817902677,PARKING LOT,False,False,D-11,W-31
CR-2023-005694,2023-11-09 02:21:39,BATTERY,,41.88717699523639,-87.63400424069616,APARTMENT,False,False,D-09,W-39
CR-2024-002113,2025-05-11 23:16:26,THEFT,,41.985776356810874,-87.64690588783286,PARKING LOT,False,False,D-02,W-05
CR-2024-003256,2023-01-03 22:15:11,MOTOR VEHICLE THEFT,MOTORCYCLE,41.86667618202446,-87.63439020931537,PARK,False,False,D-08,W-24
CR-2025-003026,2025-07-21 22:11:38,NARCOTICS,SALE/MANUFACTURE,41.87406363035729,-87.71152076397983,SIDEWALK,False,False,D-12,W-25
CR-2024-004777,2024-07-14 20:20:58,BURGLARY,RESIDENTIAL,41.93979144602398,-87.61513053978037,APARTMENT,False,False,D-02,W-35
CR-2025-002150,2023-10-25 14:07:42,NARCOTICS,POSSESSION OF HEROIN,41.76831003545679,-87.66314043510476,COMMERCIAL BUILDING,True,False,D-12,W-17
CR-2025-004970,2024-11-19 10:56:51,BATTERY,DOMESTIC BATTERY,41.86958829078158,-87.60277707388252,STREET,True,False,D-09,W-24
CR-2024-001774,2025-08-06 06:46:49,ASSAULT,AGGRAVATED ASSAULT,41.860591555508755,-87.72754486041671,APARTMENT,False,False,D-14,W-16
CR-2023-002025,2025-08-16 11:17:09,ASSAULT,SIMPLE ASSAULT,41.93363885832677,-87.65167497674796,PARKING LOT,False,False,D-10,W-11
CR-2023-000924,2023-09-12 01:23:28,THEFT,PETTY THEFT,41.96778914401053,-87.64675611276256,ALLEY,False,False,D-03,W-02
CR-2024-002179,2024-09-23 02:16:34,ROBBERY,STRONGARM ROBBERY,41.89124595873153,-87.71465603351142,COMMERCIAL BUILDING,False,False,D-03,W-25
CR-2025-000992,2024-05-12 20:34:34,ASSAULT,SIMPLE ASSAULT,41.96746250090752,-87.64503829159806,APARTMENT,False,False,D-12,W-33
CR-2024-002512,2024-08-04 03:25:00,THEFT,RETAIL THEFT,41.92158755696496,-87.7491212159716,ALLEY,False,False,D-11,W-05
CR-2025-000800,2023-03-12 20:36:48,THEFT,,41.774327588972376,-87.5946280895213,RESIDENCE,False,False,D-03,W-10
CR-2024-002977,2024-05-10 21:40:17,ASSAULT,AGGRAVATED ASSAULT,41.89015609765589,-87.7114534967232,COMMERCIAL BUILDING,False,False,D-03,W-27
CR-2023-003606,2024-11-04 00:41:24,MOTOR VEHICLE THEFT,MOTORCYCLE,41.92258115561013,-87.66343948732747,SIDEWALK,False,False,D-14,W-01
CR-2023-004362,2023-10-14 14:56:11,THEFT,FROM BUILDING,41.94563329435967,-87.6628484680226,STREET,False,False,D-06,W-05
CR-2025-005039,2024-07-09 17:04:30,CRIMINAL DAMAGE,GRAFFITI,41.78787293959352,-87.6549948306132,STREET,False,False,D-11,W-31
CR-2023-002655,2023-07-02 00:15:40,ASSAULT,SIMPLE ASSAULT,41.942951799667924,-87.63062551443328,APARTMENT,False,True,D-13,W-26
CR-2023-000441,2023-06-08 17:53:52,MOTOR VEHICLE THEFT,MOTORCYCLE,41.87075840836223,-87.61413758684397,COMMERCIAL BUILDING,False,False,D-03,W-50
CR-2024-005527,2024-09-26 23:25:01,NARCOTICS,POSSESSION OF HEROIN,41.89547615599546,-87.74030961781473,ALLEY,True,False,D-03,W-49
CR-2025-004277,2025-02-04 02:13:18,CRIMINAL DAMAGE,TO PROPERTY,41.96725877239795,-87.65167492103309,SIDEWALK,True,False,D-11,W-01
CR-2025-004538,2025-08-05 08:08:39,NARCOTICS,POSSESSION OF HEROIN,41.77050535152551,-87.65786585846823,APARTMENT,True,False,D-13,W-02
CR-2023-000606,2025-08-16 23:00:10,ROBBERY,ARMED ROBBERY,41.86732389101647,-87.61637613434584,COMMERCIAL BUILDING,False,False,D-03,W-23
CR-2025-004766,2025-04-07 06:39:22,BATTERY,AGGRAVATED BATTERY,41.74075843976783,-87.64392430069753,PARK,True,False,D-11,W-10
CR-2025-000902,2023-06-16 02:30:51,BATTERY,AGGRAVATED BATTERY,41.7338215080936,-87.66860339857514,PARKING LOT,True,False,D-10,W-02
CR-2025-000224,2023-03-19 02:11:50,BURGLARY,FORCIBLE ENTRY,41.87039199623995,-87.64568820282834,APARTMENT,False,False,D-08,W-41
CR-2023-004476,2024-09-16 03:04:56,BATTERY,SIMPLE BATTERY,41.86402299341389,-87.63799611429195,PARK,False,False,D-01,W-05
CR-2025-001280,2023-06-12 22:28:50,ROBBERY,STRONGARM ROBBERY,41.75355260119269,-87.62685782096491,APARTMENT,False,False,D-05,W-33
CR-2025-005651,2023-07-26 05:49:34,THEFT,FROM BUILDING,41.86725747807233,-87.66243323165482,APARTMENT,False,True,D-03,W-23
CR-2024-002842,2023-05-27 17:06:00,ROBBERY,ARMED ROBBERY,41.76479509550349,-87.66635094483225,STREET,True,False,D-01,W-07
CR-2024-005293,not-a-valid-date-string,MOTOR VEHICLE THEFT,AUTOMOBILE,41.799553640401015,-87.62095868351021,APARTMENT,False,False,D-08,W-42
CR-2024-001519,2023-09-29 20:10:47,BURGLARY,RESIDENTIAL,41.754831685867885,-87.63416528199241,APARTMENT,False,False,D-11,W-16
CR-2024-001678,2024-07-14 18:07:57,MOTOR VEHICLE THEFT,MOTORCYCLE,41.87927865544579,-87.66173101141622,STREET,False,False,D-09,W-42
CR-2023-004449,2023-06-09 12:18:32,BATTERY,SIMPLE BATTERY,41.8622372799456,-87.62044986548987,PARKING LOT,True,False,D-13,W-11
CR-2024-004525,2023-01-10 08:28:07,CRIMINAL DAMAGE,TO VEHICLE,41.78945811993625,-87.65721586285949,STREET,True,False,D-05,W-38
CR-2023-000324,2024-08-26 09:44:59,BURGLARY,FORCIBLE ENTRY,41.773126636744784,-87.61159484087968,SIDEWALK,True,False,D-03,W-37
CR-2025-004796,2024-09-28 05:23:43,ROBBERY,ARMED ROBBERY,41.81020865905745,-87.60058861064188,PARK,False,False,D-13,W-08
CR-2025-001841,2025-09-24 08:17:05,BURGLARY,RESIDENTIAL,41.78336736792026,-87.59826963039258,STREET,False,False,D-15,W-42
CR-2025-004388,2025-07-29 20:46:15,THEFT,GRAND THEFT,41.872949972362214,-87.61266688910672,APARTMENT,False,True,D-12,W-01
CR-2023-002286,2024-04-09 07:06:18,THEFT,GRAND THEFT,41.89023378904089,-87.63856682937777,STREET,True,False,D-08,W-08
CR-2025-005645,2024-03-23 22:40:02,THEFT,RETAIL THEFT,41.88913482715462,-87.61591143734908,COMMERCIAL BUILDING,False,False,D-14,W-38
CR-2024-002701,2023-06-09 06:01:46,ROBBERY,ARMED ROBBERY,41.890218568175456,-87.7252603150874,STREET,False,False,D-09,W-07
CR-2025-002720,2023-01-17 23:08:44,ROBBERY,ARMED ROBBERY,41.86907083337098,-87.63929847095073,RESIDENCE,False,False,D-13,W-20
CR-2023-000369,2024-12-21 04:33:18,ROBBERY,STRONGARM ROBBERY,41.98170948888925,-87.63501259869963,RESIDENCE,True,False,D-04,W-13
CR-2023-001464,2025-09-10 14:20:38,MOTOR VEHICLE THEFT,TRUCK,41.901771770863434,-87.61501825471578,APARTMENT,False,False,D-12,W-35
CR-2024-002524,2025-08-19 11:12:36,CRIMINAL DAMAGE,GRAFFITI,41.97083723009588,-87.65903357924627,PARKING LOT,False,False,D-14,W-40
CR-2025-001022,2023-06-27 22:53:57,CRIMINAL DAMAGE,TO PROPERTY,41.865763701014274,-87.61298453999014,PARK,False,False,D-10,W-38
CR-2025-004160,2023-04-14 16:43:53,ROBBERY,STRONGARM ROBBERY,41.908195666908675,-87.68177902168439,PARKING LOT,True,False,D-15,W-06
CR-2023-001113,2024-04-06 19:06:37,BURGLARY,FORCIBLE ENTRY,41.89939404506771,-87.63880635348609,PARKING LOT,False,False,D-02,W-32
CR-2023-003978,2025-02-07 09:00:10,ASSAULT,SIMPLE ASSAULT,41.87748127806532,-87.59741318268095,APARTMENT,False,False,D-06,W-41
CR-2025-000206,2023-07-26 21:39:38,ASSAULT,AGGRAVATED ASSAULT,41.74054714573161,-87.59705807945254,ALLEY,False,False,D-05,W-08
CR-2025-002369,2025-12-28 17:11:42,ASSAULT,AGGRAVATED ASSAULT,41.74477445511433,-87.61146263045188,RESIDENCE,True,True,D-02,W-48
CR-2024-004306,2023-04-21 09:09:26,NARCOTICS,POSSESSION OF HEROIN,41.78436795665354,-87.63317036851747,PARKING LOT,True,False,D-11,W-41
CR-2023-004983,2024-06-08 03:15:48,MOTOR VEHICLE THEFT,AUTOMOBILE,41.93866737623621,-87.65550411200782,SIDEWALK,False,False,D-06,W-36
CR-2024-003013,2023-01-15 01:39:23,BATTERY,DOMESTIC BATTERY,41.89417273903372,-87.65239801045286,STREET,True,False,D-07,W-25
CR-2025-002234,2024-05-11 07:52:28,MOTOR VEHICLE THEFT,TRUCK,41.78158610935852,-87.61931571298418,COMMERCIAL BUILDING,False,False,D-08,W-37
CR-2025-001256,2024-04-12 14:17:27,BATTERY,AGGRAVATED BATTERY,41.79262209588293,-87.63537389483885,RESIDENCE,False,False,D-04,W-13
CR-2025-001976,2023-06-02 11:35:42,BURGLARY,RESIDENTIAL,41.91086145100071,-87.62124239187469,PARKING LOT,False,False,D-12,W-22
CR-2023-001134,2024-07-12 21:40:00,MOTOR VEHICLE THEFT,MOTORCYCLE,41.870537302534885,-87.63102284009653,RESIDENCE,False,False,D-08,W-18
CR-2025-002813,2025-06-22 23:23:16,ASSAULT,SIMPLE ASSAULT,41.88301716610361,-87.61551282764572,RESIDENCE,False,False,D-13,W-01
CR-2023-002790,2024-10-03 19:53:21,NARCOTICS,SALE/MANUFACTURE,41.98640536848622,-87.63483886889495,SIDEWALK,False,False,D-07,W-40
CR-2023-001821,2023-08-09 00:48:31,CRIMINAL DAMAGE,GRAFFITI,41.863250633111726,-87.6303251141501,COMMERCIAL BUILDING,False,False,D-05,W-32
CR-2023-002049,2025-04-23 00:59:40,CRIMINAL DAMAGE,GRAFFITI,41.87611745966534,-87.62871581551924,PARKING LOT,False,False,D-07,W-48
CR-2025-001433,2023-11-16 22:36:44,BURGLARY,COMMERCIAL,41.86552121302329,-87.64310021383426,COMMERCIAL BUILDING,False,False,D-08,W-01
CR-2024-001225,2025-07-29 21:03:10,ASSAULT,AGGRAVATED ASSAULT,41.86435712126779,-87.64227733312346,COMMERCIAL BUILDING,False,False,D-03,W-29
CR-2024-002257,2024-04-06 20:35:13,NARCOTICS,POSSESSION OF COCAINE,41.94484164248391,-87.67355621838593,RESIDENCE,True,False,D-09,W-48
CR-2025-002156,2025-03-15 06:12:15,THEFT,FROM BUILDING,41.88552058480663,-87.62404847452895,ALLEY,False,False,D-15,W-10
CR-2025-001706,2024-07-09 23:44:54,BURGLARY,COMMERCIAL,41.91644795943969,-87.7418771034873,RESIDENCE,False,False,D-11,W-13
CR-2024-005143,2024-03-09 20:13:06,MOTOR VEHICLE THEFT,MOTORCYCLE,41.94652781953267,-87.65511546014008,ALLEY,False,False,D-02,W-20
CR-2023-005286,2025-02-22 21:24:30,MOTOR VEHICLE THEFT,TRUCK,41.92423035591462,-87.64705833070256,APARTMENT,False,False,D-08,W-50
CR-2023-005244,2025-09-01 23:22:33,BATTERY,AGGRAVATED BATTERY,41.75425667416431,-87.64834451447227,STREET,True,True,D-09,W-15
CR-2023-004470,2023-01-03 22:08:05,MOTOR VEHICLE THEFT,AUTOMOBILE,41.976704090534035,-87.61846368781227,SIDEWALK,False,,D-08,W-05
CR-2024-004237,2023-09-30 04:02:07,BATTERY,AGGRAVATED BATTERY,41.88527210863334,-87.63845843088566,RESIDENCE,True,True,D-10,W-28
CR-2024-002053,2024-01-25 19:38:40,ROBBERY,ARMED ROBBERY,41.873686362415455,-87.60945124921258,SIDEWALK,False,False,D-09,W-17
CR-2025-002885,2023-03-23 11:49:04,ROBBERY,ARMED ROBBERY,41.90642655409422,-87.63226362977548,COMMERCIAL BUILDING,False,False,D-11,W-27
CR-2025-000866,2025-05-03 00:46:50,BURGLARY,FORCIBLE ENTRY,41.77841450985281,-87.63657949457087,PARK,False,False,D-11,W-36
CR-2025-001277,2023-01-13 02:47:47,BURGLARY,FORCIBLE ENTRY,41.86497073082623,-87.7172766764498,RESIDENCE,False,False,D-06,W-14
CR-2024-003268,2023-03-09 01:20:42,NARCOTICS,POSSESSION OF HEROIN,41.92938093233811,-87.64138135798117,COMMERCIAL BUILDING,True,False,D-11,W-49
CR-2024-002911,2023-09-09 14:55:46,NARCOTICS,,41.861377667189714,-87.61184633576859,COMMERCIAL BUILDING,True,False,D-04,W-22
CR-2024-004411,2023-07-02 02:16:09,ROBBERY,STRONGARM ROBBERY,41.95370327845493,-87.66827997040946,COMMERCIAL BUILDING,False,False,D-13,W-09
CR-2025-003926,2024-07-07 18:57:06,MOTOR VEHICLE THEFT,MOTORCYCLE,41.955604520741545,-87.64447357411983,STREET,False,False,D-15,W-44
CR-2023-002052,2024-03-27 15:37:35,ASSAULT,SIMPLE ASSAULT,41.877160406340096,-87.62615314812231,APARTMENT,False,False,D-05,W-43
CR-2024-000532,not-a-valid-date-string,THEFT,RETAIL THEFT,41.94115118117194,-87.67769339789253,SIDEWALK,False,False,D-12,W-18
CR-2025-001439,2024-12-22 16:02:39,THEFT,PETTY THEFT,41.885859469109874,-87.73027192233131,PARKING LOT,False,False,D-08,W-29
CR-2025-004427,2025-05-07 23:07:35,BURGLARY,RESIDENTIAL,41.87584297787758,-87.6397474688519,SIDEWALK,True,False,D-14,W-06
CR-2023-003489,2025-07-27 21:24:36,ROBBERY,STRONGARM ROBBERY,41.901503832942964,-87.65907404369325,APARTMENT,True,False,D-04,W-49
CR-2024-005809,2025-04-24 21:51:00,THEFT,GRAND THEFT,41.88136210224522,-87.61618221422636,RESIDENCE,False,False,D-12,W-38
CR-2024-000526,2023-04-16 09:23:17,OTHER OFFENSE,DUPLICATE ID TEST RECORD,41.88551045279424,-87.62588989351265,STREET,False,True,D-11,W-48
CR-2024-002914,2023-04-24 22:09:17,MOTOR VEHICLE THEFT,TRUCK,41.88050884149758,-87.60936801394473,PARKING LOT,True,False,D-13,W-39
CR-2023-002640,2025-10-31 03:46:55,MOTOR VEHICLE THEFT,MOTORCYCLE,41.86848378100193,-87.6199141848413,RESIDENCE,False,False,D-11,W-12
CR-2023-004845,2024-01-27 23:00:21,BATTERY,SIMPLE BATTERY,41.791018366199225,-87.63654496233491,PARKING LOT,True,False,D-02,W-16
CR-2023-001056,2024-02-06 22:08:47,THEFT,GRAND THEFT,41.878713787630936,-87.64483281183672,APARTMENT,False,False,D-12,W-45
CR-2024-001954,2024-05-12 05:08:20,CRIMINAL DAMAGE,TO PROPERTY,41.88688856301747,-87.64085155203922,COMMERCIAL BUILDING,False,True,D-08,W-31
CR-2023-000477,2023-11-07 12:02:15,MOTOR VEHICLE THEFT,MOTORCYCLE,41.776846220540186,-87.6010676042103,RESIDENCE,False,,D-13,W-03
CR-2025-001427,2025-01-18 21:59:48,NARCOTICS,SALE/MANUFACTURE,41.97275918304611,-87.66556392729026,COMMERCIAL BUILDING,True,False,D-05,W-38
CR-2023-003153,2023-08-25 04:38:22,ROBBERY,STRONGARM ROBBERY,41.86594207055268,-87.61694536694526,RESIDENCE,False,False,D-13,W-08
CR-2025-005768,2025-11-04 11:55:10,ROBBERY,ARMED ROBBERY,41.817829022242464,-87.62432480696313,APARTMENT,False,False,D-07,W-22
CR-2025-003788,2023-12-20 17:42:14,CRIMINAL DAMAGE,TO VEHICLE,41.72507716210606,-87.62976966256034,COMMERCIAL BUILDING,False,False,D-06,W-33
CR-2025-000845,2025-03-22 07:57:14,MOTOR VEHICLE THEFT,TRUCK,41.9601338760295,-87.66479807313245,PARK,False,False,D-04,W-30
CR-2024-001204,2023-06-30 03:45:39,MOTOR VEHICLE THEFT,AUTOMOBILE,41.96462793108983,-87.67826526577505,ALLEY,False,False,D-01,W-43
CR-2023-005805,2025-12-13 12:40:32,MOTOR VEHICLE THEFT,TRUCK,41.795481834531614,-87.56393800312814,PARKING LOT,False,False,D-13,W-03
CR-2024-001945,2023-06-24 23:58:10,ASSAULT,AGGRAVATED ASSAULT,41.962257151684746,-87.64364857362382,PARK,False,True,D-09,W-03
CR-2025-005489,2023-11-08 22:01:30,ROBBERY,STRONGARM ROBBERY,41.806131806173276,-87.61944915735711,ALLEY,False,False,D-07,W-28
CR-2025-001184,2023-08-18 12:06:06,BATTERY,AGGRAVATED BATTERY,41.860502560080924,-87.70465539083987,ALLEY,True,False,D-15,W-26
CR-2024-001174,2023-05-16 00:44:31,BURGLARY,RESIDENTIAL,41.96226957823828,-87.66314025279839,RESIDENCE,False,False,D-04,W-36
CR-2024-005779,2025-07-08 07:59:22,CRIMINAL DAMAGE,TO VEHICLE,41.95076660437796,-87.67762128352143,RESIDENCE,False,False,D-11,W-10
CR-2025-003407,2023-10-18 03:27:30,BATTERY,SIMPLE BATTERY,41.85674062831704,-87.62712206245419,SIDEWALK,True,True,D-04,W-26
CR-2024-002248,2023-02-19 11:12:54,THEFT,RETAIL THEFT,41.93229656496514,-87.63376303710685,PARK,False,False,D-09,W-07
CR-2025-004271,2025-10-23 03:47:47,MOTOR VEHICLE THEFT,MOTORCYCLE,41.76180377748751,-87.62922897596337,APARTMENT,False,False,D-11,W-34
CR-2024-000577,2024-10-12 10:03:51,MOTOR VEHICLE THEFT,TRUCK,41.902730227402046,-87.61465274365986,SIDEWALK,False,False,D-03,W-39
CR-2024-002194,2024-10-07 03:00:47,ROBBERY,STRONGARM ROBBERY,41.88322505646388,-87.7163646101427,STREET,False,False,D-10,W-24
CR-2023-004404,2024-04-16 02:37:25,CRIMINAL DAMAGE,GRAFFITI,41.95814436389261,-87.63995385274795,PARK,False,False,D-14,W-17
CR-2025-002774,2024-08-02 09:24:14,CRIMINAL DAMAGE,TO VEHICLE,41.76660107737826,-87.59579857777533,APARTMENT,False,False,D-09,W-35
CR-2025-000068,2024-07-01 00:44:48,BURGLARY,COMMERCIAL,41.86635120061496,-87.63463092274309,RESIDENCE,False,False,D-07,W-05
CR-2024-003136,2024-01-05 13:29:40,MOTOR VEHICLE THEFT,AUTOMOBILE,41.77660078834492,-87.65604785921784,PARKING LOT,False,False,D-15,W-14
CR-2024-002677,2024-06-06 21:10:19,MOTOR VEHICLE THEFT,TRUCK,41.870006131688946,-87.6163763416596,PARKING LOT,False,False,D-08,W-35
CR-2024-000274,2025-08-16 20:35:47,NARCOTICS,POSSESSION OF COCAINE,41.78817864683428,-87.6440996296679,STREET,False,False,D-01,W-47
CR-2023-001371,2023-07-26 06:11:23,ASSAULT,AGGRAVATED ASSAULT,41.881383264035584,-87.71685348873866,ALLEY,False,True,D-12,W-39
CR-2023-002661,2023-07-01 00:57:27,ROBBERY,STRONGARM ROBBERY,41.97008396488087,-87.65109393919556,RESIDENCE,False,False,D-06,W-27
CR-2024-003676,2024-05-29 19:31:24,MOTOR VEHICLE THEFT,MOTORCYCLE,41.87055696869494,-87.61211701094444,PARK,False,False,D-07,W-27
CR-2025-002675,2023-12-03 14:54:15,ROBBERY,ARMED ROBBERY,41.794244271394746,-87.61961360355933,PARK,True,False,D-13,W-45
CR-2023-000933,2023-04-09 02:03:39,BURGLARY,RESIDENTIAL,41.89358819306513,-87.61289942294759,ALLEY,False,False,D-08,W-27
CR-2023-004020,2023-07-06 23:11:34,NARCOTICS,SALE/MANUFACTURE,41.9443532218626,-87.65896490486418,ALLEY,True,False,D-02,W-41
CR-2024-001738,2023-12-26 01:43:11,MOTOR VEHICLE THEFT,TRUCK,41.89820067989435,-87.76480164495312,PARK,False,False,D-12,W-42
CR-2023-001320,2023-10-05 20:46:52,THEFT,RETAIL THEFT,41.82413265874333,-87.63445114738481,SIDEWALK,False,False,D-08,W-18
CR-2024-001864,2024-04-06 12:33:06,BATTERY,DOMESTIC BATTERY,41.92440604943269,-87.70162287725937,PARKING LOT,True,False,D-12,W-36
CR-2023-003651,2023-06-21 13:28:39,NARCOTICS,POSSESSION OF HEROIN,41.76748255962442,-87.62052516215476,PARK,True,False,D-04,W-36
CR-2024-003316,2025-05-31 06:23:23,CRIMINAL DAMAGE,GRAFFITI,41.76906544255638,-87.64806044876508,PARK,False,False,D-02,W-32
CR-2023-003057,2024-09-18 05:00:11,CRIMINAL DAMAGE,GRAFFITI,41.77372538527254,-87.65477563187869,RESIDENCE,False,False,D-14,W-36
CR-2023-002994,2024-10-30 22:01:52,PETTY THEFT,SALE/MANUFACTURE,41.7897735259592,-87.63884966703108,RESIDENCE,False,False,D-06,W-46
CR-2024-000874,2025-05-21 09:06:03,BURGLARY,FORCIBLE ENTRY,41.88401246909878,-87.7088811703338,RESIDENCE,False,False,D-03,W-18
CR-2024-000847,2024-07-06 01:13:40,ROBBERY,ARMED ROBBERY,41.950927591590926,-87.61652142001883,PARKING LOT,False,False,D-10,W-21
CR-2024-005059,2025-10-09 16:19:00,MOTOR VEHICLE THEFT,AUTOMOBILE,41.86704388804883,-87.74711246419406,PARK,False,False,D-08,W-46
CR-2025-000119,2025-05-02 13:24:11,MOTOR VEHICLE THEFT,AUTOMOBILE,41.76235533838079,-87.6076891666301,SIDEWALK,False,False,D-08,W-04
CR-2023-002115,2025-04-16 23:36:27,CRIMINAL DAMAGE,TO VEHICLE,41.854536778143114,-87.60946640596435,PARK,False,False,D-04,W-25
CR-2025-003551,2024-08-18 13:57:42,ROBBERY,ARMED ROBBERY,41.8796396829281,-87.63426694234336,ALLEY,True,False,D-02,W-19
CR-2025-002618,2023-04-21 12:59:15,NARCOTICS,POSSESSION OF HEROIN,41.85713291782364,-87.61176135242162,APARTMENT,False,False,D-06,W-28
CR-2023-001764,2025-03-29 20:33:25,ROBBERY,STRONGARM ROBBERY,41.91176635505588,-87.67632619823279,SIDEWALK,False,False,D-11,W-17
CR-2025-004553,2023-02-10 14:34:36,ASSAULT,SIMPLE ASSAULT,41.889484725431906,-87.62307882488481,ALLEY,False,True,D-05,W-25
CR-2024-000637,2024-08-23 03:52:57,ROBBERY,ARMED ROBBERY,41.90243575859963,-87.72434909555449,STREET,True,False,D-08,W-27
CR-2023-002595,2023-06-15 16:06:45,NARCOTICS,POSSESSION OF COCAINE,41.76301475299428,-87.63003231717519,PARK,True,False,D-07,W-04
CR-2023-004101,2025-07-25 07:02:04,CRIMINAL DAMAGE,TO VEHICLE,41.765390591525325,-87.64903709804578,PARKING LOT,False,False,D-11,W-49
CR-2023-004407,2024-02-09 12:09:20,NARCOTICS,POSSESSION OF COCAINE,41.882792984772365,-87.62881393509929,RESIDENCE,True,False,D-08,W-07
CR-2025-000968,2023-11-07 03:07:55,MOTOR VEHICLE THEFT,TRUCK,41.953474793229894,-87.64594613656469,RESIDENCE,True,False,D-12,W-44
CR-2025-005387,2024-03-09 03:42:35,ROBBERY,STRONGARM ROBBERY,41.916494227333224,-87.7230020147092,PARK,False,False,D-10,W-49
CR-2025-000716,2024-08-19 22:49:49,BATTERY,DOMESTIC BATTERY,95.0,-87.64357693596423,PARKING LOT,False,False,D-13,W-29
CR-2023-001689,2025-07-19 03:56:38,CRIMINAL DAMAGE,TO PROPERTY,41.95851931106912,-87.66986544404813,PARKING LOT,False,False,D-03,W-21
CR-2023-001854,2025-01-30 22:08:06,THEFT,RETAIL THEFT,41.78950167153796,-87.62801382379399,ALLEY,False,False,D-04,W-01
CR-2023-004275,2024-03-04 05:20:37,ROBBERY,STRONGARM ROBBERY,41.85816488544165,-87.64093492019315,SIDEWALK,False,False,D-10,W-12
CR-2023-000444,2023-12-16 17:47:36,ASSAULT,SIMPLE ASSAULT,41.96021309661385,-87.63312592838834,ALLEY,True,False,D-14,W-15
CR-2025-001850,2023-04-03 04:07:27,ASSAULT,SIMPLE ASSAULT,41.89407757948572,-87.6080107488177,PARK,False,False,D-11,W-48
CR-2024-004129,2023-07-01 02:43:48,NARCOTICS,POSSESSION OF COCAINE,41.770820808357435,-87.6222796910897,COMMERCIAL BUILDING,True,False,D-09,W-28
CR-2024-004036,2023-06-25 09:34:15,MOTOR VEHICLE THEFT,MOTORCYCLE,41.86882452469934,-87.64172340470503,STREET,False,False,D-09,W-41
CR-2023-000927,2025-03-26 20:48:26,THEFT,RETAIL THEFT,41.89310873477065,-87.63985930313615,APARTMENT,False,False,D-12,W-15
CR-2025-004508,2024-08-13 17:50:31,ROBBERY,STRONGARM ROBBERY,41.852590591255236,-87.6408211482021,PARK,False,False,D-11,W-48
CR-2024-004306,2023-04-21 09:09:26,OTHER OFFENSE,DUPLICATE ID TEST RECORD,41.78436795665354,-87.63317036851747,PARKING LOT,True,False,D-11,W-41
CR-2023-001590,2023-12-07 02:42:10,ROBBERY,ARMED ROBBERY,41.803360552800704,-87.61594643635166,ALLEY,False,False,D-13,W-42
CR-2023-003114,2025-07-24 22:17:58,BATTERY,SIMPLE BATTERY,41.79963309431457,-87.64479128811284,ALLEY,True,False,D-01,W-16
CR-2025-005807,2025-07-12 02:36:53,MOTOR VEHICLE THEFT,MOTORCYCLE,41.94105771659855,-87.65466821987694,COMMERCIAL BUILDING,False,False,D-08,W-01
CR-2025-000101,2024-08-14 02:28:48,BURGLARY,FORCIBLE ENTRY,41.80597628107938,-87.60265494869913,ALLEY,True,False,D-06,W-22
CR-2023-004911,2025-06-24 21:16:28,ROBBERY,STRONGARM ROBBERY,41.75873725927436,-87.64048050994974,PARK,False,False,D-02,W-17
CR-2023-004071,2024-11-04 08:04:11,BURGLARY,FORCIBLE ENTRY,95.0,-87.63677613919302,RESIDENCE,False,False,D-01,W-28
CR-2023-004335,2024-02-29 11:06:33,MOTOR VEHICLE THEFT,TRUCK,41.80692341281016,-87.58975928532652,ALLEY,True,False,D-08,W-28
CR-2024-004528,2023-03-08 06:03:59,ROBBERY,STRONGARM ROBBERY,41.875346895169756,-87.63152426397238,STREET,False,False,D-15,W-06
CR-2025-005507,2025-10-04 22:24:09,MOTOR VEHICLE THEFT,,41.802440475338784,-87.62708704844391,ALLEY,False,False,D-03,W-10
CR-2023-002583,2023-07-19 13:38:01,ROBBERY,STRONGARM ROBBERY,41.871535746859664,-87.72961105226334,PARK,False,True,D-11,W-10
CR-2025-000611,2023-05-28 10:46:58,MOTOR VEHICLE THEFT,AUTOMOBILE,41.7947444220233,-87.61865502256371,PARK,False,False,D-15,W-36
CR-2023-001050,2024-01-17 02:47:37,NARCOTICS,POSSESSION OF COCAINE,,,STREET,True,False,D-07,W-43
CR-2023-002505,2024-11-10 20:15:26,THEFT,RETAIL THEFT,41.90207482711462,-87.61879678279742,PARK,False,False,D-10,W-36
CR-2025-002765,2025-02-27 22:16:00,BATTERY,DOMESTIC BATTERY,41.81120150835817,-87.64772929316509,PARKING LOT,True,False,D-08,W-22
CR-2023-001989,2025-04-26 22:17:54,ROBBERY,STRONGARM ROBBERY,41.88662154807693,-87.64554483248365,PARKING LOT,False,False,D-09,W-09
CR-2023-005604,2025-03-24 00:39:54,BURGLARY,RESIDENTIAL,41.885402631034516,-87.60464140610539,APARTMENT,False,False,D-15,W-46
CR-2024-001039,2023-05-02 00:26:48,THEFT,PETTY THEFT,41.87600830586479,-87.63655283897278,PARKING LOT,False,False,D-03,W-23
CR-2025-003293,2024-12-11 19:11:38,ASSAULT,SIMPLE ASSAULT,41.977023042355235,-87.6605007250036,STREET,True,,D-01,W-48
CR-2024-005149,2023-08-24 23:37:05,CRIMINAL DAMAGE,TO VEHICLE,41.97012960245781,-87.64638480297566,SIDEWALK,False,False,D-03,W-26
CR-2024-004321,2024-08-12 19:28:12,CRIMINAL DAMAGE,TO VEHICLE,41.89525042295309,-87.6270271201891,COMMERCIAL BUILDING,False,False,D-12,W-36
CR-2024-003301,2024-09-20 08:21:15,MOTOR VEHICLE THEFT,TRUCK,41.89178930483811,-87.62347424600496,SIDEWALK,True,False,D-06,W-36
CR-2023-003330,2023-05-16 23:55:09,BURGLARY,RESIDENTIAL,41.96506315533259,-87.66790498590008,ALLEY,False,False,D-02,W-15
CR-2024-002632,2023-05-07 14:12:44,BATTERY,DOMESTIC BATTERY,41.808677146369334,-87.64946512566651,SIDEWALK,False,True,D-01,W-19
CR-2024-001858,2024-06-24 17:56:28,THEFT,FROM BUILDING,42.013261859391896,-87.60914167498767,ALLEY,False,False,D-15,W-48
CR-2024-004855,2025-07-17 16:26:38,NARCOTICS,POSSESSION OF COCAINE,41.8623961737484,-87.61963045043656,ALLEY,True,False,D-09,W-26
CR-2025-005615,2025-03-24 02:01:04,THEFT,RETAIL THEFT,41.95445943747175,-87.66708320775977,PARKING LOT,False,False,D-09,W-23
CR-2025-004436,2024-06-13 16:21:23,MOTOR VEHICLE THEFT,AUTOMOBILE,41.851577646323705,-87.63431011540666,COMMERCIAL BUILDING,False,False,D-15,W-06
CR-2023-001380,2025-06-24 12:41:17,ASSAULT,SIMPLE ASSAULT,41.88754294376333,-87.64186473639491,SIDEWALK,False,False,D-15,W-13
CR-2025-000470,2023-09-06 11:06:32,ROBBERY,STRONGARM ROBBERY,41.922793912026584,-87.6378508534344,SIDEWALK,False,True,D-01,W-05
CR-2023-005976,2024-06-14 21:31:29,ASSAULT,SIMPLE ASSAULT,41.87206534965871,-87.67470559903991,SIDEWALK,False,False,D-04,W-35
CR-2023-000492,2023-04-04 23:28:14,MOTOR VEHICLE THEFT,TRUCK,41.778809936522734,-87.65795911722982,ALLEY,False,False,D-15,W-31
CR-2025-000812,2023-11-10 06:43:24,THEFT,PETTY THEFT,41.98586595552435,-87.6336990386857,PARK,False,False,D-10,W-03
CR-2024-001855,2025-08-02 09:13:13,BATTERY,DOMESTIC BATTERY,41.743002261903285,-87.6618953954107,PARK,True,True,D-14,W-24
CR-2024-004258,2024-07-16 10:10:59,CRIMINAL DAMAGE,TO VEHICLE,41.86418940491456,-87.61047349566245,APARTMENT,False,True,D-14,W-38
CR-2024-001249,2025-05-30 11:55:39,THEFT,GRAND THEFT,41.88995557844078,-87.62469923058147,SIDEWALK,False,False,D-15,W-34
CR-2025-000329,2024-07-12 10:51:06,BURGLARY,FORCIBLE ENTRY,41.95236169521536,-87.65818720823847,PARK,False,False,D-12,W-44
CR-2023-000609,2025-05-10 02:16:07,THEFT,PETTY THEFT,41.931693058934805,-87.61239701744454,PARKING LOT,False,False,D-15,W-12
CR-2025-002471,2025-05-31 16:07:17,NARCOTICS,POSSESSION OF COCAINE,41.879342488557775,-87.64072257851456,STREET,True,False,D-11,W-24
CR-2023-000360,2024-07-23 06:34:54,MOTOR VEHICLE THEFT,MOTORCYCLE,41.7865950442223,-87.67175420981643,ALLEY,False,False,D-08,W-21
CR-2023-005550,2025-08-19 02:25:21,CRIMINAL DAMAGE,GRAFFITI,41.88366301688707,-87.64467001588352,RESIDENCE,False,False,D-03,W-35
CR-2024-005110,2023-08-21 21:08:09,CRIMINAL DAMAGE,TO VEHICLE,41.89784264122295,-87.63277853780322,SIDEWALK,True,False,D-11,W-12
CR-2024-003283,2023-06-05 05:15:18,NARCOTICS,POSSESSION OF HEROIN,41.90022668546465,-87.63270141442872,APARTMENT,False,True,D-07,W-10
CR-2025-005252,2024-12-07 03:54:38,NARCOTICS,POSSESSION OF HEROIN,,,PARK,True,False,D-05,W-49
CR-2023-000675,2025-01-04 00:30:21,ROBBERY,ARMED ROBBERY,41.86054830460911,-87.6568297065637,PARKING LOT,False,,D-03,W-49
CR-2025-001175,2024-01-15 09:53:56,CRIMINAL DAMAGE,TO VEHICLE,41.96959872768093,-87.64295988100847,ALLEY,False,False,D-01,W-13
CR-2025-004421,2025-10-22 22:30:14,ASSAULT,SIMPLE ASSAULT,41.946995527588506,-87.66104219009725,PARKING LOT,True,False,D-02,W-40
CR-2023-004698,2023-07-14 04:27:40,ROBBERY,STRONGARM ROBBERY,41.79482270197507,-87.64087813196112,APARTMENT,False,False,D-14,W-20
CR-2023-000291,2025-07-08 17:41:08,CRIMINAL DAMAGE,TO VEHICLE,41.8875917279916,-87.59573960713294,RESIDENCE,False,False,D-13,W-10
CR-2023-000966,2024-12-14 21:19:12,MOTOR VEHICLE THEFT,TRUCK,41.7672672385805,-87.63164870885761,APARTMENT,True,False,D-15,W-01
CR-2025-001655,2023-06-12 09:10:39,BURGLARY,FORCIBLE ENTRY,41.859326265742425,-87.71880946956902,STREET,False,False,D-05,W-07
CR-2025-003347,2025-08-18 19:31:30,NARCOTICS,POSSESSION OF HEROIN,41.889972410935606,-87.74633159133899,RESIDENCE,True,False,D-07,W-28
CR-2023-005790,2023-05-23 22:06:14,PETTY THEFT,ARMED ROBBERY,41.87614136814057,-87.62288003930448,RESIDENCE,False,False,D-03,W-25
CR-2024-002344,2024-03-02 01:02:01,BATTERY,SIMPLE BATTERY,41.85644593606746,-87.63704364759191,SIDEWALK,False,False,D-03,W-14
CR-2023-002241,2024-08-17 13:42:47,MOTOR VEHICLE THEFT,AUTOMOBILE,41.86538722874833,-87.71693899830466,APARTMENT,False,False,D-15,W-04
CR-2023-004164,2024-05-21 23:15:21,BURGLARY,COMMERCIAL,41.87894765972699,-87.63167382392986,PARK,False,False,D-01,W-41
CR-2023-002862,2024-06-10 23:07:18,CRIMINAL DAMAGE,GRAFFITI,41.76770096653875,-87.65937015339722,ALLEY,False,False,D-12,W-09
CR-2024-003106,2024-06-24 15:34:50,BATTERY,DOMESTIC BATTERY,41.87095172865172,-87.64936884165701,PARK,True,False,D-03,W-23
CR-2023-001107,2025-01-28 06:57:11,CRIMINAL DAMAGE,GRAFFITI,41.93899915704481,-87.64998243540695,SIDEWALK,False,False,D-01,W-14
CR-2025-002261,2024-01-05 17:03:06,NARCOTICS,POSSESSION OF COCAINE,41.88554600176601,-87.59867402440977,COMMERCIAL BUILDING,True,False,D-08,W-15
CR-2023-000678,2024-09-09 09:15:54,CRIMINAL DAMAGE,TO PROPERTY,41.86990633327622,-87.62392293991897,APARTMENT,False,False,D-13,W-24
CR-2024-001267,2024-09-11 18:53:07,MOTOR VEHICLE THEFT,,41.871839497795925,-87.63422634871357,COMMERCIAL BUILDING,False,False,D-09,W-26
CR-2023-005673,2025-08-29 20:42:41,BATTERY,DOMESTIC BATTERY,41.772071193837,-87.59539288561913,SIDEWALK,True,False,D-03,W-45
CR-2025-002465,2024-01-06 10:25:55,OTHER OFFENSE,DUPLICATE ID TEST RECORD,41.89454820677346,-87.66266880776749,STREET,True,False,D-01,W-12
CR-2023-005886,2024-01-13 00:24:28,OTHER OFFENSE,DUPLICATE ID TEST RECORD,41.959981231453895,-87.64595818112012,STREET,True,False,D-07,W-42
CR-2024-001690,2025-06-09 16:56:07,BATTERY,AGGRAVATED BATTERY,41.833026401695165,-87.59923628514142,APARTMENT,True,False,D-01,W-39
CR-2025-005681,2024-05-24 21:20:32,ROBBERY,ARMED ROBBERY,41.757363914263394,-87.62656277652441,ALLEY,False,False,D-15,W-47
CR-2024-004546,2024-05-25 22:18:50,NARCOTICS,SALE/MANUFACTURE,41.86075167174399,-87.61058142019716,STREET,True,False,D-03,W-14
CR-2025-005882,2023-11-16 04:52:15,THEFT,RETAIL THEFT,41.87704930334409,-87.61891871759263,PARK,False,False,D-11,W-48
CR-2023-000813,2023-02-19 21:55:12,CRIMINAL DAMAGE,GRAFFITI,41.939453562086825,-87.62967967276529,STREET,False,True,D-10,W-28
CR-2024-001618,2025-12-10 15:56:33,MOTOR VEHICLE THEFT,AUTOMOBILE,41.80408609932988,-87.66037306670006,ALLEY,False,False,D-05,W-37
CR-2024-004660,2024-09-20 13:18:51,ROBBERY,STRONGARM ROBBERY,41.87136637419031,-87.63589165535535,ALLEY,False,False,D-08,W-50
CR-2025-002402,2023-04-18 23:52:27,NARCOTICS,POSSESSION OF COCAINE,41.77233133130784,-87.66889734921436,STREET,True,False,D-05,W-39
CR-2024-002230,2023-11-17 04:23:23,ASSAULT,AGGRAVATED ASSAULT,41.97217193646174,-87.61831275717226,STREET,False,False,D-04,W-01
CR-2023-005553,2023-02-05 08:34:28,MOTOR VEHICLE THEFT,AUTOMOBILE,41.79195051587777,-87.64258003750942,RESIDENCE,False,False,D-02,W-25
CR-2023-003399,not-a-valid-date-string,NARCOTICS,SALE/MANUFACTURE,41.942757484461325,-87.63068594190031,SIDEWALK,False,False,D-13,W-37
CR-2025-003644,2024-01-12 13:51:33,BATTERY,SIMPLE BATTERY,41.9656687456038,-87.65561126177741,PARKING LOT,False,False,D-13,W-05
CR-2025-004850,2023-12-29 09:25:52,BATTERY,AGGRAVATED BATTERY,41.874410069924664,-87.62309944583787,COMMERCIAL BUILDING,False,False,D-01,W-12
CR-2023-005202,2025-08-14 06:40:13,BURGLARY,FORCIBLE ENTRY,41.87301151839407,-87.70808898938584,ALLEY,False,False,D-03,W-30
CR-2024-000229,2024-05-28 03:37:31,ROBBERY,STRONGARM ROBBERY,41.86979526041979,-87.64776816838884,APARTMENT,True,False,D-15,W-13
CR-2023-002418,2023-02-10 20:08:24,CRIMINAL DAMAGE,TO VEHICLE,41.939030077732795,-87.6704753051587,RESIDENCE,False,False,D-14,W-49
CR-2025-005141,2024-11-14 16:34:20,THEFT,PETTY THEFT,41.89373285865475,-87.62630072438368,STREET,False,False,D-03,W-07
CR-2023-002793,2024-11-26 04:45:30,ROBBERY,ARMED ROBBERY,41.868434895994675,-87.67088710309207,STREET,False,True,D-09,W-06
CR-2023-003768,2024-08-09 23:54:13,NARCOTICS,POSSESSION OF HEROIN,41.768113608886004,-87.682002180378,ALLEY,True,False,D-09,W-31
CR-2024-000766,2024-08-06 18:48:07,NARCOTICS,POSSESSION OF HEROIN,41.886417018855326,-87.72955684655338,PARK,True,False,D-01,W-31
CR-2024-001093,2025-08-12 23:23:22,BATTERY,SIMPLE BATTERY,41.919920856950995,-87.66063304658468,PARK,True,True,D-05,W-16
CR-2025-000131,2024-12-09 01:14:53,BATTERY,AGGRAVATED BATTERY,41.883574653198615,-87.67578775282668,COMMERCIAL BUILDING,False,True,D-11,W-18
CR-2024-000193,2025-12-09 18:12:56,CRIMINAL DAMAGE,TO VEHICLE,41.883226339636664,-87.60165743741176,PARK,True,False,D-04,W-18
CR-2025-002891,2025-09-04 02:55:38,BATTERY,,41.88883183705956,-87.68913201345816,SIDEWALK,True,False,D-10,W-04
CR-2023-003333,2025-04-28 11:40:23,BATTERY,DOMESTIC BATTERY,41.859297409814424,-87.63302432257119,STREET,True,False,D-03,W-50
CR-2025-000197,2024-09-03 06:48:15,THEFT,RETAIL THEFT,41.80838600301803,-87.64072939130263,RESIDENCE,False,False,D-05,W-17
CR-2023-005520,2024-01-05 20:10:01,ROBBERY,ARMED ROBBERY,41.870508660632126,-87.64679563521067,APARTMENT,False,True,D-11,W-08
CR-2025-003386,2025-04-24 03:47:32,ASSAULT,AGGRAVATED ASSAULT,41.840683360571546,-87.7479272009013,RESIDENCE,False,False,D-10,W-36
CR-2023-003444,2023-08-11 02:22:08,THEFT,RETAIL THEFT,41.76306818238224,-87.63141900257968,ALLEY,False,False,D-05,W-07
CR-2025-005006,2025-10-26 12:35:48,ASSAULT,AGGRAVATED ASSAULT,41.85836303887673,-87.63678926467108,SIDEWALK,True,False,D-02,W-20
CR-2025-002285,2023-01-15 13:11:51,NARCOTICS,POSSESSION OF HEROIN,41.76398971480078,-87.63647954431069,APARTMENT,True,False,D-05,W-09
CR-2024-004114,2024-10-12 22:55:08,MOTOR VEHICLE THEFT,,41.87440143418611,-87.6187730183042,APARTMENT,False,False,D-02,W-37
CR-2024-001798,2024-12-25 13:21:10,THEFT,PETTY THEFT,41.8634993174296,-87.61469299995291,ALLEY,False,False,D-05,W-20
CR-2025-002117,2025-09-26 12:06:48,BATTERY,,41.73982414233572,-87.6584864916127,COMMERCIAL BUILDING,True,False,D-11,W-02
CR-2023-004089,2025-12-12 19:43:24,ROBBERY,ARMED ROBBERY,41.96354064130108,-87.66035249737605,SIDEWALK,False,False,D-09,W-42
CR-2024-002326,2025-06-06 11:16:00,THEFT,PETTY THEFT,41.87878345821713,-87.62044889292581,SIDEWALK,True,False,D-07,W-17
CR-2025-004334,2025-10-23 17:14:45,ASSAULT,AGGRAVATED ASSAULT,41.883874496240715,-87.61782149990334,PARK,False,False,D-15,W-19
CR-2023-003267,2023-09-30 01:43:52,MOTOR VEHICLE THEFT,MOTORCYCLE,41.86781487623615,-87.61749552438236,SIDEWALK,False,False,D-04,W-23
CR-2025-002897,2023-04-14 01:21:36,THEFT,FROM BUILDING,41.87382744593387,-87.6313929113506,STREET,False,False,D-11,W-29
CR-2025-000164,2025-05-02 23:52:04,ROBBERY,ARMED ROBBERY,41.96088239634104,-87.64273308981471,STREET,False,False,D-01,W-26
CR-2024-002464,2023-09-24 14:25:05,BATTERY,SIMPLE BATTERY,41.922588771561074,-87.65816517830729,APARTMENT,True,True,D-15,W-05
CR-2024-003640,2024-02-20 21:18:08,NARCOTICS,POSSESSION OF COCAINE,41.86647555763904,-87.60927858644779,PARK,True,False,D-11,W-10
CR-2024-000925,2025-02-08 21:35:41,MOTOR VEHICLE THEFT,AUTOMOBILE,41.762744317253905,-87.58461722768477,SIDEWALK,True,False,D-10,W-25
CR-2023-002379,2023-06-29 16:47:05,BURGLARY,RESIDENTIAL,41.86811866552806,-87.61897144771844,STREET,False,False,D-01,W-18
CR-2025-004475,2023-01-25 08:15:31,NARCOTICS,POSSESSION OF COCAINE,41.7848410664075,-87.65926856566574,SIDEWALK,False,False,D-14,W-31
CR-2023-005508,2023-11-03 17:19:32,NARCOTICS,POSSESSION OF COCAINE,41.77453890164287,-87.64768573133124,RESIDENCE,False,False,D-04,W-31
CR-2023-005334,2025-04-30 15:35:03,CRIMINAL DAMAGE,GRAFFITI,41.87908677034213,-87.63881244458643,APARTMENT,False,True,D-10,W-02
CR-2023-000777,2023-03-14 21:04:05,THEFT,PETTY THEFT,41.87652337994577,-87.72028742087731,STREET,False,False,D-15,W-23
CR-2023-004323,2024-05-18 09:03:51,ROBBERY,ARMED ROBBERY,41.845056299701916,-87.63310848910402,STREET,False,False,D-06,W-03
CR-2023-002307,2025-08-01 22:16:05,CRIMINAL DAMAGE,TO PROPERTY,41.780296598496115,-87.63674124284971,PARK,False,False,D-03,W-13
CR-2023-003702,2025-05-26 15:32:15,NARCOTICS,POSSESSION OF HEROIN,41.93295615224391,-87.62198793572627,SIDEWALK,True,False,D-01,W-12
CR-2025-004166,2024-04-17 07:25:25,BATTERY,AGGRAVATED BATTERY,41.883302441771214,-87.7140753282402,SIDEWALK,True,False,D-08,W-10
CR-2024-003571,2025-04-11 02:32:26,MOTOR VEHICLE THEFT,AUTOMOBILE,41.779756795355006,-87.67102176148096,COMMERCIAL BUILDING,False,False,D-12,W-48
CR-2025-005048,2025-08-19 11:13:51,ROBBERY,STRONGARM ROBBERY,41.888197005383496,-87.6252237189294,APARTMENT,False,False,D-07,W-02
CR-2023-000009,2025-12-26 04:30:35,ASSAULT,AGGRAVATED ASSAULT,41.93023951848958,-87.68354607402671,COMMERCIAL BUILDING,False,False,D-13,W-47
CR-2025-001652,2023-02-07 21:24:31,MOTOR VEHICLE THEFT,AUTOMOBILE,41.97041642796845,-87.63407258070254,RESIDENCE,False,False,D-05,W-36
CR-2024-001234,2025-07-28 05:17:24,CRIMINAL DAMAGE,TO VEHICLE,41.795983224820276,-87.63423284548949,PARK,False,False,D-08,W-28
CR-2024-002797,2025-02-03 09:56:07,THEFT,GRAND THEFT,41.970898650906065,-87.69015543947762,PARK,False,False,D-14,W-29
CR-2025-003374,2024-12-18 00:19:48,NARCOTICS,SALE/MANUFACTURE,41.870507164083726,-87.63249271862308,ALLEY,True,False,D-15,W-01
CR-2025-005363,2024-03-25 13:02:24,THEFT,GRAND THEFT,41.768023684994105,-87.66595005638261,ALLEY,False,False,D-11,W-44
CR-2024-005806,2023-09-01 16:46:59,CRIMINAL DAMAGE,TO PROPERTY,41.95795177639106,-87.67364523284354,RESIDENCE,True,False,D-01,W-37
CR-2024-004078,2023-09-17 01:03:12,BURGLARY,FORCIBLE ENTRY,41.7834524561454,-87.65489904821517,PARKING LOT,False,False,D-10,W-50
CR-2025-003473,2024-06-03 20:45:39,BURGLARY,RESIDENTIAL,41.7329370344182,-87.60654706689695,SIDEWALK,False,False,D-12,W-37
CR-2025-005738,2025-03-07 23:26:48,ROBBERY,STRONGARM ROBBERY,41.80817797661844,-87.62631187498924,STREET,False,False,D-09,W-23
CR-2023-005004,2025-09-04 09:08:31,BURGLARY,FORCIBLE ENTRY,41.86534271017506,-87.71216529686983,APARTMENT,False,False,D-02,W-19
CR-2024-003976,2023-08-19 19:29:57,NARCOTICS,POSSESSION OF HEROIN,41.87404442901297,-87.6506467021479,RESIDENCE,True,False,D-13,W-36
CR-2023-003735,2024-09-08 02:30:53,ASSAULT,SIMPLE ASSAULT,41.8026035737618,-87.6366488607883,ALLEY,False,False,D-04,W-38
CR-2024-001189,2023-11-08 07:31:12,MOTOR VEHICLE THEFT,MOTORCYCLE,41.76856337097192,-87.62249298733543,PARK,False,False,D-07,W-01
CR-2024-004393,2024-07-02 20:43:08,BATTERY,DOMESTIC BATTERY,41.88754040950144,-87.63428603627845,STREET,True,False,D-13,W-26
CR-2023-002442,2025-12-31 19:39:32,NARCOTICS,SALE/MANUFACTURE,41.88758681324964,-87.63691267262656,COMMERCIAL BUILDING,False,False,D-15,W-19
CR-2023-003276,2025-12-12 14:00:29,BATTERY,DOMESTIC BATTERY,41.88406095535189,-87.64101183480938,ALLEY,True,True,D-14,W-08
CR-2023-001512,2023-08-24 12:44:12,NARCOTICS,POSSESSION OF HEROIN,41.732156457507614,-87.63871301937958,APARTMENT,True,False,D-09,W-22
CR-2025-003074,2024-08-16 19:54:55,THEFT,FROM BUILDING,41.74195968982701,-87.62255997856505,SIDEWALK,False,False,D-04,W-06
CR-2025-003167,2024-02-13 18:46:52,NARCOTICS,POSSESSION OF COCAINE,41.94610881145055,-87.653618112235,STREET,True,False,D-11,W-22
CR-2023-001188,2025-04-05 14:07:39,THEFT,PETTY THEFT,41.94120462708422,-87.68182095372164,ALLEY,True,,D-13,W-01
CR-2023-000180,2024-08-26 04:00:44,NARCOTICS,SALE/MANUFACTURE,41.88589019771362,-87.60680891630497,PARKING LOT,False,False,D-04,W-41
CR-2023-000693,2025-08-15 00:37:10,ROBBERY,STRONGARM ROBBERY,41.974434825787974,-87.62406977606545,STREET,False,False,D-12,W-32
CR-2024-000886,2025-06-16 04:15:41,MOTOR VEHICLE THEFT,TRUCK,41.86876025957399,-87.62688088817144,RESIDENCE,True,False,D-09,W-17
CR-2025-003284,2025-08-07 04:08:25,BURGLARY,FORCIBLE ENTRY,,,APARTMENT,False,False,D-14,W-34
CR-2024-003424,2023-12-10 07:52:14,BATTERY,SIMPLE BATTERY,41.998998554985036,-87.67517186007862,RESIDENCE,True,False,D-14,W-12
CR-2023-004086,2024-05-17 21:09:25,CRIMINAL DAMAGE,TO PROPERTY,41.88203754336278,-87.6415624578754,STREET,False,False,D-02,W-32
CR-2023-002334,2023-10-31 11:06:54,MOTOR VEHICLE THEFT,AUTOMOBILE,41.93127660318677,-87.65458867851933,PARK,False,False,D-08,W-28
CR-2025-005603,2025-09-24 23:18:41,BURGLARY,FORCIBLE ENTRY,41.957401093423705,-87.66709157991872,COMMERCIAL BUILDING,False,False,D-04,W-30
CR-2025-000959,2024-01-17 00:11:09,CRIMINAL DAMAGE,GRAFFITI,41.9450371236283,-87.66474181155394,RESIDENCE,False,False,D-13,W-21
CR-2024-000976,2023-08-31 16:13:01,NARCOTICS,SALE/MANUFACTURE,41.86451401548707,-87.63960649507973,PARK,True,False,D-02,W-32
CR-2025-004667,2023-02-24 19:29:08,ASSAULT,AGGRAVATED ASSAULT,41.958590271278595,-87.65904660619643,SIDEWALK,False,True,D-01,W-23
CR-2023-001164,2025-08-29 09:55:20,ROBBERY,ARMED ROBBERY,41.88853306636349,-87.61706346833886,COMMERCIAL BUILDING,True,False,D-09,W-21
CR-2024-005038,2023-02-24 00:29:19,BATTERY,DOMESTIC BATTERY,41.868776961563505,-87.74630967119933,SIDEWALK,True,True,D-01,W-18
CR-2025-002432,2025-09-20 20:26:53,BATTERY,AGGRAVATED BATTERY,41.87923431388767,-87.75722401639007,PARKING LOT,True,False,D-08,W-15
CR-2024-004702,2024-06-13 19:34:40,BURGLARY,FORCIBLE ENTRY,41.89182346437887,-87.69440249676444,PARKING LOT,False,False,D-07,W-49
CR-2024-001573,2023-11-12 12:56:27,MOTOR VEHICLE THEFT,TRUCK,41.867862733893205,-87.73971912955517,COMMERCIAL BUILDING,False,False,D-03,W-04
CR-2024-003841,2024-06-04 01:32:58,NARCOTICS,POSSESSION OF HEROIN,41.77352215499574,-87.59044308430848,APARTMENT,True,False,D-11,W-31
CR-2024-000238,2023-10-28 01:59:11,NARCOTICS,SALE/MANUFACTURE,41.890978025335,-87.72129749721822,STREET,False,False,D-14,W-19
CR-2024-001252,2024-07-14 02:36:11,THEFT,PETTY THEFT,41.926696989468844,-87.67180821059958,COMMERCIAL BUILDING,False,False,D-08,W-03
CR-2023-002109,2024-12-10 01:43:19,NARCOTICS,POSSESSION OF COCAINE,41.886440254878345,-87.75936953026613,APARTMENT,True,False,D-11,W-22
CR-2023-001833,2023-03-26 21:52:13,MOTOR VEHICLE THEFT,MOTORCYCLE,41.889070703788626,-87.62094366908123,PARK,False,False,D-06,W-25
CR-2024-003334,2023-11-04 11:27:55,CRIMINAL DAMAGE,TO VEHICLE,41.956114999363635,-87.64124680003,APARTMENT,False,False,D-04,W-24
CR-2024-000622,2023-04-01 07:11:42,NARCOTICS,SALE/MANUFACTURE,41.86836083682401,-87.64815910400144,SIDEWALK,True,False,D-15,W-02
CR-2025-004010,2025-10-03 01:55:26,MOTOR VEHICLE THEFT,AUTOMOBILE,41.71927215753267,-87.64313146848026,STREET,False,False,D-07,W-42
CR-2024-005011,2024-02-05 09:28:47,ASSAULT,SIMPLE ASSAULT,41.89851510057155,-87.62882812974816,SIDEWALK,False,False,D-06,W-29
CR-2023-000222,2023-08-21 12:46:18,THEFT,FROM BUILDING,41.9223106099899,-87.64190654902339,PARK,False,False,D-11,W-13
CR-2025-000605,2025-05-20 04:29:07,NARCOTICS,POSSESSION OF HEROIN,41.923522735292174,-87.66915810395591,STREET,True,False,D-10,W-29
CR-2025-005921,2025-05-25 15:25:01,THEFT,RETAIL THEFT,41.79809844158791,-87.64215977162777,PARK,False,False,D-05,W-43
CR-2023-000402,2025-03-19 21:57:35,THEFT,GRAND THEFT,41.87158255658852,-87.63443758185203,PARK,False,False,D-03,W-06
CR-2024-005560,2025-03-25 10:42:24,MOTOR VEHICLE THEFT,,41.88430058043696,-87.62898082325636,PARKING LOT,True,False,D-01,W-22
CR-2023-003252,2024-03-31 21:56:31,MOTOR VEHICLE THEFT,MOTORCYCLE,41.8940806440839,-87.63367068273418,RESIDENCE,False,False,D-04,W-34
CR-2023-004431,2024-07-23 20:58:48,BATTERY,DOMESTIC BATTERY,41.93988364003267,-87.68844287170265,RESIDENCE,True,True,D-15,W-50
CR-2024-005620,2023-08-06 10:51:12,THEFT,PETTY THEFT,41.94408338489128,-87.63254284448061,PARK,True,False,D-09,W-16
CR-2025-002144,2024-07-06 01:39:48,ASSAULT,SIMPLE ASSAULT,41.81662827533511,-87.61385984418422,STREET,False,True,D-08,W-32
CR-2024-005419,2025-05-12 03:32:50,CRIMINAL DAMAGE,TO PROPERTY,41.93741747038021,-87.66718995444853,STREET,False,False,D-11,W-07
CR-2023-001203,2024-09-21 23:47:48,NARCOTICS,SALE/MANUFACTURE,41.858606281446086,-87.61735401373181,ALLEY,True,False,D-11,W-28
CR-2023-000183,2023-03-10 09:16:06,BATTERY,AGGRAVATED BATTERY,41.88146138722716,-87.62961111398828,COMMERCIAL BUILDING,True,True,D-15,W-06
CR-2024-005614,2024-03-12 02:37:38,CRIMINAL DAMAGE,GRAFFITI,41.874184869137416,-87.62965860459154,SIDEWALK,False,False,D-10,W-29
CR-2024-003916,2025-06-03 04:09:57,ROBBERY,ARMED ROBBERY,41.96123894258887,-87.66070535208728,PARKING LOT,False,False,D-12,W-41
CR-2025-003878,2025-09-08 22:29:58,THEFT,GRAND THEFT,41.754998536207914,-87.57105908028316,APARTMENT,False,False,D-15,W-31
CR-2024-005626,2023-06-13 12:54:19,THEFT,PETTY THEFT,41.7574135069138,-87.61201567073566,RESIDENCE,False,False,D-06,W-04
CR-2025-005546,2025-10-13 10:16:45,THEFT,FROM BUILDING,41.87717335906594,-87.62734858269421,PARKING LOT,False,False,D-01,W-43
CR-2025-002870,2024-07-17 09:18:52,CRIMINAL DAMAGE,TO VEHICLE,41.88317536162904,-87.64468867010093,ALLEY,True,False,D-11,W-46
CR-2024-003796,2023-12-02 04:39:13,BATTERY,SIMPLE BATTERY,41.866767516752994,-87.63132979981891,RESIDENCE,False,True,D-06,W-20
CR-2025-005306,2025-07-06 06:08:12,NARCOTICS,POSSESSION OF HEROIN,41.898847034701674,-87.64000228548628,COMMERCIAL BUILDING,True,False,D-08,W-24
CR-2023-001338,2023-08-21 21:32:57,PETTY THEFT,SALE/MANUFACTURE,41.8833447507095,-87.65327204157043,RESIDENCE,True,False,D-13,W-47
CR-2024-003748,2024-08-08 15:08:10,NARCOTICS,POSSESSION OF COCAINE,,,RESIDENCE,True,False,D-04,W-15
CR-2024-000781,2025-06-05 10:47:48,MOTOR VEHICLE THEFT,MOTORCYCLE,41.84173639609591,-87.61653931905458,STREET,True,False,D-10,W-01
CR-2023-004671,2025-12-06 16:23:32,BATTERY,SIMPLE BATTERY,41.81381900443496,-87.6178757921156,STREET,False,,D-03,W-30
CR-2025-002903,2025-09-29 20:08:10,MOTOR VEHICLE THEFT,MOTORCYCLE,41.7212947016014,-87.63802523058132,RESIDENCE,False,False,D-03,W-29
CR-2024-001786,2025-08-02 01:06:47,ROBBERY,ARMED ROBBERY,41.786919643148316,-87.62414870140985,PARK,False,False,D-11,W-04
CR-2023-000342,2025-09-01 22:09:40,BURGLARY,FORCIBLE ENTRY,41.92395744382216,-87.64104003139654,APARTMENT,False,False,D-01,W-39
CR-2025-005753,2024-07-11 17:30:48,ASSAULT,SIMPLE ASSAULT,41.89459195657094,-87.63507490275752,SIDEWALK,False,True,D-03,W-29
CR-2024-003178,2023-05-19 08:05:05,ASSAULT,SIMPLE ASSAULT,41.83254562312691,-87.66762339805383,PARK,False,False,D-12,W-36
CR-2024-003868,2024-01-16 07:10:19,BURGLARY,,42.002606632886696,-87.64490257963796,PARKING LOT,False,False,D-04,W-33
CR-2025-002708,2025-08-09 07:35:46,CRIMINAL DAMAGE,TO PROPERTY,41.94075095204661,-87.69481926599784,ALLEY,False,False,D-07,W-11
CR-2025-000851,2025-10-07 03:29:51,PETTY THEFT,STRONGARM ROBBERY,41.794768036714046,-87.6012575039511,SIDEWALK,False,False,D-15,W-48
CR-2025-000401,2023-07-15 17:21:59,CRIMINAL DAMAGE,TO PROPERTY,41.88233017398494,-87.7352209551967,STREET,True,False,D-07,W-20
CR-2023-002748,2023-11-15 17:57:14,MOTOR VEHICLE THEFT,AUTOMOBILE,41.876171805601224,-87.63957512683236,ALLEY,False,False,D-08,W-12
CR-2025-003437,2025-05-28 21:46:03,BATTERY,DOMESTIC BATTERY,41.745218652060466,-87.65146999525611,ALLEY,True,False,D-04,W-50
CR-2025-005342,2023-05-16 16:02:56,MOTOR VEHICLE THEFT,MOTORCYCLE,41.85444157443621,-87.64255296618722,PARKING LOT,False,False,D-08,W-16
CR-2025-004661,2025-12-16 04:22:28,THEFT,FROM BUILDING,41.950335098368775,-87.68759499724582,SIDEWALK,False,False,D-10,W-23
CR-2023-005337,2024-03-30 17:41:13,ROBBERY,STRONGARM ROBBERY,41.918856711673754,-87.66550582319125,PARK,False,False,D-04,W-20
CR-2024-004408,2025-05-03 18:35:03,CRIMINAL DAMAGE,TO VEHICLE,41.87407446801294,-87.62858062862436,COMMERCIAL BUILDING,False,False,D-11,W-37
CR-2024-000658,2025-08-24 14:21:59,ASSAULT,SIMPLE ASSAULT,41.927097726738495,-87.6614044940871,PARK,True,False,D-03,W-31
CR-2023-002202,2024-10-19 19:11:24,THEFT,GRAND THEFT,41.87622238357426,-87.61709676844173,APARTMENT,True,False,D-12,W-28
CR-2023-003432,2024-07-03 06:11:17,NARCOTICS,SALE/MANUFACTURE,41.87792727367886,-87.61434010287638,PARKING LOT,True,False,D-09,W-34
CR-2024-000139,2023-10-13 20:16:42,ASSAULT,AGGRAVATED ASSAULT,41.780645052124754,-87.63863283992156,ALLEY,False,False,D-10,W-26
CR-2024-003379,2024-04-12 19:51:24,MOTOR VEHICLE THEFT,MOTORCYCLE,41.83050550337131,-87.62504762810333,ALLEY,False,False,D-07,W-18
CR-2024-005227,2023-10-18 16:40:19,CRIMINAL DAMAGE,GRAFFITI,41.75417819130911,-87.64127182237235,APARTMENT,False,False,D-06,W-41
CR-2025-001703,2024-09-17 00:54:00,PETTY THEFT,COMMERCIAL,41.88833104235094,-87.62790733144507,SIDEWALK,True,True,D-02,W-28
CR-2023-001161,2023-06-17 18:31:53,BATTERY,AGGRAVATED BATTERY,41.888839911590736,-87.69675913619974,PARKING LOT,True,False,D-01,W-48
CR-2024-004897,2025-07-29 23:34:02,ROBBERY,ARMED ROBBERY,41.93658363303817,-87.63039917983554,SIDEWALK,False,False,D-10,W-14
CR-2023-002082,2023-08-31 11:00:03,MOTOR VEHICLE THEFT,TRUCK,41.76808065291029,-87.6091545383214,SIDEWALK,False,False,D-02,W-34
CR-2024-000007,2024-06-30 20:18:27,ASSAULT,AGGRAVATED ASSAULT,41.85222623251231,-87.63823431293862,SIDEWALK,False,False,D-09,W-07
CR-2023-005700,2025-08-12 12:13:28,NARCOTICS,POSSESSION OF COCAINE,41.87571275792694,-87.64054591440551,COMMERCIAL BUILDING,True,False,D-07,W-16
CR-2024-000691,2024-12-10 14:54:47,PETTY THEFT,AUTOMOBILE,41.99154616426531,-87.66741429846006,RESIDENCE,False,False,D-01,W-43
CR-2023-002301,2024-07-23 20:19:53,MOTOR VEHICLE THEFT,AUTOMOBILE,41.902625995917916,-87.61012459826091,APARTMENT,False,False,D-11,W-39
CR-2025-001871,2025-08-13 21:40:51,ASSAULT,AGGRAVATED ASSAULT,41.88292517812065,-87.6272791029105,COMMERCIAL BUILDING,False,False,D-09,W-45
CR-2024-005191,2023-01-07 18:07:28,THEFT,GRAND THEFT,41.92996352687359,-87.65330023672469,RESIDENCE,False,False,D-14,W-44
CR-2023-001650,2024-06-23 18:27:24,NARCOTICS,POSSESSION OF COCAINE,41.88317829314429,-87.64386888364805,PARKING LOT,False,False,D-02,W-28
CR-2023-001629,2025-01-11 15:57:25,BURGLARY,RESIDENTIAL,41.808568365504435,-87.59309161485736,STREET,False,False,D-10,W-04
CR-2025-000848,2024-08-06 11:33:37,BATTERY,AGGRAVATED BATTERY,41.75389171688486,-87.64594362426313,COMMERCIAL BUILDING,False,True,D-13,W-36
CR-2025-004805,2024-09-20 09:04:59,ROBBERY,STRONGARM ROBBERY,41.88001890803562,-87.62026410210339,APARTMENT,False,False,D-09,W-38
CR-2025-004898,2024-11-26 02:23:34,CRIMINAL DAMAGE,TO PROPERTY,95.0,-87.6477928060771,SIDEWALK,False,False,D-07,W-03
CR-2023-004980,2023-12-24 18:01:26,ROBBERY,STRONGARM ROBBERY,41.92698667187619,-87.670986419406,PARKING LOT,False,False,D-11,W-08
CR-2025-005765,2023-04-12 20:57:37,ASSAULT,AGGRAVATED ASSAULT,41.85867283079747,-87.71976624572386,RESIDENCE,False,True,D-11,W-40
CR-2025-001187,2023-10-31 00:21:00,CRIMINAL DAMAGE,TO VEHICLE,41.89486098223854,-87.60807251155161,STREET,True,False,D-04,W-19
CR-2024-000232,2023-06-06 23:01:54,THEFT,RETAIL THEFT,41.77609179875773,-87.63452423998834,APARTMENT,False,False,D-09,W-35
CR-2024-005476,2024-09-16 20:14:06,PETTY THEFT,PETTY THEFT,41.89075685038823,-87.62505868266837,PARKING LOT,True,False,D-04,W-31
CR-2023-005427,2024-11-11 02:45:04,NARCOTICS,POSSESSION OF COCAINE,41.75855838562156,-87.6482416602253,PARKING LOT,True,False,D-14,W-32
CR-2024-005467,2023-12-15 02:43:36,NARCOTICS,POSSESSION OF HEROIN,,,PARK,True,True,D-15,W-01
CR-2025-003176,2024-04-29 12:45:07,BATTERY,AGGRAVATED BATTERY,41.74505613313226,-87.61063808137497,PARKING LOT,True,False,D-15,W-09
CR-2024-004369,2025-07-27 21:28:54,ROBBERY,STRONGARM ROBBERY,41.815853030652484,-87.6660599196749,COMMERCIAL BUILDING,False,False,D-02,W-17
CR-2025-005030,2024-05-26 23:50:32,THEFT,PETTY THEFT,41.880197320377775,-87.62622251611491,STREET,False,False,D-01,W-13
CR-2023-004527,2024-02-08 06:16:11,BATTERY,DOMESTIC BATTERY,41.73528667778485,-87.64625690583094,SIDEWALK,True,False,D-13,W-34
CR-2024-001021,2025-06-15 02:57:44,THEFT,RETAIL THEFT,41.937918232041305,-87.65225290255933,COMMERCIAL BUILDING,False,False,D-01,W-42
CR-2025-002513,2023-07-07 16:13:14,NARCOTICS,SALE/MANUFACTURE,41.86202460689075,-87.73482466567896,PARKING LOT,True,False,D-06,W-17
CR-2023-001254,2023-12-30 04:53:29,BATTERY,SIMPLE BATTERY,41.856280661408256,-87.75070424322138,APARTMENT,True,True,D-01,W-27
CR-2025-001595,2025-09-16 13:34:15,MOTOR VEHICLE THEFT,TRUCK,41.87195470111056,-87.6191151676063,PARKING LOT,True,False,D-08,W-45
CR-2023-005271,2025-01-07 02:25:04,ASSAULT,AGGRAVATED ASSAULT,41.879136277890865,-87.67195942474928,PARKING LOT,False,False,D-03,W-16
CR-2024-002671,2024-11-03 08:14:19,MOTOR VEHICLE THEFT,AUTOMOBILE,41.852571466549726,-87.63822006994664,ALLEY,False,False,D-11,W-01
CR-2024-004780,2024-08-10 14:16:40,CRIMINAL DAMAGE,TO VEHICLE,41.94205794334852,-87.67136868548342,RESIDENCE,False,False,D-14,W-39
CR-2023-000069,2023-04-18 04:39:03,BATTERY,AGGRAVATED BATTERY,41.96467034434739,-87.67991728632867,COMMERCIAL BUILDING,True,False,D-05,W-14
CR-2024-003811,2025-10-11 18:28:16,THEFT,PETTY THEFT,41.758822229151164,-87.6472964327104,PARKING LOT,False,False,D-15,W-27
CR-2025-003149,2024-06-14 14:45:43,BATTERY,SIMPLE BATTERY,41.94146456846467,-87.66701585446897,SIDEWALK,True,False,D-11,W-08
CR-2024-002017,2024-05-18 20:41:12,ASSAULT,AGGRAVATED ASSAULT,41.932212383578346,-87.63616593627228,SIDEWALK,False,False,D-14,W-29
CR-2025-000548,2023-01-28 09:03:56,THEFT,GRAND THEFT,41.949972703806324,-87.69526401369063,STREET,False,False,D-15,W-30
CR-2024-005248,2025-12-02 11:22:40,BATTERY,DOMESTIC BATTERY,41.85578938330394,-87.62849192511945,PARK,True,False,D-07,W-42
CR-2023-000060,2025-10-05 03:56:34,ASSAULT,AGGRAVATED ASSAULT,41.96422063894086,-87.6734877490959,COMMERCIAL BUILDING,False,False,D-15,W-27
CR-2023-002406,2025-10-10 02:58:16,THEFT,GRAND THEFT,41.88799176861671,-87.64185922622092,STREET,False,False,D-08,W-27
CR-2024-004921,2023-08-29 22:22:16,ASSAULT,SIMPLE ASSAULT,41.870750547800114,-87.7494244112803,PARK,False,False,D-08,W-26
CR-2024-002557,2024-12-15 16:30:51,ASSAULT,AGGRAVATED ASSAULT,41.878184756207816,-87.71755154257852,APARTMENT,False,False,D-15,W-04
CR-2023-003636,2025-04-12 04:18:12,NARCOTICS,SALE/MANUFACTURE,41.89688931674689,-87.73096452148337,PARKING LOT,True,False,D-12,W-34
CR-2024-002008,2025-11-22 23:22:07,MOTOR VEHICLE THEFT,TRUCK,41.93878332420976,-87.6413766400568,STREET,False,False,D-14,W-36
CR-2023-000882,2023-01-29 13:13:28,ASSAULT,SIMPLE ASSAULT,41.77274843779675,-87.6500811648829,ALLEY,False,True,D-07,W-25
CR-2024-005851,2025-03-18 01:15:36,MOTOR VEHICLE THEFT,MOTORCYCLE,41.91517591189632,-87.62430362787343,STREET,False,False,D-11,W-34
CR-2023-002031,2023-08-16 23:16:55,NARCOTICS,SALE/MANUFACTURE,41.86383633905469,-87.62502218492801,PARK,True,False,D-10,W-13
CR-2024-001870,2025-06-28 19:49:56,MOTOR VEHICLE THEFT,TRUCK,41.867379789845145,-87.6219808014248,ALLEY,False,False,D-10,W-07
CR-2024-000937,2023-06-12 14:54:57,ASSAULT,SIMPLE ASSAULT,41.897754631191795,-87.60886474283815,RESIDENCE,True,True,D-13,W-28
CR-2025-001811,not-a-valid-date-string,NARCOTICS,SALE/MANUFACTURE,41.84842662125938,-87.6290959764691,RESIDENCE,True,False,D-08,W-24
CR-2023-004380,2023-10-24 00:49:09,BURGLARY,RESIDENTIAL,41.803185308941806,-87.66138146551668,STREET,False,False,D-08,W-13
CR-2023-001890,2025-02-26 16:58:03,BURGLARY,FORCIBLE ENTRY,41.7751419884932,-87.63716740532966,STREET,False,,D-01,W-23
CR-2023-004302,2025-08-30 00:30:01,CRIMINAL DAMAGE,GRAFFITI,41.88729898316992,-87.61273334828998,STREET,False,False,D-02,W-08
CR-2023-003030,2025-02-01 03:02:13,ROBBERY,STRONGARM ROBBERY,41.780133204144875,-87.61093882536949,RESIDENCE,False,False,D-03,W-05
CR-2024-004627,2025-10-08 11:32:35,MOTOR VEHICLE THEFT,AUTOMOBILE,41.881386073438065,-87.63693088363323,ALLEY,False,False,D-10,W-35
CR-2024-004006,2024-05-26 21:14:25,CRIMINAL DAMAGE,GRAFFITI,41.94612874870419,-87.65641704365305,COMMERCIAL BUILDING,False,False,D-05,W-18
CR-2024-005554,2023-12-24 09:09:20,BURGLARY,FORCIBLE ENTRY,41.94454387825385,-87.6820903584713,ALLEY,False,False,D-05,W-35
CR-2024-005164,2025-11-08 20:02:20,MOTOR VEHICLE THEFT,AUTOMOBILE,41.95872326045853,-87.63399150552804,PARKING LOT,False,False,D-09,W-44
CR-2025-005495,2023-10-21 20:06:43,CRIMINAL DAMAGE,GRAFFITI,41.876639810466614,-87.61811838538034,STREET,False,False,D-05,W-29
CR-2024-001708,2024-09-25 04:57:14,ROBBERY,STRONGARM ROBBERY,41.89573322067833,-87.72315955486764,SIDEWALK,False,False,D-15,W-12
CR-2023-000486,2023-08-12 20:51:22,ASSAULT,AGGRAVATED ASSAULT,41.79991608872472,-87.64531559948256,COMMERCIAL BUILDING,False,True,D-03,W-32
CR-2023-004452,2024-09-16 02:59:54,ASSAULT,SIMPLE ASSAULT,41.93992332923587,-87.6706122231406,RESIDENCE,False,False,D-05,W-15
CR-2024-000586,2023-12-03 21:55:36,BATTERY,SIMPLE BATTERY,41.95048402207904,-87.65655186255799,ALLEY,True,True,D-15,W-30
CR-2023-001806,2023-02-13 14:15:31,THEFT,RETAIL THEFT,41.87737632086971,-87.71977524394028,COMMERCIAL BUILDING,False,False,D-04,W-11
CR-2023-004344,2024-06-07 11:39:48,MOTOR VEHICLE THEFT,AUTOMOBILE,41.989144212794365,-87.65235846345108,STREET,False,False,D-15,W-13
CR-2024-005455,2025-12-16 10:37:34,BATTERY,DOMESTIC BATTERY,41.876981109844884,-87.62464603697234,COMMERCIAL BUILDING,True,False,D-05,W-42
CR-2025-004376,2023-12-14 18:47:11,MOTOR VEHICLE THEFT,TRUCK,41.960781663387756,-87.66281017961279,STREET,False,False,D-15,W-21
CR-2023-001152,2023-12-25 17:50:11,MOTOR VEHICLE THEFT,,95.0,-87.5931016288799,STREET,False,False,D-03,W-21
CR-2025-000053,2025-10-16 18:29:40,BURGLARY,COMMERCIAL,41.90639278851816,-87.62718133280752,STREET,False,False,D-05,W-44
CR-2024-002416,2023-05-31 20:04:11,NARCOTICS,POSSESSION OF COCAINE,41.960157117762755,-87.64290522430593,ALLEY,False,False,D-06,W-17
CR-2025-004247,2024-05-08 16:48:35,THEFT,RETAIL THEFT,41.75421192593932,-87.6104670045773,PARKING LOT,False,False,D-05,W-07
CR-2025-001058,2023-11-28 19:43:56,BATTERY,AGGRAVATED BATTERY,41.8746710012699,-87.64471524061913,STREET,False,,D-12,W-34
CR-2025-001259,2024-08-10 17:19:17,BURGLARY,RESIDENTIAL,41.77315500923562,-87.65028516085651,RESIDENCE,False,False,D-13,W-22
CR-2024-002182,2024-09-17 00:47:46,BURGLARY,RESIDENTIAL,,,PARKING LOT,False,False,D-13,W-08
CR-2024-002731,2023-10-04 04:08:03,BURGLARY,RESIDENTIAL,41.89445275206531,-87.64102144096933,SIDEWALK,False,False,D-08,W-11
CR-2023-000336,2025-07-09 00:03:21,THEFT,,41.8729596860888,-87.63537161298994,PARK,False,False,D-09,W-10
CR-2024-004216,2023-01-19 22:10:45,THEFT,PETTY THEFT,41.76297886964324,-87.61047457621659,COMMERCIAL BUILDING,False,False,D-07,W-08
CR-2023-000930,2023-05-30 06:30:51,NARCOTICS,POSSESSION OF HEROIN,41.77554228146324,-87.60872979317101,RESIDENCE,False,False,D-06,W-37
CR-2023-002841,2023-04-07 02:25:40,MOTOR VEHICLE THEFT,TRUCK,41.86299608958583,-87.62908262020323,STREET,False,False,D-02,W-33
CR-2024-005563,2023-06-05 07:07:46,MOTOR VEHICLE THEFT,TRUCK,41.928034921971644,-87.67701926341483,RESIDENCE,False,False,D-02,W-15
CR-2024-004687,2025-09-11 22:10:23,BURGLARY,COMMERCIAL,41.758666332880125,-87.65464308487437,PARK,False,False,D-10,W-38
CR-2023-005907,2024-07-14 02:41:42,MOTOR VEHICLE THEFT,AUTOMOBILE,41.79503995197399,-87.61140088308015,PARK,False,True,D-08,W-21
CR-2023-002085,2024-09-25 19:51:09,BATTERY,DOMESTIC BATTERY,41.85282954207163,-87.72979136015147,STREET,True,True,D-02,W-50
CR-2023-005196,2025-12-31 08:33:59,ROBBERY,STRONGARM ROBBERY,41.97019259045818,-87.66248570608613,COMMERCIAL BUILDING,False,False,D-02,W-25
CR-2024-003217,2024-12-18 02:26:56,BURGLARY,FORCIBLE ENTRY,41.880127855114814,-87.63469350556662,ALLEY,False,False,D-08,W-37
CR-2023-005262,2025-06-14 01:06:14,ASSAULT,SIMPLE ASSAULT,41.881527232665775,-87.6310924315615,STREET,False,True,D-03,W-19
CR-2024-004273,2024-03-21 02:20:47,ASSAULT,AGGRAVATED ASSAULT,41.87931915751387,-87.61211734833962,SIDEWALK,False,True,D-03,W-06
CR-2025-002294,2025-04-05 02:24:06,CRIMINAL DAMAGE,GRAFFITI,41.76740858069318,-87.65599606119454,ALLEY,True,False,D-04,W-35
CR-2023-001644,2023-02-05 13:26:08,BATTERY,DOMESTIC BATTERY,41.76320665234789,-87.63620097184806,PARKING LOT,False,False,D-04,W-21
CR-2024-003955,2025-12-03 13:14:38,ROBBERY,STRONGARM ROBBERY,41.88312581527869,-87.62132816341139,SIDEWALK,False,False,D-05,W-12
CR-2023-001131,2025-01-28 18:40:57,BATTERY,DOMESTIC BATTERY,41.80979455479555,-87.65577634199123,APARTMENT,False,False,D-08,W-39
CR-2024-003406,2024-08-07 04:24:46,MOTOR VEHICLE THEFT,AUTOMOBILE,41.86553891412027,-87.66140333671939,PARK,True,False,D-07,W-27
CR-2024-002305,2023-12-19 09:40:06,BATTERY,DOMESTIC BATTERY,41.879117577708755,-87.66009890998234,SIDEWALK,True,False,D-12,W-41
CR-2025-000626,2023-02-05 14:02:22,MOTOR VEHICLE THEFT,MOTORCYCLE,41.729056608935714,-87.61964858575382,APARTMENT,False,False,D-02,W-18
CR-2023-002415,2024-04-01 09:16:17,THEFT,RETAIL THEFT,41.80061931251477,-87.65865841067775,STREET,False,False,D-02,W-47
CR-2023-004338,2024-12-07 03:42:56,CRIMINAL DAMAGE,TO PROPERTY,41.952549775957046,-87.64638644185835,PARK,False,False,D-09,W-01
CR-2024-005392,2023-08-21 09:56:49,THEFT,FROM BUILDING,41.81840849427057,-87.60608580965557,COMMERCIAL BUILDING,False,False,D-08,W-05
CR-2023-002622,2024-11-24 05:09:16,ROBBERY,STRONGARM ROBBERY,41.96784113931479,-87.65556609270757,STREET,False,False,D-10,W-15
CR-2025-001691,2025-11-30 00:31:30,BATTERY,AGGRAVATED BATTERY,41.881288610459485,-87.6143952060502,PARKING LOT,True,False,D-12,W-04
CR-2025-002729,2023-09-18 08:23:21,ASSAULT,AGGRAVATED ASSAULT,41.75299226881565,-87.634086528527,ALLEY,False,True,D-09,W-23
CR-2023-000165,2024-09-28 10:29:00,ROBBERY,ARMED ROBBERY,41.8779162984073,-87.6432588155723,SIDEWALK,False,False,D-06,W-38
CR-2024-002674,2024-06-20 14:16:56,BURGLARY,COMMERCIAL,41.72892777732847,-87.62814926034133,PARKING LOT,False,False,D-04,W-40
CR-2023-001173,2025-08-30 14:16:06,CRIMINAL DAMAGE,GRAFFITI,41.87091743815988,-87.64274163646066,STREET,False,False,D-06,W-13
CR-2024-001729,2023-10-25 01:09:10,THEFT,PETTY THEFT,,,RESIDENCE,False,False,D-01,W-19
CR-2023-002277,2025-05-01 04:33:18,THEFT,PETTY THEFT,41.87690917363392,-87.63430698923081,PARK,False,,D-08,W-42
CR-2023-005898,2024-12-18 02:26:43,CRIMINAL DAMAGE,GRAFFITI,41.91107508130301,-87.67050568877242,PARKING LOT,False,False,D-03,W-42
CR-2025-005114,2024-10-18 19:18:00,NARCOTICS,POSSESSION OF COCAINE,41.9377432746244,-87.67168532928379,SIDEWALK,True,False,D-14,W-24
CR-2025-001964,2025-10-16 06:19:38,CRIMINAL DAMAGE,TO VEHICLE,41.859371355810616,-87.7237994210446,ALLEY,False,False,D-09,W-26
CR-2025-004934,2023-05-23 19:29:52,BURGLARY,COMMERCIAL,41.95599399354834,-87.66152934389798,PARK,False,False,D-04,W-34
CR-2023-005007,2023-06-21 08:00:49,THEFT,FROM BUILDING,41.799474714800084,-87.6279614539859,COMMERCIAL BUILDING,False,False,D-09,W-27
CR-2024-000469,2025-04-30 07:39:46,NARCOTICS,POSSESSION OF COCAINE,41.88175701070657,-87.63826117946105,RESIDENCE,True,False,D-12,W-03
CR-2024-001198,2025-05-24 02:08:01,BURGLARY,FORCIBLE ENTRY,41.75585350467187,-87.65409893430204,STREET,False,False,D-13,W-21
CR-2025-003659,2023-09-20 01:32:46,ROBBERY,ARMED ROBBERY,41.883430072933855,-87.65693901571883,SIDEWALK,False,False,D-14,W-07
CR-2023-002391,2024-06-29 12:59:01,NARCOTICS,SALE/MANUFACTURE,41.736633209309836,-87.65346248864667,PARK,True,False,D-05,W-07
CR-2025-002759,2024-01-28 16:46:55,THEFT,GRAND THEFT,41.8595065657088,-87.65234305913025,APARTMENT,True,False,D-01,W-43
CR-2023-001293,2025-07-14 08:51:39,NARCOTICS,SALE/MANUFACTURE,41.85831129208102,-87.63284470956094,ALLEY,False,True,D-08,W-31
CR-2023-004668,2023-05-07 17:12:59,THEFT,PETTY THEFT,41.898971869504344,-87.6329836646476,RESIDENCE,False,False,D-04,W-38
CR-2024-005461,2025-10-30 13:20:41,ROBBERY,STRONGARM ROBBERY,41.90348469528658,-87.63369581756615,PARK,False,False,D-10,W-17
CR-2023-003246,2025-01-16 20:19:29,MOTOR VEHICLE THEFT,AUTOMOBILE,41.892469909122205,-87.61984681572252,APARTMENT,False,False,D-08,W-26
CR-2023-002604,2024-07-14 06:43:26,THEFT,GRAND THEFT,41.92788263788061,-87.65405337300761,COMMERCIAL BUILDING,False,False,D-12,W-24
CR-2023-000459,2025-02-11 18:53:23,BURGLARY,FORCIBLE ENTRY,41.87140349578175,-87.62688865010652,ALLEY,False,False,D-04,W-38
CR-2025-000398,2023-07-02 11:36:07,THEFT,RETAIL THEFT,41.777911121153586,-87.61196248256569,PARK,False,False,D-04,W-46
CR-2024-004186,2023-11-13 05:45:39,NARCOTICS,POSSESSION OF HEROIN,41.88184414187315,-87.66641056022164,PARK,False,False,D-14,W-28
CR-2024-000370,2023-08-31 07:44:09,CRIMINAL DAMAGE,TO PROPERTY,41.85048688653003,-87.64899365450104,RESIDENCE,False,False,D-13,W-08
CR-2025-005876,2025-03-02 00:57:47,ASSAULT,AGGRAVATED ASSAULT,41.929875217748226,-87.66053561444686,PARKING LOT,False,False,D-02,W-19
CR-2024-001048,2023-03-07 18:57:57,NARCOTICS,SALE/MANUFACTURE,41.88815720925862,-87.64587785849561,APARTMENT,True,False,D-09,W-36
CR-2023-003468,2023-07-03 02:02:03,ASSAULT,AGGRAVATED ASSAULT,41.81506408228128,-87.64049648155789,ALLEY,False,True,D-10,W-31
CR-2025-003989,2023-03-22 19:11:33,BATTERY,DOMESTIC BATTERY,41.8793826999446,-87.65553562477957,APARTMENT,True,True,D-10,W-04
CR-2024-000490,2023-07-26 00:48:00,THEFT,PETTY THEFT,41.889887002379766,-87.62341813657324,STREET,False,False,D-13,W-18
CR-2023-002073,2023-09-04 18:07:06,BURGLARY,COMMERCIAL,41.78860939323076,-87.63137060578202,PARK,False,False,D-08,W-27
CR-2023-005640,2023-09-14 05:55:40,THEFT,PETTY THEFT,41.8322830280994,-87.63741362303023,COMMERCIAL BUILDING,True,False,D-06,W-14
CR-2023-004641,2025-05-04 23:13:42,BATTERY,DOMESTIC BATTERY,41.86545052533073,-87.61926954514499,PARK,True,False,D-08,W-31
CR-2025-000782,2024-07-07 22:23:51,NARCOTICS,POSSESSION OF COCAINE,41.797321097427314,-87.63603318892795,RESIDENCE,False,False,D-09,W-13
CR-2024-001444,2023-11-19 14:48:24,NARCOTICS,SALE/MANUFACTURE,41.94069956376574,-87.64764022030518,APARTMENT,True,False,D-06,W-48
CR-2025-004313,2023-06-10 01:24:14,NARCOTICS,POSSESSION OF COCAINE,41.94160939686668,-87.63608135642784,PARKING LOT,True,False,D-11,W-32
CR-2025-000755,2024-05-31 15:16:25,CRIMINAL DAMAGE,TO VEHICLE,41.860974663288,-87.6327048918892,ALLEY,False,False,D-09,W-17
CR-2025-000392,2025-01-23 09:57:38,THEFT,PETTY THEFT,41.792894761198276,-87.60198048186113,APARTMENT,False,False,D-11,W-45
CR-2025-000248,2023-01-01 05:17:49,NARCOTICS,POSSESSION OF COCAINE,41.75296884614184,-87.6337584669521,COMMERCIAL BUILDING,True,False,D-12,W-46
CR-2025-000086,2025-07-26 01:02:50,CRIMINAL DAMAGE,TO VEHICLE,41.87694347435879,-87.62468272037775,SIDEWALK,False,False,D-09,W-31
CR-2025-002573,2025-09-30 22:20:24,ROBBERY,ARMED ROBBERY,41.77579285557094,-87.63428460574545,STREET,False,False,D-08,W-19
CR-2023-002619,2025-08-20 23:04:31,CRIMINAL DAMAGE,TO PROPERTY,41.8807987155432,-87.61723254197156,RESIDENCE,False,False,D-11,W-35
CR-2024-001906,2025-10-01 04:03:14,MOTOR VEHICLE THEFT,AUTOMOBILE,41.865252526438866,-87.62833494434878,SIDEWALK,True,False,D-12,W-05
CR-2024-003184,2023-06-17 11:31:40,ASSAULT,AGGRAVATED ASSAULT,41.75837802693976,-87.63967010487339,STREET,False,False,D-15,W-35
CR-2024-002794,2025-10-13 21:36:29,CRIMINAL DAMAGE,TO VEHICLE,41.895892182110636,-87.6066951403027,SIDEWALK,False,False,D-04,W-28
CR-2025-005423,2024-04-15 06:28:13,MOTOR VEHICLE THEFT,TRUCK,41.897151320378825,-87.61037489275093,PARK,False,False,D-07,W-20
CR-2023-005250,2023-04-14 19:22:28,BURGLARY,COMMERCIAL,41.90834378060642,-87.70288803265422,ALLEY,False,False,D-10,W-43
CR-2023-001527,2024-10-22 19:55:30,NARCOTICS,POSSESSION OF COCAINE,41.904124048637556,-87.6426515814074,PARK,True,False,D-04,W-01
CR-2023-000426,2024-12-26 03:41:07,MOTOR VEHICLE THEFT,TRUCK,41.93565225745387,-87.63151966937785,STREET,False,False,D-13,W-48
CR-2025-001208,2023-04-12 02:17:02,THEFT,GRAND THEFT,41.88637214412859,-87.624691161754,PARK,False,False,D-13,W-45
CR-2024-004120,2025-10-17 15:01:13,BURGLARY,COMMERCIAL,41.88129236598005,-87.62995528434863,ALLEY,False,False,D-08,W-17
CR-2023-005406,2024-08-05 10:07:05,ROBBERY,ARMED ROBBERY,41.8765974084682,-87.62657611052835,RESIDENCE,False,False,D-12,W-29
CR-2023-001482,2023-06-27 21:30:23,NARCOTICS,SALE/MANUFACTURE,41.80947707667738,-87.63547136000925,RESIDENCE,False,False,D-02,W-12
CR-2023-000894,2025-08-01 01:14:39,ASSAULT,SIMPLE ASSAULT,41.882887617656294,-87.60969324330965,APARTMENT,False,False,D-13,W-20
CR-2024-005056,2023-04-12 01:44:35,BATTERY,SIMPLE BATTERY,41.76211731021572,-87.6267700450847,PARK,True,True,D-07,W-42
CR-2023-005283,2023-09-10 21:49:01,ROBBERY,STRONGARM ROBBERY,41.89743697753156,-87.61995390151765,PARKING LOT,False,False,D-08,W-21
CR-2025-005081,2023-09-25 05:50:12,CRIMINAL DAMAGE,GRAFFITI,41.88234696233479,-87.63133084585944,STREET,False,False,D-01,W-21
CR-2023-004080,2023-09-27 09:14:18,BATTERY,AGGRAVATED BATTERY,41.87804924300937,-87.71109913143769,PARK,True,False,D-13,W-10
CR-2023-005382,2024-06-15 02:34:27,ROBBERY,STRONGARM ROBBERY,41.90144624053358,-87.6158065696721,APARTMENT,False,False,D-04,W-02
CR-2023-003198,2023-04-18 07:10:18,ASSAULT,SIMPLE ASSAULT,41.78182075435431,-87.66113977501891,STREET,False,True,D-04,W-15
CR-2025-003638,2024-11-16 01:59:35,BATTERY,AGGRAVATED BATTERY,41.75253238862585,-87.63068075767991,PARKING LOT,False,False,D-15,W-35
CR-2025-000176,2024-01-04 00:14:01,BURGLARY,RESIDENTIAL,41.80034149058005,-87.6329984632491,PARK,False,False,D-04,W-11
CR-2023-005499,2024-05-12 10:26:08,ASSAULT,AGGRAVATED ASSAULT,41.964222800087114,-87.66099591113294,PARKING LOT,True,True,D-12,W-31
CR-2023-000465,2024-08-04 06:42:33,BATTERY,AGGRAVATED BATTERY,41.869772007099606,-87.6015826439584,STREET,True,False,D-07,W-26
CR-2023-001587,2024-07-06 18:34:27,ASSAULT,AGGRAVATED ASSAULT,41.8630667447161,-87.6410865285603,ALLEY,False,False,D-02,W-48
CR-2023-003183,2024-09-12 08:59:09,MOTOR VEHICLE THEFT,MOTORCYCLE,41.87440497078231,-87.66432207576506,RESIDENCE,False,False,D-15,W-46
CR-2024-000562,2024-10-10 00:29:59,ASSAULT,AGGRAVATED ASSAULT,41.819735788307526,-87.65765863482547,ALLEY,False,False,D-05,W-34
CR-2025-003671,2025-04-21 16:10:30,NARCOTICS,POSSESSION OF HEROIN,41.80018977614733,-87.65174201098282,STREET,True,False,D-08,W-08
CR-2024-001498,2024-10-18 03:29:00,ROBBERY,ARMED ROBBERY,41.785343813503566,-87.66004401438704,ALLEY,False,False,D-05,W-24
CR-2024-000109,2025-07-28 20:11:00,ROBBERY,STRONGARM ROBBERY,,,APARTMENT,False,False,D-15,W-26
CR-2023-005136,2025-12-19 01:34:47,BATTERY,DOMESTIC BATTERY,41.916037631569814,-87.70998476132856,PARK,True,True,D-02,W-30
CR-2023-000546,2025-02-12 23:27:23,THEFT,PETTY THEFT,41.797090738590924,-87.62770135285483,ALLEY,False,False,D-03,W-02
CR-2023-000354,2024-07-21 01:22:28,MOTOR VEHICLE THEFT,MOTORCYCLE,41.906761411842325,-87.6213708726342,ALLEY,False,False,D-14,W-35
CR-2024-000703,2025-01-14 21:40:06,ROBBERY,ARMED ROBBERY,41.856772839998875,-87.60727999522067,ALLEY,False,False,D-10,W-34
CR-2024-001993,2024-05-17 01:18:51,THEFT,PETTY THEFT,41.95946298312759,-87.66626400596333,COMMERCIAL BUILDING,False,False,D-15,W-09
CR-2024-003364,2024-02-28 14:42:20,THEFT,GRAND THEFT,41.92750327372194,-87.61962154809596,COMMERCIAL BUILDING,False,False,D-10,W-20
CR-2024-002833,2025-05-01 17:51:32,CRIMINAL DAMAGE,TO PROPERTY,41.962278464663825,-87.6409682132048,PARKING LOT,False,False,D-11,W-15
CR-2025-004229,2025-03-11 18:42:18,NARCOTICS,POSSESSION OF HEROIN,41.757289332366604,-87.58926192409741,STREET,True,False,D-12,W-07
CR-2024-003469,not-a-valid-date-string,ROBBERY,ARMED ROBBERY,41.87165547532209,-87.64931663899587,PARK,False,False,D-01,W-24
CR-2024-000307,2023-10-06 15:29:57,ROBBERY,STRONGARM ROBBERY,41.840043799490424,-87.62576947045062,COMMERCIAL BUILDING,False,False,D-09,W-20
CR-2023-002631,2024-08-31 04:47:32,MOTOR VEHICLE THEFT,TRUCK,41.78571053491634,-87.61856337275447,STREET,True,False,D-02,W-04
CR-2024-003832,2025-01-16 21:13:41,NARCOTICS,POSSESSION OF HEROIN,41.80122970868018,-87.61295264692853,RESIDENCE,True,False,D-08,W-21
CR-2024-004123,2025-11-14 18:20:50,ROBBERY,ARMED ROBBERY,41.94879990972413,-87.66329653468573,PARK,False,False,D-11,W-43
CR-2023-001755,2023-09-24 20:34:44,THEFT,RETAIL THEFT,41.97281642597626,-87.67283547562424,RESIDENCE,False,False,D-13,W-04
CR-2024-001540,2024-05-10 23:16:21,CRIMINAL DAMAGE,GRAFFITI,41.90220956985253,-87.72437352234273,PARKING LOT,False,,D-04,W-22
CR-2023-003984,2023-02-25 00:14:41,MOTOR VEHICLE THEFT,AUTOMOBILE,41.940304092411594,-87.6326439060565,COMMERCIAL BUILDING,True,False,D-15,W-50
CR-2023-002187,2023-05-01 01:12:57,BATTERY,AGGRAVATED BATTERY,41.803761184387724,-87.61284984532215,PARK,True,True,D-13,W-01
CR-2024-000664,2024-12-14 05:23:54,MOTOR VEHICLE THEFT,MOTORCYCLE,41.85995457885738,-87.62080106905006,COMMERCIAL BUILDING,False,False,D-15,W-13
CR-2025-000026,2023-02-20 01:30:39,BATTERY,AGGRAVATED BATTERY,41.93486155999388,-87.64306647422318,APARTMENT,True,False,D-07,W-16
CR-2023-000513,2024-04-07 08:24:14,NARCOTICS,POSSESSION OF HEROIN,41.779850086954205,-87.62599921683204,ALLEY,True,False,D-05,W-38
CR-2024-002374,2024-07-20 13:44:51,ROBBERY,,41.86507608557603,-87.6283328006036,PARK,False,False,D-10,W-44
CR-2024-004939,2025-07-02 00:03:06,BURGLARY,COMMERCIAL,41.751163611113846,-87.5861822147181,PARKING LOT,False,False,D-03,W-05
CR-2025-004019,2025-03-03 21:47:01,BATTERY,AGGRAVATED BATTERY,41.776805422502775,-87.57264904727698,COMMERCIAL BUILDING,True,True,D-12,W-38
CR-2024-002320,2024-03-08 00:51:34,ASSAULT,SIMPLE ASSAULT,41.79924952150494,-87.62578456373988,SIDEWALK,False,False,D-03,W-03
CR-2024-000385,2023-07-14 18:04:36,MOTOR VEHICLE THEFT,TRUCK,41.88871627903183,-87.63823700163842,ALLEY,False,False,D-13,W-20
CR-2023-003000,2025-07-30 08:57:25,ASSAULT,SIMPLE ASSAULT,41.86138877962651,-87.63926396250606,ALLEY,False,False,D-14,W-36
CR-2025-001727,2024-02-01 21:43:52,CRIMINAL DAMAGE,GRAFFITI,41.705663782749944,-87.57767569938747,ALLEY,False,False,D-15,W-25
CR-2025-004619,2023-10-25 21:05:53,THEFT,FROM BUILDING,41.75794095299998,-87.65931642831559,STREET,False,False,D-11,W-03
CR-2024-002281,2025-07-19 17:30:52,ASSAULT,AGGRAVATED ASSAULT,41.756491683535195,-87.62351744156999,APARTMENT,False,False,D-14,W-34
CR-2025-005153,2025-06-07 09:16:17,MOTOR VEHICLE THEFT,MOTORCYCLE,41.948693881910884,-87.64757667004002,PARK,False,False,D-14,W-07
CR-2024-001033,2023-05-01 02:23:00,ASSAULT,AGGRAVATED ASSAULT,41.717929571043086,-87.63235697905466,ALLEY,False,False,D-06,W-12
CR-2023-003477,2024-03-05 21:16:30,BURGLARY,FORCIBLE ENTRY,,,PARKING LOT,False,False,D-02,W-01
CR-2024-004894,2025-11-30 05:49:44,NARCOTICS,POSSESSION OF COCAINE,41.854625391598375,-87.6388133076378,STREET,False,False,D-09,W-34
CR-2023-002397,2024-07-18 23:12:53,BATTERY,AGGRAVATED BATTERY,41.877897894877435,-87.74965211102305,RESIDENCE,True,False,D-01,W-23
CR-2025-005018,2025-12-31 04:28:36,BATTERY,DOMESTIC BATTERY,41.8735348269342,-87.63449393450786,PARK,False,False,D-14,W-36
CR-2024-000145,2025-03-14 18:22:54,MOTOR VEHICLE THEFT,MOTORCYCLE,41.874978166244645,-87.63719501401988,SIDEWALK,False,False,D-11,W-09
CR-2024-000736,2023-05-02 13:30:52,ASSAULT,SIMPLE ASSAULT,41.87608974249991,-87.62957967707906,RESIDENCE,False,False,D-04,W-16
CR-2025-005330,2024-06-25 04:49:47,NARCOTICS,POSSESSION OF HEROIN,41.81400790704988,-87.62286910380264,PARK,True,False,D-09,W-13
CR-2025-004463,2024-07-18 23:55:22,CRIMINAL DAMAGE,GRAFFITI,41.85627677275143,-87.73230231816291,ALLEY,False,False,D-02,W-39
CR-2024-002092,2025-08-16 12:31:20,BATTERY,SIMPLE BATTERY,41.87091862142718,-87.6244078630368,ALLEY,True,True,D-03,W-43
CR-2023-003858,2025-05-21 11:32:09,NARCOTICS,SALE/MANUFACTURE,41.867389023230274,-87.61212371023655,RESIDENCE,True,False,D-14,W-16
CR-2025-004772,2024-11-15 13:11:53,BATTERY,AGGRAVATED BATTERY,41.97657238986892,-87.6578149259499,SIDEWALK,True,False,D-01,W-07
CR-2025-005144,2023-05-24 03:02:52,BURGLARY,FORCIBLE ENTRY,41.764232635280955,-87.6477791804906,STREET,False,False,D-10,W-48
CR-2024-003628,2023-10-14 21:23:17,ROBBERY,STRONGARM ROBBERY,41.87685366008385,-87.62006677111144,ALLEY,False,False,D-02,W-07
CR-2024-001654,2024-09-26 12:13:00,CRIMINAL DAMAGE,TO PROPERTY,41.904517821873014,-87.62980470508919,APARTMENT,False,False,D-01,W-38
CR-2023-001521,2024-05-16 11:38:19,MOTOR VEHICLE THEFT,TRUCK,41.86930203095655,-87.62643675393564,ALLEY,True,False,D-07,W-43
CR-2024-002818,2025-07-30 07:12:14,ASSAULT,AGGRAVATED ASSAULT,41.99009425842462,-87.67545823390856,STREET,False,False,D-11,W-32
CR-2025-003650,2024-07-21 22:43:28,ASSAULT,AGGRAVATED ASSAULT,41.86818462418059,-87.6375240805965,COMMERCIAL BUILDING,False,False,D-01,W-23
CR-2024-000223,2024-10-18 16:06:10,THEFT,PETTY THEFT,41.883598973691456,-87.64389819679491,APARTMENT,False,False,D-02,W-14
CR-2023-004653,2025-09-05 09:29:37,MOTOR VEHICLE THEFT,TRUCK,41.96500322744693,-87.64784315502688,APARTMENT,False,False,D-03,W-38
CR-2025-004643,2024-03-12 02:23:27,ASSAULT,AGGRAVATED ASSAULT,41.95696705827543,-87.64746342584567,ALLEY,False,False,D-02,W-23
CR-2025-002630,2023-03-23 23:02:06,ASSAULT,AGGRAVATED ASSAULT,41.903145733158524,-87.74092234958736,SIDEWALK,False,True,D-07,W-39
CR-2025-005825,2025-03-31 12:14:02,NARCOTICS,POSSESSION OF HEROIN,41.90744099527704,-87.73230964773322,RESIDENCE,True,False,D-04,W-13
CR-2023-004686,2023-12-22 03:55:59,ROBBERY,STRONGARM ROBBERY,41.86925126905626,-87.62483441645774,RESIDENCE,True,False,D-10,W-38
CR-2025-003344,2025-03-27 20:54:26,ASSAULT,SIMPLE ASSAULT,41.91329124205379,-87.66920298716154,RESIDENCE,False,False,D-15,W-25
CR-2023-000288,2025-01-07 03:55:56,NARCOTICS,POSSESSION OF HEROIN,41.88484106204596,-87.71302442651003,ALLEY,False,False,D-10,W-35
CR-2025-002138,2024-07-19 03:36:33,ROBBERY,STRONGARM ROBBERY,41.93643124838838,-87.6746317578197,APARTMENT,True,False,D-01,W-23
CR-2025-001364,2023-06-22 10:04:16,CRIMINAL DAMAGE,TO PROPERTY,41.93355031534923,-87.66500611670736,COMMERCIAL BUILDING,False,False,D-13,W-01
CR-2025-001457,2024-02-16 00:03:03,THEFT,PETTY THEFT,41.9621101547758,-87.61832782333407,APARTMENT,True,False,D-02,W-47
CR-2023-005460,2024-12-22 09:31:49,CRIMINAL DAMAGE,TO VEHICLE,41.90985594556336,-87.75141015054835,SIDEWALK,False,False,D-15,W-13
CR-2023-000942,2025-04-09 18:04:33,ASSAULT,SIMPLE ASSAULT,41.88012469637474,-87.72185709914125,RESIDENCE,False,False,D-08,W-49
CR-2023-002871,2023-01-21 22:26:15,ASSAULT,SIMPLE ASSAULT,41.779410429180324,-87.66564184643356,ALLEY,False,False,D-03,W-39
CR-2023-001944,2023-04-14 13:50:15,BATTERY,SIMPLE BATTERY,41.95126097539758,-87.63830776022968,PARKING LOT,True,True,D-03,W-05
CR-2024-002857,2023-08-10 20:09:13,BATTERY,AGGRAVATED BATTERY,41.88401869978227,-87.63618633406978,SIDEWALK,True,True,D-06,W-35
CR-2024-003784,2025-03-15 04:31:26,THEFT,GRAND THEFT,41.97193066507575,-87.66697444267125,STREET,False,True,D-04,W-31
CR-2023-001092,2025-08-09 14:56:40,ROBBERY,ARMED ROBBERY,41.90416276177341,-87.62463132597406,COMMERCIAL BUILDING,False,False,D-12,W-24
CR-2025-000608,2025-12-12 08:20:37,ROBBERY,STRONGARM ROBBERY,41.86799764063635,-87.62561508756664,STREET,False,False,D-02,W-43
CR-2024-000442,2024-01-31 14:47:01,BURGLARY,FORCIBLE ENTRY,41.892874046813276,-87.69365926813676,PARKING LOT,False,False,D-11,W-20
CR-2024-005695,2023-11-05 18:12:50,BURGLARY,FORCIBLE ENTRY,41.920786956597794,-87.64705857725868,ALLEY,False,False,D-08,W-34
CR-2023-005796,2024-03-06 06:58:17,BURGLARY,FORCIBLE ENTRY,41.99506032836506,-87.62938144276852,PARKING LOT,True,,D-09,W-12
CR-2025-001658,2023-07-29 05:42:23,THEFT,FROM BUILDING,41.877291427264915,-87.64453455370567,RESIDENCE,False,False,D-15,W-01
CR-2025-003311,2023-01-07 13:09:23,THEFT,FROM BUILDING,41.9557078848385,-87.65608324230885,SIDEWALK,False,False,D-04,W-16
CR-2025-002450,2023-12-08 10:45:14,ASSAULT,AGGRAVATED ASSAULT,41.8722218485192,-87.64506646463616,RESIDENCE,True,True,D-06,W-48
CR-2025-001367,2023-02-08 21:53:08,ASSAULT,AGGRAVATED ASSAULT,41.828576527792485,-87.6422742724453,ALLEY,False,True,D-07,W-27
CR-2024-000271,2025-10-15 17:18:20,NARCOTICS,SALE/MANUFACTURE,41.88604706266873,-87.60817647069014,ALLEY,True,False,D-14,W-09
CR-2025-000317,2024-05-14 17:30:24,BATTERY,AGGRAVATED BATTERY,41.8629184343711,-87.65462285007798,COMMERCIAL BUILDING,False,False,D-13,W-22
CR-2025-003845,2025-01-04 01:24:56,BATTERY,AGGRAVATED BATTERY,41.8842452801562,-87.63875490382631,SIDEWALK,True,,D-15,W-45
CR-2023-002772,2023-05-09 15:09:36,ASSAULT,SIMPLE ASSAULT,41.87262138533766,-87.65486754658741,RESIDENCE,False,True,D-12,W-14
CR-2024-002308,2025-09-30 08:50:06,BURGLARY,FORCIBLE ENTRY,41.895290413625204,-87.67236259662096,SIDEWALK,False,False,D-04,W-31
CR-2025-000296,2024-08-08 14:18:39,THEFT,GRAND THEFT,41.957979596514924,-87.64862675789426,PARK,True,,D-03,W-50
CR-2025-002141,2025-08-21 17:29:18,BURGLARY,FORCIBLE ENTRY,41.80788452608251,-87.60467246097463,APARTMENT,True,False,D-04,W-27
CR-2025-003965,2024-10-03 02:04:11,THEFT,PETTY THEFT,41.88722400749516,-87.60961097488243,STREET,False,False,D-04,W-27
CR-2023-004206,2024-05-10 08:33:07,ROBBERY,STRONGARM ROBBERY,41.75245408453475,-87.62248082956293,PARKING LOT,False,False,D-01,W-10
CR-2025-003494,2025-05-09 15:19:08,MOTOR VEHICLE THEFT,MOTORCYCLE,41.94795127896039,-87.65645901083525,ALLEY,False,False,D-07,W-14
CR-2025-001097,2025-11-28 11:40:45,NARCOTICS,POSSESSION OF COCAINE,41.88094559251416,-87.63972973266695,RESIDENCE,False,False,D-04,W-01
CR-2024-002467,2024-02-28 11:25:45,ASSAULT,AGGRAVATED ASSAULT,41.87120353076254,-87.62164913758193,ALLEY,True,False,D-10,W-18
CR-2023-000198,2025-09-01 21:19:54,ASSAULT,SIMPLE ASSAULT,,,PARK,True,True,D-13,W-36
CR-2024-005032,2023-04-04 10:28:05,NARCOTICS,SALE/MANUFACTURE,41.92110647348199,-87.65634947712125,ALLEY,True,False,D-12,W-44
CR-2025-004913,2024-10-16 02:16:50,MOTOR VEHICLE THEFT,MOTORCYCLE,41.852779485122035,-87.63881121895957,SIDEWALK,False,False,D-10,W-30
CR-2024-002590,2023-06-14 16:16:56,ASSAULT,SIMPLE ASSAULT,41.78436648266893,-87.64015801288086,RESIDENCE,False,True,D-14,W-37
CR-2023-001998,2025-07-23 23:07:11,MOTOR VEHICLE THEFT,MOTORCYCLE,41.84693282270216,-87.63460446706806,ALLEY,False,False,D-11,W-47
CR-2024-005446,2023-10-16 13:10:32,BATTERY,SIMPLE BATTERY,41.94780392436297,-87.64480830633904,STREET,False,True,D-12,W-39
CR-2025-003248,2024-07-19 08:02:23,THEFT,PETTY THEFT,41.80383163919147,-87.59945274893603,APARTMENT,False,True,D-10,W-27
CR-2024-005185,2025-01-19 21:57:45,ROBBERY,ARMED ROBBERY,41.86666314139673,-87.73092599829246,PARKING LOT,True,False,D-14,W-37
CR-2025-001460,2024-12-12 22:53:55,BATTERY,SIMPLE BATTERY,41.867661017023046,-87.7134899043682,APARTMENT,True,False,D-01,W-40
CR-2023-005268,2023-02-20 11:52:40,BURGLARY,COMMERCIAL,41.8945622745703,-87.64737900893834,SIDEWALK,False,False,D-08,W-47
CR-2024-002335,2023-09-04 19:23:10,NARCOTICS,POSSESSION OF COCAINE,41.887884592274155,-87.65427002665626,APARTMENT,True,False,D-10,W-32
CR-2024-004768,2023-08-18 16:48:52,BATTERY,,41.93243587847284,-87.63492925144699,ALLEY,True,False,D-01,W-28
CR-2023-000075,2025-08-03 14:23:53,BURGLARY,RESIDENTIAL,41.95340985700692,-87.64837103581006,ALLEY,False,False,D-08,W-38
CR-2024-004648,2025-01-16 21:01:03,BATTERY,DOMESTIC BATTERY,41.866702968020185,-87.64045023164337,APARTMENT,False,False,D-02,W-12
CR-2024-002407,2024-09-19 21:08:58,NARCOTICS,SALE/MANUFACTURE,41.786583640417696,-87.635193810456,PARKING LOT,True,False,D-04,W-19
CR-2024-000481,2025-03-26 12:28:27,NARCOTICS,,41.78381302924254,-87.61127490606029,PARK,True,False,D-14,W-06
CR-2023-002553,2025-08-02 23:37:48,BURGLARY,COMMERCIAL,41.86206049905402,-87.7260705740106,ALLEY,False,True,D-10,W-49
CR-2025-005630,2024-08-12 22:35:03,ROBBERY,STRONGARM ROBBERY,41.765068974954005,-87.64334257860732,COMMERCIAL BUILDING,False,False,D-05,W-06
CR-2025-000764,2025-01-31 12:09:38,CRIMINAL DAMAGE,GRAFFITI,41.76667876445534,-87.65699043583223,COMMERCIAL BUILDING,False,False,D-15,W-41
CR-2024-004429,2024-10-19 21:37:33,CRIMINAL DAMAGE,TO PROPERTY,41.73881957883465,-87.67437209573704,APARTMENT,False,True,D-02,W-50
CR-2023-000450,2025-06-03 02:03:35,THEFT,FROM BUILDING,41.788116832721826,-87.63883347030819,COMMERCIAL BUILDING,True,False,D-04,W-39
CR-2023-002325,2024-06-11 20:55:02,ROBBERY,ARMED ROBBERY,41.8743707621935,-87.62040079544106,PARK,True,False,D-05,W-18
CR-2025-002585,2024-06-23 17:04:35,BATTERY,AGGRAVATED BATTERY,41.95459789558761,-87.68077171097192,SIDEWALK,True,False,D-09,W-48
CR-2023-003360,2025-09-22 16:14:19,ASSAULT,SIMPLE ASSAULT,41.88662410065729,-87.61350428933191,SIDEWALK,False,True,D-08,W-21
CR-2024-002098,2024-12-26 04:50:15,CRIMINAL DAMAGE,TO PROPERTY,41.80633250468859,-87.66814120079015,ALLEY,True,False,D-09,W-32
CR-2025-005273,2025-12-15 13:27:04,ROBBERY,ARMED ROBBERY,41.88341464072278,-87.61624718974295,PARKING LOT,False,False,D-14,W-14
CR-2024-003472,2024-08-28 09:08:46,BURGLARY,FORCIBLE ENTRY,41.85118712200176,-87.61355282181009,ALLEY,False,False,D-13,W-32
CR-2025-000830,2025-12-01 05:46:56,BURGLARY,FORCIBLE ENTRY,41.897856726010104,-87.63157102790487,PARKING LOT,False,False,D-08,W-24
CR-2025-001718,2024-01-19 07:08:59,NARCOTICS,POSSESSION OF COCAINE,41.88670616631507,-87.64894456624808,PARK,True,False,D-12,W-22
CR-2024-000190,2023-03-18 05:09:39,NARCOTICS,POSSESSION OF HEROIN,41.865504172367295,-87.63879088968166,PARKING LOT,True,True,D-08,W-18
CR-2024-003103,2023-06-10 05:06:18,ROBBERY,ARMED ROBBERY,41.87340962117149,-87.72457462548003,PARK,False,False,D-08,W-23
CR-2025-004487,2023-06-15 20:00:57,MOTOR VEHICLE THEFT,TRUCK,41.96474934253397,-87.67356917159265,PARKING LOT,False,False,D-12,W-01
CR-2025-004811,2025-08-22 00:53:23,CRIMINAL DAMAGE,TO PROPERTY,41.88083255941569,-87.61642183548145,APARTMENT,False,False,D-03,W-49
CR-2024-005386,2023-03-21 02:24:17,BURGLARY,COMMERCIAL,41.89127982275271,-87.60956960202031,SIDEWALK,False,False,D-08,W-42
CR-2023-005448,2024-08-12 09:16:03,MOTOR VEHICLE THEFT,TRUCK,41.91818907899261,-87.66905568589651,SIDEWALK,False,True,D-07,W-08
CR-2025-003029,2023-06-03 09:24:11,BURGLARY,COMMERCIAL,42.00124023820985,-87.64333801689905,APARTMENT,False,False,D-15,W-49
CR-2024-000052,2023-07-25 14:19:57,THEFT,PETTY THEFT,41.875680714325014,-87.62373923714779,STREET,False,False,D-03,W-16
CR-2024-000817,2024-01-21 22:50:32,BATTERY,AGGRAVATED BATTERY,41.873078370018405,-87.63585472694864,ALLEY,True,True,D-13,W-26
CR-2024-005638,2023-12-23 02:41:34,CRIMINAL DAMAGE,GRAFFITI,41.9146070841765,-87.72669534164163,STREET,False,False,D-14,W-23
CR-2023-001953,2024-04-27 09:16:59,THEFT,GRAND THEFT,41.89798148163643,-87.65090222514246,SIDEWALK,False,False,D-08,W-06
CR-2024-000616,2025-05-30 22:08:07,MOTOR VEHICLE THEFT,AUTOMOBILE,41.77669294879122,-87.56450726655865,PARKING LOT,False,False,D-15,W-04
CR-2025-001199,2024-03-24 20:52:01,BATTERY,DOMESTIC BATTERY,41.88120900994099,-87.62875983494446,APARTMENT,True,False,D-12,W-41
CR-2023-001980,2025-04-28 15:51:01,BATTERY,DOMESTIC BATTERY,41.933767365221826,-87.61749118629687,STREET,True,True,D-08,W-50
CR-2025-004163,2024-11-28 05:02:50,ASSAULT,AGGRAVATED ASSAULT,41.945198510267836,-87.66016820605135,RESIDENCE,False,False,D-14,W-18
CR-2024-004753,2024-03-11 23:30:02,BATTERY,DOMESTIC BATTERY,41.87628468453486,-87.618892431107,PARKING LOT,True,True,D-09,W-44
CR-2024-000235,2023-06-09 16:58:14,NARCOTICS,POSSESSION OF COCAINE,41.77202370757121,-87.6865480291184,PARKING LOT,True,False,D-10,W-01
CR-2023-003474,2023-08-15 13:26:33,BURGLARY,FORCIBLE ENTRY,41.769705386835724,-87.61143666715166,ALLEY,False,False,D-04,W-45
CR-2023-000375,2025-09-01 21:00:43,MOTOR VEHICLE THEFT,MOTORCYCLE,41.86425150130834,-87.65007526908425,PARK,False,False,D-02,W-10
CR-2025-005924,2024-09-02 18:04:57,MOTOR VEHICLE THEFT,MOTORCYCLE,41.843851420480775,-87.63300149045632,APARTMENT,False,False,D-08,W-03
CR-2023-004374,2023-04-17 00:13:10,ROBBERY,ARMED ROBBERY,41.848781104932755,-87.63445595205634,SIDEWALK,True,False,D-03,W-09
CR-2025-003257,2023-06-17 14:05:47,THEFT,FROM BUILDING,41.782535680435146,-87.64659275998329,COMMERCIAL BUILDING,False,False,D-13,W-05
CR-2025-005354,2024-06-23 02:43:38,MOTOR VEHICLE THEFT,TRUCK,41.94474830243175,-87.66639186480865,COMMERCIAL BUILDING,False,False,D-05,W-46
CR-2025-005960,2025-08-30 18:49:41,ROBBERY,STRONGARM ROBBERY,41.888818246421955,-87.62516418342844,SIDEWALK,False,False,D-08,W-33
CR-2023-001506,2024-07-27 02:16:03,NARCOTICS,SALE/MANUFACTURE,41.85743105576548,-87.75204812733203,RESIDENCE,True,False,D-08,W-11
CR-2025-000098,2023-08-06 10:07:17,MOTOR VEHICLE THEFT,AUTOMOBILE,41.864842138456986,-87.62749412341083,STREET,False,False,D-10,W-27
CR-2025-002444,2024-12-06 17:43:00,BURGLARY,FORCIBLE ENTRY,41.952949917514644,-87.64258064498576,PARK,False,False,D-12,W-21
CR-2023-001614,2025-06-28 02:05:03,MOTOR VEHICLE THEFT,AUTOMOBILE,41.8946282820703,-87.72760235134879,ALLEY,True,False,D-03,W-12
CR-2024-002269,2024-11-25 00:57:34,THEFT,FROM BUILDING,41.94402267496529,-87.63997514049919,RESIDENCE,False,False,D-08,W-05
CR-2025-005066,2025-11-04 04:57:59,MOTOR VEHICLE THEFT,MOTORCYCLE,41.75751293260186,-87.63584069025984,ALLEY,False,False,D-06,W-27
CR-2024-004918,2024-04-20 00:52:51,BATTERY,DOMESTIC BATTERY,41.89347161168423,-87.6122712945359,APARTMENT,True,False,D-04,W-24
CR-2025-005108,2023-03-23 15:07:11,ROBBERY,STRONGARM ROBBERY,41.801312491755006,-87.69751066055088,COMMERCIAL BUILDING,True,False,D-03,W-03
CR-2025-001757,2025-06-05 18:59:20,BURGLARY,COMMERCIAL,41.957095401291134,-87.64579138634946,SIDEWALK,False,False,D-03,W-45
CR-2023-000126,2025-05-31 05:06:33,ASSAULT,SIMPLE ASSAULT,41.909932342955194,-87.61431302109173,SIDEWALK,False,True,D-07,W-06
CR-2025-001499,2023-08-24 19:27:31,BATTERY,SIMPLE BATTERY,41.9550835283449,-87.65840518097649,ALLEY,True,False,D-09,W-27
CR-2023-004647,2025-07-14 23:24:31,MOTOR VEHICLE THEFT,MOTORCYCLE,41.907395895433105,-87.64472284528702,SIDEWALK,False,False,D-09,W-12
CR-2023-004629,2025-06-03 21:28:10,THEFT,PETTY THEFT,41.919625604084395,-87.63357327850277,ALLEY,False,False,D-06,W-40
CR-2025-002060,2025-09-18 05:07:11,ROBBERY,ARMED ROBBERY,41.76370884136566,-87.63243277414473,APARTMENT,True,False,D-08,W-41
CR-2025-000983,2024-05-31 01:41:16,CRIMINAL DAMAGE,GRAFFITI,41.773966539492314,-87.63278183209134,ALLEY,False,False,D-12,W-46
CR-2024-002572,2023-06-12 20:36:32,CRIMINAL DAMAGE,TO PROPERTY,41.96655924627254,-87.65283040381671,SIDEWALK,False,False,D-01,W-44
CR-2025-001577,2025-11-25 20:36:30,BURGLARY,COMMERCIAL,41.92762912358312,-87.68792551630922,PARKING LOT,False,False,D-15,W-03
CR-2024-003148,2025-03-31 22:01:12,ROBBERY,ARMED ROBBERY,41.929817273189805,-87.67798040371869,RESIDENCE,True,False,D-13,W-34
CR-2025-001847,2024-11-26 04:23:58,CRIMINAL DAMAGE,TO PROPERTY,41.8911829550011,-87.63452630096792,ALLEY,False,False,D-05,W-24
CR-2025-005204,2023-08-25 04:25:42,BATTERY,DOMESTIC BATTERY,41.895424963408125,-87.62689507353225,RESIDENCE,False,,D-08,W-47
CR-2023-004035,2024-08-31 15:52:02,NARCOTICS,POSSESSION OF COCAINE,41.89765521435436,-87.71475549039944,COMMERCIAL BUILDING,True,False,D-10,W-28
CR-2025-005042,2023-01-08 20:42:37,MOTOR VEHICLE THEFT,TRUCK,41.96038179518528,-87.65178652575017,APARTMENT,False,False,D-10,W-10
CR-2023-003753,2025-05-27 17:50:14,CRIMINAL DAMAGE,TO PROPERTY,41.952509113740724,-87.67081213209204,APARTMENT,False,False,D-12,W-29
CR-2025-000104,2025-08-23 23:45:08,CRIMINAL DAMAGE,GRAFFITI,41.885825715294594,-87.57200902764018,PARK,False,False,D-03,W-30
CR-2024-005557,2023-03-22 12:42:13,ASSAULT,SIMPLE ASSAULT,41.94607023294738,-87.64551576350671,COMMERCIAL BUILDING,False,False,D-11,W-32
CR-2025-000497,2023-06-29 03:47:37,CRIMINAL DAMAGE,GRAFFITI,41.86257083982189,-87.73195980527194,PARKING LOT,True,False,D-07,W-37
CR-2024-001069,2025-07-26 07:58:43,THEFT,PETTY THEFT,41.92361785848692,-87.68465050531505,ALLEY,False,False,D-06,W-11
CR-2023-003798,2023-06-07 00:36:57,BATTERY,AGGRAVATED BATTERY,41.85228619337269,-87.74584584945366,PARK,True,True,D-08,W-14
CR-2025-000329,2024-07-12 10:51:06,BURGLARY,FORCIBLE ENTRY,41.95236169521536,-87.65818720823847,PARK,False,False,D-12,W-44
CR-2025-003785,2023-03-30 07:53:38,MOTOR VEHICLE THEFT,TRUCK,41.86181378433828,-87.62935305752318,STREET,False,False,D-07,W-02
CR-2023-003555,2024-09-26 20:21:58,THEFT,GRAND THEFT,41.92881399539435,-87.65203279290168,STREET,False,False,D-09,W-16
CR-2024-003475,2024-05-04 06:02:38,MOTOR VEHICLE THEFT,AUTOMOBILE,41.85811327478159,-87.61223248550941,RESIDENCE,False,False,D-15,W-38
CR-2023-001317,2024-07-04 22:57:24,THEFT,RETAIL THEFT,41.90359936061865,-87.61372685271648,ALLEY,False,False,D-02,W-02
CR-2025-002021,2023-06-18 20:13:45,CRIMINAL DAMAGE,GRAFFITI,41.73850283031474,-87.62150880780408,RESIDENCE,True,False,D-01,W-01
CR-2024-004858,2024-04-08 06:03:51,NARCOTICS,,41.88525997528283,-87.74608444880428,PARK,True,False,D-07,W-49
CR-2025-002321,2025-07-08 22:19:27,BURGLARY,COMMERCIAL,41.87471515428932,-87.60896463455556,PARKING LOT,False,False,D-01,W-50
CR-2023-005709,2023-07-22 07:39:07,NARCOTICS,POSSESSION OF HEROIN,41.873564756505026,-87.61717551616353,PARKING LOT,True,False,D-13,W-38
CR-2024-001597,2024-04-08 21:54:19,ROBBERY,STRONGARM ROBBERY,41.855074396287016,-87.65800015050861,COMMERCIAL BUILDING,False,False,D-10,W-06
CR-2023-005994,2023-12-21 20:18:31,MOTOR VEHICLE THEFT,MOTORCYCLE,41.84255136339857,-87.58619238281406,APARTMENT,False,False,D-08,W-28
CR-2025-005813,2023-08-25 00:35:50,ROBBERY,STRONGARM ROBBERY,41.760431531867376,-87.64467569629576,PARK,False,False,D-13,W-08
CR-2025-002981,2023-01-04 05:48:53,MOTOR VEHICLE THEFT,MOTORCYCLE,41.779772198677236,-87.66338777223922,COMMERCIAL BUILDING,False,False,D-15,W-07
CR-2024-002044,2025-05-06 18:09:10,THEFT,PETTY THEFT,41.97119111072051,-87.66304723929105,RESIDENCE,False,False,D-08,W-26
CR-2023-002982,2024-10-13 19:30:21,CRIMINAL DAMAGE,TO VEHICLE,41.89862119025733,-87.62791147917407,STREET,True,False,D-15,W-14
CR-2025-001550,2024-12-07 19:34:13,BATTERY,DOMESTIC BATTERY,41.86749661148019,-87.61696666511469,ALLEY,True,False,D-01,W-47
CR-2024-000922,2024-11-28 11:27:32,ASSAULT,AGGRAVATED ASSAULT,41.951597127839946,-87.67585350281851,PARK,False,False,D-13,W-36
CR-2024-004339,2025-12-18 02:31:49,ASSAULT,AGGRAVATED ASSAULT,41.78948769685055,-87.66911762524495,COMMERCIAL BUILDING,True,True,D-02,W-06
CR-2025-004283,2023-07-12 22:03:01,BATTERY,AGGRAVATED BATTERY,41.809661501194,-87.61581297917431,RESIDENCE,False,False,D-13,W-36
CR-2025-001829,2024-12-25 14:34:05,ROBBERY,ARMED ROBBERY,41.88050734435961,-87.59661203440905,ALLEY,False,False,D-13,W-38
CR-2025-001067,2024-09-19 16:21:11,NARCOTICS,SALE/MANUFACTURE,41.872789389335885,-87.63840402659346,PARKING LOT,True,False,D-14,W-29
CR-2024-002755,2024-06-22 12:23:55,THEFT,RETAIL THEFT,41.883040141495464,-87.71378666441674,COMMERCIAL BUILDING,False,False,D-09,W-22
CR-2025-002177,2024-05-28 00:13:58,NARCOTICS,SALE/MANUFACTURE,41.887875831574995,-87.71401429059556,ALLEY,False,False,D-12,W-02
CR-2023-002559,2025-08-09 15:06:08,MOTOR VEHICLE THEFT,AUTOMOBILE,41.73933930064941,-87.60857907471423,ALLEY,True,False,D-02,W-43
CR-2023-001149,2025-07-07 02:58:03,THEFT,FROM BUILDING,41.88785675138804,-87.6523462045264,ALLEY,False,False,D-05,W-31
CR-2023-004932,2023-09-12 14:55:34,MOTOR VEHICLE THEFT,AUTOMOBILE,41.8798339510802,-87.63024649732505,PARKING LOT,True,False,D-15,W-24
CR-2025-003710,2023-08-09 19:17:23,BATTERY,AGGRAVATED BATTERY,41.871675226133036,-87.62995697693579,COMMERCIAL BUILDING,True,False,D-02,W-32
CR-2024-004318,2024-07-26 19:53:35,MOTOR VEHICLE THEFT,,41.97389367699359,-87.67801271809515,APARTMENT,False,False,D-01,W-46
CR-2023-000963,2025-10-16 23:31:45,ROBBERY,ARMED ROBBERY,41.89779424954507,-87.6610200844376,APARTMENT,True,True,D-11,W-49
CR-2024-001744,2025-06-13 06:23:48,CRIMINAL DAMAGE,TO PROPERTY,41.86423153828433,-87.65376398754394,PARK,False,False,D-15,W-08
CR-2024-004705,2023-06-22 06:07:51,ASSAULT,AGGRAVATED ASSAULT,41.87997105299175,-87.7432318780687,COMMERCIAL BUILDING,False,False,D-04,W-21
CR-2024-002665,2024-07-21 10:38:33,ASSAULT,,41.87001858743981,-87.63362420455606,ALLEY,False,True,D-08,W-36
CR-2023-000051,2025-03-25 20:21:54,NARCOTICS,POSSESSION OF COCAINE,41.94154570966946,-87.67134554538443,PARK,False,True,D-02,W-16
CR-2024-002956,2023-01-23 22:16:41,CRIMINAL DAMAGE,TO VEHICLE,41.90323714301447,-87.7195909897963,COMMERCIAL BUILDING,False,False,D-10,W-40
CR-2025-001985,2023-11-14 06:52:21,BURGLARY,RESIDENTIAL,41.94045609367708,-87.67734539480911,ALLEY,False,False,D-01,W-41
CR-2024-001582,2025-09-26 09:34:21,ROBBERY,STRONGARM ROBBERY,41.86078455997651,-87.65607743210128,PARKING LOT,False,False,D-09,W-24
CR-2023-004557,2023-09-09 06:26:52,ASSAULT,SIMPLE ASSAULT,41.7792571802971,-87.60622638990402,PARK,False,False,D-12,W-45
CR-2024-004414,2025-08-29 20:04:09,MOTOR VEHICLE THEFT,MOTORCYCLE,41.95872793335573,-87.68020102447008,STREET,False,False,D-03,W-10
CR-2024-003361,2025-09-23 07:20:05,BURGLARY,RESIDENTIAL,41.88310054776892,-87.66719215749093,COMMERCIAL BUILDING,True,False,D-14,W-06
CR-2024-000160,2023-11-09 08:05:32,CRIMINAL DAMAGE,TO VEHICLE,41.95033991929986,-87.64339685949126,COMMERCIAL BUILDING,False,False,D-11,W-44
CR-2023-000207,2023-08-06 15:12:49,BURGLARY,FORCIBLE ENTRY,41.88658165221563,-87.74037275765802,PARKING LOT,False,False,D-01,W-36
CR-2024-001138,2023-12-02 12:29:02,NARCOTICS,POSSESSION OF COCAINE,41.88829059924435,-87.64703191052739,STREET,True,False,D-05,W-35
CR-2025-000671,2024-01-09 23:20:37,THEFT,GRAND THEFT,41.78982345424366,-87.59923384313035,APARTMENT,False,False,D-15,W-47
CR-2025-004967,2025-08-18 21:53:43,ROBBERY,STRONGARM ROBBERY,41.94959819548159,-87.65282490714951,ALLEY,False,True,D-03,W-06
CR-2025-000017,2024-07-20 01:49:08,PETTY THEFT,RESIDENTIAL,41.79946362280258,-87.65952109124927,COMMERCIAL BUILDING,False,False,D-15,W-45
CR-2023-004128,2024-05-21 18:24:47,THEFT,FROM BUILDING,41.8069422285597,-87.62327262920884,RESIDENCE,False,False,D-08,W-13
CR-2025-005966,2023-10-11 20:33:04,BATTERY,,41.872111150310815,-87.61619694198085,ALLEY,True,True,D-14,W-18
CR-2023-003843,2024-03-15 20:18:07,ASSAULT,AGGRAVATED ASSAULT,,,RESIDENCE,False,,D-09,W-21
CR-2024-004297,2025-11-01 07:12:03,ROBBERY,ARMED ROBBERY,41.876659990073996,-87.63277089644829,APARTMENT,True,False,D-06,W-44
CR-2025-001883,2025-10-22 14:58:44,THEFT,RETAIL THEFT,41.928892679454435,-87.62922984136131,STREET,False,False,D-14,W-42
CR-2023-004197,2025-07-18 18:18:32,ROBBERY,STRONGARM ROBBERY,41.86552714578572,-87.71077566807175,APARTMENT,False,False,D-03,W-43
CR-2023-003864,2024-07-18 01:30:45,BURGLARY,RESIDENTIAL,41.88368972279721,-87.62730260309327,COMMERCIAL BUILDING,False,False,D-06,W-37
CR-2023-005478,2023-10-18 08:32:01,BATTERY,AGGRAVATED BATTERY,41.841835413967,-87.72286043930912,SIDEWALK,False,False,D-02,W-23
CR-2024-002356,2024-08-15 18:10:04,ASSAULT,SIMPLE ASSAULT,41.887973450136315,-87.7204744903332,SIDEWALK,True,True,D-02,W-14
CR-2024-002419,2025-07-16 04:49:31,THEFT,FROM BUILDING,41.812671308267475,-87.64534197851594,STREET,False,False,D-13,W-48
CR-2023-001851,2025-12-27 04:48:31,ASSAULT,AGGRAVATED ASSAULT,41.8643551862139,-87.64235381055694,RESIDENCE,True,True,D-06,W-08
CR-2023-004725,2023-03-04 20:22:06,ASSAULT,AGGRAVATED ASSAULT,41.774561389560965,-87.61860493185699,ALLEY,False,False,D-12,W-30
CR-2025-003800,2024-12-18 20:21:27,ROBBERY,STRONGARM ROBBERY,41.87616683931967,-87.63743640707968,STREET,True,False,D-11,W-32
CR-2024-000556,2025-09-26 01:18:25,NARCOTICS,,41.8962612191524,-87.7179777260165,RESIDENCE,True,False,D-10,W-21
CR-2023-000744,2024-02-11 02:38:58,NARCOTICS,POSSESSION OF COCAINE,41.85521515528145,-87.61086123844859,PARKING LOT,True,False,D-15,W-25
CR-2023-005547,2024-05-05 06:25:23,ROBBERY,STRONGARM ROBBERY,41.86984897915477,-87.71580157165847,RESIDENCE,True,False,D-04,W-30
CR-2025-003455,2023-08-04 09:59:03,BURGLARY,RESIDENTIAL,41.90620323518748,-87.6285134682104,RESIDENCE,False,False,D-09,W-33
CR-2025-003863,2023-05-20 13:12:07,ASSAULT,SIMPLE ASSAULT,41.74676002214868,-87.66939616177417,ALLEY,False,True,D-04,W-35
CR-2024-003010,2025-07-30 02:54:39,CRIMINAL DAMAGE,GRAFFITI,41.881841764188955,-87.62381157710591,PARK,False,False,D-01,W-23
CR-2025-003935,2023-06-22 03:29:19,NARCOTICS,POSSESSION OF COCAINE,41.901002189953665,-87.60126162692156,STREET,True,False,D-04,W-01
CR-2025-002894,2023-10-14 08:17:48,ASSAULT,SIMPLE ASSAULT,41.73521945832587,-87.62663447388327,COMMERCIAL BUILDING,False,True,D-13,W-15
CR-2023-003567,2023-07-18 20:32:56,THEFT,RETAIL THEFT,41.76913978154299,-87.61609639901035,SIDEWALK,False,False,D-06,W-16
CR-2024-003448,2025-02-03 17:06:19,BATTERY,DOMESTIC BATTERY,41.76089469947483,-87.65714137419502,PARKING LOT,True,False,D-01,W-04
CR-2023-001962,2024-02-11 21:40:52,BATTERY,SIMPLE BATTERY,41.94314680959368,-87.66202773890822,PARK,True,False,D-09,W-40
CR-2024-001468,2023-04-12 20:01:49,ASSAULT,SIMPLE ASSAULT,41.869040290610464,-87.63324322983041,ALLEY,False,True,D-11,W-01
CR-2023-003954,2024-05-23 12:01:44,ROBBERY,STRONGARM ROBBERY,41.963856956770876,-87.63963680224445,STREET,False,False,D-07,W-27
CR-2025-000440,2024-06-19 22:15:42,ROBBERY,STRONGARM ROBBERY,41.916003986388105,-87.6377630315938,PARKING LOT,True,False,D-11,W-01
CR-2023-002043,2023-07-01 01:17:53,BURGLARY,RESIDENTIAL,41.89099377308516,-87.62860297773912,APARTMENT,False,False,D-04,W-11
CR-2025-004379,2025-07-09 19:40:20,BURGLARY,COMMERCIAL,41.951666693613554,-87.62606565967485,SIDEWALK,False,False,D-05,W-08
CR-2025-005483,2025-01-26 21:00:56,MOTOR VEHICLE THEFT,AUTOMOBILE,41.887628683049066,-87.64519363562955,ALLEY,False,True,D-09,W-50
CR-2024-005284,2023-05-02 13:10:17,BATTERY,SIMPLE BATTERY,41.766911875134205,-87.58826703706397,RESIDENCE,True,False,D-15,W-12
CR-2023-003819,2024-06-04 17:59:44,ASSAULT,AGGRAVATED ASSAULT,41.97711141986327,-87.69186811761683,ALLEY,True,False,D-03,W-32
CR-2025-004400,2025-06-08 06:44:47,MOTOR VEHICLE THEFT,MOTORCYCLE,41.93208180929703,-87.6783741264726,ALLEY,False,False,D-12,W-43
CR-2023-005103,2023-04-15 16:43:51,THEFT,RETAIL THEFT,41.90084174270533,-87.6524132941695,ALLEY,False,False,D-02,W-50
CR-2024-001834,2023-09-26 23:14:58,THEFT,RETAIL THEFT,41.94555706926119,-87.64852625364156,PARKING LOT,False,False,D-08,W-44
CR-2025-002927,2024-04-14 16:17:20,ASSAULT,AGGRAVATED ASSAULT,41.74436020703841,-87.67395536848524,COMMERCIAL BUILDING,True,False,D-04,W-01
CR-2023-002136,2023-03-25 00:37:42,THEFT,PETTY THEFT,41.92122851969485,-87.67689472642552,PARKING LOT,False,False,D-13,W-46
CR-2024-005260,2024-07-02 02:08:57,ASSAULT,AGGRAVATED ASSAULT,41.94017479139033,-87.65238766006345,APARTMENT,True,True,D-07,W-35
CR-2023-001557,2023-03-04 16:17:31,BATTERY,DOMESTIC BATTERY,41.883934680940285,-87.62602789586589,PARKING LOT,True,True,D-13,W-41
CR-2024-004399,2023-06-30 18:08:58,MOTOR VEHICLE THEFT,AUTOMOBILE,41.89694296159121,-87.61198429923793,APARTMENT,False,False,D-07,W-01
CR-2023-005121,2024-10-07 06:39:48,ROBBERY,STRONGARM ROBBERY,41.870921685999235,-87.62206509054876,SIDEWALK,False,False,D-12,W-05
CR-2024-001078,2025-07-29 01:24:38,MOTOR VEHICLE THEFT,AUTOMOBILE,41.7695200904919,-87.63694287741892,RESIDENCE,False,False,D-01,W-07
CR-2023-005688,2024-02-15 00:05:05,CRIMINAL DAMAGE,TO VEHICLE,41.77869098031822,-87.60460407770941,ALLEY,False,False,D-13,W-23
CR-2023-004893,2025-07-28 20:13:05,MOTOR VEHICLE THEFT,AUTOMOBILE,41.884073813551915,-87.69672381068554,PARKING LOT,False,False,D-14,W-01
CR-2023-003405,2025-09-06 20:41:07,BURGLARY,COMMERCIAL,41.884724938462796,-87.65130595037216,STREET,True,False,D-01,W-14
CR-2023-001044,2025-06-18 15:49:44,CRIMINAL DAMAGE,TO PROPERTY,41.93933503181954,-87.62625064931058,RESIDENCE,False,False,D-11,W-13
CR-2025-002042,2023-06-22 23:43:11,ASSAULT,SIMPLE ASSAULT,41.811679187445066,-87.63460797427196,COMMERCIAL BUILDING,False,False,D-06,W-39
CR-2023-000999,2023-04-02 11:30:05,NARCOTICS,SALE/MANUFACTURE,41.77482332590141,-87.64762256612016,APARTMENT,False,False,D-13,W-36
CR-2023-003264,2024-05-03 10:16:36,MOTOR VEHICLE THEFT,AUTOMOBILE,41.8809527930984,-87.74134374071757,COMMERCIAL BUILDING,False,False,D-14,W-42
CR-2024-004594,2025-03-29 09:29:44,MOTOR VEHICLE THEFT,AUTOMOBILE,41.87676195053463,-87.60564560529276,APARTMENT,False,False,D-15,W-08
CR-2024-003973,2025-07-08 17:51:46,ROBBERY,STRONGARM ROBBERY,41.80692417559036,-87.60886063242985,COMMERCIAL BUILDING,False,False,D-11,W-19
CR-2024-004279,2023-07-19 22:14:51,THEFT,PETTY THEFT,41.87669144646931,-87.61235498545442,SIDEWALK,True,False,D-02,W-12
CR-2024-001375,2024-04-22 10:37:44,NARCOTICS,POSSESSION OF HEROIN,41.822786892457884,-87.58967450686963,PARKING LOT,True,False,D-04,W-46
CR-2024-003247,2025-01-14 00:03:50,ROBBERY,STRONGARM ROBBERY,41.75324797889511,-87.61946435956165,ALLEY,False,False,D-01,W-14
CR-2024-001288,2024-08-17 00:50:19,MOTOR VEHICLE THEFT,TRUCK,41.90006265858129,-87.61484711839802,RESIDENCE,False,False,D-11,W-13
CR-2025-004709,2023-09-17 02:01:12,THEFT,GRAND THEFT,41.78159400138632,-87.6352473433953,APARTMENT,False,False,D-04,W-42
CR-2025-001451,2024-03-03 21:29:58,ROBBERY,STRONGARM ROBBERY,41.76465417679403,-87.62076228161068,APARTMENT,False,False,D-09,W-46
CR-2025-003044,2024-04-13 19:08:42,BATTERY,DOMESTIC BATTERY,41.785506369090186,-87.63000834775535,APARTMENT,True,False,D-12,W-17
CR-2023-004941,2025-07-12 01:57:35,ROBBERY,ARMED ROBBERY,41.86011193512357,-87.62308455600407,COMMERCIAL BUILDING,False,False,D-11,W-29
CR-2023-000732,2023-06-19 16:52:56,CRIMINAL DAMAGE,TO VEHICLE,41.76438691375488,-87.6142855398895,APARTMENT,False,False,D-12,W-23
CR-2023-001437,2023-01-02 02:21:18,NARCOTICS,POSSESSION OF HEROIN,41.94777882134258,-87.67349366833963,STREET,True,True,D-09,W-47
CR-2025-000194,2023-09-11 21:23:31,MOTOR VEHICLE THEFT,AUTOMOBILE,41.89770762908735,-87.73728426580192,PARK,False,False,D-03,W-17
CR-2023-000300,2024-06-02 00:54:31,THEFT,RETAIL THEFT,41.889454829249686,-87.64363247986267,PARK,False,False,D-10,W-39
CR-2025-004415,2023-06-30 19:52:26,ASSAULT,AGGRAVATED ASSAULT,41.8723577377852,-87.6388912574833,STREET,False,False,D-14,W-13
CR-2024-000154,2024-05-27 02:57:41,ASSAULT,SIMPLE ASSAULT,41.886306460717556,-87.63283288978651,SIDEWALK,False,False,D-07,W-42
CR-2023-003024,2025-08-02 23:00:17,NARCOTICS,POSSESSION OF HEROIN,41.857924782741044,-87.64271574508248,ALLEY,False,False,D-15,W-08
CR-2023-000951,2023-06-30 10:06:20,ROBBERY,,41.8956968695638,-87.62425536711703,RESIDENCE,False,False,D-14,W-27
CR-2025-000917,2023-03-02 18:49:26,BATTERY,DOMESTIC BATTERY,41.8689134393804,-87.62437744712192,STREET,True,False,D-08,W-41
CR-2025-002015,2024-12-02 15:23:24,MOTOR VEHICLE THEFT,AUTOMOBILE,41.89612002321397,-87.75239208700427,RESIDENCE,False,True,D-09,W-50
CR-2025-003518,2023-01-30 05:13:34,BURGLARY,COMMERCIAL,41.85452870002493,-87.64378556864773,APARTMENT,False,False,D-10,W-26
CR-2023-005742,2025-08-13 12:20:30,BURGLARY,RESIDENTIAL,41.93654401533642,-87.65576787920487,COMMERCIAL BUILDING,False,False,D-01,W-11
CR-2024-001273,2023-05-15 14:09:33,ASSAULT,AGGRAVATED ASSAULT,41.920847649984914,-87.66659548008342,SIDEWALK,False,False,D-06,W-49
CR-2025-003266,2025-10-02 23:10:11,BATTERY,DOMESTIC BATTERY,41.817411030994414,-87.5976162554928,RESIDENCE,False,False,D-01,W-47
CR-2023-001656,2025-04-26 12:39:31,CRIMINAL DAMAGE,TO PROPERTY,41.90939070574306,-87.6450213923978,COMMERCIAL BUILDING,False,False,D-08,W-50
CR-2023-000399,2024-08-02 23:26:11,NARCOTICS,POSSESSION OF HEROIN,41.878524775641964,-87.62935365790757,SIDEWALK,True,,D-04,W-24
CR-2024-002143,2025-11-09 13:28:53,MOTOR VEHICLE THEFT,,41.76745916876656,-87.62435778548954,PARK,True,False,D-12,W-43
CR-2024-002284,2025-05-11 08:03:05,BURGLARY,COMMERCIAL,41.89988176548774,-87.62958776102552,APARTMENT,False,False,D-06,W-12
CR-2024-002263,2023-03-18 17:36:41,MOTOR VEHICLE THEFT,AUTOMOBILE,41.92064262899088,-87.64002279296733,APARTMENT,False,False,D-06,W-50
CR-2023-001509,2025-10-01 03:34:54,NARCOTICS,POSSESSION OF COCAINE,41.87247914054864,-87.7169686656016,PARKING LOT,True,False,D-10,W-35
CR-2025-003908,2024-02-29 17:04:42,MOTOR VEHICLE THEFT,AUTOMOBILE,41.764426206066275,-87.65140918869564,RESIDENCE,False,False,D-06,W-43
CR-2023-005112,2025-05-12 21:58:29,ROBBERY,ARMED ROBBERY,41.97389306248077,-87.63680556388972,RESIDENCE,False,False,D-03,W-28
CR-2024-000682,2023-10-10 15:13:19,NARCOTICS,POSSESSION OF HEROIN,41.89604857252497,-87.63217794359541,RESIDENCE,True,False,D-07,W-44
CR-2025-003200,2025-01-26 22:49:17,BATTERY,DOMESTIC BATTERY,41.95500227580942,-87.67158021338582,PARKING LOT,True,False,D-08,W-15
CR-2024-002722,2025-07-18 04:03:58,CRIMINAL DAMAGE,TO PROPERTY,41.88943498758117,-87.63312832406939,PARKING LOT,False,False,D-01,W-12
CR-2025-001664,2023-05-10 01:05:17,BATTERY,SIMPLE BATTERY,41.75159590918205,-87.60813121684188,ALLEY,True,False,D-14,W-36
CR-2024-002884,2025-05-26 22:45:16,ASSAULT,SIMPLE ASSAULT,41.95250150678469,-87.68776765059881,PARK,False,False,D-11,W-12
CR-2024-002959,2025-01-20 10:32:54,ROBBERY,STRONGARM ROBBERY,41.88778835630414,-87.64628567127333,APARTMENT,False,False,D-06,W-50
CR-2025-002753,2023-06-24 22:21:52,BATTERY,,41.862331699553266,-87.66777653974377,COMMERCIAL BUILDING,True,False,D-14,W-38
CR-2024-001171,2025-04-18 08:23:07,THEFT,GRAND THEFT,41.79120047119982,-87.64215087106669,STREET,True,False,D-01,W-17
CR-2024-002368,2025-09-20 17:27:53,MOTOR VEHICLE THEFT,TRUCK,41.75912795520764,-87.6281497975943,STREET,False,False,D-02,W-11
CR-2023-003522,2025-05-21 01:18:33,BATTERY,SIMPLE BATTERY,41.79884938136455,-87.64287773069822,APARTMENT,True,True,D-12,W-16
CR-2023-004857,2025-02-19 17:27:19,THEFT,PETTY THEFT,41.95749408792833,-87.65662331869092,STREET,False,False,D-02,W-46
CR-2024-004240,2023-07-22 06:55:49,ROBBERY,STRONGARM ROBBERY,41.87327370944015,-87.63028721553763,STREET,False,False,D-14,W-34
CR-2025-002258,2023-07-19 15:46:14,CRIMINAL DAMAGE,TO PROPERTY,41.87183854427016,-87.62463919117656,SIDEWALK,False,False,D-05,W-18
CR-2025-001928,2025-04-11 21:01:22,MOTOR VEHICLE THEFT,TRUCK,41.74400526994519,-87.61421626895604,PARK,False,False,D-11,W-38
CR-2025-003197,2025-01-24 03:26:29,BURGLARY,COMMERCIAL,41.86455786609556,-87.61766102952637,STREET,False,False,D-02,W-45
CR-2025-004268,2025-04-08 14:44:07,BATTERY,SIMPLE BATTERY,41.88767814975902,-87.60433564330437,COMMERCIAL BUILDING,True,False,D-03,W-29
CR-2025-002000,2024-07-08 22:42:17,THEFT,FROM BUILDING,41.75731265987588,-87.62978008722348,COMMERCIAL BUILDING,False,False,D-02,W-11
CR-2025-002723,2025-04-03 09:25:55,ASSAULT,AGGRAVATED ASSAULT,41.85785340395928,-87.6032774606041,SIDEWALK,False,False,D-14,W-14
CR-2025-003155,2025-03-20 05:30:21,CRIMINAL DAMAGE,GRAFFITI,41.87532353525869,-87.6116180619365,ALLEY,False,False,D-10,W-13
CR-2025-003422,2023-04-20 04:18:05,THEFT,GRAND THEFT,41.997224434449436,-87.64655746440538,ALLEY,True,False,D-09,W-14
CR-2024-003520,2023-09-20 19:12:59,NARCOTICS,POSSESSION OF HEROIN,41.88959582714859,-87.63600842413413,APARTMENT,True,False,D-05,W-01
CR-2025-001493,2025-07-29 21:40:04,ASSAULT,SIMPLE ASSAULT,41.775832276660104,-87.6266656906431,ALLEY,True,False,D-14,W-36
CR-2025-003320,2023-11-05 00:53:05,ROBBERY,STRONGARM ROBBERY,41.861614411632026,-87.60285002197487,SIDEWALK,False,False,D-04,W-48
CR-2024-000742,2024-06-22 05:49:55,ROBBERY,STRONGARM ROBBERY,41.784517118143796,-87.60568522920317,RESIDENCE,False,False,D-06,W-23
CR-2023-005484,2023-03-13 13:51:28,ASSAULT,AGGRAVATED ASSAULT,41.88725352508541,-87.6226788684274,RESIDENCE,False,False,D-03,W-12
CR-2023-001809,2023-09-29 04:27:11,NARCOTICS,SALE/MANUFACTURE,41.902105731513785,-87.71079635062367,APARTMENT,True,False,D-12,W-25
CR-2024-000745,2025-06-25 01:09:42,BURGLARY,,41.93736283708215,-87.60413601428664,APARTMENT,False,False,D-11,W-14
CR-2025-003296,2025-06-05 17:15:35,THEFT,PETTY THEFT,41.81564460646969,-87.64455675557235,APARTMENT,False,False,D-14,W-16
CR-2025-000995,2023-08-10 07:46:26,THEFT,FROM BUILDING,41.890106142878416,-87.6184856300528,APARTMENT,True,False,D-09,W-33
CR-2023-001596,2023-05-15 20:06:31,ASSAULT,SIMPLE ASSAULT,41.912324777548086,-87.639064625154,COMMERCIAL BUILDING,False,False,D-02,W-33
CR-2023-001374,2025-04-08 02:11:24,NARCOTICS,POSSESSION OF COCAINE,41.788558082945286,-87.63411178052466,ALLEY,True,False,D-07,W-11
CR-2023-003963,2023-09-12 02:23:27,ROBBERY,ARMED ROBBERY,41.93027569335906,-87.65246040172252,RESIDENCE,False,False,D-11,W-13
CR-2025-004955,2025-01-05 22:17:15,THEFT,FROM BUILDING,41.784358468761056,-87.60480170128088,APARTMENT,False,False,D-05,W-27
CR-2025-002399,2024-07-09 01:01:06,ROBBERY,STRONGARM ROBBERY,41.84734463814074,-87.61871229257947,RESIDENCE,False,False,D-04,W-36
CR-2024-004405,2025-04-25 23:09:00,THEFT,GRAND THEFT,41.782506338057054,-87.62073040483655,STREET,False,False,D-06,W-20
CR-2025-000170,2023-09-03 02:43:19,THEFT,GRAND THEFT,41.75834449011084,-87.62290781971271,PARKING LOT,True,False,D-06,W-26
CR-2023-003531,2024-12-12 19:40:07,BURGLARY,RESIDENTIAL,41.76111741932626,-87.62607189459627,APARTMENT,False,False,D-08,W-31
